t,S,x,y,z
0,0.5,0.2,0.1,0.05
0.1,0.469966345344,0.260365156171,0.0926345552306,0.0479766480712
0.2,0.421912014725,0.336943968208,0.0869033298009,0.045960411211
0.3,0.355242490777,0.430837920927,0.082728012431,0.0439744647304
0.4,0.27321701599,0.539247693849,0.080023790628,0.0420380609998
0.5,0.186821745065,0.651488297905,0.0786605437267,0.0401664697652
0.6,0.115695006161,0.747891422718,0.0784127613244,0.0383706276582
0.7,0.0746242643195,0.813252726104,0.0789605757815,0.0366567269257
0.8,0.0577824360827,0.852900640758,0.0800097801771,0.0350266147239
0.9,0.0517004521401,0.880053778917,0.081395678168,0.0334793428943
1,0.0490827014682,0.901979741788,0.0830535968095,0.0320127096493
1.1,0.0475109643306,0.921157353368,0.0849603260764,0.0306240482257
1.2,0.0463202419422,0.938333660402,0.0871062291993,0.0293105184558
1.3,0.0453313336715,0.953770583585,0.089486360717,0.0280692161119
1.4,0.0444873085644,0.967603373108,0.0920979095679,0.0268972260909
1.5,0.0437622323752,0.979931002148,0.0949393684032,0.0257916561147
1.6,0.043139499641,0.990837952668,0.0980101518766,0.024749661059
1.7,0.0426065553694,1.00039982754,0.101310342185,0.0237684611996
1.8,0.0421533428812,1.0086852757,0.104840481557,0.0228453559039
1.9,0.0417716405878,1.01575702984,0.108601388969,0.0219777337458
2,0.0414546629736,1.02167267363,0.112593992282,0.021163079774
2.1,0.0411967768774,1.02648528612,0.116819170985,0.0203989805021
2.2,0.0409932868734,1.03024400934,0.121277606393,0.0196831270766
2.3,0.0408402685775,1.03299456044,0.12596963716,0.0190133169855
2.4,0.0407344370185,1.03477970129,0.130895118736,0.0183874546017
2.5,0.0406730412518,1.03563967416,0.136053286085,0.0178035507946
2.6,0.0406537788662,1.03561260942,0.141442619477,0.0172597218039
2.7,0.0406747257079,1.03473490928,0.147060713734,0.0167541875247
2.8,0.0407342773195,1.03304161004,0.152904151742,0.0162852693312
2.9,0.0408310994346,1.03056672395,0.158968383463,0.0158513875359
3,0.0409640854827,1.02734356132,0.16524761208,0.0154510585634
3.1,0.0411323195151,1.02340503201,0.17173468926,0.0150828919039
3.2,0.0413350433054,1.01878392537,0.178421021813,0.0147455868924
3.3,0.0415716266409,1.01351316682,0.185296492277,0.0144379293554
3.4,0.0418415400264,1.0076260489,0.192349396125,0.0141587881532
3.5,0.0421443291869,1.00115643433,0.199566398409,0.0139071116399
3.6,0.0424795908887,0.994138928397,0.206932512603,0.0136819240598
3.7,0.0428469497164,0.986609017921,0.214431104319,0.0134823218908
3.8,0.0432460355407,0.97860317423,0.222043922312,0.0133074701446
3.9,0.0436764615051,0.970158917689,0.229751158788,0.0131565986313
4,0.0441378024439,0.961314841855,0.237531540532,0.0130289981928
4.1,0.0446295737257,0.952110595854,0.245362451692,0.0129240169105
4.2,0.0451512105939,0.942586824311,0.253220088287,0.0128410562916
4.3,0.0457020481506,0.932785065026,0.26107964359,0.0127795674406
4.4,0.0462813022049,0.922747605574,0.268915522606,0.0127390472218
4.5,0.0468880512701,0.912517301038,0.27670158282,0.0127190344215
4.6,0.0475212200568,0.902137356184,0.284411397393,0.0127191059207
4.7,0.0481795648586,0.891651076455,0.292018536041,0.0127388728902
4.8,0.0488616612647,0.881101593136,0.299496857962,0.0127779770226
4.9,0.0495658946539,0.870531568945,0.306820810482,0.0128360868201
5,0.050290453928,0.85998289098,0.313965726617,0.0129128939538
5.1,0.0510333289212,0.849496358441,0.32090811447,0.0130081097183
5.2,0.0517923118761,0.839111372777,0.32762593141,0.0131214616024
5.3,0.0525650033086,0.828865637853,0.334098836288,0.0132526899983
5.4,0.0533488224854,0.818794877407,0.340308413493,0.013401545074
5.5,0.0541410226193,0.808932576507,0.3462383635,0.0135677838303
5.6,0.0549387107493,0.799309752851,0.351874655597,0.013751167365
5.7,0.0557388721146,0.789954762766,0.357205639686,0.0139514583637
5.8,0.056538398674,0.78089314559,0.362222115386,0.0141684188352
5.9,0.057334121255,0.772147508865,0.366917358007,0.0144018081049
6,0.0581228446676,0.763737455504,0.371287102304,0.014651381078
6.1,0.058901384979,0.755679552854,0.375329486161,0.0149168867784
6.2,0.0596666080369,0.74798734244,0.379044957446,0.0151980671664
6.3,0.0604154682522,0.740671388128,0.382436148185,0.0154946562321
6.4,0.0611450466155,0.733739359625,0.385507720916,0.0158063793593
6.5,0.0618525869241,0.727196147536,0.388266192499,0.0161329529476
6.6,0.0625355292482,0.721044005719,0.390719740933,0.0164740842795
6.7,0.0631915397495,0.715282716396,0.392878000698,0.0168294716133
6.8,0.0638185360976,0.709909773346,0.39475185198,0.0171988044796
6.9,0.0644147078811,0.704920578538,0.396353208747,0.0175817641602
7,0.0649785315935,0.700308647748,0.397694810185,0.0179780243211
7.1,0.0655087799642,0.696065820954,0.398790019388,0.0183872517749
7.2,0.066004525599,0.692182473677,0.399652632576,0.0188091073443
7.3,0.0664651390829,0.688647725842,0.40029670144,0.019243246802
7.4,0.0668902818702,0.68544964516,0.400736370545,0.0196893218584
7.5,0.067279894432,0.682575442534,0.400985731108,0.0201469811754
7.6,0.0676341802554,0.680011657389,0.401058691882,0.0206158713814
7.7,0.0679535863702,0.677744331338,0.400968867361,0.021095638069
7.8,0.0682387811356,0.675759168947,0.40072948308,0.0215859267556
7.9,0.0684906300386,0.674041684809,0.400353297434,0.022086383793
8,0.0687101702411,0.672577336445,0.399852539116,0.0225966572118
8.1,0.068898584581,0.671351642889,0.399238859103,0.0231163974912
8.2,0.069057175666,0.670350289083,0.398523295928,0.0236452582474
8.3,0.0691873406268,0.669559216407,0.397716252913,0.024182896833
8.4,0.0692905470068,0.668964699921,0.39682748599,0.0247289748472
8.5,0.0693683101729,0.668553412979,0.395866100738,0.0252831585539
8.6,0.0694221725384,0.668312480039,0.394840557309,0.0258451192101
8.7,0.0694536847992,0.668229518552,0.393758681981,0.0264145333052
8.8,0.0694643893009,0.668292670871,0.392627684156,0.0269910827172
8.9,0.0694558055801,0.668490627139,0.391454177721,0.0275744547881
9,0.0694294180613,0.668812640128,0.390244205799,0.0281643423265
9.1,0.0693866658371,0.669248532967,0.389003268016,0.0287604435419
9.2,0.0693289344193,0.669788700672,0.387736349527,0.0293624619181
9.3,0.0692575493194,0.670424106347,0.386447951137,0.0299701060322
9.4,0.0691737712949,0.671146272865,0.385142119959,0.0305830893276
9.5,0.0690787930901,0.671947270768,0.38382248014,0.0312011298457
9.6,0.0689737374913,0.672819703085,0.382492263256,0.0318239499256
9.7,0.0688596565214,0.673756687668,0.381154338079,0.0324512758768
9.8,0.068737531606,0.674751837605,0.379811239454,0.0330828376326
9.9,0.0686082745486,0.675799240202,0.378465196098,0.0337183683895
10,0.0684727291703,0.676893434944,0.377118157181,0.0343576042388
10.1,0.0683316734783,0.678029390817,0.375771817595,0.0350002837961
10.2,0.068185822246,0.679202483303,0.374427641835,0.0356461478327
10.3,0.0680358298966,0.680408471309,0.373086886475,0.0362949389148
10.4,0.067882293602,0.681643474262,0.371750621213,0.0369464010541
10.5,0.0677257565173,0.682903949551,0.37041974851,0.0376002793729
10.6,0.067566711085,0.68418667046,0.36909502184,0.0382563197889
10.7,0.0674056023555,0.685488704724,0.367777062591,0.03891426872
10.8,0.0672428312778,0.686807393786,0.366466375671,0.0395738728151
10.9,0.0670787579258,0.688140332845,0.365163363859,0.0402348787098
11,0.0669137046311,0.689485351718,0.363868340976,0.0408970328111
11.1,0.0667479590018,0.690840496586,0.362581543925,0.0415600811116
11.2,0.0665817768106,0.692204012609,0.361303143663,0.0422237690355
11.3,0.0664153847418,0.693574327446,0.360033255183,0.0428878413153
11.4,0.0662489829909,0.694950035663,0.358771946545,0.0435520419026
11.5,0.066082747711,0.696329884034,0.357519247037,0.0442161139107
11.6,0.0659168333076,0.697712757703,0.356275154514,0.0448797995912
11.7,0.0657513745808,0.699097667209,0.355039641977,0.0455428403426
11.8,0.0655864887188,0.700483736326,0.353812663448,0.0462049767526
11.9,0.0654222771469,0.70187019072,0.352594159189,0.0468659486717
12,0.065258827236,0.703256347364,0.351384060317,0.0475254953183
12.1,0.0650962138776,0.704641604704,0.350182292862,0.048183355414
12.2,0.0649345009305,0.706025433533,0.348988781314,0.0488392673482
12.3,0.0647737425467,0.70740736855,0.347803451695,0.0494929693705
12.4,0.0646139843819,0.708787000555,0.346626234204,0.05014419981
12.5,0.0644552646991,0.710163969274,0.345457065462,0.0507926973185
12.6,0.0642976153698,0.711537956758,0.344295890395,0.0514382011384
12.7,0.0641410627813,0.712908681335,0.343142663795,0.0520804513906
12.8,0.0639856286549,0.714275892095,0.341997351568,0.0527191893831
12.9,0.0638313307827,0.715639363858,0.340859931724,0.0533541579367
13,0.0636781836869,0.716998892613,0.339730395112,0.0539851017263
13.1,0.063526199209,0.71835429139,0.338608745932,0.0546117676361
13.2,0.0633753870335,0.719705386548,0.337495002055,0.0552339051263
13.3,0.0632257551509,0.721052014447,0.336389195149,0.0558512666083
13.4,0.0630773102655,0.722394018476,0.335291370662,0.0564636078278
13.5,0.0629300581514,0.723731246427,0.334201587649,0.0570706882532
13.6,0.0627840039625,0.725063548174,0.333119918478,0.0576722714653
13.7,0.0626391524992,0.726390773657,0.332046448423,0.0582681255495
13.8,0.0624955084358,0.727712771129,0.330981275164,0.0588580234854
13.9,0.0623530765122,0.729029385658,0.329924508197,0.0594417435329
14,0.0622118616939,0.730340457875,0.328876268178,0.0600190696137
14.1,0.0620718693018,0.731645822924,0.327836686202,0.0605897916837
14.2,0.0619331051158,0.732945309621,0.326805903033,0.0611537060979
14.3,0.0617955754543,0.734238739799,0.325784068293,0.0617106159625
14.4,0.061659287233,0.735525927824,0.324771339619,0.0622603314748
14.5,0.0615242480033,0.736806680255,0.323767881793,0.0628026702484
14.6,0.0613904659746,0.738080795665,0.322773865858,0.0633374576224
14.7,0.0612579500214,0.739348064575,0.321789468222,0.0638645269531
14.8,0.0611267096762,0.740608269514,0.320814869756,0.0643837198864
14.9,0.0609967551119,0.741861185185,0.319850254896,0.0648948866109
15,0.0608680971136,0.743106578725,0.318895810749,0.0653978860896
15.1,0.0607407470412,0.744344210046,0.317951726213,0.0658925862693
15.2,0.0606147167858,0.745573832261,0.317018191104,0.066378864268
15.3,0.0604900187186,0.74679519217,0.316095395312,0.0668566065382
15.4,0.0603666656355,0.748008030805,0.31518352797,0.0673257090061
15.5,0.0602446706973,0.749212084028,0.314282776652,0.067786077187
15.6,0.0601240473671,0.750407083173,0.313393326599,0.0682376262753
15.7,0.0600048093443,0.751592755718,0.312515359971,0.0686802812101
15.8,0.0598869704984,0.752768825991,0.311649055133,0.0691139767159
15.9,0.0597705448005,0.753935015902,0.310794585972,0.0695386573182
16,0.0596555462555,0.755091045687,0.309952121251,0.0699542773347
16.1,0.0595419888338,0.756236634667,0.309121823999,0.0703608008425
16.2,0.0594298864039,0.757371502017,0.308303850932,0.0707582016209
16.3,0.0593192526666,0.75849536753,0.307498351916,0.0711464630715
16.4,0.0592101010895,0.759607952391,0.306705469467,0.0715255781155
16.5,0.0591024448447,0.760708979936,0.305925338288,0.0718955490687
16.6,0.0589962967479,0.761798176405,0.305158084843,0.0722563874958
16.7,0.0588916691996,0.762875271685,0.30440382697,0.0726081140448
16.8,0.0587885741299,0.763940000034,0.303662673532,0.0729507582608
16.9,0.0586870229445,0.76499210079,0.302934724105,0.0732843583835
17,0.0585870264752,0.766031319055,0.3022200687,0.0736089611254
17.1,0.0584885949324,0.767057406362,0.301518787527,0.0739246214358
17.2,0.0583917378609,0.768070121311,0.300830950789,0.0742314022485
17.3,0.0582964640992,0.769069230178,0.300156618513,0.0745293742167
17.4,0.0582027817414,0.770054507506,0.299495840417,0.0748186154343
17.5,0.0581106981026,0.771025736646,0.298848655805,0.0750992111471
17.6,0.058020219688,0.771982710289,0.298215093498,0.075371253453
17.7,0.0579313521644,0.772925230948,0.297595171795,0.0756348409938
17.8,0.0578441003351,0.773853111418,0.296988898463,0.075890078639
17.9,0.0577584681185,0.774766175194,0.296396270755,0.0761370771634
18,0.0576744585291,0.775664256864,0.295817275458,0.0763759529195
18.1,0.0575920736617,0.776547202455,0.295251888966,0.0766068275056
18.2,0.0575113146788,0.777414869755,0.294700077377,0.0768298274315
18.3,0.0574321818006,0.778267128594,0.294161796614,0.0770450837816
18.4,0.0573546742978,0.779103861091,0.29363699257,0.077252731878
18.5,0.0572787904875,0.779924961866,0.293125601275,0.0774529109441
18.6,0.0572045277309,0.780730338216,0.292627549079,0.0776457637684
18.7,0.0571318824342,0.781519910262,0.292142752857,0.0778314363718
18.8,0.0570608500519,0.782293611051,0.291671120231,0.0780100776779
18.9,0.0569914250918,0.783051386636,0.291212549811,0.0781818391864
19,0.0569236011227,0.783793196118,0.290766931443,0.0783468746528
19.1,0.0568573707841,0.784519011655,0.29033414648,0.078505339773
19.2,0.0567927257979,0.785228818439,0.289914068061,0.0786573918737
19.3,0.0567296569817,0.78592261465,0.289506561404,0.0788031896108
19.4,0.0566681542643,0.786600411371,0.289111484103,0.0789428926752
19.5,0.0566082067026,0.787262232478,0.288728686446,0.0790766615056
19.6,0.0565498024998,0.787908114504,0.28835801173,0.0792046570118
19.7,0.0564929290259,0.788538106476,0.287999296588,0.079327040305
19.8,0.0564375728389,0.789152269726,0.287652371323,0.0794439724392
19.9,0.0563837197068,0.789750677676,0.287317060246,0.0795556141614
20,0.0563313546324,0.790333415605,0.286993182017,0.079662125672
20.1,0.0562804618774,0.790900580388,0.28668054999,0.0797636663956
20.2,0.0562310249882,0.791452280218,0.286378972563,0.0798603947624
20.3,0.0561830268231,0.791988634313,0.286088253524,0.0799524679996
20.4,0.0561364495796,0.792509772593,0.285808192402,0.0800400419343
20.5,0.0560912748225,0.793015835352,0.285538584819,0.0801232708063
20.6,0.0560474835127,0.793506972911,0.285279222831,0.0802023070924
20.7,0.0560050560373,0.793983345252,0.285029895285,0.0802773013412
20.8,0.0559639722384,0.794445121647,0.284790388155,0.0803484020183
20.9,0.0559242114447,0.794892480269,0.284560484887,0.0804157553628
21,0.0558857525008,0.795325607795,0.284339966735,0.0804795052534
21.1,0.0558485737994,0.795744699002,0.284128613094,0.080539793086
21.2,0.0558126533114,0.796149956351,0.283926201829,0.0805967576605
21.3,0.0557779686175,0.796541589568,0.283732509598,0.0806505350781
21.4,0.0557444969396,0.796919815216,0.283547312166,0.0807012586488
21.5,0.0557122151719,0.797284856268,0.283370384715,0.0807490588075
21.6,0.0556810999119,0.797636941672,0.28320150215,0.0807940630403
21.7,0.055651127492,0.797976305914,0.283040439392,0.0808363958198
21.8,0.05562227401,0.798303188584,0.282886971664,0.0808761785488
21.9,0.0555945153598,0.798617833941,0.282740874775,0.0809135295128
22,0.055567827262,0.798920490477,0.282601925386,0.080948563841
22.1,0.0555421852937,0.799211410482,0.282469901274,0.0809813934746
22.2,0.0555175649184,0.799490849621,0.282344581586,0.0810121271434
22.3,0.0554939415152,0.799759066502,0.28222574708,0.0810408703495
22.4,0.0554712904073,0.800016322261,0.282113180361,0.0810677253575
22.5,0.0554495868909,0.800262880144,0.282006666103,0.0810927911925
22.6,0.0554288062621,0.800499005103,0.281905991264,0.0811161636431
22.7,0.0554089238447,0.80072496339,0.281810945291,0.0811379352716
22.8,0.0553899150164,0.800941022171,0.28172132031,0.0811581954295
22.9,0.0553717552347,0.801147449139,0.281636911315,0.0811770302779
23,0.0553544200621,0.801344512141,0.281557516334,0.0811945228139
23.1,0.0553378851902,0.801532478811,0.281482936599,0.0812107529012
23.2,0.055322126464,0.801711616223,0.281412976692,0.0812257973052
23.3,0.0553071199041,0.80188219054,0.281347444689,0.0812397297326
23.4,0.0552928417295,0.80204446669,0.281286152291,0.0812526208743
23.5,0.0552792683784,0.802198708041,0.281228914946,0.0812645384524
23.6,0.0552663765285,0.802345176098,0.281175551958,0.0812755472706
23.7,0.0552541431173,0.802484130208,0.281125886588,0.0812857092667
23.8,0.05524254536,0.802615827275,0.281079746143,0.0812950835688
23.9,0.0552315607678,0.802740521494,0.281036962062,0.081303726554
24,0.0552211671648,0.802858464096,0.280997369978,0.0813116919081
24.1,0.0552113427037,0.802969903102,0.280960809786,0.0813190306892
24.2,0.0552020658812,0.8030750831,0.280927125694,0.0813257913913
24.3,0.0551933155519,0.803174245024,0.28089616626,0.0813320200102
24.4,0.0551850709419,0.803267625958,0.280867784434,0.0813377601109
24.5,0.0551773116607,0.803355458944,0.280841837577,0.0813430528958
24.6,0.0551700177128,0.803437972806,0.280818187477,0.0813479372734
24.7,0.0551631695082,0.803515391997,0.280796700363,0.0813524499285
24.8,0.0551567478719,0.803587936443,0.280777246897,0.0813566253924
24.9,0.0551507340522,0.803655821412,0.280759702175,0.0813604961132
25,0.0551451097291,0.803719257393,0.280743945704,0.0813640925271
25.1,0.0551398570204,0.803778449987,0.280729861387,0.0813674431286
25.2,0.0551349584881,0.803833599811,0.280717337491,0.0813705745416
25.3,0.0551303971432,0.803884902415,0.280706266609,0.0813735115895
25.4,0.0551261564501,0.803932548211,0.280696545626,0.0813762773649
25.5,0.0551222203298,0.803976722413,0.280688075663,0.0813788932994
25.6,0.0551185731626,0.80401760499,0.280680762033,0.081381379232
25.7,0.0551151997897,0.804055370627,0.280674514174,0.0813837534769
25.8,0.055112085514,0.804090188704,0.280669245595,0.0813860328908
25.9,0.0551092161009,0.804122223275,0.280664873801,0.0813882329388
26,0.055106577777,0.804151633068,0.280661320226,0.0813903677592
26.1,0.0551041572293,0.804178571487,0.280658510157,0.0813924502276
26.2,0.0551019416031,0.804203186627,0.280656372651,0.0813944920194
26.3,0.0550999184994,0.804225621296,0.280654840458,0.0813965036711
26.4,0.0550980759717,0.804246013049,0.28065384993,0.0813984946402
26.5,0.0550964025222,0.804264494227,0.280653340938,0.0814004733642
26.6,0.055094887097,0.804281192002,0.280653256778,0.081402447317
26.7,0.0550935190817,0.804296228436,0.280653544078,0.0814044230652
26.8,0.0550922882952,0.80430972054,0.280654152706,0.0814064063221
26.9,0.0550911849842,0.804321780345,0.280655035673,0.0814084019998
27,0.0550901998167,0.804332514973,0.280656149034,0.0814104142608
27.1,0.0550893238746,0.804342026721,0.280657451793,0.081412446567
27.2,0.055088548647,0.804350413142,0.280658905802,0.0814145017276
27.3,0.055087866022,0.80435776714,0.280660475659,0.0814165819451
27.4,0.055087268279,0.80436417706,0.280662128613,0.0814186888599
27.5,0.0550867480801,0.804369726792,0.280663834463,0.081420823593
27.6,0.0550862984615,0.804374495866,0.280665565456,0.0814229867876
27.7,0.0550859128247,0.804378559566,0.280667296189,0.0814251786479
27.8,0.0550855849272,0.80438198903,0.280669003511,0.0814273989779
27.9,0.0550853088731,0.80438485137,0.280670666425,0.0814296472171
28,0.055085079104,0.804387209776,0.280672265989,0.0814319224754
28.1,0.0550848903885,0.804389123638,0.280673785225,0.0814342235663
28.2,0.0550847378133,0.804390648658,0.280675209017,0.0814365490384
28.3,0.0550846167725,0.804391836973,0.280676524025,0.0814388972051
28.4,0.0550845229581,0.804392737265,0.28067771859,0.0814412661737
28.5,0.0550844523499,0.804393394888,0.280678782643,0.0814436538719
28.6,0.0550844012052,0.804393851985,0.28067970762,0.0814460580734
28.7,0.0550843660489,0.804394147605,0.280680486373,0.0814484764222
28.8,0.0550843436634,0.804394317826,0.280681113086,0.0814509064548
28.9,0.0550843310786,0.804394395869,0.280681583194,0.0814533456221
29,0.0550843255618,0.80439441222,0.280681893301,0.081455791309
29.1,0.055084324608,0.804394394746,0.280682041106,0.0814582408532
29.2,0.0550843259299,0.804394368808,0.280682025322,0.0814606915623
29.3,0.055084327448,0.80439435738,0.280681845605,0.0814631407305
29.4,0.0550843272818,0.804394381158,0.280681502485,0.0814655856532
29.5,0.0550843237391,0.804394458674,0.280680997296,0.0814680236409
29.6,0.0550843153079,0.804394606403,0.280680332106,0.0814704520321
29.7,0.0550843006465,0.80439483887,0.28067950966,0.0814728682047
29.8,0.0550842785748,0.804395168761,0.280678533314,0.0814752695868
29.9,0.0550842480654,0.804395607017,0.280677406979,0.0814776536664
30,0.0550842082349,0.804396162941,0.280676135061,0.0814800179997
30.1,0.055084158336,0.804396844295,0.280674722411,0.0814823602194
30.2,0.0550840977486,0.804397657393,0.280673174271,0.0814846780414
30.3,0.0550840259723,0.804398607197,0.280671496226,0.0814869692707
30.4,0.0550839426185,0.804399697406,0.280669694157,0.081489231807
30.5,0.0550838474029,0.804400930543,0.280667774196,0.0814914636489
30.6,0.0550837401381,0.804402308039,0.280665742684,0.0814936628981
30.7,0.0550836207267,0.804403830319,0.280663606134,0.0814958277623
30.8,0.0550834891543,0.804405496876,0.280661371189,0.0814979565577
30.9,0.0550833454831,0.804407306348,0.280659044591,0.0815000477112
31,0.0550831898455,0.804409256596,0.280656633145,0.0815020997612
31.1,0.0550830224377,0.804411344767,0.280654143689,0.0815041113592
31.2,0.0550828435146,0.804413567368,0.280651583067,0.0815060812694
31.3,0.0550826533832,0.804415920326,0.280648958096,0.0815080083689
31.4,0.0550824523982,0.804418399052,0.280646275551,0.0815098916472
31.5,0.0550822409559,0.804420998501,0.280643542132,0.0815117302052
31.6,0.0550820194903,0.804423713224,0.280640764449,0.0815135232535
31.7,0.0550817884677,0.804426537425,0.280637949,0.0815152701113
31.8,0.0550815483825,0.804429465009,0.280635102154,0.0815169702042
31.9,0.0550812997533,0.804432489634,0.280632230136,0.0815186230617
32,0.0550810431184,0.804435604749,0.280629339009,0.0815202283152
32.1,0.0550807790326,0.804438803645,0.280626434666,0.0815217856948
32.2,0.0550805080632,0.804442079487,0.280623522815,0.0815232950266
32.3,0.055080230787,0.804445425359,0.280620608971,0.0815247562294
32.4,0.0550799477871,0.804448834292,0.280617698443,0.0815261693119
32.5,0.0550796596499,0.804452299303,0.280614796335,0.0815275343685
32.6,0.0550793669628,0.80445581342,0.280611907529,0.0815288515767
32.7,0.0550790703111,0.804459369716,0.28060903669,0.0815301211928
32.8,0.0550787702759,0.804462961329,0.280606188254,0.0815313435483
32.9,0.0550784674324,0.80446658149,0.280603366432,0.0815325190465
33,0.0550781623472,0.804470223544,0.280600575201,0.0815336481584
33.1,0.0550778555769,0.804473880969,0.280597818309,0.081534731419
33.2,0.0550775476667,0.804477547396,0.280595099271,0.0815357694235
33.3,0.0550772391482,0.804481216622,0.280592421371,0.0815367628231
33.4,0.0550769305389,0.804484882629,0.280589787662,0.081537712322
33.5,0.0550766223404,0.804488539594,0.280587200971,0.0815386186728
33.6,0.0550763150377,0.804492181898,0.280584663899,0.0815394826731
33.7,0.055076009098,0.804495804144,0.280582178825,0.0815403051617
33.8,0.0550757049701,0.804499401155,0.280579747908,0.0815410870153
33.9,0.055075403084,0.804502967989,0.280577373096,0.0815418291444
34,0.0550751038495,0.804506499941,0.280575056126,0.0815425324901
34.1,0.0550748076567,0.804509992547,0.28057279853,0.0815431980207
34.2,0.0550745148752,0.804513441591,0.280570601644,0.0815438267281
34.3,0.0550742258537,0.804516843104,0.280568466609,0.0815444196251
34.4,0.05507394092,0.804520193364,0.28056639438,0.0815449777415
34.5,0.0550736603813,0.8045234889,0.28056438573,0.0815455021217
34.6,0.0550733845234,0.804526726491,0.280562441261,0.0815459938216
34.7,0.0550731136116,0.80452990316,0.280560561406,0.0815464539055
34.8,0.0550728478901,0.804533016178,0.280558746437,0.0815468834437
34.9,0.0550725875828,0.804536063055,0.280556996475,0.0815472835099
35,0.0550723328933,0.804539041542,0.280555311493,0.0815476551784
35.1,0.0550720840052,0.804541949624,0.280553691325,0.0815479995222
35.2,0.0550718410826,0.804544785512,0.280552135674,0.0815483176103
35.3,0.0550716042702,0.804547547646,0.280550644115,0.0815486105058
35.4,0.0550713736942,0.804550234682,0.280549216111,0.0815488792642
35.5,0.0550711494626,0.804552845487,0.280547851008,0.0815491249306
35.6,0.0550709316655,0.804555379138,0.280546548053,0.0815493485391
35.7,0.0550707203759,0.804557834906,0.280545306394,0.0815495511101
35.8,0.0550705156504,0.804560212259,0.280544125091,0.0815497336494
35.9,0.0550703175294,0.804562510847,0.28054300312,0.0815498971466
36,0.055070126038,0.804564730498,0.280541939379,0.0815500425736
36.1,0.0550699411866,0.80456687121,0.2805409327,0.0815501708838
36.2,0.0550697629714,0.804568933144,0.280539981847,0.0815502830105
36.3,0.0550695913752,0.804570916614,0.280539085531,0.0815503798662
36.4,0.0550694263681,0.80457282208,0.280538242408,0.0815504623417
36.5,0.0550692679079,0.804574650144,0.280537451092,0.0815505313051
36.6,0.0550691159412,0.804576401534,0.280536710155,0.0815505876013
36.7,0.0550689704034,0.804578077104,0.280536018134,0.0815506320513
36.8,0.0550688312201,0.804579677822,0.28053537354,0.0815506654519
36.9,0.0550686983073,0.804581204763,0.280534774857,0.0815506885746
37,0.0550685715722,0.804582659103,0.280534220552,0.0815507021662
37.1,0.0550684509137,0.804584042109,0.280533709076,0.0815507069476
37.2,0.0550683362232,0.804585355133,0.280533238872,0.0815507036142
37.3,0.0550682273852,0.804586599602,0.280532808375,0.0815506928356
37.4,0.0550681242778,0.804587777018,0.280532416021,0.0815506752556
37.5,0.0550680267734,0.804588888943,0.280532060247,0.0815506514918
37.6,0.0550679347392,0.804589936996,0.280531739495,0.0815506221364
37.7,0.0550678480378,0.804590922846,0.280531452217,0.0815505877557
37.8,0.0550677665278,0.804591848206,0.280531196877,0.0815505488906
37.9,0.0550676900643,0.804592714826,0.280530971957,0.0815505060566
38,0.0550676184993,0.804593524488,0.280530775953,0.0815504597443
38.1,0.0550675516823,0.804594279,0.280530607385,0.0815504104196
38.2,0.0550674894609,0.804594980189,0.280530464796,0.0815503585241
38.3,0.0550674316811,0.804595629897,0.280530346753,0.0815503044757
38.4,0.0550673781875,0.804596229977,0.280530251852,0.0815502486685
38.5,0.0550673288244,0.804596782286,0.280530178718,0.0815501914738
38.6,0.0550672834354,0.804597288683,0.280530126007,0.0815501332405
38.7,0.0550672418645,0.804597751022,0.280530092408,0.0815500742954
38.8,0.0550672039559,0.804598171148,0.280530076643,0.0815500149438
38.9,0.0550671695545,0.804598550896,0.28053007747,0.0815499554705
39,0.0550671385065,0.804598892086,0.280530093684,0.0815498961398
39.1,0.0550671106595,0.804599196516,0.280530124115,0.0815498371964
39.2,0.0550670858624,0.804599465964,0.280530167632,0.081549778866
39.3,0.0550670639665,0.804599702185,0.280530223143,0.0815497213559
39.4,0.0550670448249,0.804599906902,0.280530289594,0.0815496648557
39.5,0.0550670282933,0.80460008181,0.28053036597,0.0815496095378
39.6,0.05506701423,0.804600228572,0.280530451296,0.0815495555583
39.7,0.055067002496,0.804600348814,0.280530544636,0.0815495030573
39.8,0.0550669929552,0.804600444127,0.280530645095,0.08154945216
39.9,0.0550669854749,0.804600516064,0.280530751817,0.0815494029769
40,0.0550669799255,0.804600566136,0.280530863983,0.0815493556048
40.1,0.0550669761807,0.804600595814,0.280530980816,0.0815493101271
40.2,0.0550669741178,0.804600606528,0.280531101576,0.081549266615
40.3,0.0550669736178,0.804600599662,0.280531225563,0.0815492251275
40.4,0.0550669745651,0.804600576557,0.280531352112,0.0815491857123
40.5,0.0550669768481,0.804600538509,0.280531480597,0.0815491484067
40.6,0.0550669803589,0.804600486767,0.280531610428,0.0815491132378
40.7,0.0550669849934,0.804600422537,0.280531741051,0.081549080223
40.8,0.0550669906514,0.804600346976,0.280531871946,0.0815490493713
40.9,0.0550669972366,0.804600261196,0.280532002629,0.0815490206831
41,0.0550670046566,0.804600166263,0.280532132649,0.081548994151
41.1,0.0550670128228,0.804600063195,0.280532261586,0.0815489697605
41.2,0.0550670216507,0.804599952968,0.280532389052,0.0815489474906
41.3,0.0550670310593,0.804599836507,0.280532514692,0.081548927314
41.4,0.0550670409717,0.804599714696,0.280532638178,0.0815489091976
41.5,0.0550670513149,0.804599588373,0.280532759212,0.0815488931033
41.6,0.0550670620192,0.80459945833,0.280532877524,0.0815488789883
41.7,0.0550670730191,0.804599325319,0.280532992868,0.0815488668056
41.8,0.0550670842524,0.804599190047,0.280533105029,0.0815488565042
41.9,0.0550670956605,0.804599053179,0.280533213811,0.0815488480299
42,0.0550671071885,0.80459891534,0.280533319045,0.0815488413253
42.1,0.0550671187848,0.804598777115,0.280533420585,0.0815488363306
42.2,0.0550671304011,0.804598639049,0.280533518303,0.0815488329835
42.3,0.0550671419924,0.804598501649,0.280533612096,0.0815488312201
42.4,0.0550671535169,0.804598365384,0.280533701877,0.0815488309745
42.5,0.0550671649361,0.804598230691,0.28053378758,0.08154883218
42.6,0.055067176214,0.804598097966,0.280533869154,0.0815488347686
42.7,0.055067187318,0.804597967577,0.280533946567,0.0815488386718
42.8,0.0550671982181,0.804597839856,0.280534019802,0.0815488438206
42.9,0.055067208887,0.804597715104,0.280534088855,0.0815488501458
43,0.0550672193,0.804597593594,0.280534153738,0.0815488575784
43.1,0.055067229435,0.804597475566,0.280534214473,0.0815488660497
43.2,0.0550672392722,0.804597361236,0.280534271096,0.0815488754912
43.3,0.0550672487943,0.804597250791,0.280534323654,0.0815488858353
43.4,0.055067257986,0.804597144394,0.280534372204,0.0815488970154
43.5,0.0550672668343,0.804597042182,0.28053441681,0.0815489089656
43.6,0.055067275328,0.804596944271,0.280534457549,0.0815489216214
43.7,0.0550672834581,0.804596850755,0.280534494501,0.0815489349194
43.8,0.055067291217,0.804596761704,0.280534527756,0.0815489487977
43.9,0.0550672985993,0.804596677172,0.28053455741,0.0815489631961
44,0.0550673056009,0.804596597194,0.280534583564,0.0815489780558
44.1,0.0550673122192,0.804596521786,0.280534606324,0.0815489933197
44.2,0.0550673184534,0.804596450949,0.2805346258,0.0815490089327
44.3,0.0550673243035,0.804596384669,0.280534642107,0.0815490248415
44.4,0.0550673297713,0.804596322916,0.280534655361,0.0815490409944
44.5,0.0550673348593,0.804596265649,0.280534665683,0.0815490573422
44.6,0.0550673395715,0.804596212813,0.280534673194,0.0815490738372
44.7,0.0550673439126,0.804596164344,0.280534678018,0.081549090434
44.8,0.0550673478883,0.804596120166,0.280534680279,0.0815491070893
44.9,0.0550673515053,0.804596080194,0.280534680103,0.0815491237616
45,0.0550673547708,0.804596044334,0.280534677614,0.0815491404117
45.1,0.0550673576929,0.804596012485,0.280534672937,0.0815491570024
45.2,0.0550673602802,0.804595984539,0.280534666198,0.0815491734986
45.3,0.055067362542,0.804595960382,0.28053465752,0.0815491898671
45.4,0.0550673644881,0.804595939894,0.280534647025,0.0815492060769
45.5,0.0550673661285,0.804595922952,0.280534634833,0.081549222099
45.6,0.0550673674738,0.804595909427,0.280534621065,0.0815492379062
45.7,0.0550673685348,0.804595899187,0.280534605838,0.0815492534736
45.8,0.0550673693227,0.804595892098,0.280534589265,0.0815492687779
45.9,0.0550673698488,0.804595888025,0.280534571459,0.0815492837978
46,0.0550673701246,0.804595886828,0.28053455253,0.0815492985138
46.1,0.0550673701616,0.804595888371,0.280534532584,0.0815493129082
46.2,0.0550673699717,0.804595892512,0.280534511726,0.0815493269652
46.3,0.0550673695664,0.804595899113,0.280534490056,0.0815493406703
46.4,0.0550673689576,0.804595908034,0.28053446767,0.0815493540111
46.5,0.0550673681568,0.804595919138,0.280534444664,0.0815493669764
46.6,0.0550673671757,0.804595932287,0.280534421128,0.0815493795568
46.7,0.0550673660259,0.804595947345,0.280534397149,0.0815493917442
46.8,0.0550673647185,0.804595964179,0.280534372811,0.081549403532
46.9,0.0550673632649,0.804595982657,0.280534348193,0.0815494149149
47,0.0550673616761,0.80459600265,0.280534323372,0.0815494258889
47.1,0.0550673599628,0.804596024031,0.280534298421,0.0815494364513
47.2,0.0550673581357,0.804596046676,0.280534273409,0.0815494466005
47.3,0.0550673562051,0.804596070466,0.280534248401,0.0815494563361
47.4,0.055067354181,0.804596095281,0.28053422346,0.0815494656585
47.5,0.0550673520732,0.804596121009,0.280534198644,0.0815494745695
47.6,0.0550673498912,0.80459614754,0.280534174007,0.0815494830715
47.7,0.0550673476443,0.804596174766,0.280534149602,0.081549491168
47.8,0.0550673453413,0.804596202584,0.280534125475,0.0815494988631
47.9,0.0550673429907,0.804596230897,0.280534101672,0.0815495061619
48,0.0550673406008,0.804596259608,0.280534078234,0.08154951307
48.1,0.0550673381794,0.804596288627,0.280534055199,0.0815495195938
48.2,0.0550673357342,0.804596317867,0.280534032601,0.0815495257403
48.3,0.0550673332724,0.804596347245,0.280534010473,0.0815495315169
48.4,0.0550673308008,0.804596376681,0.280533988843,0.0815495369316
48.5,0.0550673283259,0.804596406102,0.280533967737,0.081549541993
48.6,0.055067325854,0.804596435437,0.280533947178,0.0815495467099
48.7,0.055067323391,0.804596464618,0.280533927187,0.0815495510914
48.8,0.0550673209422,0.804596493584,0.280533907782,0.0815495551472
48.9,0.0550673185129,0.804596522275,0.280533888977,0.0815495588871
49,0.055067316108,0.804596550637,0.280533870785,0.081549562321
49.1,0.055067313732,0.804596578619,0.280533853217,0.0815495654592
49.2,0.055067311389,0.804596606173,0.280533836282,0.0815495683122
49.3,0.055067309083,0.804596633256,0.280533819984,0.0815495708904
49.4,0.0550673068175,0.804596659827,0.280533804329,0.0815495732043
49.5,0.0550673045959,0.804596685851,0.280533789319,0.0815495752647
49.6,0.0550673024211,0.804596711294,0.280533774954,0.0815495770823
49.7,0.0550673002957,0.804596736127,0.280533761232,0.0815495786676
49.8,0.0550672982224,0.804596760323,0.280533748152,0.0815495800313
49.9,0.0550672962031,0.804596783858,0.280533735708,0.081549581184
50,0.0550672942399,0.804596806712,0.280533723895,0.0815495821361
50.1,0.0550672923343,0.804596828868,0.280533712706,0.081549582898
50.2,0.0550672904878,0.80459685031,0.280533702131,0.08154958348
50.3,0.0550672887015,0.804596871027,0.280533692163,0.0815495838922
50.4,0.0550672869765,0.804596891009,0.280533682791,0.0815495841444
50.5,0.0550672853135,0.804596910249,0.280533674002,0.0815495842466
50.6,0.0550672837129,0.804596928741,0.280533665784,0.0815495842081
50.7,0.0550672821753,0.804596946484,0.280533658126,0.0815495840383
50.8,0.0550672807007,0.804596963476,0.280533651012,0.0815495837465
50.9,0.0550672792892,0.80459697972,0.280533644428,0.0815495833414
51,0.0550672779406,0.804596995217,0.28053363836,0.0815495828317
51.1,0.0550672766545,0.804597009973,0.280533632792,0.0815495822259
51.2,0.0550672754307,0.804597023996,0.280533627708,0.081549581532
51.3,0.0550672742684,0.804597037292,0.280533623091,0.0815495807579
51.4,0.0550672731669,0.804597049871,0.280533618926,0.0815495799112
51.5,0.0550672721254,0.804597061744,0.280533615196,0.0815495789992
51.6,0.0550672711431,0.804597072924,0.280533611883,0.0815495780291
51.7,0.0550672702187,0.804597083422,0.280533608972,0.0815495770075
51.8,0.0550672693513,0.804597093254,0.280533606444,0.0815495759409
51.9,0.0550672685396,0.804597102434,0.280533604282,0.0815495748356
52,0.0550672677824,0.804597110978,0.280533602471,0.0815495736975
52.1,0.0550672670782,0.804597118903,0.280533600992,0.0815495725322
52.2,0.0550672664257,0.804597126226,0.280533599829,0.0815495713451
52.3,0.0550672658234,0.804597132965,0.280533598965,0.0815495701412
52.4,0.0550672652698,0.804597139137,0.280533598384,0.0815495689254
52.5,0.0550672647634,0.804597144762,0.28053359807,0.0815495677023
52.6,0.0550672643026,0.804597149859,0.280533598007,0.081549566476
52.7,0.0550672638858,0.804597154447,0.280533598178,0.0815495652507
52.8,0.0550672635113,0.804597158545,0.280533598569,0.08154956403
52.9,0.0550672631776,0.804597162172,0.280533599165,0.0815495628175
53,0.0550672628829,0.80459716535,0.28053359995,0.0815495616164
53.1,0.0550672626256,0.804597168097,0.280533600912,0.0815495604298
53.2,0.0550672624041,0.804597170432,0.280533602035,0.0815495592605
53.3,0.0550672622167,0.804597172376,0.280533603306,0.081549558111
53.4,0.0550672620618,0.804597173948,0.280533604712,0.0815495569836
53.5,0.0550672619377,0.804597175168,0.28053360624,0.0815495558805
53.6,0.0550672618429,0.804597176053,0.280533607879,0.0815495548036
53.7,0.0550672617757,0.804597176624,0.280533609616,0.0815495537546
53.8,0.0550672617345,0.804597176898,0.280533611441,0.0815495527351
53.9,0.0550672617179,0.804597176894,0.280533613341,0.0815495517464
54,0.0550672617242,0.804597176629,0.280533615307,0.0815495507897
54.1,0.055067261752,0.804597176121,0.280533617329,0.081549549866
54.2,0.0550672617999,0.804597175387,0.280533619398,0.0815495489762
54.3,0.0550672618664,0.804597174444,0.280533621504,0.0815495481208
54.4,0.0550672619502,0.804597173308,0.280533623638,0.0815495473005
54.5,0.0550672620498,0.804597171994,0.280533625793,0.0815495465157
54.6,0.055067262164,0.804597170518,0.280533627961,0.0815495457667
54.7,0.0550672622915,0.804597168894,0.280533630134,0.0815495450535
54.8,0.0550672624311,0.804597167137,0.280533632306,0.0815495443763
54.9,0.0550672625815,0.80459716526,0.28053363447,0.081549543735
55,0.0550672627418,0.804597163277,0.280533636621,0.0815495431293
55.1,0.0550672629107,0.8045971612,0.280533638752,0.081549542559
55.2,0.0550672630871,0.804597159042,0.280533640859,0.0815495420238
55.3,0.0550672632702,0.804597156814,0.280533642937,0.0815495415232
55.4,0.0550672634589,0.804597154527,0.280533644982,0.0815495410567
55.5,0.0550672636523,0.804597152192,0.280533646988,0.0815495406237
55.6,0.0550672638495,0.804597149819,0.280533648953,0.0815495402236
55.7,0.0550672640496,0.804597147417,0.280533650874,0.0815495398556
55.8,0.055067264252,0.804597144996,0.280533652747,0.0815495395189
55.9,0.0550672644558,0.804597142564,0.28053365457,0.0815495392128
56,0.0550672646604,0.804597140129,0.280533656339,0.0815495389364
56.1,0.055067264865,0.804597137699,0.280533658055,0.0815495386888
56.2,0.0550672650691,0.80459713528,0.280533659713,0.0815495384692
56.3,0.055067265272,0.804597132879,0.280533661314,0.0815495382764
56.4,0.0550672654733,0.804597130503,0.280533662855,0.0815495381097
56.5,0.0550672656724,0.804597128157,0.280533664336,0.0815495379679
56.6,0.0550672658688,0.804597125846,0.280533665756,0.0815495378502
56.7,0.0550672660622,0.804597123575,0.280533667114,0.0815495377554
56.8,0.0550672662521,0.804597121349,0.28053366841,0.0815495376825
56.9,0.0550672664382,0.804597119171,0.280533669644,0.0815495376306
57,0.0550672666201,0.804597117045,0.280533670816,0.0815495375985
57.1,0.0550672667975,0.804597114975,0.280533671927,0.0815495375854
57.2,0.0550672669703,0.804597112962,0.280533672976,0.0815495375901
57.3,0.0550672671381,0.80459711101,0.280533673964,0.0815495376116
57.4,0.0550672673007,0.804597109121,0.280533674892,0.081549537649
57.5,0.0550672674581,0.804597107297,0.280533675761,0.0815495377012
57.6,0.0550672676099,0.804597105539,0.280533676571,0.0815495377673
57.7,0.0550672677562,0.804597103849,0.280533677325,0.0815495378464
57.8,0.0550672678967,0.804597102227,0.280533678022,0.0815495379374
57.9,0.0550672680315,0.804597100675,0.280533678664,0.0815495380395
58,0.0550672681604,0.804597099192,0.280533679253,0.0815495381518
58.1,0.0550672682834,0.804597097779,0.28053367979,0.0815495382734
58.2,0.0550672684006,0.804597096437,0.280533680276,0.0815495384034
58.3,0.0550672685119,0.804597095164,0.280533680714,0.0815495385411
58.4,0.0550672686173,0.80459709396,0.280533681103,0.0815495386857
58.5,0.0550672687169,0.804597092826,0.280533681447,0.0815495388362
58.6,0.0550672688107,0.80459709176,0.280533681747,0.0815495389922
58.7,0.0550672688988,0.804597090761,0.280533682005,0.0815495391527
58.8,0.0550672689812,0.804597089829,0.280533682221,0.0815495393171
58.9,0.0550672690581,0.804597088961,0.280533682399,0.0815495394848
59,0.0550672691296,0.804597088158,0.28053368254,0.0815495396551
59.1,0.0550672691957,0.804597087417,0.280533682645,0.0815495398275
59.2,0.0550672692566,0.804597086737,0.280533682716,0.0815495400013
59.3,0.0550672693123,0.804597086117,0.280533682755,0.081549540176
59.4,0.0550672693632,0.804597085554,0.280533682764,0.0815495403511
59.5,0.0550672694092,0.804597085048,0.280533682744,0.0815495405261
59.6,0.0550672694505,0.804597084596,0.280533682697,0.0815495407005
59.7,0.0550672694873,0.804597084196,0.280533682626,0.081549540874
59.8,0.0550672695197,0.804597083847,0.28053368253,0.0815495410461
59.9,0.055067269548,0.804597083547,0.280533682413,0.0815495412165
60,0.0550672695721,0.804597083293,0.280533682275,0.0815495413847
60.1,0.0550672695924,0.804597083085,0.280533682119,0.0815495415505
60.2,0.055067269609,0.804597082919,0.280533681945,0.0815495417135
60.3,0.055067269622,0.804597082794,0.280533681755,0.0815495418736
60.4,0.0550672696316,0.804597082707,0.280533681551,0.0815495420304
60.5,0.055067269638,0.804597082658,0.280533681334,0.0815495421837
60.6,0.0550672696413,0.804597082644,0.280533681105,0.0815495423333
60.7,0.0550672696418,0.804597082662,0.280533680865,0.081549542479
60.8,0.0550672696395,0.804597082712,0.280533680617,0.0815495426207
60.9,0.0550672696346,0.804597082791,0.280533680361,0.0815495427582
61,0.0550672696274,0.804597082897,0.280533680097,0.0815495428915
61.1,0.0550672696179,0.804597083029,0.280533679828,0.0815495430203
61.2,0.0550672696063,0.804597083184,0.280533679555,0.0815495431446
61.3,0.0550672695927,0.804597083361,0.280533679278,0.0815495432644
61.4,0.0550672695774,0.804597083558,0.280533678998,0.0815495433796
61.5,0.0550672695603,0.804597083774,0.280533678716,0.0815495434902
61.6,0.0550672695418,0.804597084006,0.280533678434,0.081549543596
61.7,0.0550672695219,0.804597084254,0.280533678152,0.0815495436972
61.8,0.0550672695008,0.804597084515,0.28053367787,0.0815495437938
61.9,0.0550672694785,0.804597084789,0.280533677589,0.0815495438857
62,0.0550672694553,0.804597085073,0.280533677311,0.0815495439729
62.1,0.0550672694312,0.804597085367,0.280533677035,0.0815495440556
62.2,0.0550672694063,0.804597085669,0.280533676763,0.0815495441338
62.3,0.0550672693808,0.804597085977,0.280533676495,0.0815495442075
62.4,0.0550672693547,0.804597086291,0.280533676231,0.0815495442767
62.5,0.0550672693282,0.80459708661,0.280533675972,0.0815495443417
62.6,0.0550672693013,0.804597086931,0.280533675718,0.0815495444024
62.7,0.0550672692742,0.804597087255,0.280533675469,0.081549544459
62.8,0.055067269247,0.80459708758,0.280533675227,0.0815495445115
62.9,0.0550672692196,0.804597087906,0.280533674991,0.08154954456
63,0.0550672691923,0.80459708823,0.280533674761,0.0815495446047
63.1,0.055067269165,0.804597088554,0.280533674539,0.0815495446457
63.2,0.0550672691379,0.804597088875,0.280533674323,0.081549544683
63.3,0.055067269111,0.804597089193,0.280533674114,0.0815495447168
63.4,0.0550672690843,0.804597089507,0.280533673913,0.0815495447473
63.5,0.055067269058,0.804597089817,0.280533673719,0.0815495447744
63.6,0.055067269032,0.804597090122,0.280533673533,0.0815495447984
63.7,0.0550672690065,0.804597090422,0.280533673354,0.0815495448194
63.8,0.0550672689814,0.804597090716,0.280533673183,0.0815495448375
63.9,0.0550672689568,0.804597091004,0.280533673019,0.0815495448529
64,0.0550672689328,0.804597091284,0.280533672863,0.0815495448656
64.1,0.0550672689094,0.804597091558,0.280533672715,0.0815495448758
64.2,0.0550672688865,0.804597091824,0.280533672574,0.0815495448836
64.3,0.0550672688643,0.804597092083,0.280533672441,0.0815495448891
64.4,0.0550672688428,0.804597092333,0.280533672315,0.0815495448925
64.5,0.0550672688219,0.804597092576,0.280533672197,0.0815495448938
64.6,0.0550672688017,0.80459709281,0.280533672085,0.0815495448933
64.7,0.0550672687822,0.804597093035,0.280533671981,0.081549544891
64.8,0.0550672687635,0.804597093252,0.280533671884,0.081549544887
64.9,0.0550672687454,0.80459709346,0.280533671793,0.0815495448815
65,0.0550672687281,0.80459709366,0.280533671709,0.0815495448745
65.1,0.0550672687116,0.804597093851,0.280533671631,0.0815495448662
65.2,0.0550672686957,0.804597094033,0.28053367156,0.0815495448566
65.3,0.0550672686806,0.804597094206,0.280533671495,0.0815495448459
65.4,0.0550672686662,0.804597094371,0.280533671436,0.0815495448342
65.5,0.0550672686526,0.804597094527,0.280533671383,0.0815495448216
65.6,0.0550672686397,0.804597094674,0.280533671335,0.0815495448081
65.7,0.0550672686275,0.804597094813,0.280533671292,0.0815495447939
65.8,0.055067268616,0.804597094944,0.280533671255,0.081549544779
65.9,0.0550672686052,0.804597095067,0.280533671222,0.0815495447636
66,0.055067268595,0.804597095181,0.280533671194,0.0815495447476
66.1,0.0550672685856,0.804597095288,0.280533671171,0.0815495447312
66.2,0.0550672685768,0.804597095387,0.280533671152,0.0815495447145
66.3,0.0550672685686,0.804597095479,0.280533671137,0.0815495446975
66.4,0.0550672685611,0.804597095563,0.280533671126,0.0815495446802
66.5,0.0550672685541,0.80459709564,0.280533671119,0.0815495446629
66.6,0.0550672685478,0.804597095711,0.280533671115,0.0815495446454
66.7,0.055067268542,0.804597095775,0.280533671114,0.0815495446279
66.8,0.0550672685368,0.804597095832,0.280533671117,0.0815495446104
66.9,0.0550672685321,0.804597095883,0.280533671122,0.081549544593
67,0.055067268528,0.804597095929,0.28053367113,0.0815495445757
67.1,0.0550672685243,0.804597095968,0.280533671141,0.0815495445585
67.2,0.0550672685211,0.804597096002,0.280533671154,0.0815495445416
67.3,0.0550672685183,0.804597096031,0.280533671169,0.0815495445248
67.4,0.055067268516,0.804597096055,0.280533671186,0.0815495445084
67.5,0.0550672685141,0.804597096074,0.280533671205,0.0815495444922
67.6,0.0550672685126,0.804597096088,0.280533671226,0.0815495444764
67.7,0.0550672685115,0.804597096099,0.280533671248,0.0815495444609
67.8,0.0550672685108,0.804597096105,0.280533671271,0.0815495444458
67.9,0.0550672685103,0.804597096107,0.280533671296,0.0815495444311
68,0.0550672685102,0.804597096106,0.280533671321,0.0815495444168
68.1,0.0550672685104,0.804597096101,0.280533671348,0.0815495444029
68.2,0.0550672685109,0.804597096093,0.280533671375,0.0815495443895
68.3,0.0550672685116,0.804597096082,0.280533671403,0.0815495443765
68.4,0.0550672685126,0.804597096069,0.280533671432,0.081549544364
68.5,0.0550672685138,0.804597096052,0.28053367146,0.081549544352
68.6,0.0550672685152,0.804597096034,0.28053367149,0.0815495443405
68.7,0.0550672685168,0.804597096013,0.280533671519,0.0815495443294
68.8,0.0550672685186,0.804597095991,0.280533671549,0.0815495443189
68.9,0.0550672685205,0.804597095967,0.280533671578,0.0815495443088
69,0.0550672685226,0.804597095941,0.280533671608,0.0815495442992
69.1,0.0550672685248,0.804597095913,0.280533671637,0.0815495442901
69.2,0.0550672685271,0.804597095885,0.280533671667,0.0815495442815
69.3,0.0550672685296,0.804597095855,0.280533671695,0.0815495442733
69.4,0.0550672685321,0.804597095824,0.280533671724,0.0815495442657
69.5,0.0550672685347,0.804597095793,0.280533671752,0.0815495442585
69.6,0.0550672685374,0.804597095761,0.28053367178,0.0815495442518
69.7,0.0550672685401,0.804597095728,0.280533671807,0.0815495442455
69.8,0.0550672685428,0.804597095695,0.280533671834,0.0815495442397
69.9,0.0550672685456,0.804597095661,0.28053367186,0.0815495442343
70,0.0550672685484,0.804597095628,0.280533671885,0.0815495442293
70.1,0.0550672685512,0.804597095594,0.28053367191,0.0815495442248
70.2,0.0550672685541,0.804597095561,0.280533671934,0.0815495442206
70.3,0.0550672685569,0.804597095527,0.280533671957,0.0815495442169
70.4,0.0550672685597,0.804597095494,0.280533671979,0.0815495442135
70.5,0.0550672685625,0.804597095461,0.280533672001,0.0815495442104
70.6,0.0550672685653,0.804597095428,0.280533672022,0.0815495442078
70.7,0.055067268568,0.804597095396,0.280533672042,0.0815495442055
70.8,0.0550672685707,0.804597095365,0.280533672061,0.0815495442035
70.9,0.0550672685733,0.804597095333,0.28053367208,0.0815495442018
71,0.0550672685759,0.804597095303,0.280533672098,0.0815495442004
71.1,0.0550672685785,0.804597095273,0.280533672114,0.0815495441993
71.2,0.055067268581,0.804597095244,0.28053367213,0.0815495441984
71.3,0.0550672685834,0.804597095216,0.280533672146,0.0815495441979
71.4,0.0550672685858,0.804597095188,0.28053367216,0.0815495441975
71.5,0.055067268588,0.804597095162,0.280533672174,0.0815495441974
71.6,0.0550672685903,0.804597095136,0.280533672186,0.0815495441976
71.7,0.0550672685924,0.804597095111,0.280533672198,0.0815495441979
71.8,0.0550672685945,0.804597095087,0.28053367221,0.0815495441984
71.9,0.0550672685965,0.804597095063,0.28053367222,0.0815495441991
72,0.0550672685984,0.804597095041,0.28053367223,0.0815495441999
72.1,0.0550672686003,0.80459709502,0.280533672239,0.081549544201
72.2,0.0550672686021,0.804597095,0.280533672247,0.0815495442021
72.3,0.0550672686038,0.80459709498,0.280533672255,0.0815495442034
72.4,0.0550672686054,0.804597094962,0.280533672262,0.0815495442048
72.5,0.0550672686069,0.804597094944,0.280533672268,0.0815495442063
72.6,0.0550672686084,0.804597094927,0.280533672273,0.081549544208
72.7,0.0550672686097,0.804597094912,0.280533672278,0.0815495442097
72.8,0.055067268611,0.804597094897,0.280533672283,0.0815495442115
72.9,0.0550672686123,0.804597094883,0.280533672287,0.0815495442133
73,0.0550672686134,0.80459709487,0.28053367229,0.0815495442152
73.1,0.0550672686145,0.804597094858,0.280533672293,0.0815495442172
73.2,0.0550672686155,0.804597094846,0.280533672295,0.0815495442192
73.3,0.0550672686164,0.804597094836,0.280533672297,0.0815495442212
73.4,0.0550672686173,0.804597094826,0.280533672299,0.0815495442233
73.5,0.0550672686181,0.804597094817,0.2805336723,0.0815495442254
73.6,0.0550672686188,0.804597094809,0.2805336723,0.0815495442275
73.7,0.0550672686195,0.804597094802,0.2805336723,0.0815495442296
73.8,0.0550672686201,0.804597094795,0.2805336723,0.0815495442317
73.9,0.0550672686206,0.804597094789,0.2805336723,0.0815495442338
74,0.0550672686211,0.804597094784,0.280533672299,0.0815495442359
74.1,0.0550672686215,0.804597094779,0.280533672298,0.081549544238
74.2,0.0550672686219,0.804597094775,0.280533672296,0.08154954424
74.3,0.0550672686222,0.804597094772,0.280533672294,0.081549544242
74.4,0.0550672686225,0.804597094769,0.280533672293,0.081549544244
74.5,0.0550672686227,0.804597094767,0.28053367229,0.081549544246
74.6,0.0550672686229,0.804597094765,0.280533672288,0.0815495442479
74.7,0.055067268623,0.804597094764,0.280533672286,0.0815495442498
74.8,0.0550672686231,0.804597094763,0.280533672283,0.0815495442517
74.9,0.0550672686232,0.804597094763,0.28053367228,0.0815495442535
75,0.0550672686232,0.804597094763,0.280533672277,0.0815495442552
75.1,0.0550672686232,0.804597094763,0.280533672274,0.0815495442569
75.2,0.0550672686231,0.804597094764,0.280533672271,0.0815495442586
75.3,0.0550672686231,0.804597094765,0.280533672268,0.0815495442602
75.4,0.055067268623,0.804597094767,0.280533672264,0.0815495442617
75.5,0.0550672686228,0.804597094769,0.280533672261,0.0815495442632
75.6,0.0550672686227,0.804597094771,0.280533672258,0.0815495442646
75.7,0.0550672686225,0.804597094773,0.280533672254,0.081549544266
75.8,0.0550672686223,0.804597094776,0.280533672251,0.0815495442673
75.9,0.0550672686221,0.804597094779,0.280533672247,0.0815495442686
76,0.0550672686218,0.804597094782,0.280533672244,0.0815495442698
76.1,0.0550672686216,0.804597094785,0.28053367224,0.0815495442709
76.2,0.0550672686213,0.804597094788,0.280533672237,0.081549544272
76.3,0.055067268621,0.804597094792,0.280533672233,0.081549544273
76.4,0.0550672686207,0.804597094795,0.28053367223,0.081549544274
76.5,0.0550672686204,0.804597094799,0.280533672227,0.0815495442749
76.6,0.0550672686201,0.804597094803,0.280533672223,0.0815495442758
76.7,0.0550672686198,0.804597094806,0.28053367222,0.0815495442766
76.8,0.0550672686194,0.80459709481,0.280533672217,0.0815495442774
76.9,0.0550672686191,0.804597094814,0.280533672214,0.0815495442781
77,0.0550672686188,0.804597094818,0.280533672211,0.0815495442787
77.1,0.0550672686185,0.804597094822,0.280533672208,0.0815495442793
77.2,0.0550672686181,0.804597094826,0.280533672205,0.0815495442799
77.3,0.0550672686178,0.80459709483,0.280533672202,0.0815495442804
77.4,0.0550672686175,0.804597094834,0.2805336722,0.0815495442809
77.5,0.0550672686171,0.804597094838,0.280533672197,0.0815495442813
77.6,0.0550672686168,0.804597094842,0.280533672194,0.0815495442817
77.7,0.0550672686165,0.804597094846,0.280533672192,0.081549544282
77.8,0.0550672686161,0.804597094849,0.28053367219,0.0815495442823
77.9,0.0550672686158,0.804597094853,0.280533672187,0.0815495442825
78,0.0550672686155,0.804597094857,0.280533672185,0.0815495442828
78.1,0.0550672686152,0.80459709486,0.280533672183,0.081549544283
78.2,0.0550672686149,0.804597094864,0.280533672181,0.0815495442831
78.3,0.0550672686146,0.804597094867,0.280533672179,0.0815495442832
78.4,0.0550672686143,0.804597094871,0.280533672177,0.0815495442833
78.5,0.0550672686141,0.804597094874,0.280533672176,0.0815495442834
78.6,0.0550672686138,0.804597094877,0.280533672174,0.0815495442834
78.7,0.0550672686135,0.80459709488,0.280533672173,0.0815495442834
78.8,0.0550672686133,0.804597094883,0.280533672171,0.0815495442834
78.9,0.055067268613,0.804597094886,0.28053367217,0.0815495442834
79,0.0550672686128,0.804597094889,0.280533672169,0.0815495442833
79.1,0.0550672686126,0.804597094891,0.280533672168,0.0815495442832
79.2,0.0550672686124,0.804597094894,0.280533672166,0.0815495442831
79.3,0.0550672686121,0.804597094896,0.280533672165,0.081549544283
79.4,0.0550672686119,0.804597094898,0.280533672165,0.0815495442829
79.5,0.0550672686118,0.804597094901,0.280533672164,0.0815495442828
79.6,0.0550672686116,0.804597094903,0.280533672163,0.0815495442826
79.7,0.0550672686114,0.804597094905,0.280533672162,0.0815495442824
79.8,0.0550672686112,0.804597094906,0.280533672162,0.0815495442823
79.9,0.0550672686111,0.804597094908,0.280533672161,0.0815495442821
80,0.0550672686109,0.80459709491,0.280533672161,0.0815495442819
80.1,0.0550672686108,0.804597094911,0.28053367216,0.0815495442817
80.2,0.0550672686107,0.804597094913,0.28053367216,0.0815495442815
80.3,0.0550672686106,0.804597094914,0.28053367216,0.0815495442812
80.4,0.0550672686104,0.804597094915,0.280533672159,0.081549544281
80.5,0.0550672686103,0.804597094917,0.280533672159,0.0815495442808
80.6,0.0550672686102,0.804597094918,0.280533672159,0.0815495442806
80.7,0.0550672686102,0.804597094919,0.280533672159,0.0815495442804
80.8,0.0550672686101,0.80459709492,0.280533672159,0.0815495442801
80.9,0.05506726861,0.80459709492,0.280533672159,0.0815495442799
81,0.0550672686099,0.804597094921,0.280533672159,0.0815495442797
81.1,0.0550672686099,0.804597094922,0.280533672159,0.0815495442794
81.2,0.0550672686098,0.804597094922,0.280533672159,0.0815495442792
81.3,0.0550672686098,0.804597094923,0.280533672159,0.081549544279
81.4,0.0550672686097,0.804597094923,0.280533672159,0.0815495442788
81.5,0.0550672686097,0.804597094924,0.28053367216,0.0815495442785
81.6,0.0550672686097,0.804597094924,0.28053367216,0.0815495442783
81.7,0.0550672686097,0.804597094924,0.28053367216,0.0815495442781
81.8,0.0550672686096,0.804597094924,0.28053367216,0.0815495442779
81.9,0.0550672686096,0.804597094924,0.280533672161,0.0815495442777
82,0.0550672686096,0.804597094925,0.280533672161,0.0815495442775
82.1,0.0550672686096,0.804597094925,0.280533672161,0.0815495442773
82.2,0.0550672686096,0.804597094925,0.280533672162,0.0815495442771
82.3,0.0550672686096,0.804597094924,0.280533672162,0.0815495442769
82.4,0.0550672686096,0.804597094924,0.280533672162,0.0815495442768
82.5,0.0550672686096,0.804597094924,0.280533672163,0.0815495442766
82.6,0.0550672686096,0.804597094924,0.280533672163,0.0815495442764
82.7,0.0550672686097,0.804597094924,0.280533672163,0.0815495442763
82.8,0.0550672686097,0.804597094924,0.280533672164,0.0815495442761
82.9,0.0550672686097,0.804597094923,0.280533672164,0.081549544276
83,0.0550672686097,0.804597094923,0.280533672165,0.0815495442758
83.1,0.0550672686097,0.804597094923,0.280533672165,0.0815495442757
83.2,0.0550672686098,0.804597094922,0.280533672165,0.0815495442756
83.3,0.0550672686098,0.804597094922,0.280533672166,0.0815495442754
83.4,0.0550672686098,0.804597094922,0.280533672166,0.0815495442753
83.5,0.0550672686099,0.804597094921,0.280533672166,0.0815495442752
83.6,0.0550672686099,0.804597094921,0.280533672167,0.0815495442751
83.7,0.0550672686099,0.80459709492,0.280533672167,0.081549544275
83.8,0.05506726861,0.80459709492,0.280533672168,0.0815495442749
83.9,0.05506726861,0.80459709492,0.280533672168,0.0815495442748
84,0.05506726861,0.804597094919,0.280533672168,0.0815495442748
84.1,0.0550672686101,0.804597094919,0.280533672169,0.0815495442747
84.2,0.0550672686101,0.804597094918,0.280533672169,0.0815495442746
84.3,0.0550672686101,0.804597094918,0.280533672169,0.0815495442746
84.4,0.0550672686102,0.804597094917,0.28053367217,0.0815495442745
84.5,0.0550672686102,0.804597094917,0.28053367217,0.0815495442745
84.6,0.0550672686103,0.804597094917,0.28053367217,0.0815495442744
84.7,0.0550672686103,0.804597094916,0.28053367217,0.0815495442744
84.8,0.0550672686103,0.804597094916,0.280533672171,0.0815495442743
84.9,0.0550672686104,0.804597094915,0.280533672171,0.0815495442743
85,0.0550672686104,0.804597094915,0.280533672171,0.0815495442743
85.1,0.0550672686104,0.804597094914,0.280533672171,0.0815495442742
85.2,0.0550672686105,0.804597094914,0.280533672172,0.0815495442742
85.3,0.0550672686105,0.804597094914,0.280533672172,0.0815495442742
85.4,0.0550672686105,0.804597094913,0.280533672172,0.0815495442742
85.5,0.0550672686106,0.804597094913,0.280533672172,0.0815495442742
85.6,0.0550672686106,0.804597094913,0.280533672173,0.0815495442742
85.7,0.0550672686106,0.804597094912,0.280533672173,0.0815495442742
85.8,0.0550672686107,0.804597094912,0.280533672173,0.0815495442742
85.9,0.0550672686107,0.804597094912,0.280533672173,0.0815495442742
86,0.0550672686107,0.804597094911,0.280533672173,0.0815495442742
86.1,0.0550672686107,0.804597094911,0.280533672173,0.0815495442742
86.2,0.0550672686108,0.804597094911,0.280533672173,0.0815495442742
86.3,0.0550672686108,0.80459709491,0.280533672174,0.0815495442742
86.4,0.0550672686108,0.80459709491,0.280533672174,0.0815495442742
86.5,0.0550672686108,0.80459709491,0.280533672174,0.0815495442742
86.6,0.0550672686109,0.80459709491,0.280533672174,0.0815495442743
86.7,0.0550672686109,0.804597094909,0.280533672174,0.0815495442743
86.8,0.0550672686109,0.804597094909,0.280533672174,0.0815495442743
86.9,0.0550672686109,0.804597094909,0.280533672174,0.0815495442743
87,0.0550672686109,0.804597094909,0.280533672174,0.0815495442743
87.1,0.0550672686109,0.804597094909,0.280533672174,0.0815495442744
87.2,0.055067268611,0.804597094908,0.280533672174,0.0815495442744
87.3,0.055067268611,0.804597094908,0.280533672174,0.0815495442744
87.4,0.055067268611,0.804597094908,0.280533672174,0.0815495442744
87.5,0.055067268611,0.804597094908,0.280533672174,0.0815495442745
87.6,0.055067268611,0.804597094908,0.280533672174,0.0815495442745
87.7,0.055067268611,0.804597094908,0.280533672174,0.0815495442745
87.8,0.055067268611,0.804597094908,0.280533672174,0.0815495442745
87.9,0.055067268611,0.804597094907,0.280533672174,0.0815495442746
88,0.055067268611,0.804597094907,0.280533672174,0.0815495442746
88.1,0.0550672686111,0.804597094907,0.280533672174,0.0815495442746
88.2,0.0550672686111,0.804597094907,0.280533672174,0.0815495442746
88.3,0.0550672686111,0.804597094907,0.280533672174,0.0815495442747
88.4,0.0550672686111,0.804597094907,0.280533672174,0.0815495442747
88.5,0.0550672686111,0.804597094907,0.280533672174,0.0815495442747
88.6,0.0550672686111,0.804597094907,0.280533672174,0.0815495442747
88.7,0.0550672686111,0.804597094907,0.280533672174,0.0815495442748
88.8,0.0550672686111,0.804597094907,0.280533672174,0.0815495442748
88.9,0.0550672686111,0.804597094907,0.280533672174,0.0815495442748
89,0.0550672686111,0.804597094907,0.280533672174,0.0815495442748
89.1,0.0550672686111,0.804597094907,0.280533672174,0.0815495442749
89.2,0.0550672686111,0.804597094907,0.280533672174,0.0815495442749
89.3,0.0550672686111,0.804597094907,0.280533672174,0.0815495442749
89.4,0.0550672686111,0.804597094907,0.280533672174,0.0815495442749
89.5,0.0550672686111,0.804597094907,0.280533672174,0.0815495442749
89.6,0.0550672686111,0.804597094907,0.280533672174,0.081549544275
89.7,0.0550672686111,0.804597094907,0.280533672174,0.081549544275
89.8,0.0550672686111,0.804597094907,0.280533672174,0.081549544275
89.9,0.0550672686111,0.804597094907,0.280533672174,0.081549544275
90,0.0550672686111,0.804597094907,0.280533672174,0.081549544275
90.1,0.0550672686111,0.804597094907,0.280533672174,0.0815495442751
90.2,0.0550672686111,0.804597094907,0.280533672174,0.0815495442751
90.3,0.0550672686111,0.804597094907,0.280533672174,0.0815495442751
90.4,0.0550672686111,0.804597094907,0.280533672174,0.0815495442751
90.5,0.0550672686111,0.804597094907,0.280533672174,0.0815495442751
90.6,0.0550672686111,0.804597094907,0.280533672174,0.0815495442751
90.7,0.0550672686111,0.804597094907,0.280533672174,0.0815495442751
90.8,0.0550672686111,0.804597094907,0.280533672173,0.0815495442751
90.9,0.0550672686111,0.804597094907,0.280533672173,0.0815495442752
91,0.055067268611,0.804597094907,0.280533672173,0.0815495442752
91.1,0.055067268611,0.804597094908,0.280533672173,0.0815495442752
91.2,0.055067268611,0.804597094908,0.280533672173,0.0815495442752
91.3,0.055067268611,0.804597094908,0.280533672173,0.0815495442752
91.4,0.055067268611,0.804597094908,0.280533672173,0.0815495442752
91.5,0.055067268611,0.804597094908,0.280533672173,0.0815495442752
91.6,0.055067268611,0.804597094908,0.280533672173,0.0815495442752
91.7,0.055067268611,0.804597094908,0.280533672173,0.0815495442752
91.8,0.055067268611,0.804597094908,0.280533672173,0.0815495442752
91.9,0.055067268611,0.804597094908,0.280533672173,0.0815495442752
92,0.055067268611,0.804597094908,0.280533672173,0.0815495442752
92.1,0.055067268611,0.804597094908,0.280533672173,0.0815495442752
92.2,0.055067268611,0.804597094908,0.280533672173,0.0815495442752
92.3,0.055067268611,0.804597094908,0.280533672173,0.0815495442752
92.4,0.055067268611,0.804597094908,0.280533672173,0.0815495442752
92.5,0.055067268611,0.804597094908,0.280533672173,0.0815495442752
92.6,0.055067268611,0.804597094908,0.280533672173,0.0815495442752
92.7,0.055067268611,0.804597094908,0.280533672173,0.0815495442752
92.8,0.055067268611,0.804597094908,0.280533672173,0.0815495442752
92.9,0.055067268611,0.804597094908,0.280533672173,0.0815495442752
93,0.055067268611,0.804597094908,0.280533672173,0.0815495442752
93.1,0.055067268611,0.804597094908,0.280533672173,0.0815495442752
93.2,0.055067268611,0.804597094908,0.280533672173,0.0815495442752
93.3,0.055067268611,0.804597094908,0.280533672173,0.0815495442752
93.4,0.055067268611,0.804597094909,0.280533672173,0.0815495442752
93.5,0.055067268611,0.804597094909,0.280533672173,0.0815495442752
93.6,0.055067268611,0.804597094909,0.280533672173,0.0815495442752
93.7,0.0550672686109,0.804597094909,0.280533672173,0.0815495442752
93.8,0.0550672686109,0.804597094909,0.280533672173,0.0815495442752
93.9,0.0550672686109,0.804597094909,0.280533672173,0.0815495442752
94,0.0550672686109,0.804597094909,0.280533672173,0.0815495442752
94.1,0.0550672686109,0.804597094909,0.280533672173,0.0815495442752
94.2,0.0550672686109,0.804597094909,0.280533672173,0.0815495442752
94.3,0.0550672686109,0.804597094909,0.280533672173,0.0815495442752
94.4,0.0550672686109,0.804597094909,0.280533672173,0.0815495442752
94.5,0.0550672686109,0.804597094909,0.280533672173,0.0815495442752
94.6,0.0550672686109,0.804597094909,0.280533672173,0.0815495442752
94.7,0.0550672686109,0.804597094909,0.280533672173,0.0815495442752
94.8,0.0550672686109,0.804597094909,0.280533672173,0.0815495442752
94.9,0.0550672686109,0.804597094909,0.280533672173,0.0815495442752
95,0.0550672686109,0.804597094909,0.280533672173,0.0815495442752
95.1,0.0550672686109,0.804597094909,0.280533672173,0.0815495442752
95.2,0.0550672686109,0.804597094909,0.280533672173,0.0815495442752
95.3,0.0550672686109,0.804597094909,0.280533672173,0.0815495442752
95.4,0.0550672686109,0.804597094909,0.280533672173,0.0815495442752
95.5,0.0550672686109,0.804597094909,0.280533672173,0.0815495442752
95.6,0.0550672686109,0.804597094909,0.280533672173,0.0815495442752
95.7,0.0550672686109,0.804597094909,0.280533672173,0.0815495442752
95.8,0.0550672686109,0.804597094909,0.280533672173,0.0815495442752
95.9,0.0550672686109,0.804597094909,0.280533672173,0.0815495442752
96,0.0550672686109,0.804597094909,0.280533672173,0.0815495442752
96.1,0.0550672686109,0.804597094909,0.280533672173,0.0815495442752
96.2,0.0550672686109,0.804597094909,0.280533672173,0.0815495442752
96.3,0.0550672686109,0.804597094909,0.280533672173,0.0815495442752
96.4,0.0550672686109,0.804597094909,0.280533672173,0.0815495442752
96.5,0.0550672686109,0.804597094909,0.280533672173,0.0815495442752
96.6,0.0550672686109,0.804597094909,0.280533672173,0.0815495442752
96.7,0.0550672686109,0.804597094909,0.280533672173,0.0815495442752
96.8,0.0550672686109,0.804597094909,0.280533672173,0.0815495442752
96.9,0.0550672686109,0.804597094909,0.280533672173,0.0815495442752
97,0.0550672686109,0.804597094909,0.280533672173,0.0815495442752
97.1,0.0550672686109,0.804597094909,0.280533672173,0.0815495442752
97.2,0.0550672686109,0.804597094909,0.280533672173,0.0815495442752
97.3,0.0550672686109,0.804597094909,0.280533672173,0.0815495442751
97.4,0.0550672686109,0.804597094909,0.280533672173,0.0815495442751
97.5,0.0550672686109,0.804597094909,0.280533672173,0.0815495442751
97.6,0.0550672686109,0.804597094909,0.280533672173,0.0815495442751
97.7,0.0550672686109,0.804597094909,0.280533672173,0.0815495442751
97.8,0.0550672686109,0.804597094909,0.280533672173,0.0815495442751
97.9,0.0550672686109,0.804597094909,0.280533672173,0.0815495442751
98,0.0550672686109,0.804597094909,0.280533672173,0.0815495442751
98.1,0.0550672686109,0.804597094909,0.280533672173,0.0815495442751
98.2,0.0550672686109,0.804597094909,0.280533672173,0.0815495442751
98.3,0.0550672686109,0.804597094909,0.280533672173,0.0815495442751
98.4,0.0550672686109,0.804597094909,0.280533672173,0.0815495442751
98.5,0.0550672686109,0.804597094909,0.280533672173,0.0815495442751
98.6,0.0550672686109,0.804597094909,0.280533672173,0.0815495442751
98.7,0.0550672686109,0.804597094909,0.280533672173,0.0815495442751
98.8,0.0550672686109,0.804597094909,0.280533672173,0.0815495442751
98.9,0.0550672686109,0.804597094909,0.280533672173,0.0815495442751
99,0.0550672686109,0.804597094909,0.280533672173,0.0815495442751
99.1,0.0550672686109,0.804597094909,0.280533672173,0.0815495442751
99.2,0.0550672686109,0.804597094909,0.280533672173,0.0815495442751
99.3,0.0550672686109,0.804597094909,0.280533672173,0.0815495442751
99.4,0.0550672686109,0.804597094909,0.280533672173,0.0815495442751
99.5,0.0550672686109,0.804597094909,0.280533672173,0.0815495442751
99.6,0.0550672686109,0.804597094909,0.280533672173,0.0815495442751
99.7,0.0550672686109,0.804597094909,0.280533672173,0.0815495442751
99.8,0.0550672686109,0.804597094909,0.280533672173,0.0815495442751
99.9,0.0550672686109,0.804597094909,0.280533672173,0.0815495442751
100,0.0550672686109,0.804597094909,0.280533672173,0.0815495442751
100.1,0.0550672686109,0.804597094909,0.280533672173,0.0815495442751
100.2,0.0550672686109,0.804597094909,0.280533672173,0.0815495442751
100.3,0.0550672686109,0.804597094909,0.280533672173,0.0815495442751
100.4,0.0550672686109,0.804597094909,0.280533672173,0.0815495442751
100.5,0.0550672686109,0.804597094909,0.280533672173,0.0815495442751
100.6,0.0550672686109,0.804597094909,0.280533672173,0.0815495442751
100.7,0.0550672686109,0.804597094909,0.280533672173,0.0815495442751
100.8,0.0550672686109,0.804597094909,0.280533672173,0.0815495442751
100.9,0.0550672686109,0.804597094909,0.280533672173,0.0815495442751
101,0.0550672686109,0.804597094909,0.280533672173,0.0815495442751
101.1,0.0550672686109,0.804597094909,0.280533672173,0.0815495442751
101.2,0.0550672686109,0.804597094909,0.280533672173,0.0815495442751
101.3,0.0550672686109,0.804597094909,0.280533672173,0.0815495442751
101.4,0.0550672686109,0.804597094909,0.280533672173,0.0815495442751
101.5,0.0550672686109,0.804597094909,0.280533672173,0.0815495442751
101.6,0.0550672686109,0.804597094909,0.280533672173,0.0815495442751
101.7,0.0550672686109,0.804597094909,0.280533672173,0.0815495442751
101.8,0.0550672686109,0.804597094909,0.280533672173,0.0815495442751
101.9,0.0550672686109,0.804597094909,0.280533672173,0.0815495442751
102,0.0550672686109,0.804597094909,0.280533672173,0.0815495442751
102.1,0.0550672686109,0.804597094909,0.280533672173,0.0815495442751
102.2,0.0550672686109,0.804597094909,0.280533672173,0.0815495442751
102.3,0.0550672686109,0.804597094909,0.280533672173,0.0815495442751
102.4,0.0550672686109,0.804597094909,0.280533672173,0.0815495442751
102.5,0.0550672686109,0.804597094909,0.280533672173,0.0815495442751
102.6,0.0550672686109,0.804597094909,0.280533672173,0.0815495442751
102.7,0.0550672686109,0.804597094909,0.280533672173,0.0815495442751
102.8,0.0550672686109,0.804597094909,0.280533672173,0.0815495442751
102.9,0.0550672686109,0.804597094909,0.280533672173,0.0815495442751
103,0.0550672686109,0.804597094909,0.280533672173,0.0815495442751
103.1,0.0550672686109,0.804597094909,0.280533672173,0.0815495442751
103.2,0.0550672686109,0.804597094909,0.280533672173,0.0815495442751
103.3,0.0550672686109,0.804597094909,0.280533672173,0.0815495442751
103.4,0.0550672686109,0.804597094909,0.280533672173,0.0815495442751
103.5,0.0550672686109,0.804597094909,0.280533672173,0.0815495442751
103.6,0.0550672686109,0.804597094909,0.280533672173,0.0815495442751
103.7,0.0550672686109,0.804597094909,0.280533672173,0.0815495442751
103.8,0.0550672686109,0.804597094909,0.280533672173,0.0815495442751
103.9,0.0550672686109,0.804597094909,0.280533672173,0.0815495442751
104,0.0550672686109,0.804597094909,0.280533672173,0.0815495442751
104.1,0.0550672686109,0.804597094909,0.280533672173,0.0815495442751
104.2,0.0550672686109,0.804597094909,0.280533672173,0.0815495442751
104.3,0.0550672686109,0.804597094909,0.280533672173,0.0815495442751
104.4,0.0550672686109,0.804597094909,0.280533672173,0.0815495442751
104.5,0.0550672686109,0.804597094909,0.280533672173,0.0815495442751
104.6,0.0550672686109,0.804597094909,0.280533672173,0.0815495442751
104.7,0.0550672686109,0.804597094909,0.280533672173,0.0815495442751
104.8,0.0550672686109,0.804597094909,0.280533672173,0.0815495442751
104.9,0.0550672686109,0.804597094909,0.280533672173,0.0815495442751
105,0.0550672686109,0.804597094909,0.280533672173,0.0815495442751
105.1,0.0550672686109,0.804597094909,0.280533672173,0.0815495442751
105.2,0.0550672686109,0.804597094909,0.280533672173,0.0815495442751
105.3,0.0550672686109,0.804597094909,0.280533672173,0.0815495442751
105.4,0.0550672686109,0.804597094909,0.280533672173,0.0815495442751
105.5,0.0550672686109,0.804597094909,0.280533672173,0.0815495442751
105.6,0.0550672686109,0.804597094909,0.280533672173,0.0815495442751
105.7,0.0550672686109,0.804597094909,0.280533672173,0.0815495442751
105.8,0.0550672686109,0.804597094909,0.280533672173,0.0815495442751
105.9,0.0550672686109,0.804597094909,0.280533672173,0.0815495442751
106,0.0550672686109,0.804597094909,0.280533672173,0.0815495442751
106.1,0.0550672686109,0.804597094909,0.280533672173,0.0815495442751
106.2,0.0550672686109,0.804597094909,0.280533672173,0.0815495442751
106.3,0.0550672686109,0.804597094909,0.280533672173,0.0815495442751
106.4,0.0550672686109,0.804597094909,0.280533672173,0.0815495442751
106.5,0.0550672686109,0.804597094909,0.280533672173,0.0815495442751
106.6,0.0550672686109,0.804597094909,0.280533672173,0.0815495442751
106.7,0.0550672686109,0.804597094909,0.280533672173,0.0815495442751
106.8,0.0550672686109,0.804597094909,0.280533672173,0.0815495442751
106.9,0.0550672686109,0.804597094909,0.280533672173,0.0815495442751
107,0.0550672686109,0.804597094909,0.280533672173,0.0815495442751
107.1,0.0550672686109,0.804597094909,0.280533672173,0.0815495442751
107.2,0.0550672686109,0.804597094909,0.280533672173,0.0815495442751
107.3,0.0550672686109,0.804597094909,0.280533672173,0.0815495442751
107.4,0.0550672686109,0.804597094909,0.280533672173,0.0815495442751
107.5,0.0550672686109,0.804597094909,0.280533672173,0.0815495442751
107.6,0.0550672686109,0.804597094909,0.280533672173,0.0815495442751
107.7,0.0550672686109,0.804597094909,0.280533672173,0.0815495442751
107.8,0.0550672686109,0.804597094909,0.280533672173,0.0815495442751
107.9,0.0550672686109,0.804597094909,0.280533672173,0.0815495442751
108,0.0550672686109,0.804597094909,0.280533672173,0.0815495442751
108.1,0.0550672686109,0.804597094909,0.280533672173,0.0815495442751
108.2,0.0550672686109,0.804597094909,0.280533672173,0.0815495442751
108.3,0.0550672686109,0.804597094909,0.280533672173,0.0815495442751
108.4,0.0550672686109,0.804597094909,0.280533672173,0.0815495442751
108.5,0.0550672686109,0.804597094909,0.280533672173,0.0815495442751
108.6,0.0550672686109,0.804597094909,0.280533672173,0.0815495442751
108.7,0.0550672686109,0.804597094909,0.280533672173,0.0815495442751
108.8,0.0550672686109,0.804597094909,0.280533672173,0.0815495442751
108.9,0.0550672686109,0.804597094909,0.280533672173,0.0815495442751
109,0.0550672686109,0.804597094909,0.280533672173,0.0815495442751
109.1,0.0550672686109,0.804597094909,0.280533672173,0.0815495442751
109.2,0.0550672686109,0.804597094909,0.280533672173,0.0815495442751
109.3,0.0550672686109,0.804597094909,0.280533672173,0.0815495442751
109.4,0.0550672686109,0.804597094909,0.280533672173,0.0815495442751
109.5,0.0550672686109,0.804597094909,0.280533672173,0.0815495442751
109.6,0.0550672686109,0.804597094909,0.280533672173,0.0815495442751
109.7,0.0550672686109,0.804597094909,0.280533672173,0.0815495442751
109.8,0.0550672686109,0.804597094909,0.280533672173,0.0815495442751
109.9,0.0550672686109,0.804597094909,0.280533672173,0.0815495442751
110,0.0550672686109,0.804597094909,0.280533672173,0.0815495442751
110.1,0.0550672686109,0.804597094909,0.280533672173,0.0815495442751
110.2,0.0550672686109,0.804597094909,0.280533672173,0.0815495442751
110.3,0.0550672686109,0.804597094909,0.280533672173,0.0815495442751
110.4,0.0550672686109,0.804597094909,0.280533672173,0.0815495442751
110.5,0.0550672686109,0.804597094909,0.280533672173,0.0815495442751
110.6,0.0550672686109,0.804597094909,0.280533672173,0.0815495442751
110.7,0.0550672686109,0.804597094909,0.280533672173,0.0815495442751
110.8,0.0550672686109,0.804597094909,0.280533672173,0.0815495442751
110.9,0.0550672686109,0.804597094909,0.280533672173,0.0815495442751
111,0.0550672686109,0.804597094909,0.280533672173,0.0815495442751
111.1,0.0550672686109,0.804597094909,0.280533672173,0.0815495442751
111.2,0.0550672686109,0.804597094909,0.280533672173,0.0815495442751
111.3,0.0550672686109,0.804597094909,0.280533672173,0.0815495442751
111.4,0.0550672686109,0.804597094909,0.280533672173,0.0815495442751
111.5,0.0550672686109,0.804597094909,0.280533672173,0.0815495442751
111.6,0.0550672686109,0.804597094909,0.280533672173,0.0815495442751
111.7,0.0550672686109,0.804597094909,0.280533672173,0.0815495442751
111.8,0.0550672686109,0.804597094909,0.280533672173,0.0815495442751
111.9,0.0550672686109,0.804597094909,0.280533672173,0.0815495442751
112,0.0550672686109,0.804597094909,0.280533672173,0.0815495442751
112.1,0.0550672686109,0.804597094909,0.280533672173,0.0815495442751
112.2,0.0550672686109,0.804597094909,0.280533672173,0.0815495442751
112.3,0.0550672686109,0.804597094909,0.280533672173,0.0815495442751
112.4,0.0550672686109,0.804597094909,0.280533672173,0.0815495442751
112.5,0.0550672686109,0.804597094909,0.280533672173,0.0815495442751
112.6,0.0550672686109,0.804597094909,0.280533672173,0.0815495442751
112.7,0.0550672686109,0.804597094909,0.280533672173,0.0815495442751
112.8,0.0550672686109,0.804597094909,0.280533672173,0.0815495442751
112.9,0.0550672686109,0.804597094909,0.280533672173,0.0815495442751
113,0.0550672686109,0.804597094909,0.280533672173,0.0815495442751
113.1,0.0550672686109,0.804597094909,0.280533672173,0.0815495442751
113.2,0.0550672686109,0.804597094909,0.280533672173,0.0815495442751
113.3,0.0550672686109,0.804597094909,0.280533672173,0.0815495442751
113.4,0.0550672686109,0.804597094909,0.280533672173,0.0815495442751
113.5,0.0550672686109,0.804597094909,0.280533672173,0.0815495442751
113.6,0.0550672686109,0.804597094909,0.280533672173,0.0815495442751
113.7,0.0550672686109,0.804597094909,0.280533672173,0.0815495442751
113.8,0.0550672686109,0.804597094909,0.280533672173,0.0815495442751
113.9,0.0550672686109,0.804597094909,0.280533672173,0.0815495442751
114,0.0550672686109,0.804597094909,0.280533672173,0.0815495442751
114.1,0.0550672686109,0.804597094909,0.280533672173,0.0815495442751
114.2,0.0550672686109,0.804597094909,0.280533672173,0.0815495442751
114.3,0.0550672686109,0.804597094909,0.280533672173,0.0815495442751
114.4,0.0550672686109,0.804597094909,0.280533672173,0.0815495442751
114.5,0.0550672686109,0.804597094909,0.280533672173,0.0815495442751
114.6,0.0550672686109,0.804597094909,0.280533672173,0.0815495442751
114.7,0.0550672686109,0.804597094909,0.280533672173,0.0815495442751
114.8,0.0550672686109,0.804597094909,0.280533672173,0.0815495442751
114.9,0.0550672686109,0.804597094909,0.280533672173,0.0815495442751
115,0.0550672686109,0.804597094909,0.280533672173,0.0815495442751
115.1,0.0550672686109,0.804597094909,0.280533672173,0.0815495442751
115.2,0.0550672686109,0.804597094909,0.280533672173,0.0815495442751
115.3,0.0550672686109,0.804597094909,0.280533672173,0.0815495442751
115.4,0.0550672686109,0.804597094909,0.280533672173,0.0815495442751
115.5,0.0550672686109,0.804597094909,0.280533672173,0.0815495442751
115.6,0.0550672686109,0.804597094909,0.280533672173,0.0815495442751
115.7,0.0550672686109,0.804597094909,0.280533672173,0.0815495442751
115.8,0.0550672686109,0.804597094909,0.280533672173,0.0815495442751
115.9,0.0550672686109,0.804597094909,0.280533672173,0.0815495442751
116,0.0550672686109,0.804597094909,0.280533672173,0.0815495442751
116.1,0.0550672686109,0.804597094909,0.280533672173,0.0815495442751
116.2,0.0550672686109,0.804597094909,0.280533672173,0.0815495442751
116.3,0.0550672686109,0.804597094909,0.280533672173,0.0815495442751
116.4,0.0550672686109,0.804597094909,0.280533672173,0.0815495442751
116.5,0.0550672686109,0.804597094909,0.280533672173,0.0815495442751
116.6,0.0550672686109,0.804597094909,0.280533672173,0.0815495442751
116.7,0.0550672686109,0.804597094909,0.280533672173,0.0815495442751
116.8,0.0550672686109,0.804597094909,0.280533672173,0.0815495442751
116.9,0.0550672686109,0.804597094909,0.280533672173,0.0815495442751
117,0.0550672686109,0.804597094909,0.280533672173,0.0815495442751
117.1,0.0550672686109,0.804597094909,0.280533672173,0.0815495442751
117.2,0.0550672686109,0.804597094909,0.280533672173,0.0815495442751
117.3,0.0550672686109,0.804597094909,0.280533672173,0.0815495442751
117.4,0.0550672686109,0.804597094909,0.280533672173,0.0815495442751
117.5,0.0550672686109,0.804597094909,0.280533672173,0.0815495442751
117.6,0.0550672686109,0.804597094909,0.280533672173,0.0815495442751
117.7,0.0550672686109,0.804597094909,0.280533672173,0.0815495442751
117.8,0.0550672686109,0.804597094909,0.280533672173,0.0815495442751
117.9,0.0550672686109,0.804597094909,0.280533672173,0.0815495442751
118,0.0550672686109,0.804597094909,0.280533672173,0.0815495442751
118.1,0.0550672686109,0.804597094909,0.280533672173,0.0815495442751
118.2,0.0550672686109,0.804597094909,0.280533672173,0.0815495442751
118.3,0.0550672686109,0.804597094909,0.280533672173,0.0815495442751
118.4,0.0550672686109,0.804597094909,0.280533672173,0.0815495442751
118.5,0.0550672686109,0.804597094909,0.280533672173,0.0815495442751
118.6,0.0550672686109,0.804597094909,0.280533672173,0.0815495442751
118.7,0.0550672686109,0.804597094909,0.280533672173,0.0815495442751
118.8,0.0550672686109,0.804597094909,0.280533672173,0.0815495442751
118.9,0.0550672686109,0.804597094909,0.280533672173,0.0815495442751
119,0.0550672686109,0.804597094909,0.280533672173,0.0815495442751
119.1,0.0550672686109,0.804597094909,0.280533672173,0.0815495442751
119.2,0.0550672686109,0.804597094909,0.280533672173,0.0815495442751
119.3,0.0550672686109,0.804597094909,0.280533672173,0.0815495442751
119.4,0.0550672686109,0.804597094909,0.280533672173,0.0815495442751
119.5,0.0550672686109,0.804597094909,0.280533672173,0.0815495442751
119.6,0.0550672686109,0.804597094909,0.280533672173,0.0815495442751
119.7,0.0550672686109,0.804597094909,0.280533672173,0.0815495442751
119.8,0.0550672686109,0.804597094909,0.280533672173,0.0815495442751
119.9,0.0550672686109,0.804597094909,0.280533672173,0.0815495442751
120,0.0550672686109,0.804597094909,0.280533672173,0.0815495442751
120.1,0.0550672686109,0.804597094909,0.280533672173,0.0815495442751
120.2,0.0550672686109,0.804597094909,0.280533672173,0.0815495442751
120.3,0.0550672686109,0.804597094909,0.280533672173,0.0815495442751
120.4,0.0550672686109,0.804597094909,0.280533672173,0.0815495442751
120.5,0.0550672686109,0.804597094909,0.280533672173,0.0815495442751
120.6,0.0550672686109,0.804597094909,0.280533672173,0.0815495442751
120.7,0.0550672686109,0.804597094909,0.280533672173,0.0815495442751
120.8,0.0550672686109,0.804597094909,0.280533672173,0.0815495442751
120.9,0.0550672686109,0.804597094909,0.280533672173,0.0815495442751
121,0.0550672686109,0.804597094909,0.280533672173,0.0815495442751
121.1,0.0550672686109,0.804597094909,0.280533672173,0.0815495442751
121.2,0.0550672686109,0.804597094909,0.280533672173,0.0815495442751
121.3,0.0550672686109,0.804597094909,0.280533672173,0.0815495442751
121.4,0.0550672686109,0.804597094909,0.280533672173,0.0815495442751
121.5,0.0550672686109,0.804597094909,0.280533672173,0.0815495442751
121.6,0.0550672686109,0.804597094909,0.280533672173,0.0815495442751
121.7,0.0550672686109,0.804597094909,0.280533672173,0.0815495442751
121.8,0.0550672686109,0.804597094909,0.280533672173,0.0815495442751
121.9,0.0550672686109,0.804597094909,0.280533672173,0.0815495442751
122,0.0550672686109,0.804597094909,0.280533672173,0.0815495442751
122.1,0.0550672686109,0.804597094909,0.280533672173,0.0815495442751
122.2,0.0550672686109,0.804597094909,0.280533672173,0.0815495442751
122.3,0.0550672686109,0.804597094909,0.280533672173,0.0815495442751
122.4,0.0550672686109,0.804597094909,0.280533672173,0.0815495442751
122.5,0.0550672686109,0.804597094909,0.280533672173,0.0815495442751
122.6,0.0550672686109,0.804597094909,0.280533672173,0.0815495442751
122.7,0.0550672686109,0.804597094909,0.280533672173,0.0815495442751
122.8,0.0550672686109,0.804597094909,0.280533672173,0.0815495442751
122.9,0.0550672686109,0.804597094909,0.280533672173,0.0815495442751
123,0.0550672686109,0.804597094909,0.280533672173,0.0815495442751
123.1,0.0550672686109,0.804597094909,0.280533672173,0.0815495442751
123.2,0.0550672686109,0.804597094909,0.280533672173,0.0815495442751
123.3,0.0550672686109,0.804597094909,0.280533672173,0.0815495442751
123.4,0.0550672686109,0.804597094909,0.280533672173,0.0815495442751
123.5,0.0550672686109,0.804597094909,0.280533672173,0.0815495442751
123.6,0.0550672686109,0.804597094909,0.280533672173,0.0815495442751
123.7,0.0550672686109,0.804597094909,0.280533672173,0.0815495442751
123.8,0.0550672686109,0.804597094909,0.280533672173,0.0815495442751
123.9,0.0550672686109,0.804597094909,0.280533672173,0.0815495442751
124,0.0550672686109,0.804597094909,0.280533672173,0.0815495442751
124.1,0.0550672686109,0.804597094909,0.280533672173,0.0815495442751
124.2,0.0550672686109,0.804597094909,0.280533672173,0.0815495442751
124.3,0.0550672686109,0.804597094909,0.280533672173,0.0815495442751
124.4,0.0550672686109,0.804597094909,0.280533672173,0.0815495442751
124.5,0.0550672686109,0.804597094909,0.280533672173,0.0815495442751
124.6,0.0550672686109,0.804597094909,0.280533672173,0.0815495442751
124.7,0.0550672686109,0.804597094909,0.280533672173,0.0815495442751
124.8,0.0550672686109,0.804597094909,0.280533672173,0.0815495442751
124.9,0.0550672686109,0.804597094909,0.280533672173,0.0815495442751
125,0.0550672686109,0.804597094909,0.280533672173,0.0815495442751
125.1,0.0550672686109,0.804597094909,0.280533672173,0.0815495442751
125.2,0.0550672686109,0.804597094909,0.280533672173,0.0815495442751
125.3,0.0550672686109,0.804597094909,0.280533672173,0.0815495442751
125.4,0.0550672686109,0.804597094909,0.280533672173,0.0815495442751
125.5,0.0550672686109,0.804597094909,0.280533672173,0.0815495442751
125.6,0.0550672686109,0.804597094909,0.280533672173,0.0815495442751
125.7,0.0550672686109,0.804597094909,0.280533672173,0.0815495442751
125.8,0.0550672686109,0.804597094909,0.280533672173,0.0815495442751
125.9,0.0550672686109,0.804597094909,0.280533672173,0.0815495442751
126,0.0550672686109,0.804597094909,0.280533672173,0.0815495442751
126.1,0.0550672686109,0.804597094909,0.280533672173,0.0815495442751
126.2,0.0550672686109,0.804597094909,0.280533672173,0.0815495442751
126.3,0.0550672686109,0.804597094909,0.280533672173,0.0815495442751
126.4,0.0550672686109,0.804597094909,0.280533672173,0.0815495442751
126.5,0.0550672686109,0.804597094909,0.280533672173,0.0815495442751
126.6,0.0550672686109,0.804597094909,0.280533672173,0.0815495442751
126.7,0.0550672686109,0.804597094909,0.280533672173,0.0815495442751
126.8,0.0550672686109,0.804597094909,0.280533672173,0.0815495442751
126.9,0.0550672686109,0.804597094909,0.280533672173,0.0815495442751
127,0.0550672686109,0.804597094909,0.280533672173,0.0815495442751
127.1,0.0550672686109,0.804597094909,0.280533672173,0.0815495442751
127.2,0.0550672686109,0.804597094909,0.280533672173,0.0815495442751
127.3,0.0550672686109,0.804597094909,0.280533672173,0.0815495442751
127.4,0.0550672686109,0.804597094909,0.280533672173,0.0815495442751
127.5,0.0550672686109,0.804597094909,0.280533672173,0.0815495442751
127.6,0.0550672686109,0.804597094909,0.280533672173,0.0815495442751
127.7,0.0550672686109,0.804597094909,0.280533672173,0.0815495442751
127.8,0.0550672686109,0.804597094909,0.280533672173,0.0815495442751
127.9,0.0550672686109,0.804597094909,0.280533672173,0.0815495442751
128,0.0550672686109,0.804597094909,0.280533672173,0.0815495442751
128.1,0.0550672686109,0.804597094909,0.280533672173,0.0815495442751
128.2,0.0550672686109,0.804597094909,0.280533672173,0.0815495442751
128.3,0.0550672686109,0.804597094909,0.280533672173,0.0815495442751
128.4,0.0550672686109,0.804597094909,0.280533672173,0.0815495442751
128.5,0.0550672686109,0.804597094909,0.280533672173,0.0815495442751
128.6,0.0550672686109,0.804597094909,0.280533672173,0.0815495442751
128.7,0.0550672686109,0.804597094909,0.280533672173,0.0815495442751
128.8,0.0550672686109,0.804597094909,0.280533672173,0.0815495442751
128.9,0.0550672686109,0.804597094909,0.280533672173,0.0815495442751
129,0.0550672686109,0.804597094909,0.280533672173,0.0815495442751
129.1,0.0550672686109,0.804597094909,0.280533672173,0.0815495442751
129.2,0.0550672686109,0.804597094909,0.280533672173,0.0815495442751
129.3,0.0550672686109,0.804597094909,0.280533672173,0.0815495442751
129.4,0.0550672686109,0.804597094909,0.280533672173,0.0815495442751
129.5,0.0550672686109,0.804597094909,0.280533672173,0.0815495442751
129.6,0.0550672686109,0.804597094909,0.280533672173,0.0815495442751
129.7,0.0550672686109,0.804597094909,0.280533672173,0.0815495442751
129.8,0.0550672686109,0.804597094909,0.280533672173,0.0815495442751
129.9,0.0550672686109,0.804597094909,0.280533672173,0.0815495442751
130,0.0550672686109,0.804597094909,0.280533672173,0.0815495442751
130.1,0.0550672686109,0.804597094909,0.280533672173,0.0815495442751
130.2,0.0550672686109,0.804597094909,0.280533672173,0.0815495442751
130.3,0.0550672686109,0.804597094909,0.280533672173,0.0815495442751
130.4,0.0550672686109,0.804597094909,0.280533672173,0.0815495442751
130.5,0.0550672686109,0.804597094909,0.280533672173,0.0815495442751
130.6,0.0550672686109,0.804597094909,0.280533672173,0.0815495442751
130.7,0.0550672686109,0.804597094909,0.280533672173,0.0815495442751
130.8,0.0550672686109,0.804597094909,0.280533672173,0.0815495442751
130.9,0.0550672686109,0.804597094909,0.280533672173,0.0815495442751
131,0.0550672686109,0.804597094909,0.280533672173,0.0815495442751
131.1,0.0550672686109,0.804597094909,0.280533672173,0.0815495442751
131.2,0.0550672686109,0.804597094909,0.280533672173,0.0815495442751
131.3,0.0550672686109,0.804597094909,0.280533672173,0.0815495442751
131.4,0.0550672686109,0.804597094909,0.280533672173,0.0815495442751
131.5,0.0550672686109,0.804597094909,0.280533672173,0.0815495442751
131.6,0.0550672686109,0.804597094909,0.280533672173,0.0815495442751
131.7,0.0550672686109,0.804597094909,0.280533672173,0.0815495442751
131.8,0.0550672686109,0.804597094909,0.280533672173,0.0815495442751
131.9,0.0550672686109,0.804597094909,0.280533672173,0.0815495442751
132,0.0550672686109,0.804597094909,0.280533672173,0.0815495442751
132.1,0.0550672686109,0.804597094909,0.280533672173,0.0815495442751
132.2,0.0550672686109,0.804597094909,0.280533672173,0.0815495442751
132.3,0.0550672686109,0.804597094909,0.280533672173,0.0815495442751
132.4,0.0550672686109,0.804597094909,0.280533672173,0.0815495442751
132.5,0.0550672686109,0.804597094909,0.280533672173,0.0815495442751
132.6,0.0550672686109,0.804597094909,0.280533672173,0.0815495442751
132.7,0.0550672686109,0.804597094909,0.280533672173,0.0815495442751
132.8,0.0550672686109,0.804597094909,0.280533672173,0.0815495442751
132.9,0.0550672686109,0.804597094909,0.280533672173,0.0815495442751
133,0.0550672686109,0.804597094909,0.280533672173,0.0815495442751
133.1,0.0550672686109,0.804597094909,0.280533672173,0.0815495442751
133.2,0.0550672686109,0.804597094909,0.280533672173,0.0815495442751
133.3,0.0550672686109,0.804597094909,0.280533672173,0.0815495442751
133.4,0.0550672686109,0.804597094909,0.280533672173,0.0815495442751
133.5,0.0550672686109,0.804597094909,0.280533672173,0.0815495442751
133.6,0.0550672686109,0.804597094909,0.280533672173,0.0815495442751
133.7,0.0550672686109,0.804597094909,0.280533672173,0.0815495442751
133.8,0.0550672686109,0.804597094909,0.280533672173,0.0815495442751
133.9,0.0550672686109,0.804597094909,0.280533672173,0.0815495442751
134,0.0550672686109,0.804597094909,0.280533672173,0.0815495442751
134.1,0.0550672686109,0.804597094909,0.280533672173,0.0815495442751
134.2,0.0550672686109,0.804597094909,0.280533672173,0.0815495442751
134.3,0.0550672686109,0.804597094909,0.280533672173,0.0815495442751
134.4,0.0550672686109,0.804597094909,0.280533672173,0.0815495442751
134.5,0.0550672686109,0.804597094909,0.280533672173,0.0815495442751
134.6,0.0550672686109,0.804597094909,0.280533672173,0.0815495442751
134.7,0.0550672686109,0.804597094909,0.280533672173,0.0815495442751
134.8,0.0550672686109,0.804597094909,0.280533672173,0.0815495442751
134.9,0.0550672686109,0.804597094909,0.280533672173,0.0815495442751
135,0.0550672686109,0.804597094909,0.280533672173,0.0815495442751
135.1,0.0550672686109,0.804597094909,0.280533672173,0.0815495442751
135.2,0.0550672686109,0.804597094909,0.280533672173,0.0815495442751
135.3,0.0550672686109,0.804597094909,0.280533672173,0.0815495442751
135.4,0.0550672686109,0.804597094909,0.280533672173,0.0815495442751
135.5,0.0550672686109,0.804597094909,0.280533672173,0.0815495442751
135.6,0.0550672686109,0.804597094909,0.280533672173,0.0815495442751
135.7,0.0550672686109,0.804597094909,0.280533672173,0.0815495442751
135.8,0.0550672686109,0.804597094909,0.280533672173,0.0815495442751
135.9,0.0550672686109,0.804597094909,0.280533672173,0.0815495442751
136,0.0550672686109,0.804597094909,0.280533672173,0.0815495442751
136.1,0.0550672686109,0.804597094909,0.280533672173,0.0815495442751
136.2,0.0550672686109,0.804597094909,0.280533672173,0.0815495442751
136.3,0.0550672686109,0.804597094909,0.280533672173,0.0815495442751
136.4,0.0550672686109,0.804597094909,0.280533672173,0.0815495442751
136.5,0.0550672686109,0.804597094909,0.280533672173,0.0815495442751
136.6,0.0550672686109,0.804597094909,0.280533672173,0.0815495442751
136.7,0.0550672686109,0.804597094909,0.280533672173,0.0815495442751
136.8,0.0550672686109,0.804597094909,0.280533672173,0.0815495442751
136.9,0.0550672686109,0.804597094909,0.280533672173,0.0815495442751
137,0.0550672686109,0.804597094909,0.280533672173,0.0815495442751
137.1,0.0550672686109,0.804597094909,0.280533672173,0.0815495442751
137.2,0.0550672686109,0.804597094909,0.280533672173,0.0815495442751
137.3,0.0550672686109,0.804597094909,0.280533672173,0.0815495442751
137.4,0.0550672686109,0.804597094909,0.280533672173,0.0815495442751
137.5,0.0550672686109,0.804597094909,0.280533672173,0.0815495442751
137.6,0.0550672686109,0.804597094909,0.280533672173,0.0815495442751
137.7,0.0550672686109,0.804597094909,0.280533672173,0.0815495442751
137.8,0.0550672686109,0.804597094909,0.280533672173,0.0815495442751
137.9,0.0550672686109,0.804597094909,0.280533672173,0.0815495442751
138,0.0550672686109,0.804597094909,0.280533672173,0.0815495442751
138.1,0.0550672686109,0.804597094909,0.280533672173,0.0815495442751
138.2,0.0550672686109,0.804597094909,0.280533672173,0.0815495442751
138.3,0.0550672686109,0.804597094909,0.280533672173,0.0815495442751
138.4,0.0550672686109,0.804597094909,0.280533672173,0.0815495442751
138.5,0.0550672686109,0.804597094909,0.280533672173,0.0815495442751
138.6,0.0550672686109,0.804597094909,0.280533672173,0.0815495442751
138.7,0.0550672686109,0.804597094909,0.280533672173,0.0815495442751
138.8,0.0550672686109,0.804597094909,0.280533672173,0.0815495442751
138.9,0.0550672686109,0.804597094909,0.280533672173,0.0815495442751
139,0.0550672686109,0.804597094909,0.280533672173,0.0815495442751
139.1,0.0550672686109,0.804597094909,0.280533672173,0.0815495442751
139.2,0.0550672686109,0.804597094909,0.280533672173,0.0815495442751
139.3,0.0550672686109,0.804597094909,0.280533672173,0.0815495442751
139.4,0.0550672686109,0.804597094909,0.280533672173,0.0815495442751
139.5,0.0550672686109,0.804597094909,0.280533672173,0.0815495442751
139.6,0.0550672686109,0.804597094909,0.280533672173,0.0815495442751
139.7,0.0550672686109,0.804597094909,0.280533672173,0.0815495442751
139.8,0.0550672686109,0.804597094909,0.280533672173,0.0815495442751
139.9,0.0550672686109,0.804597094909,0.280533672173,0.0815495442751
140,0.0550672686109,0.804597094909,0.280533672173,0.0815495442751
140.1,0.0550672686109,0.804597094909,0.280533672173,0.0815495442751
140.2,0.0550672686109,0.804597094909,0.280533672173,0.0815495442751
140.3,0.0550672686109,0.804597094909,0.280533672173,0.0815495442751
140.4,0.0550672686109,0.804597094909,0.280533672173,0.0815495442751
140.5,0.0550672686109,0.804597094909,0.280533672173,0.0815495442751
140.6,0.0550672686109,0.804597094909,0.280533672173,0.0815495442751
140.7,0.0550672686109,0.804597094909,0.280533672173,0.0815495442751
140.8,0.0550672686109,0.804597094909,0.280533672173,0.0815495442751
140.9,0.0550672686109,0.804597094909,0.280533672173,0.0815495442751
141,0.0550672686109,0.804597094909,0.280533672173,0.0815495442751
141.1,0.0550672686109,0.804597094909,0.280533672173,0.0815495442751
141.2,0.0550672686109,0.804597094909,0.280533672173,0.0815495442751
141.3,0.0550672686109,0.804597094909,0.280533672173,0.0815495442751
141.4,0.0550672686109,0.804597094909,0.280533672173,0.0815495442751
141.5,0.0550672686109,0.804597094909,0.280533672173,0.0815495442751
141.6,0.0550672686109,0.804597094909,0.280533672173,0.0815495442751
141.7,0.0550672686109,0.804597094909,0.280533672173,0.0815495442751
141.8,0.0550672686109,0.804597094909,0.280533672173,0.0815495442751
141.9,0.0550672686109,0.804597094909,0.280533672173,0.0815495442751
142,0.0550672686109,0.804597094909,0.280533672173,0.0815495442751
142.1,0.0550672686109,0.804597094909,0.280533672173,0.0815495442751
142.2,0.0550672686109,0.804597094909,0.280533672173,0.0815495442751
142.3,0.0550672686109,0.804597094909,0.280533672173,0.0815495442751
142.4,0.0550672686109,0.804597094909,0.280533672173,0.0815495442751
142.5,0.0550672686109,0.804597094909,0.280533672173,0.0815495442751
142.6,0.0550672686109,0.804597094909,0.280533672173,0.0815495442751
142.7,0.0550672686109,0.804597094909,0.280533672173,0.0815495442751
142.8,0.0550672686109,0.804597094909,0.280533672173,0.0815495442751
142.9,0.0550672686109,0.804597094909,0.280533672173,0.0815495442751
143,0.0550672686109,0.804597094909,0.280533672173,0.0815495442751
143.1,0.0550672686109,0.804597094909,0.280533672173,0.0815495442751
143.2,0.0550672686109,0.804597094909,0.280533672173,0.0815495442751
143.3,0.0550672686109,0.804597094909,0.280533672173,0.0815495442751
143.4,0.0550672686109,0.804597094909,0.280533672173,0.0815495442751
143.5,0.0550672686109,0.804597094909,0.280533672173,0.0815495442751
143.6,0.0550672686109,0.804597094909,0.280533672173,0.0815495442751
143.7,0.0550672686109,0.804597094909,0.280533672173,0.0815495442751
143.8,0.0550672686109,0.804597094909,0.280533672173,0.0815495442751
143.9,0.0550672686109,0.804597094909,0.280533672173,0.0815495442751
144,0.0550672686109,0.804597094909,0.280533672173,0.0815495442751
144.1,0.0550672686109,0.804597094909,0.280533672173,0.0815495442751
144.2,0.0550672686109,0.804597094909,0.280533672173,0.0815495442751
144.3,0.0550672686109,0.804597094909,0.280533672173,0.0815495442751
144.4,0.0550672686109,0.804597094909,0.280533672173,0.0815495442751
144.5,0.0550672686109,0.804597094909,0.280533672173,0.0815495442751
144.6,0.0550672686109,0.804597094909,0.280533672173,0.0815495442751
144.7,0.0550672686109,0.804597094909,0.280533672173,0.0815495442751
144.8,0.0550672686109,0.804597094909,0.280533672173,0.0815495442751
144.9,0.0550672686109,0.804597094909,0.280533672173,0.0815495442751
145,0.0550672686109,0.804597094909,0.280533672173,0.0815495442751
145.1,0.0550672686109,0.804597094909,0.280533672173,0.0815495442751
145.2,0.0550672686109,0.804597094909,0.280533672173,0.0815495442751
145.3,0.0550672686109,0.804597094909,0.280533672173,0.0815495442751
145.4,0.0550672686109,0.804597094909,0.280533672173,0.0815495442751
145.5,0.0550672686109,0.804597094909,0.280533672173,0.0815495442751
145.6,0.0550672686109,0.804597094909,0.280533672173,0.0815495442751
145.7,0.0550672686109,0.804597094909,0.280533672173,0.0815495442751
145.8,0.0550672686109,0.804597094909,0.280533672173,0.0815495442751
145.9,0.0550672686109,0.804597094909,0.280533672173,0.0815495442751
146,0.0550672686109,0.804597094909,0.280533672173,0.0815495442751
146.1,0.0550672686109,0.804597094909,0.280533672173,0.0815495442751
146.2,0.0550672686109,0.804597094909,0.280533672173,0.0815495442751
146.3,0.0550672686109,0.804597094909,0.280533672173,0.0815495442751
146.4,0.0550672686109,0.804597094909,0.280533672173,0.0815495442751
146.5,0.0550672686109,0.804597094909,0.280533672173,0.0815495442751
146.6,0.0550672686109,0.804597094909,0.280533672173,0.0815495442751
146.7,0.0550672686109,0.804597094909,0.280533672173,0.0815495442751
146.8,0.0550672686109,0.804597094909,0.280533672173,0.0815495442751
146.9,0.0550672686109,0.804597094909,0.280533672173,0.0815495442751
147,0.0550672686109,0.804597094909,0.280533672173,0.0815495442751
147.1,0.0550672686109,0.804597094909,0.280533672173,0.0815495442751
147.2,0.0550672686109,0.804597094909,0.280533672173,0.0815495442751
147.3,0.0550672686109,0.804597094909,0.280533672173,0.0815495442751
147.4,0.0550672686109,0.804597094909,0.280533672173,0.0815495442751
147.5,0.0550672686109,0.804597094909,0.280533672173,0.0815495442751
147.6,0.0550672686109,0.804597094909,0.280533672173,0.0815495442751
147.7,0.0550672686109,0.804597094909,0.280533672173,0.0815495442751
147.8,0.0550672686109,0.804597094909,0.280533672173,0.0815495442751
147.9,0.0550672686109,0.804597094909,0.280533672173,0.0815495442751
148,0.0550672686109,0.804597094909,0.280533672173,0.0815495442751
148.1,0.0550672686109,0.804597094909,0.280533672173,0.0815495442751
148.2,0.0550672686109,0.804597094909,0.280533672173,0.0815495442751
148.3,0.0550672686109,0.804597094909,0.280533672173,0.0815495442751
148.4,0.0550672686109,0.804597094909,0.280533672173,0.0815495442751
148.5,0.0550672686109,0.804597094909,0.280533672173,0.0815495442751
148.6,0.0550672686109,0.804597094909,0.280533672173,0.0815495442751
148.7,0.0550672686109,0.804597094909,0.280533672173,0.0815495442751
148.8,0.0550672686109,0.804597094909,0.280533672173,0.0815495442751
148.9,0.0550672686109,0.804597094909,0.280533672173,0.0815495442751
149,0.0550672686109,0.804597094909,0.280533672173,0.0815495442751
149.1,0.0550672686109,0.804597094909,0.280533672173,0.0815495442751
149.2,0.0550672686109,0.804597094909,0.280533672173,0.0815495442751
149.3,0.0550672686109,0.804597094909,0.280533672173,0.0815495442751
149.4,0.0550672686109,0.804597094909,0.280533672173,0.0815495442751
149.5,0.0550672686109,0.804597094909,0.280533672173,0.0815495442751
149.6,0.0550672686109,0.804597094909,0.280533672173,0.0815495442751
149.7,0.0550672686109,0.804597094909,0.280533672173,0.0815495442751
149.8,0.0550672686109,0.804597094909,0.280533672173,0.0815495442751
149.9,0.0550672686109,0.804597094909,0.280533672173,0.0815495442751
150,0.0550672686109,0.804597094909,0.280533672173,0.0815495442751
150.1,0.0550672686109,0.804597094909,0.280533672173,0.0815495442751
150.2,0.0550672686109,0.804597094909,0.280533672173,0.0815495442751
150.3,0.0550672686109,0.804597094909,0.280533672173,0.0815495442751
150.4,0.0550672686109,0.804597094909,0.280533672173,0.0815495442751
150.5,0.0550672686109,0.804597094909,0.280533672173,0.0815495442751
150.6,0.0550672686109,0.804597094909,0.280533672173,0.0815495442751
150.7,0.0550672686109,0.804597094909,0.280533672173,0.0815495442751
150.8,0.0550672686109,0.804597094909,0.280533672173,0.0815495442751
150.9,0.0550672686109,0.804597094909,0.280533672173,0.0815495442751
151,0.0550672686109,0.804597094909,0.280533672173,0.0815495442751
151.1,0.0550672686109,0.804597094909,0.280533672173,0.0815495442751
151.2,0.0550672686109,0.804597094909,0.280533672173,0.0815495442751
151.3,0.0550672686109,0.804597094909,0.280533672173,0.0815495442751
151.4,0.0550672686109,0.804597094909,0.280533672173,0.0815495442751
151.5,0.0550672686109,0.804597094909,0.280533672173,0.0815495442751
151.6,0.0550672686109,0.804597094909,0.280533672173,0.0815495442751
151.7,0.0550672686109,0.804597094909,0.280533672173,0.0815495442751
151.8,0.0550672686109,0.804597094909,0.280533672173,0.0815495442751
151.9,0.0550672686109,0.804597094909,0.280533672173,0.0815495442751
152,0.0550672686109,0.804597094909,0.280533672173,0.0815495442751
152.1,0.0550672686109,0.804597094909,0.280533672173,0.0815495442751
152.2,0.0550672686109,0.804597094909,0.280533672173,0.0815495442751
152.3,0.0550672686109,0.804597094909,0.280533672173,0.0815495442751
152.4,0.0550672686109,0.804597094909,0.280533672173,0.0815495442751
152.5,0.0550672686109,0.804597094909,0.280533672173,0.0815495442751
152.6,0.0550672686109,0.804597094909,0.280533672173,0.0815495442751
152.7,0.0550672686109,0.804597094909,0.280533672173,0.0815495442751
152.8,0.0550672686109,0.804597094909,0.280533672173,0.0815495442751
152.9,0.0550672686109,0.804597094909,0.280533672173,0.0815495442751
153,0.0550672686109,0.804597094909,0.280533672173,0.0815495442751
153.1,0.0550672686109,0.804597094909,0.280533672173,0.0815495442751
153.2,0.0550672686109,0.804597094909,0.280533672173,0.0815495442751
153.3,0.0550672686109,0.804597094909,0.280533672173,0.0815495442751
153.4,0.0550672686109,0.804597094909,0.280533672173,0.0815495442751
153.5,0.0550672686109,0.804597094909,0.280533672173,0.0815495442751
153.6,0.0550672686109,0.804597094909,0.280533672173,0.0815495442751
153.7,0.0550672686109,0.804597094909,0.280533672173,0.0815495442751
153.8,0.0550672686109,0.804597094909,0.280533672173,0.0815495442751
153.9,0.0550672686109,0.804597094909,0.280533672173,0.0815495442751
154,0.0550672686109,0.804597094909,0.280533672173,0.0815495442751
154.1,0.0550672686109,0.804597094909,0.280533672173,0.0815495442751
154.2,0.0550672686109,0.804597094909,0.280533672173,0.0815495442751
154.3,0.0550672686109,0.804597094909,0.280533672173,0.0815495442751
154.4,0.0550672686109,0.804597094909,0.280533672173,0.0815495442751
154.5,0.0550672686109,0.804597094909,0.280533672173,0.0815495442751
154.6,0.0550672686109,0.804597094909,0.280533672173,0.0815495442751
154.7,0.0550672686109,0.804597094909,0.280533672173,0.0815495442751
154.8,0.0550672686109,0.804597094909,0.280533672173,0.0815495442751
154.9,0.0550672686109,0.804597094909,0.280533672173,0.0815495442751
155,0.0550672686109,0.804597094909,0.280533672173,0.0815495442751
155.1,0.0550672686109,0.804597094909,0.280533672173,0.0815495442751
155.2,0.0550672686109,0.804597094909,0.280533672173,0.0815495442751
155.3,0.0550672686109,0.804597094909,0.280533672173,0.0815495442751
155.4,0.0550672686109,0.804597094909,0.280533672173,0.0815495442751
155.5,0.0550672686109,0.804597094909,0.280533672173,0.0815495442751
155.6,0.0550672686109,0.804597094909,0.280533672173,0.0815495442751
155.7,0.0550672686109,0.804597094909,0.280533672173,0.0815495442751
155.8,0.0550672686109,0.804597094909,0.280533672173,0.0815495442751
155.9,0.0550672686109,0.804597094909,0.280533672173,0.0815495442751
156,0.0550672686109,0.804597094909,0.280533672173,0.0815495442751
156.1,0.0550672686109,0.804597094909,0.280533672173,0.0815495442751
156.2,0.0550672686109,0.804597094909,0.280533672173,0.0815495442751
156.3,0.0550672686109,0.804597094909,0.280533672173,0.0815495442751
156.4,0.0550672686109,0.804597094909,0.280533672173,0.0815495442751
156.5,0.0550672686109,0.804597094909,0.280533672173,0.0815495442751
156.6,0.0550672686109,0.804597094909,0.280533672173,0.0815495442751
156.7,0.0550672686109,0.804597094909,0.280533672173,0.0815495442751
156.8,0.0550672686109,0.804597094909,0.280533672173,0.0815495442751
156.9,0.0550672686109,0.804597094909,0.280533672173,0.0815495442751
157,0.0550672686109,0.804597094909,0.280533672173,0.0815495442751
157.1,0.0550672686109,0.804597094909,0.280533672173,0.0815495442751
157.2,0.0550672686109,0.804597094909,0.280533672173,0.0815495442751
157.3,0.0550672686109,0.804597094909,0.280533672173,0.0815495442751
157.4,0.0550672686109,0.804597094909,0.280533672173,0.0815495442751
157.5,0.0550672686109,0.804597094909,0.280533672173,0.0815495442751
157.6,0.0550672686109,0.804597094909,0.280533672173,0.0815495442751
157.7,0.0550672686109,0.804597094909,0.280533672173,0.0815495442751
157.8,0.0550672686109,0.804597094909,0.280533672173,0.0815495442751
157.9,0.0550672686109,0.804597094909,0.280533672173,0.0815495442751
158,0.0550672686109,0.804597094909,0.280533672173,0.0815495442751
158.1,0.0550672686109,0.804597094909,0.280533672173,0.0815495442751
158.2,0.0550672686109,0.804597094909,0.280533672173,0.0815495442751
158.3,0.0550672686109,0.804597094909,0.280533672173,0.0815495442751
158.4,0.0550672686109,0.804597094909,0.280533672173,0.0815495442751
158.5,0.0550672686109,0.804597094909,0.280533672173,0.0815495442751
158.6,0.0550672686109,0.804597094909,0.280533672173,0.0815495442751
158.7,0.0550672686109,0.804597094909,0.280533672173,0.0815495442751
158.8,0.0550672686109,0.804597094909,0.280533672173,0.0815495442751
158.9,0.0550672686109,0.804597094909,0.280533672173,0.0815495442751
159,0.0550672686109,0.804597094909,0.280533672173,0.0815495442751
159.1,0.0550672686109,0.804597094909,0.280533672173,0.0815495442751
159.2,0.0550672686109,0.804597094909,0.280533672173,0.0815495442751
159.3,0.0550672686109,0.804597094909,0.280533672173,0.0815495442751
159.4,0.0550672686109,0.804597094909,0.280533672173,0.0815495442751
159.5,0.0550672686109,0.804597094909,0.280533672173,0.0815495442751
159.6,0.0550672686109,0.804597094909,0.280533672173,0.0815495442751
159.7,0.0550672686109,0.804597094909,0.280533672173,0.0815495442751
159.8,0.0550672686109,0.804597094909,0.280533672173,0.0815495442751
159.9,0.0550672686109,0.804597094909,0.280533672173,0.0815495442751
160,0.0550672686109,0.804597094909,0.280533672173,0.0815495442751
160.1,0.0550672686109,0.804597094909,0.280533672173,0.0815495442751
160.2,0.0550672686109,0.804597094909,0.280533672173,0.0815495442751
160.3,0.0550672686109,0.804597094909,0.280533672173,0.0815495442751
160.4,0.0550672686109,0.804597094909,0.280533672173,0.0815495442751
160.5,0.0550672686109,0.804597094909,0.280533672173,0.0815495442751
160.6,0.0550672686109,0.804597094909,0.280533672173,0.0815495442751
160.7,0.0550672686109,0.804597094909,0.280533672173,0.0815495442751
160.8,0.0550672686109,0.804597094909,0.280533672173,0.0815495442751
160.9,0.0550672686109,0.804597094909,0.280533672173,0.0815495442751
161,0.0550672686109,0.804597094909,0.280533672173,0.0815495442751
161.1,0.0550672686109,0.804597094909,0.280533672173,0.0815495442751
161.2,0.0550672686109,0.804597094909,0.280533672173,0.0815495442751
161.3,0.0550672686109,0.804597094909,0.280533672173,0.0815495442751
161.4,0.0550672686109,0.804597094909,0.280533672173,0.0815495442751
161.5,0.0550672686109,0.804597094909,0.280533672173,0.0815495442751
161.6,0.0550672686109,0.804597094909,0.280533672173,0.0815495442751
161.7,0.0550672686109,0.804597094909,0.280533672173,0.0815495442751
161.8,0.0550672686109,0.804597094909,0.280533672173,0.0815495442751
161.9,0.0550672686109,0.804597094909,0.280533672173,0.0815495442751
162,0.0550672686109,0.804597094909,0.280533672173,0.0815495442751
162.1,0.0550672686109,0.804597094909,0.280533672173,0.0815495442751
162.2,0.0550672686109,0.804597094909,0.280533672173,0.0815495442751
162.3,0.0550672686109,0.804597094909,0.280533672173,0.0815495442751
162.4,0.0550672686109,0.804597094909,0.280533672173,0.0815495442751
162.5,0.0550672686109,0.804597094909,0.280533672173,0.0815495442751
162.6,0.0550672686109,0.804597094909,0.280533672173,0.0815495442751
162.7,0.0550672686109,0.804597094909,0.280533672173,0.0815495442751
162.8,0.0550672686109,0.804597094909,0.280533672173,0.0815495442751
162.9,0.0550672686109,0.804597094909,0.280533672173,0.0815495442751
163,0.0550672686109,0.804597094909,0.280533672173,0.0815495442751
163.1,0.0550672686109,0.804597094909,0.280533672173,0.0815495442751
163.2,0.0550672686109,0.804597094909,0.280533672173,0.0815495442751
163.3,0.0550672686109,0.804597094909,0.280533672173,0.0815495442751
163.4,0.0550672686109,0.804597094909,0.280533672173,0.0815495442751
163.5,0.0550672686109,0.804597094909,0.280533672173,0.0815495442751
163.6,0.0550672686109,0.804597094909,0.280533672173,0.0815495442751
163.7,0.0550672686109,0.804597094909,0.280533672173,0.0815495442751
163.8,0.0550672686109,0.804597094909,0.280533672173,0.0815495442751
163.9,0.0550672686109,0.804597094909,0.280533672173,0.0815495442751
164,0.0550672686109,0.804597094909,0.280533672173,0.0815495442751
164.1,0.0550672686109,0.804597094909,0.280533672173,0.0815495442751
164.2,0.0550672686109,0.804597094909,0.280533672173,0.0815495442751
164.3,0.0550672686109,0.804597094909,0.280533672173,0.0815495442751
164.4,0.0550672686109,0.804597094909,0.280533672173,0.0815495442751
164.5,0.0550672686109,0.804597094909,0.280533672173,0.0815495442751
164.6,0.0550672686109,0.804597094909,0.280533672173,0.0815495442751
164.7,0.0550672686109,0.804597094909,0.280533672173,0.0815495442751
164.8,0.0550672686109,0.804597094909,0.280533672173,0.0815495442751
164.9,0.0550672686109,0.804597094909,0.280533672173,0.0815495442751
165,0.0550672686109,0.804597094909,0.280533672173,0.0815495442751
165.1,0.0550672686109,0.804597094909,0.280533672173,0.0815495442751
165.2,0.0550672686109,0.804597094909,0.280533672173,0.0815495442751
165.3,0.0550672686109,0.804597094909,0.280533672173,0.0815495442751
165.4,0.0550672686109,0.804597094909,0.280533672173,0.0815495442751
165.5,0.0550672686109,0.804597094909,0.280533672173,0.0815495442751
165.6,0.0550672686109,0.804597094909,0.280533672173,0.0815495442751
165.7,0.0550672686109,0.804597094909,0.280533672173,0.0815495442751
165.8,0.0550672686109,0.804597094909,0.280533672173,0.0815495442751
165.9,0.0550672686109,0.804597094909,0.280533672173,0.0815495442751
166,0.0550672686109,0.804597094909,0.280533672173,0.0815495442751
166.1,0.0550672686109,0.804597094909,0.280533672173,0.0815495442751
166.2,0.0550672686109,0.804597094909,0.280533672173,0.0815495442751
166.3,0.0550672686109,0.804597094909,0.280533672173,0.0815495442751
166.4,0.0550672686109,0.804597094909,0.280533672173,0.0815495442751
166.5,0.0550672686109,0.804597094909,0.280533672173,0.0815495442751
166.6,0.0550672686109,0.804597094909,0.280533672173,0.0815495442751
166.7,0.0550672686109,0.804597094909,0.280533672173,0.0815495442751
166.8,0.0550672686109,0.804597094909,0.280533672173,0.0815495442751
166.9,0.0550672686109,0.804597094909,0.280533672173,0.0815495442751
167,0.0550672686109,0.804597094909,0.280533672173,0.0815495442751
167.1,0.0550672686109,0.804597094909,0.280533672173,0.0815495442751
167.2,0.0550672686109,0.804597094909,0.280533672173,0.0815495442751
167.3,0.0550672686109,0.804597094909,0.280533672173,0.0815495442751
167.4,0.0550672686109,0.804597094909,0.280533672173,0.0815495442751
167.5,0.0550672686109,0.804597094909,0.280533672173,0.0815495442751
167.6,0.0550672686109,0.804597094909,0.280533672173,0.0815495442751
167.7,0.0550672686109,0.804597094909,0.280533672173,0.0815495442751
167.8,0.0550672686109,0.804597094909,0.280533672173,0.0815495442751
167.9,0.0550672686109,0.804597094909,0.280533672173,0.0815495442751
168,0.0550672686109,0.804597094909,0.280533672173,0.0815495442751
168.1,0.0550672686109,0.804597094909,0.280533672173,0.0815495442751
168.2,0.0550672686109,0.804597094909,0.280533672173,0.0815495442751
168.3,0.0550672686109,0.804597094909,0.280533672173,0.0815495442751
168.4,0.0550672686109,0.804597094909,0.280533672173,0.0815495442751
168.5,0.0550672686109,0.804597094909,0.280533672173,0.0815495442751
168.6,0.0550672686109,0.804597094909,0.280533672173,0.0815495442751
168.7,0.0550672686109,0.804597094909,0.280533672173,0.0815495442751
168.8,0.0550672686109,0.804597094909,0.280533672173,0.0815495442751
168.9,0.0550672686109,0.804597094909,0.280533672173,0.0815495442751
169,0.0550672686109,0.804597094909,0.280533672173,0.0815495442751
169.1,0.0550672686109,0.804597094909,0.280533672173,0.0815495442751
169.2,0.0550672686109,0.804597094909,0.280533672173,0.0815495442751
169.3,0.0550672686109,0.804597094909,0.280533672173,0.0815495442751
169.4,0.0550672686109,0.804597094909,0.280533672173,0.0815495442751
169.5,0.0550672686109,0.804597094909,0.280533672173,0.0815495442751
169.6,0.0550672686109,0.804597094909,0.280533672173,0.0815495442751
169.7,0.0550672686109,0.804597094909,0.280533672173,0.0815495442751
169.8,0.0550672686109,0.804597094909,0.280533672173,0.0815495442751
169.9,0.0550672686109,0.804597094909,0.280533672173,0.0815495442751
170,0.0550672686109,0.804597094909,0.280533672173,0.0815495442751
170.1,0.0550672686109,0.804597094909,0.280533672173,0.0815495442751
170.2,0.0550672686109,0.804597094909,0.280533672173,0.0815495442751
170.3,0.0550672686109,0.804597094909,0.280533672173,0.0815495442751
170.4,0.0550672686109,0.804597094909,0.280533672173,0.0815495442751
170.5,0.0550672686109,0.804597094909,0.280533672173,0.0815495442751
170.6,0.0550672686109,0.804597094909,0.280533672173,0.0815495442751
170.7,0.0550672686109,0.804597094909,0.280533672173,0.0815495442751
170.8,0.0550672686109,0.804597094909,0.280533672173,0.0815495442751
170.9,0.0550672686109,0.804597094909,0.280533672173,0.0815495442751
171,0.0550672686109,0.804597094909,0.280533672173,0.0815495442751
171.1,0.0550672686109,0.804597094909,0.280533672173,0.0815495442751
171.2,0.0550672686109,0.804597094909,0.280533672173,0.0815495442751
171.3,0.0550672686109,0.804597094909,0.280533672173,0.0815495442751
171.4,0.0550672686109,0.804597094909,0.280533672173,0.0815495442751
171.5,0.0550672686109,0.804597094909,0.280533672173,0.0815495442751
171.6,0.0550672686109,0.804597094909,0.280533672173,0.0815495442751
171.7,0.0550672686109,0.804597094909,0.280533672173,0.0815495442751
171.8,0.0550672686109,0.804597094909,0.280533672173,0.0815495442751
171.9,0.0550672686109,0.804597094909,0.280533672173,0.0815495442751
172,0.0550672686109,0.804597094909,0.280533672173,0.0815495442751
172.1,0.0550672686109,0.804597094909,0.280533672173,0.0815495442751
172.2,0.0550672686109,0.804597094909,0.280533672173,0.0815495442751
172.3,0.0550672686109,0.804597094909,0.280533672173,0.0815495442751
172.4,0.0550672686109,0.804597094909,0.280533672173,0.0815495442751
172.5,0.0550672686109,0.804597094909,0.280533672173,0.0815495442751
172.6,0.0550672686109,0.804597094909,0.280533672173,0.0815495442751
172.7,0.0550672686109,0.804597094909,0.280533672173,0.0815495442751
172.8,0.0550672686109,0.804597094909,0.280533672173,0.0815495442751
172.9,0.0550672686109,0.804597094909,0.280533672173,0.0815495442751
173,0.0550672686109,0.804597094909,0.280533672173,0.0815495442751
173.1,0.0550672686109,0.804597094909,0.280533672173,0.0815495442751
173.2,0.0550672686109,0.804597094909,0.280533672173,0.0815495442751
173.3,0.0550672686109,0.804597094909,0.280533672173,0.0815495442751
173.4,0.0550672686109,0.804597094909,0.280533672173,0.0815495442751
173.5,0.0550672686109,0.804597094909,0.280533672173,0.0815495442751
173.6,0.0550672686109,0.804597094909,0.280533672173,0.0815495442751
173.7,0.0550672686109,0.804597094909,0.280533672173,0.0815495442751
173.8,0.0550672686109,0.804597094909,0.280533672173,0.0815495442751
173.9,0.0550672686109,0.804597094909,0.280533672173,0.0815495442751
174,0.0550672686109,0.804597094909,0.280533672173,0.0815495442751
174.1,0.0550672686109,0.804597094909,0.280533672173,0.0815495442751
174.2,0.0550672686109,0.804597094909,0.280533672173,0.0815495442751
174.3,0.0550672686109,0.804597094909,0.280533672173,0.0815495442751
174.4,0.0550672686109,0.804597094909,0.280533672173,0.0815495442751
174.5,0.0550672686109,0.804597094909,0.280533672173,0.0815495442751
174.6,0.0550672686109,0.804597094909,0.280533672173,0.0815495442751
174.7,0.0550672686109,0.804597094909,0.280533672173,0.0815495442751
174.8,0.0550672686109,0.804597094909,0.280533672173,0.0815495442751
174.9,0.0550672686109,0.804597094909,0.280533672173,0.0815495442751
175,0.0550672686109,0.804597094909,0.280533672173,0.0815495442751
175.1,0.0550672686109,0.804597094909,0.280533672173,0.0815495442751
175.2,0.0550672686109,0.804597094909,0.280533672173,0.0815495442751
175.3,0.0550672686109,0.804597094909,0.280533672173,0.0815495442751
175.4,0.0550672686109,0.804597094909,0.280533672173,0.0815495442751
175.5,0.0550672686109,0.804597094909,0.280533672173,0.0815495442751
175.6,0.0550672686109,0.804597094909,0.280533672173,0.0815495442751
175.7,0.0550672686109,0.804597094909,0.280533672173,0.0815495442751
175.8,0.0550672686109,0.804597094909,0.280533672173,0.0815495442751
175.9,0.0550672686109,0.804597094909,0.280533672173,0.0815495442751
176,0.0550672686109,0.804597094909,0.280533672173,0.0815495442751
176.1,0.0550672686109,0.804597094909,0.280533672173,0.0815495442751
176.2,0.0550672686109,0.804597094909,0.280533672173,0.0815495442751
176.3,0.0550672686109,0.804597094909,0.280533672173,0.0815495442751
176.4,0.0550672686109,0.804597094909,0.280533672173,0.0815495442751
176.5,0.0550672686109,0.804597094909,0.280533672173,0.0815495442751
176.6,0.0550672686109,0.804597094909,0.280533672173,0.0815495442751
176.7,0.0550672686109,0.804597094909,0.280533672173,0.0815495442751
176.8,0.0550672686109,0.804597094909,0.280533672173,0.0815495442751
176.9,0.0550672686109,0.804597094909,0.280533672173,0.0815495442751
177,0.0550672686109,0.804597094909,0.280533672173,0.0815495442751
177.1,0.0550672686109,0.804597094909,0.280533672173,0.0815495442751
177.2,0.0550672686109,0.804597094909,0.280533672173,0.0815495442751
177.3,0.0550672686109,0.804597094909,0.280533672173,0.0815495442751
177.4,0.0550672686109,0.804597094909,0.280533672173,0.0815495442751
177.5,0.0550672686109,0.804597094909,0.280533672173,0.0815495442751
177.6,0.0550672686109,0.804597094909,0.280533672173,0.0815495442751
177.7,0.0550672686109,0.804597094909,0.280533672173,0.0815495442751
177.8,0.0550672686109,0.804597094909,0.280533672173,0.0815495442751
177.9,0.0550672686109,0.804597094909,0.280533672173,0.0815495442751
178,0.0550672686109,0.804597094909,0.280533672173,0.0815495442751
178.1,0.0550672686109,0.804597094909,0.280533672173,0.0815495442751
178.2,0.0550672686109,0.804597094909,0.280533672173,0.0815495442751
178.3,0.0550672686109,0.804597094909,0.280533672173,0.0815495442751
178.4,0.0550672686109,0.804597094909,0.280533672173,0.0815495442751
178.5,0.0550672686109,0.804597094909,0.280533672173,0.0815495442751
178.6,0.0550672686109,0.804597094909,0.280533672173,0.0815495442751
178.7,0.0550672686109,0.804597094909,0.280533672173,0.0815495442751
178.8,0.0550672686109,0.804597094909,0.280533672173,0.0815495442751
178.9,0.0550672686109,0.804597094909,0.280533672173,0.0815495442751
179,0.0550672686109,0.804597094909,0.280533672173,0.0815495442751
179.1,0.0550672686109,0.804597094909,0.280533672173,0.0815495442751
179.2,0.0550672686109,0.804597094909,0.280533672173,0.0815495442751
179.3,0.0550672686109,0.804597094909,0.280533672173,0.0815495442751
179.4,0.0550672686109,0.804597094909,0.280533672173,0.0815495442751
179.5,0.0550672686109,0.804597094909,0.280533672173,0.0815495442751
179.6,0.0550672686109,0.804597094909,0.280533672173,0.0815495442751
179.7,0.0550672686109,0.804597094909,0.280533672173,0.0815495442751
179.8,0.0550672686109,0.804597094909,0.280533672173,0.0815495442751
179.9,0.0550672686109,0.804597094909,0.280533672173,0.0815495442751
180,0.0550672686109,0.804597094909,0.280533672173,0.0815495442751
180.1,0.0550672686109,0.804597094909,0.280533672173,0.0815495442751
180.2,0.0550672686109,0.804597094909,0.280533672173,0.0815495442751
180.3,0.0550672686109,0.804597094909,0.280533672173,0.0815495442751
180.4,0.0550672686109,0.804597094909,0.280533672173,0.0815495442751
180.5,0.0550672686109,0.804597094909,0.280533672173,0.0815495442751
180.6,0.0550672686109,0.804597094909,0.280533672173,0.0815495442751
180.7,0.0550672686109,0.804597094909,0.280533672173,0.0815495442751
180.8,0.0550672686109,0.804597094909,0.280533672173,0.0815495442751
180.9,0.0550672686109,0.804597094909,0.280533672173,0.0815495442751
181,0.0550672686109,0.804597094909,0.280533672173,0.0815495442751
181.1,0.0550672686109,0.804597094909,0.280533672173,0.0815495442751
181.2,0.0550672686109,0.804597094909,0.280533672173,0.0815495442751
181.3,0.0550672686109,0.804597094909,0.280533672173,0.0815495442751
181.4,0.0550672686109,0.804597094909,0.280533672173,0.0815495442751
181.5,0.0550672686109,0.804597094909,0.280533672173,0.0815495442751
181.6,0.0550672686109,0.804597094909,0.280533672173,0.0815495442751
181.7,0.0550672686109,0.804597094909,0.280533672173,0.0815495442751
181.8,0.0550672686109,0.804597094909,0.280533672173,0.0815495442751
181.9,0.0550672686109,0.804597094909,0.280533672173,0.0815495442751
182,0.0550672686109,0.804597094909,0.280533672173,0.0815495442751
182.1,0.0550672686109,0.804597094909,0.280533672173,0.0815495442751
182.2,0.0550672686109,0.804597094909,0.280533672173,0.0815495442751
182.3,0.0550672686109,0.804597094909,0.280533672173,0.0815495442751
182.4,0.0550672686109,0.804597094909,0.280533672173,0.0815495442751
182.5,0.0550672686109,0.804597094909,0.280533672173,0.0815495442751
182.6,0.0550672686109,0.804597094909,0.280533672173,0.0815495442751
182.7,0.0550672686109,0.804597094909,0.280533672173,0.0815495442751
182.8,0.0550672686109,0.804597094909,0.280533672173,0.0815495442751
182.9,0.0550672686109,0.804597094909,0.280533672173,0.0815495442751
183,0.0550672686109,0.804597094909,0.280533672173,0.0815495442751
183.1,0.0550672686109,0.804597094909,0.280533672173,0.0815495442751
183.2,0.0550672686109,0.804597094909,0.280533672173,0.0815495442751
183.3,0.0550672686109,0.804597094909,0.280533672173,0.0815495442751
183.4,0.0550672686109,0.804597094909,0.280533672173,0.0815495442751
183.5,0.0550672686109,0.804597094909,0.280533672173,0.0815495442751
183.6,0.0550672686109,0.804597094909,0.280533672173,0.0815495442751
183.7,0.0550672686109,0.804597094909,0.280533672173,0.0815495442751
183.8,0.0550672686109,0.804597094909,0.280533672173,0.0815495442751
183.9,0.0550672686109,0.804597094909,0.280533672173,0.0815495442751
184,0.0550672686109,0.804597094909,0.280533672173,0.0815495442751
184.1,0.0550672686109,0.804597094909,0.280533672173,0.0815495442751
184.2,0.0550672686109,0.804597094909,0.280533672173,0.0815495442751
184.3,0.0550672686109,0.804597094909,0.280533672173,0.0815495442751
184.4,0.0550672686109,0.804597094909,0.280533672173,0.0815495442751
184.5,0.0550672686109,0.804597094909,0.280533672173,0.0815495442751
184.6,0.0550672686109,0.804597094909,0.280533672173,0.0815495442751
184.7,0.0550672686109,0.804597094909,0.280533672173,0.0815495442751
184.8,0.0550672686109,0.804597094909,0.280533672173,0.0815495442751
184.9,0.0550672686109,0.804597094909,0.280533672173,0.0815495442751
185,0.0550672686109,0.804597094909,0.280533672173,0.0815495442751
185.1,0.0550672686109,0.804597094909,0.280533672173,0.0815495442751
185.2,0.0550672686109,0.804597094909,0.280533672173,0.0815495442751
185.3,0.0550672686109,0.804597094909,0.280533672173,0.0815495442751
185.4,0.0550672686109,0.804597094909,0.280533672173,0.0815495442751
185.5,0.0550672686109,0.804597094909,0.280533672173,0.0815495442751
185.6,0.0550672686109,0.804597094909,0.280533672173,0.0815495442751
185.7,0.0550672686109,0.804597094909,0.280533672173,0.0815495442751
185.8,0.0550672686109,0.804597094909,0.280533672173,0.0815495442751
185.9,0.0550672686109,0.804597094909,0.280533672173,0.0815495442751
186,0.0550672686109,0.804597094909,0.280533672173,0.0815495442751
186.1,0.0550672686109,0.804597094909,0.280533672173,0.0815495442751
186.2,0.0550672686109,0.804597094909,0.280533672173,0.0815495442751
186.3,0.0550672686109,0.804597094909,0.280533672173,0.0815495442751
186.4,0.0550672686109,0.804597094909,0.280533672173,0.0815495442751
186.5,0.0550672686109,0.804597094909,0.280533672173,0.0815495442751
186.6,0.0550672686109,0.804597094909,0.280533672173,0.0815495442751
186.7,0.0550672686109,0.804597094909,0.280533672173,0.0815495442751
186.8,0.0550672686109,0.804597094909,0.280533672173,0.0815495442751
186.9,0.0550672686109,0.804597094909,0.280533672173,0.0815495442751
187,0.0550672686109,0.804597094909,0.280533672173,0.0815495442751
187.1,0.0550672686109,0.804597094909,0.280533672173,0.0815495442751
187.2,0.0550672686109,0.804597094909,0.280533672173,0.0815495442751
187.3,0.0550672686109,0.804597094909,0.280533672173,0.0815495442751
187.4,0.0550672686109,0.804597094909,0.280533672173,0.0815495442751
187.5,0.0550672686109,0.804597094909,0.280533672173,0.0815495442751
187.6,0.0550672686109,0.804597094909,0.280533672173,0.0815495442751
187.7,0.0550672686109,0.804597094909,0.280533672173,0.0815495442751
187.8,0.0550672686109,0.804597094909,0.280533672173,0.0815495442751
187.9,0.0550672686109,0.804597094909,0.280533672173,0.0815495442751
188,0.0550672686109,0.804597094909,0.280533672173,0.0815495442751
188.1,0.0550672686109,0.804597094909,0.280533672173,0.0815495442751
188.2,0.0550672686109,0.804597094909,0.280533672173,0.0815495442751
188.3,0.0550672686109,0.804597094909,0.280533672173,0.0815495442751
188.4,0.0550672686109,0.804597094909,0.280533672173,0.0815495442751
188.5,0.0550672686109,0.804597094909,0.280533672173,0.0815495442751
188.6,0.0550672686109,0.804597094909,0.280533672173,0.0815495442751
188.7,0.0550672686109,0.804597094909,0.280533672173,0.0815495442751
188.8,0.0550672686109,0.804597094909,0.280533672173,0.0815495442751
188.9,0.0550672686109,0.804597094909,0.280533672173,0.0815495442751
189,0.0550672686109,0.804597094909,0.280533672173,0.0815495442751
189.1,0.0550672686109,0.804597094909,0.280533672173,0.0815495442751
189.2,0.0550672686109,0.804597094909,0.280533672173,0.0815495442751
189.3,0.0550672686109,0.804597094909,0.280533672173,0.0815495442751
189.4,0.0550672686109,0.804597094909,0.280533672173,0.0815495442751
189.5,0.0550672686109,0.804597094909,0.280533672173,0.0815495442751
189.6,0.0550672686109,0.804597094909,0.280533672173,0.0815495442751
189.7,0.0550672686109,0.804597094909,0.280533672173,0.0815495442751
189.8,0.0550672686109,0.804597094909,0.280533672173,0.0815495442751
189.9,0.0550672686109,0.804597094909,0.280533672173,0.0815495442751
190,0.0550672686109,0.804597094909,0.280533672173,0.0815495442751
190.1,0.0550672686109,0.804597094909,0.280533672173,0.0815495442751
190.2,0.0550672686109,0.804597094909,0.280533672173,0.0815495442751
190.3,0.0550672686109,0.804597094909,0.280533672173,0.0815495442751
190.4,0.0550672686109,0.804597094909,0.280533672173,0.0815495442751
190.5,0.0550672686109,0.804597094909,0.280533672173,0.0815495442751
190.6,0.0550672686109,0.804597094909,0.280533672173,0.0815495442751
190.7,0.0550672686109,0.804597094909,0.280533672173,0.0815495442751
190.8,0.0550672686109,0.804597094909,0.280533672173,0.0815495442751
190.9,0.0550672686109,0.804597094909,0.280533672173,0.0815495442751
191,0.0550672686109,0.804597094909,0.280533672173,0.0815495442751
191.1,0.0550672686109,0.804597094909,0.280533672173,0.0815495442751
191.2,0.0550672686109,0.804597094909,0.280533672173,0.0815495442751
191.3,0.0550672686109,0.804597094909,0.280533672173,0.0815495442751
191.4,0.0550672686109,0.804597094909,0.280533672173,0.0815495442751
191.5,0.0550672686109,0.804597094909,0.280533672173,0.0815495442751
191.6,0.0550672686109,0.804597094909,0.280533672173,0.0815495442751
191.7,0.0550672686109,0.804597094909,0.280533672173,0.0815495442751
191.8,0.0550672686109,0.804597094909,0.280533672173,0.0815495442751
191.9,0.0550672686109,0.804597094909,0.280533672173,0.0815495442751
192,0.0550672686109,0.804597094909,0.280533672173,0.0815495442751
192.1,0.0550672686109,0.804597094909,0.280533672173,0.0815495442751
192.2,0.0550672686109,0.804597094909,0.280533672173,0.0815495442751
192.3,0.0550672686109,0.804597094909,0.280533672173,0.0815495442751
192.4,0.0550672686109,0.804597094909,0.280533672173,0.0815495442751
192.5,0.0550672686109,0.804597094909,0.280533672173,0.0815495442751
192.6,0.0550672686109,0.804597094909,0.280533672173,0.0815495442751
192.7,0.0550672686109,0.804597094909,0.280533672173,0.0815495442751
192.8,0.0550672686109,0.804597094909,0.280533672173,0.0815495442751
192.9,0.0550672686109,0.804597094909,0.280533672173,0.0815495442751
193,0.0550672686109,0.804597094909,0.280533672173,0.0815495442751
193.1,0.0550672686109,0.804597094909,0.280533672173,0.0815495442751
193.2,0.0550672686109,0.804597094909,0.280533672173,0.0815495442751
193.3,0.0550672686109,0.804597094909,0.280533672173,0.0815495442751
193.4,0.0550672686109,0.804597094909,0.280533672173,0.0815495442751
193.5,0.0550672686109,0.804597094909,0.280533672173,0.0815495442751
193.6,0.0550672686109,0.804597094909,0.280533672173,0.0815495442751
193.7,0.0550672686109,0.804597094909,0.280533672173,0.0815495442751
193.8,0.0550672686109,0.804597094909,0.280533672173,0.0815495442751
193.9,0.0550672686109,0.804597094909,0.280533672173,0.0815495442751
194,0.0550672686109,0.804597094909,0.280533672173,0.0815495442751
194.1,0.0550672686109,0.804597094909,0.280533672173,0.0815495442751
194.2,0.0550672686109,0.804597094909,0.280533672173,0.0815495442751
194.3,0.0550672686109,0.804597094909,0.280533672173,0.0815495442751
194.4,0.0550672686109,0.804597094909,0.280533672173,0.0815495442751
194.5,0.0550672686109,0.804597094909,0.280533672173,0.0815495442751
194.6,0.0550672686109,0.804597094909,0.280533672173,0.0815495442751
194.7,0.0550672686109,0.804597094909,0.280533672173,0.0815495442751
194.8,0.0550672686109,0.804597094909,0.280533672173,0.0815495442751
194.9,0.0550672686109,0.804597094909,0.280533672173,0.0815495442751
195,0.0550672686109,0.804597094909,0.280533672173,0.0815495442751
195.1,0.0550672686109,0.804597094909,0.280533672173,0.0815495442751
195.2,0.0550672686109,0.804597094909,0.280533672173,0.0815495442751
195.3,0.0550672686109,0.804597094909,0.280533672173,0.0815495442751
195.4,0.0550672686109,0.804597094909,0.280533672173,0.0815495442751
195.5,0.0550672686109,0.804597094909,0.280533672173,0.0815495442751
195.6,0.0550672686109,0.804597094909,0.280533672173,0.0815495442751
195.7,0.0550672686109,0.804597094909,0.280533672173,0.0815495442751
195.8,0.0550672686109,0.804597094909,0.280533672173,0.0815495442751
195.9,0.0550672686109,0.804597094909,0.280533672173,0.0815495442751
196,0.0550672686109,0.804597094909,0.280533672173,0.0815495442751
196.1,0.0550672686109,0.804597094909,0.280533672173,0.0815495442751
196.2,0.0550672686109,0.804597094909,0.280533672173,0.0815495442751
196.3,0.0550672686109,0.804597094909,0.280533672173,0.0815495442751
196.4,0.0550672686109,0.804597094909,0.280533672173,0.0815495442751
196.5,0.0550672686109,0.804597094909,0.280533672173,0.0815495442751
196.6,0.0550672686109,0.804597094909,0.280533672173,0.0815495442751
196.7,0.0550672686109,0.804597094909,0.280533672173,0.0815495442751
196.8,0.0550672686109,0.804597094909,0.280533672173,0.0815495442751
196.9,0.0550672686109,0.804597094909,0.280533672173,0.0815495442751
197,0.0550672686109,0.804597094909,0.280533672173,0.0815495442751
197.1,0.0550672686109,0.804597094909,0.280533672173,0.0815495442751
197.2,0.0550672686109,0.804597094909,0.280533672173,0.0815495442751
197.3,0.0550672686109,0.804597094909,0.280533672173,0.0815495442751
197.4,0.0550672686109,0.804597094909,0.280533672173,0.0815495442751
197.5,0.0550672686109,0.804597094909,0.280533672173,0.0815495442751
197.6,0.0550672686109,0.804597094909,0.280533672173,0.0815495442751
197.7,0.0550672686109,0.804597094909,0.280533672173,0.0815495442751
197.8,0.0550672686109,0.804597094909,0.280533672173,0.0815495442751
197.9,0.0550672686109,0.804597094909,0.280533672173,0.0815495442751
198,0.0550672686109,0.804597094909,0.280533672173,0.0815495442751
198.1,0.0550672686109,0.804597094909,0.280533672173,0.0815495442751
198.2,0.0550672686109,0.804597094909,0.280533672173,0.0815495442751
198.3,0.0550672686109,0.804597094909,0.280533672173,0.0815495442751
198.4,0.0550672686109,0.804597094909,0.280533672173,0.0815495442751
198.5,0.0550672686109,0.804597094909,0.280533672173,0.0815495442751
198.6,0.0550672686109,0.804597094909,0.280533672173,0.0815495442751
198.7,0.0550672686109,0.804597094909,0.280533672173,0.0815495442751
198.8,0.0550672686109,0.804597094909,0.280533672173,0.0815495442751
198.9,0.0550672686109,0.804597094909,0.280533672173,0.0815495442751
199,0.0550672686109,0.804597094909,0.280533672173,0.0815495442751
199.1,0.0550672686109,0.804597094909,0.280533672173,0.0815495442751
199.2,0.0550672686109,0.804597094909,0.280533672173,0.0815495442751
199.3,0.0550672686109,0.804597094909,0.280533672173,0.0815495442751
199.4,0.0550672686109,0.804597094909,0.280533672173,0.0815495442751
199.5,0.0550672686109,0.804597094909,0.280533672173,0.0815495442751
199.6,0.0550672686109,0.804597094909,0.280533672173,0.0815495442751
199.7,0.0550672686109,0.804597094909,0.280533672173,0.0815495442751
199.8,0.0550672686109,0.804597094909,0.280533672173,0.0815495442751
199.9,0.0550672686109,0.804597094909,0.280533672173,0.0815495442751
200,0.0550672686109,0.804597094909,0.280533672173,0.0815495442751
200.1,0.0550672686109,0.804597094909,0.280533672173,0.0815495442751
200.2,0.0550672686109,0.804597094909,0.280533672173,0.0815495442751
200.3,0.0550672686109,0.804597094909,0.280533672173,0.0815495442751
200.4,0.0550672686109,0.804597094909,0.280533672173,0.0815495442751
200.5,0.0550672686109,0.804597094909,0.280533672173,0.0815495442751
200.6,0.0550672686109,0.804597094909,0.280533672173,0.0815495442751
200.7,0.0550672686109,0.804597094909,0.280533672173,0.0815495442751
200.8,0.0550672686109,0.804597094909,0.280533672173,0.0815495442751
200.9,0.0550672686109,0.804597094909,0.280533672173,0.0815495442751
201,0.0550672686109,0.804597094909,0.280533672173,0.0815495442751
201.1,0.0550672686109,0.804597094909,0.280533672173,0.0815495442751
201.2,0.0550672686109,0.804597094909,0.280533672173,0.0815495442751
201.3,0.0550672686109,0.804597094909,0.280533672173,0.0815495442751
201.4,0.0550672686109,0.804597094909,0.280533672173,0.0815495442751
201.5,0.0550672686109,0.804597094909,0.280533672173,0.0815495442751
201.6,0.0550672686109,0.804597094909,0.280533672173,0.0815495442751
201.7,0.0550672686109,0.804597094909,0.280533672173,0.0815495442751
201.8,0.0550672686109,0.804597094909,0.280533672173,0.0815495442751
201.9,0.0550672686109,0.804597094909,0.280533672173,0.0815495442751
202,0.0550672686109,0.804597094909,0.280533672173,0.0815495442751
202.1,0.0550672686109,0.804597094909,0.280533672173,0.0815495442751
202.2,0.0550672686109,0.804597094909,0.280533672173,0.0815495442751
202.3,0.0550672686109,0.804597094909,0.280533672173,0.0815495442751
202.4,0.0550672686109,0.804597094909,0.280533672173,0.0815495442751
202.5,0.0550672686109,0.804597094909,0.280533672173,0.0815495442751
202.6,0.0550672686109,0.804597094909,0.280533672173,0.0815495442751
202.7,0.0550672686109,0.804597094909,0.280533672173,0.0815495442751
202.8,0.0550672686109,0.804597094909,0.280533672173,0.0815495442751
202.9,0.0550672686109,0.804597094909,0.280533672173,0.0815495442751
203,0.0550672686109,0.804597094909,0.280533672173,0.0815495442751
203.1,0.0550672686109,0.804597094909,0.280533672173,0.0815495442751
203.2,0.0550672686109,0.804597094909,0.280533672173,0.0815495442751
203.3,0.0550672686109,0.804597094909,0.280533672173,0.0815495442751
203.4,0.0550672686109,0.804597094909,0.280533672173,0.0815495442751
203.5,0.0550672686109,0.804597094909,0.280533672173,0.0815495442751
203.6,0.0550672686109,0.804597094909,0.280533672173,0.0815495442751
203.7,0.0550672686109,0.804597094909,0.280533672173,0.0815495442751
203.8,0.0550672686109,0.804597094909,0.280533672173,0.0815495442751
203.9,0.0550672686109,0.804597094909,0.280533672173,0.0815495442751
204,0.0550672686109,0.804597094909,0.280533672173,0.0815495442751
204.1,0.0550672686109,0.804597094909,0.280533672173,0.0815495442751
204.2,0.0550672686109,0.804597094909,0.280533672173,0.0815495442751
204.3,0.0550672686109,0.804597094909,0.280533672173,0.0815495442751
204.4,0.0550672686109,0.804597094909,0.280533672173,0.0815495442751
204.5,0.0550672686109,0.804597094909,0.280533672173,0.0815495442751
204.6,0.0550672686109,0.804597094909,0.280533672173,0.0815495442751
204.7,0.0550672686109,0.804597094909,0.280533672173,0.0815495442751
204.8,0.0550672686109,0.804597094909,0.280533672173,0.0815495442751
204.9,0.0550672686109,0.804597094909,0.280533672173,0.0815495442751
205,0.0550672686109,0.804597094909,0.280533672173,0.0815495442751
205.1,0.0550672686109,0.804597094909,0.280533672173,0.0815495442751
205.2,0.0550672686109,0.804597094909,0.280533672173,0.0815495442751
205.3,0.0550672686109,0.804597094909,0.280533672173,0.0815495442751
205.4,0.0550672686109,0.804597094909,0.280533672173,0.0815495442751
205.5,0.0550672686109,0.804597094909,0.280533672173,0.0815495442751
205.6,0.0550672686109,0.804597094909,0.280533672173,0.0815495442751
205.7,0.0550672686109,0.804597094909,0.280533672173,0.0815495442751
205.8,0.0550672686109,0.804597094909,0.280533672173,0.0815495442751
205.9,0.0550672686109,0.804597094909,0.280533672173,0.0815495442751
206,0.0550672686109,0.804597094909,0.280533672173,0.0815495442751
206.1,0.0550672686109,0.804597094909,0.280533672173,0.0815495442751
206.2,0.0550672686109,0.804597094909,0.280533672173,0.0815495442751
206.3,0.0550672686109,0.804597094909,0.280533672173,0.0815495442751
206.4,0.0550672686109,0.804597094909,0.280533672173,0.0815495442751
206.5,0.0550672686109,0.804597094909,0.280533672173,0.0815495442751
206.6,0.0550672686109,0.804597094909,0.280533672173,0.0815495442751
206.7,0.0550672686109,0.804597094909,0.280533672173,0.0815495442751
206.8,0.0550672686109,0.804597094909,0.280533672173,0.0815495442751
206.9,0.0550672686109,0.804597094909,0.280533672173,0.0815495442751
207,0.0550672686109,0.804597094909,0.280533672173,0.0815495442751
207.1,0.0550672686109,0.804597094909,0.280533672173,0.0815495442751
207.2,0.0550672686109,0.804597094909,0.280533672173,0.0815495442751
207.3,0.0550672686109,0.804597094909,0.280533672173,0.0815495442751
207.4,0.0550672686109,0.804597094909,0.280533672173,0.0815495442751
207.5,0.0550672686109,0.804597094909,0.280533672173,0.0815495442751
207.6,0.0550672686109,0.804597094909,0.280533672173,0.0815495442751
207.7,0.0550672686109,0.804597094909,0.280533672173,0.0815495442751
207.8,0.0550672686109,0.804597094909,0.280533672173,0.0815495442751
207.9,0.0550672686109,0.804597094909,0.280533672173,0.0815495442751
208,0.0550672686109,0.804597094909,0.280533672173,0.0815495442751
208.1,0.0550672686109,0.804597094909,0.280533672173,0.0815495442751
208.2,0.0550672686109,0.804597094909,0.280533672173,0.0815495442751
208.3,0.0550672686109,0.804597094909,0.280533672173,0.0815495442751
208.4,0.0550672686109,0.804597094909,0.280533672173,0.0815495442751
208.5,0.0550672686109,0.804597094909,0.280533672173,0.0815495442751
208.6,0.0550672686109,0.804597094909,0.280533672173,0.0815495442751
208.7,0.0550672686109,0.804597094909,0.280533672173,0.0815495442751
208.8,0.0550672686109,0.804597094909,0.280533672173,0.0815495442751
208.9,0.0550672686109,0.804597094909,0.280533672173,0.0815495442751
209,0.0550672686109,0.804597094909,0.280533672173,0.0815495442751
209.1,0.0550672686109,0.804597094909,0.280533672173,0.0815495442751
209.2,0.0550672686109,0.804597094909,0.280533672173,0.0815495442751
209.3,0.0550672686109,0.804597094909,0.280533672173,0.0815495442751
209.4,0.0550672686109,0.804597094909,0.280533672173,0.0815495442751
209.5,0.0550672686109,0.804597094909,0.280533672173,0.0815495442751
209.6,0.0550672686109,0.804597094909,0.280533672173,0.0815495442751
209.7,0.0550672686109,0.804597094909,0.280533672173,0.0815495442751
209.8,0.0550672686109,0.804597094909,0.280533672173,0.0815495442751
209.9,0.0550672686109,0.804597094909,0.280533672173,0.0815495442751
210,0.0550672686109,0.804597094909,0.280533672173,0.0815495442751
210.1,0.0550672686109,0.804597094909,0.280533672173,0.0815495442751
210.2,0.0550672686109,0.804597094909,0.280533672173,0.0815495442751
210.3,0.0550672686109,0.804597094909,0.280533672173,0.0815495442751
210.4,0.0550672686109,0.804597094909,0.280533672173,0.0815495442751
210.5,0.0550672686109,0.804597094909,0.280533672173,0.0815495442751
210.6,0.0550672686109,0.804597094909,0.280533672173,0.0815495442751
210.7,0.0550672686109,0.804597094909,0.280533672173,0.0815495442751
210.8,0.0550672686109,0.804597094909,0.280533672173,0.0815495442751
210.9,0.0550672686109,0.804597094909,0.280533672173,0.0815495442751
211,0.0550672686109,0.804597094909,0.280533672173,0.0815495442751
211.1,0.0550672686109,0.804597094909,0.280533672173,0.0815495442751
211.2,0.0550672686109,0.804597094909,0.280533672173,0.0815495442751
211.3,0.0550672686109,0.804597094909,0.280533672173,0.0815495442751
211.4,0.0550672686109,0.804597094909,0.280533672173,0.0815495442751
211.5,0.0550672686109,0.804597094909,0.280533672173,0.0815495442751
211.6,0.0550672686109,0.804597094909,0.280533672173,0.0815495442751
211.7,0.0550672686109,0.804597094909,0.280533672173,0.0815495442751
211.8,0.0550672686109,0.804597094909,0.280533672173,0.0815495442751
211.9,0.0550672686109,0.804597094909,0.280533672173,0.0815495442751
212,0.0550672686109,0.804597094909,0.280533672173,0.0815495442751
212.1,0.0550672686109,0.804597094909,0.280533672173,0.0815495442751
212.2,0.0550672686109,0.804597094909,0.280533672173,0.0815495442751
212.3,0.0550672686109,0.804597094909,0.280533672173,0.0815495442751
212.4,0.0550672686109,0.804597094909,0.280533672173,0.0815495442751
212.5,0.0550672686109,0.804597094909,0.280533672173,0.0815495442751
212.6,0.0550672686109,0.804597094909,0.280533672173,0.0815495442751
212.7,0.0550672686109,0.804597094909,0.280533672173,0.0815495442751
212.8,0.0550672686109,0.804597094909,0.280533672173,0.0815495442751
212.9,0.0550672686109,0.804597094909,0.280533672173,0.0815495442751
213,0.0550672686109,0.804597094909,0.280533672173,0.0815495442751
213.1,0.0550672686109,0.804597094909,0.280533672173,0.0815495442751
213.2,0.0550672686109,0.804597094909,0.280533672173,0.0815495442751
213.3,0.0550672686109,0.804597094909,0.280533672173,0.0815495442751
213.4,0.0550672686109,0.804597094909,0.280533672173,0.0815495442751
213.5,0.0550672686109,0.804597094909,0.280533672173,0.0815495442751
213.6,0.0550672686109,0.804597094909,0.280533672173,0.0815495442751
213.7,0.0550672686109,0.804597094909,0.280533672173,0.0815495442751
213.8,0.0550672686109,0.804597094909,0.280533672173,0.0815495442751
213.9,0.0550672686109,0.804597094909,0.280533672173,0.0815495442751
214,0.0550672686109,0.804597094909,0.280533672173,0.0815495442751
214.1,0.0550672686109,0.804597094909,0.280533672173,0.0815495442751
214.2,0.0550672686109,0.804597094909,0.280533672173,0.0815495442751
214.3,0.0550672686109,0.804597094909,0.280533672173,0.0815495442751
214.4,0.0550672686109,0.804597094909,0.280533672173,0.0815495442751
214.5,0.0550672686109,0.804597094909,0.280533672173,0.0815495442751
214.6,0.0550672686109,0.804597094909,0.280533672173,0.0815495442751
214.7,0.0550672686109,0.804597094909,0.280533672173,0.0815495442751
214.8,0.0550672686109,0.804597094909,0.280533672173,0.0815495442751
214.9,0.0550672686109,0.804597094909,0.280533672173,0.0815495442751
215,0.0550672686109,0.804597094909,0.280533672173,0.0815495442751
215.1,0.0550672686109,0.804597094909,0.280533672173,0.0815495442751
215.2,0.0550672686109,0.804597094909,0.280533672173,0.0815495442751
215.3,0.0550672686109,0.804597094909,0.280533672173,0.0815495442751
215.4,0.0550672686109,0.804597094909,0.280533672173,0.0815495442751
215.5,0.0550672686109,0.804597094909,0.280533672173,0.0815495442751
215.6,0.0550672686109,0.804597094909,0.280533672173,0.0815495442751
215.7,0.0550672686109,0.804597094909,0.280533672173,0.0815495442751
215.8,0.0550672686109,0.804597094909,0.280533672173,0.0815495442751
215.9,0.0550672686109,0.804597094909,0.280533672173,0.0815495442751
216,0.0550672686109,0.804597094909,0.280533672173,0.0815495442751
216.1,0.0550672686109,0.804597094909,0.280533672173,0.0815495442751
216.2,0.0550672686109,0.804597094909,0.280533672173,0.0815495442751
216.3,0.0550672686109,0.804597094909,0.280533672173,0.0815495442751
216.4,0.0550672686109,0.804597094909,0.280533672173,0.0815495442751
216.5,0.0550672686109,0.804597094909,0.280533672173,0.0815495442751
216.6,0.0550672686109,0.804597094909,0.280533672173,0.0815495442751
216.7,0.0550672686109,0.804597094909,0.280533672173,0.0815495442751
216.8,0.0550672686109,0.804597094909,0.280533672173,0.0815495442751
216.9,0.0550672686109,0.804597094909,0.280533672173,0.0815495442751
217,0.0550672686109,0.804597094909,0.280533672173,0.0815495442751
217.1,0.0550672686109,0.804597094909,0.280533672173,0.0815495442751
217.2,0.0550672686109,0.804597094909,0.280533672173,0.0815495442751
217.3,0.0550672686109,0.804597094909,0.280533672173,0.0815495442751
217.4,0.0550672686109,0.804597094909,0.280533672173,0.0815495442751
217.5,0.0550672686109,0.804597094909,0.280533672173,0.0815495442751
217.6,0.0550672686109,0.804597094909,0.280533672173,0.0815495442751
217.7,0.0550672686109,0.804597094909,0.280533672173,0.0815495442751
217.8,0.0550672686109,0.804597094909,0.280533672173,0.0815495442751
217.9,0.0550672686109,0.804597094909,0.280533672173,0.0815495442751
218,0.0550672686109,0.804597094909,0.280533672173,0.0815495442751
218.1,0.0550672686109,0.804597094909,0.280533672173,0.0815495442751
218.2,0.0550672686109,0.804597094909,0.280533672173,0.0815495442751
218.3,0.0550672686109,0.804597094909,0.280533672173,0.0815495442751
218.4,0.0550672686109,0.804597094909,0.280533672173,0.0815495442751
218.5,0.0550672686109,0.804597094909,0.280533672173,0.0815495442751
218.6,0.0550672686109,0.804597094909,0.280533672173,0.0815495442751
218.7,0.0550672686109,0.804597094909,0.280533672173,0.0815495442751
218.8,0.0550672686109,0.804597094909,0.280533672173,0.0815495442751
218.9,0.0550672686109,0.804597094909,0.280533672173,0.0815495442751
219,0.0550672686109,0.804597094909,0.280533672173,0.0815495442751
219.1,0.0550672686109,0.804597094909,0.280533672173,0.0815495442751
219.2,0.0550672686109,0.804597094909,0.280533672173,0.0815495442751
219.3,0.0550672686109,0.804597094909,0.280533672173,0.0815495442751
219.4,0.0550672686109,0.804597094909,0.280533672173,0.0815495442751
219.5,0.0550672686109,0.804597094909,0.280533672173,0.0815495442751
219.6,0.0550672686109,0.804597094909,0.280533672173,0.0815495442751
219.7,0.0550672686109,0.804597094909,0.280533672173,0.0815495442751
219.8,0.0550672686109,0.804597094909,0.280533672173,0.0815495442751
219.9,0.0550672686109,0.804597094909,0.280533672173,0.0815495442751
220,0.0550672686109,0.804597094909,0.280533672173,0.0815495442751
220.1,0.0550672686109,0.804597094909,0.280533672173,0.0815495442751
220.2,0.0550672686109,0.804597094909,0.280533672173,0.0815495442751
220.3,0.0550672686109,0.804597094909,0.280533672173,0.0815495442751
220.4,0.0550672686109,0.804597094909,0.280533672173,0.0815495442751
220.5,0.0550672686109,0.804597094909,0.280533672173,0.0815495442751
220.6,0.0550672686109,0.804597094909,0.280533672173,0.0815495442751
220.7,0.0550672686109,0.804597094909,0.280533672173,0.0815495442751
220.8,0.0550672686109,0.804597094909,0.280533672173,0.0815495442751
220.9,0.0550672686109,0.804597094909,0.280533672173,0.0815495442751
221,0.0550672686109,0.804597094909,0.280533672173,0.0815495442751
221.1,0.0550672686109,0.804597094909,0.280533672173,0.0815495442751
221.2,0.0550672686109,0.804597094909,0.280533672173,0.0815495442751
221.3,0.0550672686109,0.804597094909,0.280533672173,0.0815495442751
221.4,0.0550672686109,0.804597094909,0.280533672173,0.0815495442751
221.5,0.0550672686109,0.804597094909,0.280533672173,0.0815495442751
221.6,0.0550672686109,0.804597094909,0.280533672173,0.0815495442751
221.7,0.0550672686109,0.804597094909,0.280533672173,0.0815495442751
221.8,0.0550672686109,0.804597094909,0.280533672173,0.0815495442751
221.9,0.0550672686109,0.804597094909,0.280533672173,0.0815495442751
222,0.0550672686109,0.804597094909,0.280533672173,0.0815495442751
222.1,0.0550672686109,0.804597094909,0.280533672173,0.0815495442751
222.2,0.0550672686109,0.804597094909,0.280533672173,0.0815495442751
222.3,0.0550672686109,0.804597094909,0.280533672173,0.0815495442751
222.4,0.0550672686109,0.804597094909,0.280533672173,0.0815495442751
222.5,0.0550672686109,0.804597094909,0.280533672173,0.0815495442751
222.6,0.0550672686109,0.804597094909,0.280533672173,0.0815495442751
222.7,0.0550672686109,0.804597094909,0.280533672173,0.0815495442751
222.8,0.0550672686109,0.804597094909,0.280533672173,0.0815495442751
222.9,0.0550672686109,0.804597094909,0.280533672173,0.0815495442751
223,0.0550672686109,0.804597094909,0.280533672173,0.0815495442751
223.1,0.0550672686109,0.804597094909,0.280533672173,0.0815495442751
223.2,0.0550672686109,0.804597094909,0.280533672173,0.0815495442751
223.3,0.0550672686109,0.804597094909,0.280533672173,0.0815495442751
223.4,0.0550672686109,0.804597094909,0.280533672173,0.0815495442751
223.5,0.0550672686109,0.804597094909,0.280533672173,0.0815495442751
223.6,0.0550672686109,0.804597094909,0.280533672173,0.0815495442751
223.7,0.0550672686109,0.804597094909,0.280533672173,0.0815495442751
223.8,0.0550672686109,0.804597094909,0.280533672173,0.0815495442751
223.9,0.0550672686109,0.804597094909,0.280533672173,0.0815495442751
224,0.0550672686109,0.804597094909,0.280533672173,0.0815495442751
224.1,0.0550672686109,0.804597094909,0.280533672173,0.0815495442751
224.2,0.0550672686109,0.804597094909,0.280533672173,0.0815495442751
224.3,0.0550672686109,0.804597094909,0.280533672173,0.0815495442751
224.4,0.0550672686109,0.804597094909,0.280533672173,0.0815495442751
224.5,0.0550672686109,0.804597094909,0.280533672173,0.0815495442751
224.6,0.0550672686109,0.804597094909,0.280533672173,0.0815495442751
224.7,0.0550672686109,0.804597094909,0.280533672173,0.0815495442751
224.8,0.0550672686109,0.804597094909,0.280533672173,0.0815495442751
224.9,0.0550672686109,0.804597094909,0.280533672173,0.0815495442751
225,0.0550672686109,0.804597094909,0.280533672173,0.0815495442751
225.1,0.0550672686109,0.804597094909,0.280533672173,0.0815495442751
225.2,0.0550672686109,0.804597094909,0.280533672173,0.0815495442751
225.3,0.0550672686109,0.804597094909,0.280533672173,0.0815495442751
225.4,0.0550672686109,0.804597094909,0.280533672173,0.0815495442751
225.5,0.0550672686109,0.804597094909,0.280533672173,0.0815495442751
225.6,0.0550672686109,0.804597094909,0.280533672173,0.0815495442751
225.7,0.0550672686109,0.804597094909,0.280533672173,0.0815495442751
225.8,0.0550672686109,0.804597094909,0.280533672173,0.0815495442751
225.9,0.0550672686109,0.804597094909,0.280533672173,0.0815495442751
226,0.0550672686109,0.804597094909,0.280533672173,0.0815495442751
226.1,0.0550672686109,0.804597094909,0.280533672173,0.0815495442751
226.2,0.0550672686109,0.804597094909,0.280533672173,0.0815495442751
226.3,0.0550672686109,0.804597094909,0.280533672173,0.0815495442751
226.4,0.0550672686109,0.804597094909,0.280533672173,0.0815495442751
226.5,0.0550672686109,0.804597094909,0.280533672173,0.0815495442751
226.6,0.0550672686109,0.804597094909,0.280533672173,0.0815495442751
226.7,0.0550672686109,0.804597094909,0.280533672173,0.0815495442751
226.8,0.0550672686109,0.804597094909,0.280533672173,0.0815495442751
226.9,0.0550672686109,0.804597094909,0.280533672173,0.0815495442751
227,0.0550672686109,0.804597094909,0.280533672173,0.0815495442751
227.1,0.0550672686109,0.804597094909,0.280533672173,0.0815495442751
227.2,0.0550672686109,0.804597094909,0.280533672173,0.0815495442751
227.3,0.0550672686109,0.804597094909,0.280533672173,0.0815495442751
227.4,0.0550672686109,0.804597094909,0.280533672173,0.0815495442751
227.5,0.0550672686109,0.804597094909,0.280533672173,0.0815495442751
227.6,0.0550672686109,0.804597094909,0.280533672173,0.0815495442751
227.7,0.0550672686109,0.804597094909,0.280533672173,0.0815495442751
227.8,0.0550672686109,0.804597094909,0.280533672173,0.0815495442751
227.9,0.0550672686109,0.804597094909,0.280533672173,0.0815495442751
228,0.0550672686109,0.804597094909,0.280533672173,0.0815495442751
228.1,0.0550672686109,0.804597094909,0.280533672173,0.0815495442751
228.2,0.0550672686109,0.804597094909,0.280533672173,0.0815495442751
228.3,0.0550672686109,0.804597094909,0.280533672173,0.0815495442751
228.4,0.0550672686109,0.804597094909,0.280533672173,0.0815495442751
228.5,0.0550672686109,0.804597094909,0.280533672173,0.0815495442751
228.6,0.0550672686109,0.804597094909,0.280533672173,0.0815495442751
228.7,0.0550672686109,0.804597094909,0.280533672173,0.0815495442751
228.8,0.0550672686109,0.804597094909,0.280533672173,0.0815495442751
228.9,0.0550672686109,0.804597094909,0.280533672173,0.0815495442751
229,0.0550672686109,0.804597094909,0.280533672173,0.0815495442751
229.1,0.0550672686109,0.804597094909,0.280533672173,0.0815495442751
229.2,0.0550672686109,0.804597094909,0.280533672173,0.0815495442751
229.3,0.0550672686109,0.804597094909,0.280533672173,0.0815495442751
229.4,0.0550672686109,0.804597094909,0.280533672173,0.0815495442751
229.5,0.0550672686109,0.804597094909,0.280533672173,0.0815495442751
229.6,0.0550672686109,0.804597094909,0.280533672173,0.0815495442751
229.7,0.0550672686109,0.804597094909,0.280533672173,0.0815495442751
229.8,0.0550672686109,0.804597094909,0.280533672173,0.0815495442751
229.9,0.0550672686109,0.804597094909,0.280533672173,0.0815495442751
230,0.0550672686109,0.804597094909,0.280533672173,0.0815495442751
230.1,0.0550672686109,0.804597094909,0.280533672173,0.0815495442751
230.2,0.0550672686109,0.804597094909,0.280533672173,0.0815495442751
230.3,0.0550672686109,0.804597094909,0.280533672173,0.0815495442751
230.4,0.0550672686109,0.804597094909,0.280533672173,0.0815495442751
230.5,0.0550672686109,0.804597094909,0.280533672173,0.0815495442751
230.6,0.0550672686109,0.804597094909,0.280533672173,0.0815495442751
230.7,0.0550672686109,0.804597094909,0.280533672173,0.0815495442751
230.8,0.0550672686109,0.804597094909,0.280533672173,0.0815495442751
230.9,0.0550672686109,0.804597094909,0.280533672173,0.0815495442751
231,0.0550672686109,0.804597094909,0.280533672173,0.0815495442751
231.1,0.0550672686109,0.804597094909,0.280533672173,0.0815495442751
231.2,0.0550672686109,0.804597094909,0.280533672173,0.0815495442751
231.3,0.0550672686109,0.804597094909,0.280533672173,0.0815495442751
231.4,0.0550672686109,0.804597094909,0.280533672173,0.0815495442751
231.5,0.0550672686109,0.804597094909,0.280533672173,0.0815495442751
231.6,0.0550672686109,0.804597094909,0.280533672173,0.0815495442751
231.7,0.0550672686109,0.804597094909,0.280533672173,0.0815495442751
231.8,0.0550672686109,0.804597094909,0.280533672173,0.0815495442751
231.9,0.0550672686109,0.804597094909,0.280533672173,0.0815495442751
232,0.0550672686109,0.804597094909,0.280533672173,0.0815495442751
232.1,0.0550672686109,0.804597094909,0.280533672173,0.0815495442751
232.2,0.0550672686109,0.804597094909,0.280533672173,0.0815495442751
232.3,0.0550672686109,0.804597094909,0.280533672173,0.0815495442751
232.4,0.0550672686109,0.804597094909,0.280533672173,0.0815495442751
232.5,0.0550672686109,0.804597094909,0.280533672173,0.0815495442751
232.6,0.0550672686109,0.804597094909,0.280533672173,0.0815495442751
232.7,0.0550672686109,0.804597094909,0.280533672173,0.0815495442751
232.8,0.0550672686109,0.804597094909,0.280533672173,0.0815495442751
232.9,0.0550672686109,0.804597094909,0.280533672173,0.0815495442751
233,0.0550672686109,0.804597094909,0.280533672173,0.0815495442751
233.1,0.0550672686109,0.804597094909,0.280533672173,0.0815495442751
233.2,0.0550672686109,0.804597094909,0.280533672173,0.0815495442751
233.3,0.0550672686109,0.804597094909,0.280533672173,0.0815495442751
233.4,0.0550672686109,0.804597094909,0.280533672173,0.0815495442751
233.5,0.0550672686109,0.804597094909,0.280533672173,0.0815495442751
233.6,0.0550672686109,0.804597094909,0.280533672173,0.0815495442751
233.7,0.0550672686109,0.804597094909,0.280533672173,0.0815495442751
233.8,0.0550672686109,0.804597094909,0.280533672173,0.0815495442751
233.9,0.0550672686109,0.804597094909,0.280533672173,0.0815495442751
234,0.0550672686109,0.804597094909,0.280533672173,0.0815495442751
234.1,0.0550672686109,0.804597094909,0.280533672173,0.0815495442751
234.2,0.0550672686109,0.804597094909,0.280533672173,0.0815495442751
234.3,0.0550672686109,0.804597094909,0.280533672173,0.0815495442751
234.4,0.0550672686109,0.804597094909,0.280533672173,0.0815495442751
234.5,0.0550672686109,0.804597094909,0.280533672173,0.0815495442751
234.6,0.0550672686109,0.804597094909,0.280533672173,0.0815495442751
234.7,0.0550672686109,0.804597094909,0.280533672173,0.0815495442751
234.8,0.0550672686109,0.804597094909,0.280533672173,0.0815495442751
234.9,0.0550672686109,0.804597094909,0.280533672173,0.0815495442751
235,0.0550672686109,0.804597094909,0.280533672173,0.0815495442751
235.1,0.0550672686109,0.804597094909,0.280533672173,0.0815495442751
235.2,0.0550672686109,0.804597094909,0.280533672173,0.0815495442751
235.3,0.0550672686109,0.804597094909,0.280533672173,0.0815495442751
235.4,0.0550672686109,0.804597094909,0.280533672173,0.0815495442751
235.5,0.0550672686109,0.804597094909,0.280533672173,0.0815495442751
235.6,0.0550672686109,0.804597094909,0.280533672173,0.0815495442751
235.7,0.0550672686109,0.804597094909,0.280533672173,0.0815495442751
235.8,0.0550672686109,0.804597094909,0.280533672173,0.0815495442751
235.9,0.0550672686109,0.804597094909,0.280533672173,0.0815495442751
236,0.0550672686109,0.804597094909,0.280533672173,0.0815495442751
236.1,0.0550672686109,0.804597094909,0.280533672173,0.0815495442751
236.2,0.0550672686109,0.804597094909,0.280533672173,0.0815495442751
236.3,0.0550672686109,0.804597094909,0.280533672173,0.0815495442751
236.4,0.0550672686109,0.804597094909,0.280533672173,0.0815495442751
236.5,0.0550672686109,0.804597094909,0.280533672173,0.0815495442751
236.6,0.0550672686109,0.804597094909,0.280533672173,0.0815495442751
236.7,0.0550672686109,0.804597094909,0.280533672173,0.0815495442751
236.8,0.0550672686109,0.804597094909,0.280533672173,0.0815495442751
236.9,0.0550672686109,0.804597094909,0.280533672173,0.0815495442751
237,0.0550672686109,0.804597094909,0.280533672173,0.0815495442751
237.1,0.0550672686109,0.804597094909,0.280533672173,0.0815495442751
237.2,0.0550672686109,0.804597094909,0.280533672173,0.0815495442751
237.3,0.0550672686109,0.804597094909,0.280533672173,0.0815495442751
237.4,0.0550672686109,0.804597094909,0.280533672173,0.0815495442751
237.5,0.0550672686109,0.804597094909,0.280533672173,0.0815495442751
237.6,0.0550672686109,0.804597094909,0.280533672173,0.0815495442751
237.7,0.0550672686109,0.804597094909,0.280533672173,0.0815495442751
237.8,0.0550672686109,0.804597094909,0.280533672173,0.0815495442751
237.9,0.0550672686109,0.804597094909,0.280533672173,0.0815495442751
238,0.0550672686109,0.804597094909,0.280533672173,0.0815495442751
238.1,0.0550672686109,0.804597094909,0.280533672173,0.0815495442751
238.2,0.0550672686109,0.804597094909,0.280533672173,0.0815495442751
238.3,0.0550672686109,0.804597094909,0.280533672173,0.0815495442751
238.4,0.0550672686109,0.804597094909,0.280533672173,0.0815495442751
238.5,0.0550672686109,0.804597094909,0.280533672173,0.0815495442751
238.6,0.0550672686109,0.804597094909,0.280533672173,0.0815495442751
238.7,0.0550672686109,0.804597094909,0.280533672173,0.0815495442751
238.8,0.0550672686109,0.804597094909,0.280533672173,0.0815495442751
238.9,0.0550672686109,0.804597094909,0.280533672173,0.0815495442751
239,0.0550672686109,0.804597094909,0.280533672173,0.0815495442751
239.1,0.0550672686109,0.804597094909,0.280533672173,0.0815495442751
239.2,0.0550672686109,0.804597094909,0.280533672173,0.0815495442751
239.3,0.0550672686109,0.804597094909,0.280533672173,0.0815495442751
239.4,0.0550672686109,0.804597094909,0.280533672173,0.0815495442751
239.5,0.0550672686109,0.804597094909,0.280533672173,0.0815495442751
239.6,0.0550672686109,0.804597094909,0.280533672173,0.0815495442751
239.7,0.0550672686109,0.804597094909,0.280533672173,0.0815495442751
239.8,0.0550672686109,0.804597094909,0.280533672173,0.0815495442751
239.9,0.0550672686109,0.804597094909,0.280533672173,0.0815495442751
240,0.0550672686109,0.804597094909,0.280533672173,0.0815495442751
240.1,0.0550672686109,0.804597094909,0.280533672173,0.0815495442751
240.2,0.0550672686109,0.804597094909,0.280533672173,0.0815495442751
240.3,0.0550672686109,0.804597094909,0.280533672173,0.0815495442751
240.4,0.0550672686109,0.804597094909,0.280533672173,0.0815495442751
240.5,0.0550672686109,0.804597094909,0.280533672173,0.0815495442751
240.6,0.0550672686109,0.804597094909,0.280533672173,0.0815495442751
240.7,0.0550672686109,0.804597094909,0.280533672173,0.0815495442751
240.8,0.0550672686109,0.804597094909,0.280533672173,0.0815495442751
240.9,0.0550672686109,0.804597094909,0.280533672173,0.0815495442751
241,0.0550672686109,0.804597094909,0.280533672173,0.0815495442751
241.1,0.0550672686109,0.804597094909,0.280533672173,0.0815495442751
241.2,0.0550672686109,0.804597094909,0.280533672173,0.0815495442751
241.3,0.0550672686109,0.804597094909,0.280533672173,0.0815495442751
241.4,0.0550672686109,0.804597094909,0.280533672173,0.0815495442751
241.5,0.0550672686109,0.804597094909,0.280533672173,0.0815495442751
241.6,0.0550672686109,0.804597094909,0.280533672173,0.0815495442751
241.7,0.0550672686109,0.804597094909,0.280533672173,0.0815495442751
241.8,0.0550672686109,0.804597094909,0.280533672173,0.0815495442751
241.9,0.0550672686109,0.804597094909,0.280533672173,0.0815495442751
242,0.0550672686109,0.804597094909,0.280533672173,0.0815495442751
242.1,0.0550672686109,0.804597094909,0.280533672173,0.0815495442751
242.2,0.0550672686109,0.804597094909,0.280533672173,0.0815495442751
242.3,0.0550672686109,0.804597094909,0.280533672173,0.0815495442751
242.4,0.0550672686109,0.804597094909,0.280533672173,0.0815495442751
242.5,0.0550672686109,0.804597094909,0.280533672173,0.0815495442751
242.6,0.0550672686109,0.804597094909,0.280533672173,0.0815495442751
242.7,0.0550672686109,0.804597094909,0.280533672173,0.0815495442751
242.8,0.0550672686109,0.804597094909,0.280533672173,0.0815495442751
242.9,0.0550672686109,0.804597094909,0.280533672173,0.0815495442751
243,0.0550672686109,0.804597094909,0.280533672173,0.0815495442751
243.1,0.0550672686109,0.804597094909,0.280533672173,0.0815495442751
243.2,0.0550672686109,0.804597094909,0.280533672173,0.0815495442751
243.3,0.0550672686109,0.804597094909,0.280533672173,0.0815495442751
243.4,0.0550672686109,0.804597094909,0.280533672173,0.0815495442751
243.5,0.0550672686109,0.804597094909,0.280533672173,0.0815495442751
243.6,0.0550672686109,0.804597094909,0.280533672173,0.0815495442751
243.7,0.0550672686109,0.804597094909,0.280533672173,0.0815495442751
243.8,0.0550672686109,0.804597094909,0.280533672173,0.0815495442751
243.9,0.0550672686109,0.804597094909,0.280533672173,0.0815495442751
244,0.0550672686109,0.804597094909,0.280533672173,0.0815495442751
244.1,0.0550672686109,0.804597094909,0.280533672173,0.0815495442751
244.2,0.0550672686109,0.804597094909,0.280533672173,0.0815495442751
244.3,0.0550672686109,0.804597094909,0.280533672173,0.0815495442751
244.4,0.0550672686109,0.804597094909,0.280533672173,0.0815495442751
244.5,0.0550672686109,0.804597094909,0.280533672173,0.0815495442751
244.6,0.0550672686109,0.804597094909,0.280533672173,0.0815495442751
244.7,0.0550672686109,0.804597094909,0.280533672173,0.0815495442751
244.8,0.0550672686109,0.804597094909,0.280533672173,0.0815495442751
244.9,0.0550672686109,0.804597094909,0.280533672173,0.0815495442751
245,0.0550672686109,0.804597094909,0.280533672173,0.0815495442751
245.1,0.0550672686109,0.804597094909,0.280533672173,0.0815495442751
245.2,0.0550672686109,0.804597094909,0.280533672173,0.0815495442751
245.3,0.0550672686109,0.804597094909,0.280533672173,0.0815495442751
245.4,0.0550672686109,0.804597094909,0.280533672173,0.0815495442751
245.5,0.0550672686109,0.804597094909,0.280533672173,0.0815495442751
245.6,0.0550672686109,0.804597094909,0.280533672173,0.0815495442751
245.7,0.0550672686109,0.804597094909,0.280533672173,0.0815495442751
245.8,0.0550672686109,0.804597094909,0.280533672173,0.0815495442751
245.9,0.0550672686109,0.804597094909,0.280533672173,0.0815495442751
246,0.0550672686109,0.804597094909,0.280533672173,0.0815495442751
246.1,0.0550672686109,0.804597094909,0.280533672173,0.0815495442751
246.2,0.0550672686109,0.804597094909,0.280533672173,0.0815495442751
246.3,0.0550672686109,0.804597094909,0.280533672173,0.0815495442751
246.4,0.0550672686109,0.804597094909,0.280533672173,0.0815495442751
246.5,0.0550672686109,0.804597094909,0.280533672173,0.0815495442751
246.6,0.0550672686109,0.804597094909,0.280533672173,0.0815495442751
246.7,0.0550672686109,0.804597094909,0.280533672173,0.0815495442751
246.8,0.0550672686109,0.804597094909,0.280533672173,0.0815495442751
246.9,0.0550672686109,0.804597094909,0.280533672173,0.0815495442751
247,0.0550672686109,0.804597094909,0.280533672173,0.0815495442751
247.1,0.0550672686109,0.804597094909,0.280533672173,0.0815495442751
247.2,0.0550672686109,0.804597094909,0.280533672173,0.0815495442751
247.3,0.0550672686109,0.804597094909,0.280533672173,0.0815495442751
247.4,0.0550672686109,0.804597094909,0.280533672173,0.0815495442751
247.5,0.0550672686109,0.804597094909,0.280533672173,0.0815495442751
247.6,0.0550672686109,0.804597094909,0.280533672173,0.0815495442751
247.7,0.0550672686109,0.804597094909,0.280533672173,0.0815495442751
247.8,0.0550672686109,0.804597094909,0.280533672173,0.0815495442751
247.9,0.0550672686109,0.804597094909,0.280533672173,0.0815495442751
248,0.0550672686109,0.804597094909,0.280533672173,0.0815495442751
248.1,0.0550672686109,0.804597094909,0.280533672173,0.0815495442751
248.2,0.0550672686109,0.804597094909,0.280533672173,0.0815495442751
248.3,0.0550672686109,0.804597094909,0.280533672173,0.0815495442751
248.4,0.0550672686109,0.804597094909,0.280533672173,0.0815495442751
248.5,0.0550672686109,0.804597094909,0.280533672173,0.0815495442751
248.6,0.0550672686109,0.804597094909,0.280533672173,0.0815495442751
248.7,0.0550672686109,0.804597094909,0.280533672173,0.0815495442751
248.8,0.0550672686109,0.804597094909,0.280533672173,0.0815495442751
248.9,0.0550672686109,0.804597094909,0.280533672173,0.0815495442751
249,0.0550672686109,0.804597094909,0.280533672173,0.0815495442751
249.1,0.0550672686109,0.804597094909,0.280533672173,0.0815495442751
249.2,0.0550672686109,0.804597094909,0.280533672173,0.0815495442751
249.3,0.0550672686109,0.804597094909,0.280533672173,0.0815495442751
249.4,0.0550672686109,0.804597094909,0.280533672173,0.0815495442751
249.5,0.0550672686109,0.804597094909,0.280533672173,0.0815495442751
249.6,0.0550672686109,0.804597094909,0.280533672173,0.0815495442751
249.7,0.0550672686109,0.804597094909,0.280533672173,0.0815495442751
249.8,0.0550672686109,0.804597094909,0.280533672173,0.0815495442751
249.9,0.0550672686109,0.804597094909,0.280533672173,0.0815495442751
250,0.0550672686109,0.804597094909,0.280533672173,0.0815495442751
250.1,0.0550672686109,0.804597094909,0.280533672173,0.0815495442751
250.2,0.0550672686109,0.804597094909,0.280533672173,0.0815495442751
250.3,0.0550672686109,0.804597094909,0.280533672173,0.0815495442751
250.4,0.0550672686109,0.804597094909,0.280533672173,0.0815495442751
250.5,0.0550672686109,0.804597094909,0.280533672173,0.0815495442751
250.6,0.0550672686109,0.804597094909,0.280533672173,0.0815495442751
250.7,0.0550672686109,0.804597094909,0.280533672173,0.0815495442751
250.8,0.0550672686109,0.804597094909,0.280533672173,0.0815495442751
250.9,0.0550672686109,0.804597094909,0.280533672173,0.0815495442751
251,0.0550672686109,0.804597094909,0.280533672173,0.0815495442751
251.1,0.0550672686109,0.804597094909,0.280533672173,0.0815495442751
251.2,0.0550672686109,0.804597094909,0.280533672173,0.0815495442751
251.3,0.0550672686109,0.804597094909,0.280533672173,0.0815495442751
251.4,0.0550672686109,0.804597094909,0.280533672173,0.0815495442751
251.5,0.0550672686109,0.804597094909,0.280533672173,0.0815495442751
251.6,0.0550672686109,0.804597094909,0.280533672173,0.0815495442751
251.7,0.0550672686109,0.804597094909,0.280533672173,0.0815495442751
251.8,0.0550672686109,0.804597094909,0.280533672173,0.0815495442751
251.9,0.0550672686109,0.804597094909,0.280533672173,0.0815495442751
252,0.0550672686109,0.804597094909,0.280533672173,0.0815495442751
252.1,0.0550672686109,0.804597094909,0.280533672173,0.0815495442751
252.2,0.0550672686109,0.804597094909,0.280533672173,0.0815495442751
252.3,0.0550672686109,0.804597094909,0.280533672173,0.0815495442751
252.4,0.0550672686109,0.804597094909,0.280533672173,0.0815495442751
252.5,0.0550672686109,0.804597094909,0.280533672173,0.0815495442751
252.6,0.0550672686109,0.804597094909,0.280533672173,0.0815495442751
252.7,0.0550672686109,0.804597094909,0.280533672173,0.0815495442751
252.8,0.0550672686109,0.804597094909,0.280533672173,0.0815495442751
252.9,0.0550672686109,0.804597094909,0.280533672173,0.0815495442751
253,0.0550672686109,0.804597094909,0.280533672173,0.0815495442751
253.1,0.0550672686109,0.804597094909,0.280533672173,0.0815495442751
253.2,0.0550672686109,0.804597094909,0.280533672173,0.0815495442751
253.3,0.0550672686109,0.804597094909,0.280533672173,0.0815495442751
253.4,0.0550672686109,0.804597094909,0.280533672173,0.0815495442751
253.5,0.0550672686109,0.804597094909,0.280533672173,0.0815495442751
253.6,0.0550672686109,0.804597094909,0.280533672173,0.0815495442751
253.7,0.0550672686109,0.804597094909,0.280533672173,0.0815495442751
253.8,0.0550672686109,0.804597094909,0.280533672173,0.0815495442751
253.9,0.0550672686109,0.804597094909,0.280533672173,0.0815495442751
254,0.0550672686109,0.804597094909,0.280533672173,0.0815495442751
254.1,0.0550672686109,0.804597094909,0.280533672173,0.0815495442751
254.2,0.0550672686109,0.804597094909,0.280533672173,0.0815495442751
254.3,0.0550672686109,0.804597094909,0.280533672173,0.0815495442751
254.4,0.0550672686109,0.804597094909,0.280533672173,0.0815495442751
254.5,0.0550672686109,0.804597094909,0.280533672173,0.0815495442751
254.6,0.0550672686109,0.804597094909,0.280533672173,0.0815495442751
254.7,0.0550672686109,0.804597094909,0.280533672173,0.0815495442751
254.8,0.0550672686109,0.804597094909,0.280533672173,0.0815495442751
254.9,0.0550672686109,0.804597094909,0.280533672173,0.0815495442751
255,0.0550672686109,0.804597094909,0.280533672173,0.0815495442751
255.1,0.0550672686109,0.804597094909,0.280533672173,0.0815495442751
255.2,0.0550672686109,0.804597094909,0.280533672173,0.0815495442751
255.3,0.0550672686109,0.804597094909,0.280533672173,0.0815495442751
255.4,0.0550672686109,0.804597094909,0.280533672173,0.0815495442751
255.5,0.0550672686109,0.804597094909,0.280533672173,0.0815495442751
255.6,0.0550672686109,0.804597094909,0.280533672173,0.0815495442751
255.7,0.0550672686109,0.804597094909,0.280533672173,0.0815495442751
255.8,0.0550672686109,0.804597094909,0.280533672173,0.0815495442751
255.9,0.0550672686109,0.804597094909,0.280533672173,0.0815495442751
256,0.0550672686109,0.804597094909,0.280533672173,0.0815495442751
256.1,0.0550672686109,0.804597094909,0.280533672173,0.0815495442751
256.2,0.0550672686109,0.804597094909,0.280533672173,0.0815495442751
256.3,0.0550672686109,0.804597094909,0.280533672173,0.0815495442751
256.4,0.0550672686109,0.804597094909,0.280533672173,0.0815495442751
256.5,0.0550672686109,0.804597094909,0.280533672173,0.0815495442751
256.6,0.0550672686109,0.804597094909,0.280533672173,0.0815495442751
256.7,0.0550672686109,0.804597094909,0.280533672173,0.0815495442751
256.8,0.0550672686109,0.804597094909,0.280533672173,0.0815495442751
256.9,0.0550672686109,0.804597094909,0.280533672173,0.0815495442751
257,0.0550672686109,0.804597094909,0.280533672173,0.0815495442751
257.1,0.0550672686109,0.804597094909,0.280533672173,0.0815495442751
257.2,0.0550672686109,0.804597094909,0.280533672173,0.0815495442751
257.3,0.0550672686109,0.804597094909,0.280533672173,0.0815495442751
257.4,0.0550672686109,0.804597094909,0.280533672173,0.0815495442751
257.5,0.0550672686109,0.804597094909,0.280533672173,0.0815495442751
257.6,0.0550672686109,0.804597094909,0.280533672173,0.0815495442751
257.7,0.0550672686109,0.804597094909,0.280533672173,0.0815495442751
257.8,0.0550672686109,0.804597094909,0.280533672173,0.0815495442751
257.9,0.0550672686109,0.804597094909,0.280533672173,0.0815495442751
258,0.0550672686109,0.804597094909,0.280533672173,0.0815495442751
258.1,0.0550672686109,0.804597094909,0.280533672173,0.0815495442751
258.2,0.0550672686109,0.804597094909,0.280533672173,0.0815495442751
258.3,0.0550672686109,0.804597094909,0.280533672173,0.0815495442751
258.4,0.0550672686109,0.804597094909,0.280533672173,0.0815495442751
258.5,0.0550672686109,0.804597094909,0.280533672173,0.0815495442751
258.6,0.0550672686109,0.804597094909,0.280533672173,0.0815495442751
258.7,0.0550672686109,0.804597094909,0.280533672173,0.0815495442751
258.8,0.0550672686109,0.804597094909,0.280533672173,0.0815495442751
258.9,0.0550672686109,0.804597094909,0.280533672173,0.0815495442751
259,0.0550672686109,0.804597094909,0.280533672173,0.0815495442751
259.1,0.0550672686109,0.804597094909,0.280533672173,0.0815495442751
259.2,0.0550672686109,0.804597094909,0.280533672173,0.0815495442751
259.3,0.0550672686109,0.804597094909,0.280533672173,0.0815495442751
259.4,0.0550672686109,0.804597094909,0.280533672173,0.0815495442751
259.5,0.0550672686109,0.804597094909,0.280533672173,0.0815495442751
259.6,0.0550672686109,0.804597094909,0.280533672173,0.0815495442751
259.7,0.0550672686109,0.804597094909,0.280533672173,0.0815495442751
259.8,0.0550672686109,0.804597094909,0.280533672173,0.0815495442751
259.9,0.0550672686109,0.804597094909,0.280533672173,0.0815495442751
260,0.0550672686109,0.804597094909,0.280533672173,0.0815495442751
260.1,0.0550672686109,0.804597094909,0.280533672173,0.0815495442751
260.2,0.0550672686109,0.804597094909,0.280533672173,0.0815495442751
260.3,0.0550672686109,0.804597094909,0.280533672173,0.0815495442751
260.4,0.0550672686109,0.804597094909,0.280533672173,0.0815495442751
260.5,0.0550672686109,0.804597094909,0.280533672173,0.0815495442751
260.6,0.0550672686109,0.804597094909,0.280533672173,0.0815495442751
260.7,0.0550672686109,0.804597094909,0.280533672173,0.0815495442751
260.8,0.0550672686109,0.804597094909,0.280533672173,0.0815495442751
260.9,0.0550672686109,0.804597094909,0.280533672173,0.0815495442751
261,0.0550672686109,0.804597094909,0.280533672173,0.0815495442751
261.1,0.0550672686109,0.804597094909,0.280533672173,0.0815495442751
261.2,0.0550672686109,0.804597094909,0.280533672173,0.0815495442751
261.3,0.0550672686109,0.804597094909,0.280533672173,0.0815495442751
261.4,0.0550672686109,0.804597094909,0.280533672173,0.0815495442751
261.5,0.0550672686109,0.804597094909,0.280533672173,0.0815495442751
261.6,0.0550672686109,0.804597094909,0.280533672173,0.0815495442751
261.7,0.0550672686109,0.804597094909,0.280533672173,0.0815495442751
261.8,0.0550672686109,0.804597094909,0.280533672173,0.0815495442751
261.9,0.0550672686109,0.804597094909,0.280533672173,0.0815495442751
262,0.0550672686109,0.804597094909,0.280533672173,0.0815495442751
262.1,0.0550672686109,0.804597094909,0.280533672173,0.0815495442751
262.2,0.0550672686109,0.804597094909,0.280533672173,0.0815495442751
262.3,0.0550672686109,0.804597094909,0.280533672173,0.0815495442751
262.4,0.0550672686109,0.804597094909,0.280533672173,0.0815495442751
262.5,0.0550672686109,0.804597094909,0.280533672173,0.0815495442751
262.6,0.0550672686109,0.804597094909,0.280533672173,0.0815495442751
262.7,0.0550672686109,0.804597094909,0.280533672173,0.0815495442751
262.8,0.0550672686109,0.804597094909,0.280533672173,0.0815495442751
262.9,0.0550672686109,0.804597094909,0.280533672173,0.0815495442751
263,0.0550672686109,0.804597094909,0.280533672173,0.0815495442751
263.1,0.0550672686109,0.804597094909,0.280533672173,0.0815495442751
263.2,0.0550672686109,0.804597094909,0.280533672173,0.0815495442751
263.3,0.0550672686109,0.804597094909,0.280533672173,0.0815495442751
263.4,0.0550672686109,0.804597094909,0.280533672173,0.0815495442751
263.5,0.0550672686109,0.804597094909,0.280533672173,0.0815495442751
263.6,0.0550672686109,0.804597094909,0.280533672173,0.0815495442751
263.7,0.0550672686109,0.804597094909,0.280533672173,0.0815495442751
263.8,0.0550672686109,0.804597094909,0.280533672173,0.0815495442751
263.9,0.0550672686109,0.804597094909,0.280533672173,0.0815495442751
264,0.0550672686109,0.804597094909,0.280533672173,0.0815495442751
264.1,0.0550672686109,0.804597094909,0.280533672173,0.0815495442751
264.2,0.0550672686109,0.804597094909,0.280533672173,0.0815495442751
264.3,0.0550672686109,0.804597094909,0.280533672173,0.0815495442751
264.4,0.0550672686109,0.804597094909,0.280533672173,0.0815495442751
264.5,0.0550672686109,0.804597094909,0.280533672173,0.0815495442751
264.6,0.0550672686109,0.804597094909,0.280533672173,0.0815495442751
264.7,0.0550672686109,0.804597094909,0.280533672173,0.0815495442751
264.8,0.0550672686109,0.804597094909,0.280533672173,0.0815495442751
264.9,0.0550672686109,0.804597094909,0.280533672173,0.0815495442751
265,0.0550672686109,0.804597094909,0.280533672173,0.0815495442751
265.1,0.0550672686109,0.804597094909,0.280533672173,0.0815495442751
265.2,0.0550672686109,0.804597094909,0.280533672173,0.0815495442751
265.3,0.0550672686109,0.804597094909,0.280533672173,0.0815495442751
265.4,0.0550672686109,0.804597094909,0.280533672173,0.0815495442751
265.5,0.0550672686109,0.804597094909,0.280533672173,0.0815495442751
265.6,0.0550672686109,0.804597094909,0.280533672173,0.0815495442751
265.7,0.0550672686109,0.804597094909,0.280533672173,0.0815495442751
265.8,0.0550672686109,0.804597094909,0.280533672173,0.0815495442751
265.9,0.0550672686109,0.804597094909,0.280533672173,0.0815495442751
266,0.0550672686109,0.804597094909,0.280533672173,0.0815495442751
266.1,0.0550672686109,0.804597094909,0.280533672173,0.0815495442751
266.2,0.0550672686109,0.804597094909,0.280533672173,0.0815495442751
266.3,0.0550672686109,0.804597094909,0.280533672173,0.0815495442751
266.4,0.0550672686109,0.804597094909,0.280533672173,0.0815495442751
266.5,0.0550672686109,0.804597094909,0.280533672173,0.0815495442751
266.6,0.0550672686109,0.804597094909,0.280533672173,0.0815495442751
266.7,0.0550672686109,0.804597094909,0.280533672173,0.0815495442751
266.8,0.0550672686109,0.804597094909,0.280533672173,0.0815495442751
266.9,0.0550672686109,0.804597094909,0.280533672173,0.0815495442751
267,0.0550672686109,0.804597094909,0.280533672173,0.0815495442751
267.1,0.0550672686109,0.804597094909,0.280533672173,0.0815495442751
267.2,0.0550672686109,0.804597094909,0.280533672173,0.0815495442751
267.3,0.0550672686109,0.804597094909,0.280533672173,0.0815495442751
267.4,0.0550672686109,0.804597094909,0.280533672173,0.0815495442751
267.5,0.0550672686109,0.804597094909,0.280533672173,0.0815495442751
267.6,0.0550672686109,0.804597094909,0.280533672173,0.0815495442751
267.7,0.0550672686109,0.804597094909,0.280533672173,0.0815495442751
267.8,0.0550672686109,0.804597094909,0.280533672173,0.0815495442751
267.9,0.0550672686109,0.804597094909,0.280533672173,0.0815495442751
268,0.0550672686109,0.804597094909,0.280533672173,0.0815495442751
268.1,0.0550672686109,0.804597094909,0.280533672173,0.0815495442751
268.2,0.0550672686109,0.804597094909,0.280533672173,0.0815495442751
268.3,0.0550672686109,0.804597094909,0.280533672173,0.0815495442751
268.4,0.0550672686109,0.804597094909,0.280533672173,0.0815495442751
268.5,0.0550672686109,0.804597094909,0.280533672173,0.0815495442751
268.6,0.0550672686109,0.804597094909,0.280533672173,0.0815495442751
268.7,0.0550672686109,0.804597094909,0.280533672173,0.0815495442751
268.8,0.0550672686109,0.804597094909,0.280533672173,0.0815495442751
268.9,0.0550672686109,0.804597094909,0.280533672173,0.0815495442751
269,0.0550672686109,0.804597094909,0.280533672173,0.0815495442751
269.1,0.0550672686109,0.804597094909,0.280533672173,0.0815495442751
269.2,0.0550672686109,0.804597094909,0.280533672173,0.0815495442751
269.3,0.0550672686109,0.804597094909,0.280533672173,0.0815495442751
269.4,0.0550672686109,0.804597094909,0.280533672173,0.0815495442751
269.5,0.0550672686109,0.804597094909,0.280533672173,0.0815495442751
269.6,0.0550672686109,0.804597094909,0.280533672173,0.0815495442751
269.7,0.0550672686109,0.804597094909,0.280533672173,0.0815495442751
269.8,0.0550672686109,0.804597094909,0.280533672173,0.0815495442751
269.9,0.0550672686109,0.804597094909,0.280533672173,0.0815495442751
270,0.0550672686109,0.804597094909,0.280533672173,0.0815495442751
270.1,0.0550672686109,0.804597094909,0.280533672173,0.0815495442751
270.2,0.0550672686109,0.804597094909,0.280533672173,0.0815495442751
270.3,0.0550672686109,0.804597094909,0.280533672173,0.0815495442751
270.4,0.0550672686109,0.804597094909,0.280533672173,0.0815495442751
270.5,0.0550672686109,0.804597094909,0.280533672173,0.0815495442751
270.6,0.0550672686109,0.804597094909,0.280533672173,0.0815495442751
270.7,0.0550672686109,0.804597094909,0.280533672173,0.0815495442751
270.8,0.0550672686109,0.804597094909,0.280533672173,0.0815495442751
270.9,0.0550672686109,0.804597094909,0.280533672173,0.0815495442751
271,0.0550672686109,0.804597094909,0.280533672173,0.0815495442751
271.1,0.0550672686109,0.804597094909,0.280533672173,0.0815495442751
271.2,0.0550672686109,0.804597094909,0.280533672173,0.0815495442751
271.3,0.0550672686109,0.804597094909,0.280533672173,0.0815495442751
271.4,0.0550672686109,0.804597094909,0.280533672173,0.0815495442751
271.5,0.0550672686109,0.804597094909,0.280533672173,0.0815495442751
271.6,0.0550672686109,0.804597094909,0.280533672173,0.0815495442751
271.7,0.0550672686109,0.804597094909,0.280533672173,0.0815495442751
271.8,0.0550672686109,0.804597094909,0.280533672173,0.0815495442751
271.9,0.0550672686109,0.804597094909,0.280533672173,0.0815495442751
272,0.0550672686109,0.804597094909,0.280533672173,0.0815495442751
272.1,0.0550672686109,0.804597094909,0.280533672173,0.0815495442751
272.2,0.0550672686109,0.804597094909,0.280533672173,0.0815495442751
272.3,0.0550672686109,0.804597094909,0.280533672173,0.0815495442751
272.4,0.0550672686109,0.804597094909,0.280533672173,0.0815495442751
272.5,0.0550672686109,0.804597094909,0.280533672173,0.0815495442751
272.6,0.0550672686109,0.804597094909,0.280533672173,0.0815495442751
272.7,0.0550672686109,0.804597094909,0.280533672173,0.0815495442751
272.8,0.0550672686109,0.804597094909,0.280533672173,0.0815495442751
272.9,0.0550672686109,0.804597094909,0.280533672173,0.0815495442751
273,0.0550672686109,0.804597094909,0.280533672173,0.0815495442751
273.1,0.0550672686109,0.804597094909,0.280533672173,0.0815495442751
273.2,0.0550672686109,0.804597094909,0.280533672173,0.0815495442751
273.3,0.0550672686109,0.804597094909,0.280533672173,0.0815495442751
273.4,0.0550672686109,0.804597094909,0.280533672173,0.0815495442751
273.5,0.0550672686109,0.804597094909,0.280533672173,0.0815495442751
273.6,0.0550672686109,0.804597094909,0.280533672173,0.0815495442751
273.7,0.0550672686109,0.804597094909,0.280533672173,0.0815495442751
273.8,0.0550672686109,0.804597094909,0.280533672173,0.0815495442751
273.9,0.0550672686109,0.804597094909,0.280533672173,0.0815495442751
274,0.0550672686109,0.804597094909,0.280533672173,0.0815495442751
274.1,0.0550672686109,0.804597094909,0.280533672173,0.0815495442751
274.2,0.0550672686109,0.804597094909,0.280533672173,0.0815495442751
274.3,0.0550672686109,0.804597094909,0.280533672173,0.0815495442751
274.4,0.0550672686109,0.804597094909,0.280533672173,0.0815495442751
274.5,0.0550672686109,0.804597094909,0.280533672173,0.0815495442751
274.6,0.0550672686109,0.804597094909,0.280533672173,0.0815495442751
274.7,0.0550672686109,0.804597094909,0.280533672173,0.0815495442751
274.8,0.0550672686109,0.804597094909,0.280533672173,0.0815495442751
274.9,0.0550672686109,0.804597094909,0.280533672173,0.0815495442751
275,0.0550672686109,0.804597094909,0.280533672173,0.0815495442751
275.1,0.0550672686109,0.804597094909,0.280533672173,0.0815495442751
275.2,0.0550672686109,0.804597094909,0.280533672173,0.0815495442751
275.3,0.0550672686109,0.804597094909,0.280533672173,0.0815495442751
275.4,0.0550672686109,0.804597094909,0.280533672173,0.0815495442751
275.5,0.0550672686109,0.804597094909,0.280533672173,0.0815495442751
275.6,0.0550672686109,0.804597094909,0.280533672173,0.0815495442751
275.7,0.0550672686109,0.804597094909,0.280533672173,0.0815495442751
275.8,0.0550672686109,0.804597094909,0.280533672173,0.0815495442751
275.9,0.0550672686109,0.804597094909,0.280533672173,0.0815495442751
276,0.0550672686109,0.804597094909,0.280533672173,0.0815495442751
276.1,0.0550672686109,0.804597094909,0.280533672173,0.0815495442751
276.2,0.0550672686109,0.804597094909,0.280533672173,0.0815495442751
276.3,0.0550672686109,0.804597094909,0.280533672173,0.0815495442751
276.4,0.0550672686109,0.804597094909,0.280533672173,0.0815495442751
276.5,0.0550672686109,0.804597094909,0.280533672173,0.0815495442751
276.6,0.0550672686109,0.804597094909,0.280533672173,0.0815495442751
276.7,0.0550672686109,0.804597094909,0.280533672173,0.0815495442751
276.8,0.0550672686109,0.804597094909,0.280533672173,0.0815495442751
276.9,0.0550672686109,0.804597094909,0.280533672173,0.0815495442751
277,0.0550672686109,0.804597094909,0.280533672173,0.0815495442751
277.1,0.0550672686109,0.804597094909,0.280533672173,0.0815495442751
277.2,0.0550672686109,0.804597094909,0.280533672173,0.0815495442751
277.3,0.0550672686109,0.804597094909,0.280533672173,0.0815495442751
277.4,0.0550672686109,0.804597094909,0.280533672173,0.0815495442751
277.5,0.0550672686109,0.804597094909,0.280533672173,0.0815495442751
277.6,0.0550672686109,0.804597094909,0.280533672173,0.0815495442751
277.7,0.0550672686109,0.804597094909,0.280533672173,0.0815495442751
277.8,0.0550672686109,0.804597094909,0.280533672173,0.0815495442751
277.9,0.0550672686109,0.804597094909,0.280533672173,0.0815495442751
278,0.0550672686109,0.804597094909,0.280533672173,0.0815495442751
278.1,0.0550672686109,0.804597094909,0.280533672173,0.0815495442751
278.2,0.0550672686109,0.804597094909,0.280533672173,0.0815495442751
278.3,0.0550672686109,0.804597094909,0.280533672173,0.0815495442751
278.4,0.0550672686109,0.804597094909,0.280533672173,0.0815495442751
278.5,0.0550672686109,0.804597094909,0.280533672173,0.0815495442751
278.6,0.0550672686109,0.804597094909,0.280533672173,0.0815495442751
278.7,0.0550672686109,0.804597094909,0.280533672173,0.0815495442751
278.8,0.0550672686109,0.804597094909,0.280533672173,0.0815495442751
278.9,0.0550672686109,0.804597094909,0.280533672173,0.0815495442751
279,0.0550672686109,0.804597094909,0.280533672173,0.0815495442751
279.1,0.0550672686109,0.804597094909,0.280533672173,0.0815495442751
279.2,0.0550672686109,0.804597094909,0.280533672173,0.0815495442751
279.3,0.0550672686109,0.804597094909,0.280533672173,0.0815495442751
279.4,0.0550672686109,0.804597094909,0.280533672173,0.0815495442751
279.5,0.0550672686109,0.804597094909,0.280533672173,0.0815495442751
279.6,0.0550672686109,0.804597094909,0.280533672173,0.0815495442751
279.7,0.0550672686109,0.804597094909,0.280533672173,0.0815495442751
279.8,0.0550672686109,0.804597094909,0.280533672173,0.0815495442751
279.9,0.0550672686109,0.804597094909,0.280533672173,0.0815495442751
280,0.0550672686109,0.804597094909,0.280533672173,0.0815495442751
280.1,0.0550672686109,0.804597094909,0.280533672173,0.0815495442751
280.2,0.0550672686109,0.804597094909,0.280533672173,0.0815495442751
280.3,0.0550672686109,0.804597094909,0.280533672173,0.0815495442751
280.4,0.0550672686109,0.804597094909,0.280533672173,0.0815495442751
280.5,0.0550672686109,0.804597094909,0.280533672173,0.0815495442751
280.6,0.0550672686109,0.804597094909,0.280533672173,0.0815495442751
280.7,0.0550672686109,0.804597094909,0.280533672173,0.0815495442751
280.8,0.0550672686109,0.804597094909,0.280533672173,0.0815495442751
280.9,0.0550672686109,0.804597094909,0.280533672173,0.0815495442751
281,0.0550672686109,0.804597094909,0.280533672173,0.0815495442751
281.1,0.0550672686109,0.804597094909,0.280533672173,0.0815495442751
281.2,0.0550672686109,0.804597094909,0.280533672173,0.0815495442751
281.3,0.0550672686109,0.804597094909,0.280533672173,0.0815495442751
281.4,0.0550672686109,0.804597094909,0.280533672173,0.0815495442751
281.5,0.0550672686109,0.804597094909,0.280533672173,0.0815495442751
281.6,0.0550672686109,0.804597094909,0.280533672173,0.0815495442751
281.7,0.0550672686109,0.804597094909,0.280533672173,0.0815495442751
281.8,0.0550672686109,0.804597094909,0.280533672173,0.0815495442751
281.9,0.0550672686109,0.804597094909,0.280533672173,0.0815495442751
282,0.0550672686109,0.804597094909,0.280533672173,0.0815495442751
282.1,0.0550672686109,0.804597094909,0.280533672173,0.0815495442751
282.2,0.0550672686109,0.804597094909,0.280533672173,0.0815495442751
282.3,0.0550672686109,0.804597094909,0.280533672173,0.0815495442751
282.4,0.0550672686109,0.804597094909,0.280533672173,0.0815495442751
282.5,0.0550672686109,0.804597094909,0.280533672173,0.0815495442751
282.6,0.0550672686109,0.804597094909,0.280533672173,0.0815495442751
282.7,0.0550672686109,0.804597094909,0.280533672173,0.0815495442751
282.8,0.0550672686109,0.804597094909,0.280533672173,0.0815495442751
282.9,0.0550672686109,0.804597094909,0.280533672173,0.0815495442751
283,0.0550672686109,0.804597094909,0.280533672173,0.0815495442751
283.1,0.0550672686109,0.804597094909,0.280533672173,0.0815495442751
283.2,0.0550672686109,0.804597094909,0.280533672173,0.0815495442751
283.3,0.0550672686109,0.804597094909,0.280533672173,0.0815495442751
283.4,0.0550672686109,0.804597094909,0.280533672173,0.0815495442751
283.5,0.0550672686109,0.804597094909,0.280533672173,0.0815495442751
283.6,0.0550672686109,0.804597094909,0.280533672173,0.0815495442751
283.7,0.0550672686109,0.804597094909,0.280533672173,0.0815495442751
283.8,0.0550672686109,0.804597094909,0.280533672173,0.0815495442751
283.9,0.0550672686109,0.804597094909,0.280533672173,0.0815495442751
284,0.0550672686109,0.804597094909,0.280533672173,0.0815495442751
284.1,0.0550672686109,0.804597094909,0.280533672173,0.0815495442751
284.2,0.0550672686109,0.804597094909,0.280533672173,0.0815495442751
284.3,0.0550672686109,0.804597094909,0.280533672173,0.0815495442751
284.4,0.0550672686109,0.804597094909,0.280533672173,0.0815495442751
284.5,0.0550672686109,0.804597094909,0.280533672173,0.0815495442751
284.6,0.0550672686109,0.804597094909,0.280533672173,0.0815495442751
284.7,0.0550672686109,0.804597094909,0.280533672173,0.0815495442751
284.8,0.0550672686109,0.804597094909,0.280533672173,0.0815495442751
284.9,0.0550672686109,0.804597094909,0.280533672173,0.0815495442751
285,0.0550672686109,0.804597094909,0.280533672173,0.0815495442751
285.1,0.0550672686109,0.804597094909,0.280533672173,0.0815495442751
285.2,0.0550672686109,0.804597094909,0.280533672173,0.0815495442751
285.3,0.0550672686109,0.804597094909,0.280533672173,0.0815495442751
285.4,0.0550672686109,0.804597094909,0.280533672173,0.0815495442751
285.5,0.0550672686109,0.804597094909,0.280533672173,0.0815495442751
285.6,0.0550672686109,0.804597094909,0.280533672173,0.0815495442751
285.7,0.0550672686109,0.804597094909,0.280533672173,0.0815495442751
285.8,0.0550672686109,0.804597094909,0.280533672173,0.0815495442751
285.9,0.0550672686109,0.804597094909,0.280533672173,0.0815495442751
286,0.0550672686109,0.804597094909,0.280533672173,0.0815495442751
286.1,0.0550672686109,0.804597094909,0.280533672173,0.0815495442751
286.2,0.0550672686109,0.804597094909,0.280533672173,0.0815495442751
286.3,0.0550672686109,0.804597094909,0.280533672173,0.0815495442751
286.4,0.0550672686109,0.804597094909,0.280533672173,0.0815495442751
286.5,0.0550672686109,0.804597094909,0.280533672173,0.0815495442751
286.6,0.0550672686109,0.804597094909,0.280533672173,0.0815495442751
286.7,0.0550672686109,0.804597094909,0.280533672173,0.0815495442751
286.8,0.0550672686109,0.804597094909,0.280533672173,0.0815495442751
286.9,0.0550672686109,0.804597094909,0.280533672173,0.0815495442751
287,0.0550672686109,0.804597094909,0.280533672173,0.0815495442751
287.1,0.0550672686109,0.804597094909,0.280533672173,0.0815495442751
287.2,0.0550672686109,0.804597094909,0.280533672173,0.0815495442751
287.3,0.0550672686109,0.804597094909,0.280533672173,0.0815495442751
287.4,0.0550672686109,0.804597094909,0.280533672173,0.0815495442751
287.5,0.0550672686109,0.804597094909,0.280533672173,0.0815495442751
287.6,0.0550672686109,0.804597094909,0.280533672173,0.0815495442751
287.7,0.0550672686109,0.804597094909,0.280533672173,0.0815495442751
287.8,0.0550672686109,0.804597094909,0.280533672173,0.0815495442751
287.9,0.0550672686109,0.804597094909,0.280533672173,0.0815495442751
288,0.0550672686109,0.804597094909,0.280533672173,0.0815495442751
288.1,0.0550672686109,0.804597094909,0.280533672173,0.0815495442751
288.2,0.0550672686109,0.804597094909,0.280533672173,0.0815495442751
288.3,0.0550672686109,0.804597094909,0.280533672173,0.0815495442751
288.4,0.0550672686109,0.804597094909,0.280533672173,0.0815495442751
288.5,0.0550672686109,0.804597094909,0.280533672173,0.0815495442751
288.6,0.0550672686109,0.804597094909,0.280533672173,0.0815495442751
288.7,0.0550672686109,0.804597094909,0.280533672173,0.0815495442751
288.8,0.0550672686109,0.804597094909,0.280533672173,0.0815495442751
288.9,0.0550672686109,0.804597094909,0.280533672173,0.0815495442751
289,0.0550672686109,0.804597094909,0.280533672173,0.0815495442751
289.1,0.0550672686109,0.804597094909,0.280533672173,0.0815495442751
289.2,0.0550672686109,0.804597094909,0.280533672173,0.0815495442751
289.3,0.0550672686109,0.804597094909,0.280533672173,0.0815495442751
289.4,0.0550672686109,0.804597094909,0.280533672173,0.0815495442751
289.5,0.0550672686109,0.804597094909,0.280533672173,0.0815495442751
289.6,0.0550672686109,0.804597094909,0.280533672173,0.0815495442751
289.7,0.0550672686109,0.804597094909,0.280533672173,0.0815495442751
289.8,0.0550672686109,0.804597094909,0.280533672173,0.0815495442751
289.9,0.0550672686109,0.804597094909,0.280533672173,0.0815495442751
290,0.0550672686109,0.804597094909,0.280533672173,0.0815495442751
290.1,0.0550672686109,0.804597094909,0.280533672173,0.0815495442751
290.2,0.0550672686109,0.804597094909,0.280533672173,0.0815495442751
290.3,0.0550672686109,0.804597094909,0.280533672173,0.0815495442751
290.4,0.0550672686109,0.804597094909,0.280533672173,0.0815495442751
290.5,0.0550672686109,0.804597094909,0.280533672173,0.0815495442751
290.6,0.0550672686109,0.804597094909,0.280533672173,0.0815495442751
290.7,0.0550672686109,0.804597094909,0.280533672173,0.0815495442751
290.8,0.0550672686109,0.804597094909,0.280533672173,0.0815495442751
290.9,0.0550672686109,0.804597094909,0.280533672173,0.0815495442751
291,0.0550672686109,0.804597094909,0.280533672173,0.0815495442751
291.1,0.0550672686109,0.804597094909,0.280533672173,0.0815495442751
291.2,0.0550672686109,0.804597094909,0.280533672173,0.0815495442751
291.3,0.0550672686109,0.804597094909,0.280533672173,0.0815495442751
291.4,0.0550672686109,0.804597094909,0.280533672173,0.0815495442751
291.5,0.0550672686109,0.804597094909,0.280533672173,0.0815495442751
291.6,0.0550672686109,0.804597094909,0.280533672173,0.0815495442751
291.7,0.0550672686109,0.804597094909,0.280533672173,0.0815495442751
291.8,0.0550672686109,0.804597094909,0.280533672173,0.0815495442751
291.9,0.0550672686109,0.804597094909,0.280533672173,0.0815495442751
292,0.0550672686109,0.804597094909,0.280533672173,0.0815495442751
292.1,0.0550672686109,0.804597094909,0.280533672173,0.0815495442751
292.2,0.0550672686109,0.804597094909,0.280533672173,0.0815495442751
292.3,0.0550672686109,0.804597094909,0.280533672173,0.0815495442751
292.4,0.0550672686109,0.804597094909,0.280533672173,0.0815495442751
292.5,0.0550672686109,0.804597094909,0.280533672173,0.0815495442751
292.6,0.0550672686109,0.804597094909,0.280533672173,0.0815495442751
292.7,0.0550672686109,0.804597094909,0.280533672173,0.0815495442751
292.8,0.0550672686109,0.804597094909,0.280533672173,0.0815495442751
292.9,0.0550672686109,0.804597094909,0.280533672173,0.0815495442751
293,0.0550672686109,0.804597094909,0.280533672173,0.0815495442751
293.1,0.0550672686109,0.804597094909,0.280533672173,0.0815495442751
293.2,0.0550672686109,0.804597094909,0.280533672173,0.0815495442751
293.3,0.0550672686109,0.804597094909,0.280533672173,0.0815495442751
293.4,0.0550672686109,0.804597094909,0.280533672173,0.0815495442751
293.5,0.0550672686109,0.804597094909,0.280533672173,0.0815495442751
293.6,0.0550672686109,0.804597094909,0.280533672173,0.0815495442751
293.7,0.0550672686109,0.804597094909,0.280533672173,0.0815495442751
293.8,0.0550672686109,0.804597094909,0.280533672173,0.0815495442751
293.9,0.0550672686109,0.804597094909,0.280533672173,0.0815495442751
294,0.0550672686109,0.804597094909,0.280533672173,0.0815495442751
294.1,0.0550672686109,0.804597094909,0.280533672173,0.0815495442751
294.2,0.0550672686109,0.804597094909,0.280533672173,0.0815495442751
294.3,0.0550672686109,0.804597094909,0.280533672173,0.0815495442751
294.4,0.0550672686109,0.804597094909,0.280533672173,0.0815495442751
294.5,0.0550672686109,0.804597094909,0.280533672173,0.0815495442751
294.6,0.0550672686109,0.804597094909,0.280533672173,0.0815495442751
294.7,0.0550672686109,0.804597094909,0.280533672173,0.0815495442751
294.8,0.0550672686109,0.804597094909,0.280533672173,0.0815495442751
294.9,0.0550672686109,0.804597094909,0.280533672173,0.0815495442751
295,0.0550672686109,0.804597094909,0.280533672173,0.0815495442751
295.1,0.0550672686109,0.804597094909,0.280533672173,0.0815495442751
295.2,0.0550672686109,0.804597094909,0.280533672173,0.0815495442751
295.3,0.0550672686109,0.804597094909,0.280533672173,0.0815495442751
295.4,0.0550672686109,0.804597094909,0.280533672173,0.0815495442751
295.5,0.0550672686109,0.804597094909,0.280533672173,0.0815495442751
295.6,0.0550672686109,0.804597094909,0.280533672173,0.0815495442751
295.7,0.0550672686109,0.804597094909,0.280533672173,0.0815495442751
295.8,0.0550672686109,0.804597094909,0.280533672173,0.0815495442751
295.9,0.0550672686109,0.804597094909,0.280533672173,0.0815495442751
296,0.0550672686109,0.804597094909,0.280533672173,0.0815495442751
296.1,0.0550672686109,0.804597094909,0.280533672173,0.0815495442751
296.2,0.0550672686109,0.804597094909,0.280533672173,0.0815495442751
296.3,0.0550672686109,0.804597094909,0.280533672173,0.0815495442751
296.4,0.0550672686109,0.804597094909,0.280533672173,0.0815495442751
296.5,0.0550672686109,0.804597094909,0.280533672173,0.0815495442751
296.6,0.0550672686109,0.804597094909,0.280533672173,0.0815495442751
296.7,0.0550672686109,0.804597094909,0.280533672173,0.0815495442751
296.8,0.0550672686109,0.804597094909,0.280533672173,0.0815495442751
296.9,0.0550672686109,0.804597094909,0.280533672173,0.0815495442751
297,0.0550672686109,0.804597094909,0.280533672173,0.0815495442751
297.1,0.0550672686109,0.804597094909,0.280533672173,0.0815495442751
297.2,0.0550672686109,0.804597094909,0.280533672173,0.0815495442751
297.3,0.0550672686109,0.804597094909,0.280533672173,0.0815495442751
297.4,0.0550672686109,0.804597094909,0.280533672173,0.0815495442751
297.5,0.0550672686109,0.804597094909,0.280533672173,0.0815495442751
297.6,0.0550672686109,0.804597094909,0.280533672173,0.0815495442751
297.7,0.0550672686109,0.804597094909,0.280533672173,0.0815495442751
297.8,0.0550672686109,0.804597094909,0.280533672173,0.0815495442751
297.9,0.0550672686109,0.804597094909,0.280533672173,0.0815495442751
298,0.0550672686109,0.804597094909,0.280533672173,0.0815495442751
298.1,0.0550672686109,0.804597094909,0.280533672173,0.0815495442751
298.2,0.0550672686109,0.804597094909,0.280533672173,0.0815495442751
298.3,0.0550672686109,0.804597094909,0.280533672173,0.0815495442751
298.4,0.0550672686109,0.804597094909,0.280533672173,0.0815495442751
298.5,0.0550672686109,0.804597094909,0.280533672173,0.0815495442751
298.6,0.0550672686109,0.804597094909,0.280533672173,0.0815495442751
298.7,0.0550672686109,0.804597094909,0.280533672173,0.0815495442751
298.8,0.0550672686109,0.804597094909,0.280533672173,0.0815495442751
298.9,0.0550672686109,0.804597094909,0.280533672173,0.0815495442751
299,0.0550672686109,0.804597094909,0.280533672173,0.0815495442751
299.1,0.0550672686109,0.804597094909,0.280533672173,0.0815495442751
299.2,0.0550672686109,0.804597094909,0.280533672173,0.0815495442751
299.3,0.0550672686109,0.804597094909,0.280533672173,0.0815495442751
299.4,0.0550672686109,0.804597094909,0.280533672173,0.0815495442751
299.5,0.0550672686109,0.804597094909,0.280533672173,0.0815495442751
299.6,0.0550672686109,0.804597094909,0.280533672173,0.0815495442751
299.7,0.0550672686109,0.804597094909,0.280533672173,0.0815495442751
299.8,0.0550672686109,0.804597094909,0.280533672173,0.0815495442751
299.9,0.0550672686109,0.804597094909,0.280533672173,0.0815495442751
300,0.0550672686109,0.804597094909,0.280533672173,0.0815495442751
300.1,0.0550672686109,0.804597094909,0.280533672173,0.0815495442751
300.2,0.0550672686109,0.804597094909,0.280533672173,0.0815495442751
300.3,0.0550672686109,0.804597094909,0.280533672173,0.0815495442751
300.4,0.0550672686109,0.804597094909,0.280533672173,0.0815495442751
300.5,0.0550672686109,0.804597094909,0.280533672173,0.0815495442751
300.6,0.0550672686109,0.804597094909,0.280533672173,0.0815495442751
300.7,0.0550672686109,0.804597094909,0.280533672173,0.0815495442751
300.8,0.0550672686109,0.804597094909,0.280533672173,0.0815495442751
300.9,0.0550672686109,0.804597094909,0.280533672173,0.0815495442751
301,0.0550672686109,0.804597094909,0.280533672173,0.0815495442751
301.1,0.0550672686109,0.804597094909,0.280533672173,0.0815495442751
301.2,0.0550672686109,0.804597094909,0.280533672173,0.0815495442751
301.3,0.0550672686109,0.804597094909,0.280533672173,0.0815495442751
301.4,0.0550672686109,0.804597094909,0.280533672173,0.0815495442751
301.5,0.0550672686109,0.804597094909,0.280533672173,0.0815495442751
301.6,0.0550672686109,0.804597094909,0.280533672173,0.0815495442751
301.7,0.0550672686109,0.804597094909,0.280533672173,0.0815495442751
301.8,0.0550672686109,0.804597094909,0.280533672173,0.0815495442751
301.9,0.0550672686109,0.804597094909,0.280533672173,0.0815495442751
302,0.0550672686109,0.804597094909,0.280533672173,0.0815495442751
302.1,0.0550672686109,0.804597094909,0.280533672173,0.0815495442751
302.2,0.0550672686109,0.804597094909,0.280533672173,0.0815495442751
302.3,0.0550672686109,0.804597094909,0.280533672173,0.0815495442751
302.4,0.0550672686109,0.804597094909,0.280533672173,0.0815495442751
302.5,0.0550672686109,0.804597094909,0.280533672173,0.0815495442751
302.6,0.0550672686109,0.804597094909,0.280533672173,0.0815495442751
302.7,0.0550672686109,0.804597094909,0.280533672173,0.0815495442751
302.8,0.0550672686109,0.804597094909,0.280533672173,0.0815495442751
302.9,0.0550672686109,0.804597094909,0.280533672173,0.0815495442751
303,0.0550672686109,0.804597094909,0.280533672173,0.0815495442751
303.1,0.0550672686109,0.804597094909,0.280533672173,0.0815495442751
303.2,0.0550672686109,0.804597094909,0.280533672173,0.0815495442751
303.3,0.0550672686109,0.804597094909,0.280533672173,0.0815495442751
303.4,0.0550672686109,0.804597094909,0.280533672173,0.0815495442751
303.5,0.0550672686109,0.804597094909,0.280533672173,0.0815495442751
303.6,0.0550672686109,0.804597094909,0.280533672173,0.0815495442751
303.7,0.0550672686109,0.804597094909,0.280533672173,0.0815495442751
303.8,0.0550672686109,0.804597094909,0.280533672173,0.0815495442751
303.9,0.0550672686109,0.804597094909,0.280533672173,0.0815495442751
304,0.0550672686109,0.804597094909,0.280533672173,0.0815495442751
304.1,0.0550672686109,0.804597094909,0.280533672173,0.0815495442751
304.2,0.0550672686109,0.804597094909,0.280533672173,0.0815495442751
304.3,0.0550672686109,0.804597094909,0.280533672173,0.0815495442751
304.4,0.0550672686109,0.804597094909,0.280533672173,0.0815495442751
304.5,0.0550672686109,0.804597094909,0.280533672173,0.0815495442751
304.6,0.0550672686109,0.804597094909,0.280533672173,0.0815495442751
304.7,0.0550672686109,0.804597094909,0.280533672173,0.0815495442751
304.8,0.0550672686109,0.804597094909,0.280533672173,0.0815495442751
304.9,0.0550672686109,0.804597094909,0.280533672173,0.0815495442751
305,0.0550672686109,0.804597094909,0.280533672173,0.0815495442751
305.1,0.0550672686109,0.804597094909,0.280533672173,0.0815495442751
305.2,0.0550672686109,0.804597094909,0.280533672173,0.0815495442751
305.3,0.0550672686109,0.804597094909,0.280533672173,0.0815495442751
305.4,0.0550672686109,0.804597094909,0.280533672173,0.0815495442751
305.5,0.0550672686109,0.804597094909,0.280533672173,0.0815495442751
305.6,0.0550672686109,0.804597094909,0.280533672173,0.0815495442751
305.7,0.0550672686109,0.804597094909,0.280533672173,0.0815495442751
305.8,0.0550672686109,0.804597094909,0.280533672173,0.0815495442751
305.9,0.0550672686109,0.804597094909,0.280533672173,0.0815495442751
306,0.0550672686109,0.804597094909,0.280533672173,0.0815495442751
306.1,0.0550672686109,0.804597094909,0.280533672173,0.0815495442751
306.2,0.0550672686109,0.804597094909,0.280533672173,0.0815495442751
306.3,0.0550672686109,0.804597094909,0.280533672173,0.0815495442751
306.4,0.0550672686109,0.804597094909,0.280533672173,0.0815495442751
306.5,0.0550672686109,0.804597094909,0.280533672173,0.0815495442751
306.6,0.0550672686109,0.804597094909,0.280533672173,0.0815495442751
306.7,0.0550672686109,0.804597094909,0.280533672173,0.0815495442751
306.8,0.0550672686109,0.804597094909,0.280533672173,0.0815495442751
306.9,0.0550672686109,0.804597094909,0.280533672173,0.0815495442751
307,0.0550672686109,0.804597094909,0.280533672173,0.0815495442751
307.1,0.0550672686109,0.804597094909,0.280533672173,0.0815495442751
307.2,0.0550672686109,0.804597094909,0.280533672173,0.0815495442751
307.3,0.0550672686109,0.804597094909,0.280533672173,0.0815495442751
307.4,0.0550672686109,0.804597094909,0.280533672173,0.0815495442751
307.5,0.0550672686109,0.804597094909,0.280533672173,0.0815495442751
307.6,0.0550672686109,0.804597094909,0.280533672173,0.0815495442751
307.7,0.0550672686109,0.804597094909,0.280533672173,0.0815495442751
307.8,0.0550672686109,0.804597094909,0.280533672173,0.0815495442751
307.9,0.0550672686109,0.804597094909,0.280533672173,0.0815495442751
308,0.0550672686109,0.804597094909,0.280533672173,0.0815495442751
308.1,0.0550672686109,0.804597094909,0.280533672173,0.0815495442751
308.2,0.0550672686109,0.804597094909,0.280533672173,0.0815495442751
308.3,0.0550672686109,0.804597094909,0.280533672173,0.0815495442751
308.4,0.0550672686109,0.804597094909,0.280533672173,0.0815495442751
308.5,0.0550672686109,0.804597094909,0.280533672173,0.0815495442751
308.6,0.0550672686109,0.804597094909,0.280533672173,0.0815495442751
308.7,0.0550672686109,0.804597094909,0.280533672173,0.0815495442751
308.8,0.0550672686109,0.804597094909,0.280533672173,0.0815495442751
308.9,0.0550672686109,0.804597094909,0.280533672173,0.0815495442751
309,0.0550672686109,0.804597094909,0.280533672173,0.0815495442751
309.1,0.0550672686109,0.804597094909,0.280533672173,0.0815495442751
309.2,0.0550672686109,0.804597094909,0.280533672173,0.0815495442751
309.3,0.0550672686109,0.804597094909,0.280533672173,0.0815495442751
309.4,0.0550672686109,0.804597094909,0.280533672173,0.0815495442751
309.5,0.0550672686109,0.804597094909,0.280533672173,0.0815495442751
309.6,0.0550672686109,0.804597094909,0.280533672173,0.0815495442751
309.7,0.0550672686109,0.804597094909,0.280533672173,0.0815495442751
309.8,0.0550672686109,0.804597094909,0.280533672173,0.0815495442751
309.9,0.0550672686109,0.804597094909,0.280533672173,0.0815495442751
310,0.0550672686109,0.804597094909,0.280533672173,0.0815495442751
310.1,0.0550672686109,0.804597094909,0.280533672173,0.0815495442751
310.2,0.0550672686109,0.804597094909,0.280533672173,0.0815495442751
310.3,0.0550672686109,0.804597094909,0.280533672173,0.0815495442751
310.4,0.0550672686109,0.804597094909,0.280533672173,0.0815495442751
310.5,0.0550672686109,0.804597094909,0.280533672173,0.0815495442751
310.6,0.0550672686109,0.804597094909,0.280533672173,0.0815495442751
310.7,0.0550672686109,0.804597094909,0.280533672173,0.0815495442751
310.8,0.0550672686109,0.804597094909,0.280533672173,0.0815495442751
310.9,0.0550672686109,0.804597094909,0.280533672173,0.0815495442751
311,0.0550672686109,0.804597094909,0.280533672173,0.0815495442751
311.1,0.0550672686109,0.804597094909,0.280533672173,0.0815495442751
311.2,0.0550672686109,0.804597094909,0.280533672173,0.0815495442751
311.3,0.0550672686109,0.804597094909,0.280533672173,0.0815495442751
311.4,0.0550672686109,0.804597094909,0.280533672173,0.0815495442751
311.5,0.0550672686109,0.804597094909,0.280533672173,0.0815495442751
311.6,0.0550672686109,0.804597094909,0.280533672173,0.0815495442751
311.7,0.0550672686109,0.804597094909,0.280533672173,0.0815495442751
311.8,0.0550672686109,0.804597094909,0.280533672173,0.0815495442751
311.9,0.0550672686109,0.804597094909,0.280533672173,0.0815495442751
312,0.0550672686109,0.804597094909,0.280533672173,0.0815495442751
312.1,0.0550672686109,0.804597094909,0.280533672173,0.0815495442751
312.2,0.0550672686109,0.804597094909,0.280533672173,0.0815495442751
312.3,0.0550672686109,0.804597094909,0.280533672173,0.0815495442751
312.4,0.0550672686109,0.804597094909,0.280533672173,0.0815495442751
312.5,0.0550672686109,0.804597094909,0.280533672173,0.0815495442751
312.6,0.0550672686109,0.804597094909,0.280533672173,0.0815495442751
312.7,0.0550672686109,0.804597094909,0.280533672173,0.0815495442751
312.8,0.0550672686109,0.804597094909,0.280533672173,0.0815495442751
312.9,0.0550672686109,0.804597094909,0.280533672173,0.0815495442751
313,0.0550672686109,0.804597094909,0.280533672173,0.0815495442751
313.1,0.0550672686109,0.804597094909,0.280533672173,0.0815495442751
313.2,0.0550672686109,0.804597094909,0.280533672173,0.0815495442751
313.3,0.0550672686109,0.804597094909,0.280533672173,0.0815495442751
313.4,0.0550672686109,0.804597094909,0.280533672173,0.0815495442751
313.5,0.0550672686109,0.804597094909,0.280533672173,0.0815495442751
313.6,0.0550672686109,0.804597094909,0.280533672173,0.0815495442751
313.7,0.0550672686109,0.804597094909,0.280533672173,0.0815495442751
313.8,0.0550672686109,0.804597094909,0.280533672173,0.0815495442751
313.9,0.0550672686109,0.804597094909,0.280533672173,0.0815495442751
314,0.0550672686109,0.804597094909,0.280533672173,0.0815495442751
314.1,0.0550672686109,0.804597094909,0.280533672173,0.0815495442751
314.2,0.0550672686109,0.804597094909,0.280533672173,0.0815495442751
314.3,0.0550672686109,0.804597094909,0.280533672173,0.0815495442751
314.4,0.0550672686109,0.804597094909,0.280533672173,0.0815495442751
314.5,0.0550672686109,0.804597094909,0.280533672173,0.0815495442751
314.6,0.0550672686109,0.804597094909,0.280533672173,0.0815495442751
314.7,0.0550672686109,0.804597094909,0.280533672173,0.0815495442751
314.8,0.0550672686109,0.804597094909,0.280533672173,0.0815495442751
314.9,0.0550672686109,0.804597094909,0.280533672173,0.0815495442751
315,0.0550672686109,0.804597094909,0.280533672173,0.0815495442751
315.1,0.0550672686109,0.804597094909,0.280533672173,0.0815495442751
315.2,0.0550672686109,0.804597094909,0.280533672173,0.0815495442751
315.3,0.0550672686109,0.804597094909,0.280533672173,0.0815495442751
315.4,0.0550672686109,0.804597094909,0.280533672173,0.0815495442751
315.5,0.0550672686109,0.804597094909,0.280533672173,0.0815495442751
315.6,0.0550672686109,0.804597094909,0.280533672173,0.0815495442751
315.7,0.0550672686109,0.804597094909,0.280533672173,0.0815495442751
315.8,0.0550672686109,0.804597094909,0.280533672173,0.0815495442751
315.9,0.0550672686109,0.804597094909,0.280533672173,0.0815495442751
316,0.0550672686109,0.804597094909,0.280533672173,0.0815495442751
316.1,0.0550672686109,0.804597094909,0.280533672173,0.0815495442751
316.2,0.0550672686109,0.804597094909,0.280533672173,0.0815495442751
316.3,0.0550672686109,0.804597094909,0.280533672173,0.0815495442751
316.4,0.0550672686109,0.804597094909,0.280533672173,0.0815495442751
316.5,0.0550672686109,0.804597094909,0.280533672173,0.0815495442751
316.6,0.0550672686109,0.804597094909,0.280533672173,0.0815495442751
316.7,0.0550672686109,0.804597094909,0.280533672173,0.0815495442751
316.8,0.0550672686109,0.804597094909,0.280533672173,0.0815495442751
316.9,0.0550672686109,0.804597094909,0.280533672173,0.0815495442751
317,0.0550672686109,0.804597094909,0.280533672173,0.0815495442751
317.1,0.0550672686109,0.804597094909,0.280533672173,0.0815495442751
317.2,0.0550672686109,0.804597094909,0.280533672173,0.0815495442751
317.3,0.0550672686109,0.804597094909,0.280533672173,0.0815495442751
317.4,0.0550672686109,0.804597094909,0.280533672173,0.0815495442751
317.5,0.0550672686109,0.804597094909,0.280533672173,0.0815495442751
317.6,0.0550672686109,0.804597094909,0.280533672173,0.0815495442751
317.7,0.0550672686109,0.804597094909,0.280533672173,0.0815495442751
317.8,0.0550672686109,0.804597094909,0.280533672173,0.0815495442751
317.9,0.0550672686109,0.804597094909,0.280533672173,0.0815495442751
318,0.0550672686109,0.804597094909,0.280533672173,0.0815495442751
318.1,0.0550672686109,0.804597094909,0.280533672173,0.0815495442751
318.2,0.0550672686109,0.804597094909,0.280533672173,0.0815495442751
318.3,0.0550672686109,0.804597094909,0.280533672173,0.0815495442751
318.4,0.0550672686109,0.804597094909,0.280533672173,0.0815495442751
318.5,0.0550672686109,0.804597094909,0.280533672173,0.0815495442751
318.6,0.0550672686109,0.804597094909,0.280533672173,0.0815495442751
318.7,0.0550672686109,0.804597094909,0.280533672173,0.0815495442751
318.8,0.0550672686109,0.804597094909,0.280533672173,0.0815495442751
318.9,0.0550672686109,0.804597094909,0.280533672173,0.0815495442751
319,0.0550672686109,0.804597094909,0.280533672173,0.0815495442751
319.1,0.0550672686109,0.804597094909,0.280533672173,0.0815495442751
319.2,0.0550672686109,0.804597094909,0.280533672173,0.0815495442751
319.3,0.0550672686109,0.804597094909,0.280533672173,0.0815495442751
319.4,0.0550672686109,0.804597094909,0.280533672173,0.0815495442751
319.5,0.0550672686109,0.804597094909,0.280533672173,0.0815495442751
319.6,0.0550672686109,0.804597094909,0.280533672173,0.0815495442751
319.7,0.0550672686109,0.804597094909,0.280533672173,0.0815495442751
319.8,0.0550672686109,0.804597094909,0.280533672173,0.0815495442751
319.9,0.0550672686109,0.804597094909,0.280533672173,0.0815495442751
320,0.0550672686109,0.804597094909,0.280533672173,0.0815495442751
320.1,0.0550672686109,0.804597094909,0.280533672173,0.0815495442751
320.2,0.0550672686109,0.804597094909,0.280533672173,0.0815495442751
320.3,0.0550672686109,0.804597094909,0.280533672173,0.0815495442751
320.4,0.0550672686109,0.804597094909,0.280533672173,0.0815495442751
320.5,0.0550672686109,0.804597094909,0.280533672173,0.0815495442751
320.6,0.0550672686109,0.804597094909,0.280533672173,0.0815495442751
320.7,0.0550672686109,0.804597094909,0.280533672173,0.0815495442751
320.8,0.0550672686109,0.804597094909,0.280533672173,0.0815495442751
320.9,0.0550672686109,0.804597094909,0.280533672173,0.0815495442751
321,0.0550672686109,0.804597094909,0.280533672173,0.0815495442751
321.1,0.0550672686109,0.804597094909,0.280533672173,0.0815495442751
321.2,0.0550672686109,0.804597094909,0.280533672173,0.0815495442751
321.3,0.0550672686109,0.804597094909,0.280533672173,0.0815495442751
321.4,0.0550672686109,0.804597094909,0.280533672173,0.0815495442751
321.5,0.0550672686109,0.804597094909,0.280533672173,0.0815495442751
321.6,0.0550672686109,0.804597094909,0.280533672173,0.0815495442751
321.7,0.0550672686109,0.804597094909,0.280533672173,0.0815495442751
321.8,0.0550672686109,0.804597094909,0.280533672173,0.0815495442751
321.9,0.0550672686109,0.804597094909,0.280533672173,0.0815495442751
322,0.0550672686109,0.804597094909,0.280533672173,0.0815495442751
322.1,0.0550672686109,0.804597094909,0.280533672173,0.0815495442751
322.2,0.0550672686109,0.804597094909,0.280533672173,0.0815495442751
322.3,0.0550672686109,0.804597094909,0.280533672173,0.0815495442751
322.4,0.0550672686109,0.804597094909,0.280533672173,0.0815495442751
322.5,0.0550672686109,0.804597094909,0.280533672173,0.0815495442751
322.6,0.0550672686109,0.804597094909,0.280533672173,0.0815495442751
322.7,0.0550672686109,0.804597094909,0.280533672173,0.0815495442751
322.8,0.0550672686109,0.804597094909,0.280533672173,0.0815495442751
322.9,0.0550672686109,0.804597094909,0.280533672173,0.0815495442751
323,0.0550672686109,0.804597094909,0.280533672173,0.0815495442751
323.1,0.0550672686109,0.804597094909,0.280533672173,0.0815495442751
323.2,0.0550672686109,0.804597094909,0.280533672173,0.0815495442751
323.3,0.0550672686109,0.804597094909,0.280533672173,0.0815495442751
323.4,0.0550672686109,0.804597094909,0.280533672173,0.0815495442751
323.5,0.0550672686109,0.804597094909,0.280533672173,0.0815495442751
323.6,0.0550672686109,0.804597094909,0.280533672173,0.0815495442751
323.7,0.0550672686109,0.804597094909,0.280533672173,0.0815495442751
323.8,0.0550672686109,0.804597094909,0.280533672173,0.0815495442751
323.9,0.0550672686109,0.804597094909,0.280533672173,0.0815495442751
324,0.0550672686109,0.804597094909,0.280533672173,0.0815495442751
324.1,0.0550672686109,0.804597094909,0.280533672173,0.0815495442751
324.2,0.0550672686109,0.804597094909,0.280533672173,0.0815495442751
324.3,0.0550672686109,0.804597094909,0.280533672173,0.0815495442751
324.4,0.0550672686109,0.804597094909,0.280533672173,0.0815495442751
324.5,0.0550672686109,0.804597094909,0.280533672173,0.0815495442751
324.6,0.0550672686109,0.804597094909,0.280533672173,0.0815495442751
324.7,0.0550672686109,0.804597094909,0.280533672173,0.0815495442751
324.8,0.0550672686109,0.804597094909,0.280533672173,0.0815495442751
324.9,0.0550672686109,0.804597094909,0.280533672173,0.0815495442751
325,0.0550672686109,0.804597094909,0.280533672173,0.0815495442751
325.1,0.0550672686109,0.804597094909,0.280533672173,0.0815495442751
325.2,0.0550672686109,0.804597094909,0.280533672173,0.0815495442751
325.3,0.0550672686109,0.804597094909,0.280533672173,0.0815495442751
325.4,0.0550672686109,0.804597094909,0.280533672173,0.0815495442751
325.5,0.0550672686109,0.804597094909,0.280533672173,0.0815495442751
325.6,0.0550672686109,0.804597094909,0.280533672173,0.0815495442751
325.7,0.0550672686109,0.804597094909,0.280533672173,0.0815495442751
325.8,0.0550672686109,0.804597094909,0.280533672173,0.0815495442751
325.9,0.0550672686109,0.804597094909,0.280533672173,0.0815495442751
326,0.0550672686109,0.804597094909,0.280533672173,0.0815495442751
326.1,0.0550672686109,0.804597094909,0.280533672173,0.0815495442751
326.2,0.0550672686109,0.804597094909,0.280533672173,0.0815495442751
326.3,0.0550672686109,0.804597094909,0.280533672173,0.0815495442751
326.4,0.0550672686109,0.804597094909,0.280533672173,0.0815495442751
326.5,0.0550672686109,0.804597094909,0.280533672173,0.0815495442751
326.6,0.0550672686109,0.804597094909,0.280533672173,0.0815495442751
326.7,0.0550672686109,0.804597094909,0.280533672173,0.0815495442751
326.8,0.0550672686109,0.804597094909,0.280533672173,0.0815495442751
326.9,0.0550672686109,0.804597094909,0.280533672173,0.0815495442751
327,0.0550672686109,0.804597094909,0.280533672173,0.0815495442751
327.1,0.0550672686109,0.804597094909,0.280533672173,0.0815495442751
327.2,0.0550672686109,0.804597094909,0.280533672173,0.0815495442751
327.3,0.0550672686109,0.804597094909,0.280533672173,0.0815495442751
327.4,0.0550672686109,0.804597094909,0.280533672173,0.0815495442751
327.5,0.0550672686109,0.804597094909,0.280533672173,0.0815495442751
327.6,0.0550672686109,0.804597094909,0.280533672173,0.0815495442751
327.7,0.0550672686109,0.804597094909,0.280533672173,0.0815495442751
327.8,0.0550672686109,0.804597094909,0.280533672173,0.0815495442751
327.9,0.0550672686109,0.804597094909,0.280533672173,0.0815495442751
328,0.0550672686109,0.804597094909,0.280533672173,0.0815495442751
328.1,0.0550672686109,0.804597094909,0.280533672173,0.0815495442751
328.2,0.0550672686109,0.804597094909,0.280533672173,0.0815495442751
328.3,0.0550672686109,0.804597094909,0.280533672173,0.0815495442751
328.4,0.0550672686109,0.804597094909,0.280533672173,0.0815495442751
328.5,0.0550672686109,0.804597094909,0.280533672173,0.0815495442751
328.6,0.0550672686109,0.804597094909,0.280533672173,0.0815495442751
328.7,0.0550672686109,0.804597094909,0.280533672173,0.0815495442751
328.8,0.0550672686109,0.804597094909,0.280533672173,0.0815495442751
328.9,0.0550672686109,0.804597094909,0.280533672173,0.0815495442751
329,0.0550672686109,0.804597094909,0.280533672173,0.0815495442751
329.1,0.0550672686109,0.804597094909,0.280533672173,0.0815495442751
329.2,0.0550672686109,0.804597094909,0.280533672173,0.0815495442751
329.3,0.0550672686109,0.804597094909,0.280533672173,0.0815495442751
329.4,0.0550672686109,0.804597094909,0.280533672173,0.0815495442751
329.5,0.0550672686109,0.804597094909,0.280533672173,0.0815495442751
329.6,0.0550672686109,0.804597094909,0.280533672173,0.0815495442751
329.7,0.0550672686109,0.804597094909,0.280533672173,0.0815495442751
329.8,0.0550672686109,0.804597094909,0.280533672173,0.0815495442751
329.9,0.0550672686109,0.804597094909,0.280533672173,0.0815495442751
330,0.0550672686109,0.804597094909,0.280533672173,0.0815495442751
330.1,0.0550672686109,0.804597094909,0.280533672173,0.0815495442751
330.2,0.0550672686109,0.804597094909,0.280533672173,0.0815495442751
330.3,0.0550672686109,0.804597094909,0.280533672173,0.0815495442751
330.4,0.0550672686109,0.804597094909,0.280533672173,0.0815495442751
330.5,0.0550672686109,0.804597094909,0.280533672173,0.0815495442751
330.6,0.0550672686109,0.804597094909,0.280533672173,0.0815495442751
330.7,0.0550672686109,0.804597094909,0.280533672173,0.0815495442751
330.8,0.0550672686109,0.804597094909,0.280533672173,0.0815495442751
330.9,0.0550672686109,0.804597094909,0.280533672173,0.0815495442751
331,0.0550672686109,0.804597094909,0.280533672173,0.0815495442751
331.1,0.0550672686109,0.804597094909,0.280533672173,0.0815495442751
331.2,0.0550672686109,0.804597094909,0.280533672173,0.0815495442751
331.3,0.0550672686109,0.804597094909,0.280533672173,0.0815495442751
331.4,0.0550672686109,0.804597094909,0.280533672173,0.0815495442751
331.5,0.0550672686109,0.804597094909,0.280533672173,0.0815495442751
331.6,0.0550672686109,0.804597094909,0.280533672173,0.0815495442751
331.7,0.0550672686109,0.804597094909,0.280533672173,0.0815495442751
331.8,0.0550672686109,0.804597094909,0.280533672173,0.0815495442751
331.9,0.0550672686109,0.804597094909,0.280533672173,0.0815495442751
332,0.0550672686109,0.804597094909,0.280533672173,0.0815495442751
332.1,0.0550672686109,0.804597094909,0.280533672173,0.0815495442751
332.2,0.0550672686109,0.804597094909,0.280533672173,0.0815495442751
332.3,0.0550672686109,0.804597094909,0.280533672173,0.0815495442751
332.4,0.0550672686109,0.804597094909,0.280533672173,0.0815495442751
332.5,0.0550672686109,0.804597094909,0.280533672173,0.0815495442751
332.6,0.0550672686109,0.804597094909,0.280533672173,0.0815495442751
332.7,0.0550672686109,0.804597094909,0.280533672173,0.0815495442751
332.8,0.0550672686109,0.804597094909,0.280533672173,0.0815495442751
332.9,0.0550672686109,0.804597094909,0.280533672173,0.0815495442751
333,0.0550672686109,0.804597094909,0.280533672173,0.0815495442751
333.1,0.0550672686109,0.804597094909,0.280533672173,0.0815495442751
333.2,0.0550672686109,0.804597094909,0.280533672173,0.0815495442751
333.3,0.0550672686109,0.804597094909,0.280533672173,0.0815495442751
333.4,0.0550672686109,0.804597094909,0.280533672173,0.0815495442751
333.5,0.0550672686109,0.804597094909,0.280533672173,0.0815495442751
333.6,0.0550672686109,0.804597094909,0.280533672173,0.0815495442751
333.7,0.0550672686109,0.804597094909,0.280533672173,0.0815495442751
333.8,0.0550672686109,0.804597094909,0.280533672173,0.0815495442751
333.9,0.0550672686109,0.804597094909,0.280533672173,0.0815495442751
334,0.0550672686109,0.804597094909,0.280533672173,0.0815495442751
334.1,0.0550672686109,0.804597094909,0.280533672173,0.0815495442751
334.2,0.0550672686109,0.804597094909,0.280533672173,0.0815495442751
334.3,0.0550672686109,0.804597094909,0.280533672173,0.0815495442751
334.4,0.0550672686109,0.804597094909,0.280533672173,0.0815495442751
334.5,0.0550672686109,0.804597094909,0.280533672173,0.0815495442751
334.6,0.0550672686109,0.804597094909,0.280533672173,0.0815495442751
334.7,0.0550672686109,0.804597094909,0.280533672173,0.0815495442751
334.8,0.0550672686109,0.804597094909,0.280533672173,0.0815495442751
334.9,0.0550672686109,0.804597094909,0.280533672173,0.0815495442751
335,0.0550672686109,0.804597094909,0.280533672173,0.0815495442751
335.1,0.0550672686109,0.804597094909,0.280533672173,0.0815495442751
335.2,0.0550672686109,0.804597094909,0.280533672173,0.0815495442751
335.3,0.0550672686109,0.804597094909,0.280533672173,0.0815495442751
335.4,0.0550672686109,0.804597094909,0.280533672173,0.0815495442751
335.5,0.0550672686109,0.804597094909,0.280533672173,0.0815495442751
335.6,0.0550672686109,0.804597094909,0.280533672173,0.0815495442751
335.7,0.0550672686109,0.804597094909,0.280533672173,0.0815495442751
335.8,0.0550672686109,0.804597094909,0.280533672173,0.0815495442751
335.9,0.0550672686109,0.804597094909,0.280533672173,0.0815495442751
336,0.0550672686109,0.804597094909,0.280533672173,0.0815495442751
336.1,0.0550672686109,0.804597094909,0.280533672173,0.0815495442751
336.2,0.0550672686109,0.804597094909,0.280533672173,0.0815495442751
336.3,0.0550672686109,0.804597094909,0.280533672173,0.0815495442751
336.4,0.0550672686109,0.804597094909,0.280533672173,0.0815495442751
336.5,0.0550672686109,0.804597094909,0.280533672173,0.0815495442751
336.6,0.0550672686109,0.804597094909,0.280533672173,0.0815495442751
336.7,0.0550672686109,0.804597094909,0.280533672173,0.0815495442751
336.8,0.0550672686109,0.804597094909,0.280533672173,0.0815495442751
336.9,0.0550672686109,0.804597094909,0.280533672173,0.0815495442751
337,0.0550672686109,0.804597094909,0.280533672173,0.0815495442751
337.1,0.0550672686109,0.804597094909,0.280533672173,0.0815495442751
337.2,0.0550672686109,0.804597094909,0.280533672173,0.0815495442751
337.3,0.0550672686109,0.804597094909,0.280533672173,0.0815495442751
337.4,0.0550672686109,0.804597094909,0.280533672173,0.0815495442751
337.5,0.0550672686109,0.804597094909,0.280533672173,0.0815495442751
337.6,0.0550672686109,0.804597094909,0.280533672173,0.0815495442751
337.7,0.0550672686109,0.804597094909,0.280533672173,0.0815495442751
337.8,0.0550672686109,0.804597094909,0.280533672173,0.0815495442751
337.9,0.0550672686109,0.804597094909,0.280533672173,0.0815495442751
338,0.0550672686109,0.804597094909,0.280533672173,0.0815495442751
338.1,0.0550672686109,0.804597094909,0.280533672173,0.0815495442751
338.2,0.0550672686109,0.804597094909,0.280533672173,0.0815495442751
338.3,0.0550672686109,0.804597094909,0.280533672173,0.0815495442751
338.4,0.0550672686109,0.804597094909,0.280533672173,0.0815495442751
338.5,0.0550672686109,0.804597094909,0.280533672173,0.0815495442751
338.6,0.0550672686109,0.804597094909,0.280533672173,0.0815495442751
338.7,0.0550672686109,0.804597094909,0.280533672173,0.0815495442751
338.8,0.0550672686109,0.804597094909,0.280533672173,0.0815495442751
338.9,0.0550672686109,0.804597094909,0.280533672173,0.0815495442751
339,0.0550672686109,0.804597094909,0.280533672173,0.0815495442751
339.1,0.0550672686109,0.804597094909,0.280533672173,0.0815495442751
339.2,0.0550672686109,0.804597094909,0.280533672173,0.0815495442751
339.3,0.0550672686109,0.804597094909,0.280533672173,0.0815495442751
339.4,0.0550672686109,0.804597094909,0.280533672173,0.0815495442751
339.5,0.0550672686109,0.804597094909,0.280533672173,0.0815495442751
339.6,0.0550672686109,0.804597094909,0.280533672173,0.0815495442751
339.7,0.0550672686109,0.804597094909,0.280533672173,0.0815495442751
339.8,0.0550672686109,0.804597094909,0.280533672173,0.0815495442751
339.9,0.0550672686109,0.804597094909,0.280533672173,0.0815495442751
340,0.0550672686109,0.804597094909,0.280533672173,0.0815495442751
340.1,0.0550672686109,0.804597094909,0.280533672173,0.0815495442751
340.2,0.0550672686109,0.804597094909,0.280533672173,0.0815495442751
340.3,0.0550672686109,0.804597094909,0.280533672173,0.0815495442751
340.4,0.0550672686109,0.804597094909,0.280533672173,0.0815495442751
340.5,0.0550672686109,0.804597094909,0.280533672173,0.0815495442751
340.6,0.0550672686109,0.804597094909,0.280533672173,0.0815495442751
340.7,0.0550672686109,0.804597094909,0.280533672173,0.0815495442751
340.8,0.0550672686109,0.804597094909,0.280533672173,0.0815495442751
340.9,0.0550672686109,0.804597094909,0.280533672173,0.0815495442751
341,0.0550672686109,0.804597094909,0.280533672173,0.0815495442751
341.1,0.0550672686109,0.804597094909,0.280533672173,0.0815495442751
341.2,0.0550672686109,0.804597094909,0.280533672173,0.0815495442751
341.3,0.0550672686109,0.804597094909,0.280533672173,0.0815495442751
341.4,0.0550672686109,0.804597094909,0.280533672173,0.0815495442751
341.5,0.0550672686109,0.804597094909,0.280533672173,0.0815495442751
341.6,0.0550672686109,0.804597094909,0.280533672173,0.0815495442751
341.7,0.0550672686109,0.804597094909,0.280533672173,0.0815495442751
341.8,0.0550672686109,0.804597094909,0.280533672173,0.0815495442751
341.9,0.0550672686109,0.804597094909,0.280533672173,0.0815495442751
342,0.0550672686109,0.804597094909,0.280533672173,0.0815495442751
342.1,0.0550672686109,0.804597094909,0.280533672173,0.0815495442751
342.2,0.0550672686109,0.804597094909,0.280533672173,0.0815495442751
342.3,0.0550672686109,0.804597094909,0.280533672173,0.0815495442751
342.4,0.0550672686109,0.804597094909,0.280533672173,0.0815495442751
342.5,0.0550672686109,0.804597094909,0.280533672173,0.0815495442751
342.6,0.0550672686109,0.804597094909,0.280533672173,0.0815495442751
342.7,0.0550672686109,0.804597094909,0.280533672173,0.0815495442751
342.8,0.0550672686109,0.804597094909,0.280533672173,0.0815495442751
342.9,0.0550672686109,0.804597094909,0.280533672173,0.0815495442751
343,0.0550672686109,0.804597094909,0.280533672173,0.0815495442751
343.1,0.0550672686109,0.804597094909,0.280533672173,0.0815495442751
343.2,0.0550672686109,0.804597094909,0.280533672173,0.0815495442751
343.3,0.0550672686109,0.804597094909,0.280533672173,0.0815495442751
343.4,0.0550672686109,0.804597094909,0.280533672173,0.0815495442751
343.5,0.0550672686109,0.804597094909,0.280533672173,0.0815495442751
343.6,0.0550672686109,0.804597094909,0.280533672173,0.0815495442751
343.7,0.0550672686109,0.804597094909,0.280533672173,0.0815495442751
343.8,0.0550672686109,0.804597094909,0.280533672173,0.0815495442751
343.9,0.0550672686109,0.804597094909,0.280533672173,0.0815495442751
344,0.0550672686109,0.804597094909,0.280533672173,0.0815495442751
344.1,0.0550672686109,0.804597094909,0.280533672173,0.0815495442751
344.2,0.0550672686109,0.804597094909,0.280533672173,0.0815495442751
344.3,0.0550672686109,0.804597094909,0.280533672173,0.0815495442751
344.4,0.0550672686109,0.804597094909,0.280533672173,0.0815495442751
344.5,0.0550672686109,0.804597094909,0.280533672173,0.0815495442751
344.6,0.0550672686109,0.804597094909,0.280533672173,0.0815495442751
344.7,0.0550672686109,0.804597094909,0.280533672173,0.0815495442751
344.8,0.0550672686109,0.804597094909,0.280533672173,0.0815495442751
344.9,0.0550672686109,0.804597094909,0.280533672173,0.0815495442751
345,0.0550672686109,0.804597094909,0.280533672173,0.0815495442751
345.1,0.0550672686109,0.804597094909,0.280533672173,0.0815495442751
345.2,0.0550672686109,0.804597094909,0.280533672173,0.0815495442751
345.3,0.0550672686109,0.804597094909,0.280533672173,0.0815495442751
345.4,0.0550672686109,0.804597094909,0.280533672173,0.0815495442751
345.5,0.0550672686109,0.804597094909,0.280533672173,0.0815495442751
345.6,0.0550672686109,0.804597094909,0.280533672173,0.0815495442751
345.7,0.0550672686109,0.804597094909,0.280533672173,0.0815495442751
345.8,0.0550672686109,0.804597094909,0.280533672173,0.0815495442751
345.9,0.0550672686109,0.804597094909,0.280533672173,0.0815495442751
346,0.0550672686109,0.804597094909,0.280533672173,0.0815495442751
346.1,0.0550672686109,0.804597094909,0.280533672173,0.0815495442751
346.2,0.0550672686109,0.804597094909,0.280533672173,0.0815495442751
346.3,0.0550672686109,0.804597094909,0.280533672173,0.0815495442751
346.4,0.0550672686109,0.804597094909,0.280533672173,0.0815495442751
346.5,0.0550672686109,0.804597094909,0.280533672173,0.0815495442751
346.6,0.0550672686109,0.804597094909,0.280533672173,0.0815495442751
346.7,0.0550672686109,0.804597094909,0.280533672173,0.0815495442751
346.8,0.0550672686109,0.804597094909,0.280533672173,0.0815495442751
346.9,0.0550672686109,0.804597094909,0.280533672173,0.0815495442751
347,0.0550672686109,0.804597094909,0.280533672173,0.0815495442751
347.1,0.0550672686109,0.804597094909,0.280533672173,0.0815495442751
347.2,0.0550672686109,0.804597094909,0.280533672173,0.0815495442751
347.3,0.0550672686109,0.804597094909,0.280533672173,0.0815495442751
347.4,0.0550672686109,0.804597094909,0.280533672173,0.0815495442751
347.5,0.0550672686109,0.804597094909,0.280533672173,0.0815495442751
347.6,0.0550672686109,0.804597094909,0.280533672173,0.0815495442751
347.7,0.0550672686109,0.804597094909,0.280533672173,0.0815495442751
347.8,0.0550672686109,0.804597094909,0.280533672173,0.0815495442751
347.9,0.0550672686109,0.804597094909,0.280533672173,0.0815495442751
348,0.0550672686109,0.804597094909,0.280533672173,0.0815495442751
348.1,0.0550672686109,0.804597094909,0.280533672173,0.0815495442751
348.2,0.0550672686109,0.804597094909,0.280533672173,0.0815495442751
348.3,0.0550672686109,0.804597094909,0.280533672173,0.0815495442751
348.4,0.0550672686109,0.804597094909,0.280533672173,0.0815495442751
348.5,0.0550672686109,0.804597094909,0.280533672173,0.0815495442751
348.6,0.0550672686109,0.804597094909,0.280533672173,0.0815495442751
348.7,0.0550672686109,0.804597094909,0.280533672173,0.0815495442751
348.8,0.0550672686109,0.804597094909,0.280533672173,0.0815495442751
348.9,0.0550672686109,0.804597094909,0.280533672173,0.0815495442751
349,0.0550672686109,0.804597094909,0.280533672173,0.0815495442751
349.1,0.0550672686109,0.804597094909,0.280533672173,0.0815495442751
349.2,0.0550672686109,0.804597094909,0.280533672173,0.0815495442751
349.3,0.0550672686109,0.804597094909,0.280533672173,0.0815495442751
349.4,0.0550672686109,0.804597094909,0.280533672173,0.0815495442751
349.5,0.0550672686109,0.804597094909,0.280533672173,0.0815495442751
349.6,0.0550672686109,0.804597094909,0.280533672173,0.0815495442751
349.7,0.0550672686109,0.804597094909,0.280533672173,0.0815495442751
349.8,0.0550672686109,0.804597094909,0.280533672173,0.0815495442751
349.9,0.0550672686109,0.804597094909,0.280533672173,0.0815495442751
350,0.0550672686109,0.804597094909,0.280533672173,0.0815495442751
350.1,0.0550672686109,0.804597094909,0.280533672173,0.0815495442751
350.2,0.0550672686109,0.804597094909,0.280533672173,0.0815495442751
350.3,0.0550672686109,0.804597094909,0.280533672173,0.0815495442751
350.4,0.0550672686109,0.804597094909,0.280533672173,0.0815495442751
350.5,0.0550672686109,0.804597094909,0.280533672173,0.0815495442751
350.6,0.0550672686109,0.804597094909,0.280533672173,0.0815495442751
350.7,0.0550672686109,0.804597094909,0.280533672173,0.0815495442751
350.8,0.0550672686109,0.804597094909,0.280533672173,0.0815495442751
350.9,0.0550672686109,0.804597094909,0.280533672173,0.0815495442751
351,0.0550672686109,0.804597094909,0.280533672173,0.0815495442751
351.1,0.0550672686109,0.804597094909,0.280533672173,0.0815495442751
351.2,0.0550672686109,0.804597094909,0.280533672173,0.0815495442751
351.3,0.0550672686109,0.804597094909,0.280533672173,0.0815495442751
351.4,0.0550672686109,0.804597094909,0.280533672173,0.0815495442751
351.5,0.0550672686109,0.804597094909,0.280533672173,0.0815495442751
351.6,0.0550672686109,0.804597094909,0.280533672173,0.0815495442751
351.7,0.0550672686109,0.804597094909,0.280533672173,0.0815495442751
351.8,0.0550672686109,0.804597094909,0.280533672173,0.0815495442751
351.9,0.0550672686109,0.804597094909,0.280533672173,0.0815495442751
352,0.0550672686109,0.804597094909,0.280533672173,0.0815495442751
352.1,0.0550672686109,0.804597094909,0.280533672173,0.0815495442751
352.2,0.0550672686109,0.804597094909,0.280533672173,0.0815495442751
352.3,0.0550672686109,0.804597094909,0.280533672173,0.0815495442751
352.4,0.0550672686109,0.804597094909,0.280533672173,0.0815495442751
352.5,0.0550672686109,0.804597094909,0.280533672173,0.0815495442751
352.6,0.0550672686109,0.804597094909,0.280533672173,0.0815495442751
352.7,0.0550672686109,0.804597094909,0.280533672173,0.0815495442751
352.8,0.0550672686109,0.804597094909,0.280533672173,0.0815495442751
352.9,0.0550672686109,0.804597094909,0.280533672173,0.0815495442751
353,0.0550672686109,0.804597094909,0.280533672173,0.0815495442751
353.1,0.0550672686109,0.804597094909,0.280533672173,0.0815495442751
353.2,0.0550672686109,0.804597094909,0.280533672173,0.0815495442751
353.3,0.0550672686109,0.804597094909,0.280533672173,0.0815495442751
353.4,0.0550672686109,0.804597094909,0.280533672173,0.0815495442751
353.5,0.0550672686109,0.804597094909,0.280533672173,0.0815495442751
353.6,0.0550672686109,0.804597094909,0.280533672173,0.0815495442751
353.7,0.0550672686109,0.804597094909,0.280533672173,0.0815495442751
353.8,0.0550672686109,0.804597094909,0.280533672173,0.0815495442751
353.9,0.0550672686109,0.804597094909,0.280533672173,0.0815495442751
354,0.0550672686109,0.804597094909,0.280533672173,0.0815495442751
354.1,0.0550672686109,0.804597094909,0.280533672173,0.0815495442751
354.2,0.0550672686109,0.804597094909,0.280533672173,0.0815495442751
354.3,0.0550672686109,0.804597094909,0.280533672173,0.0815495442751
354.4,0.0550672686109,0.804597094909,0.280533672173,0.0815495442751
354.5,0.0550672686109,0.804597094909,0.280533672173,0.0815495442751
354.6,0.0550672686109,0.804597094909,0.280533672173,0.0815495442751
354.7,0.0550672686109,0.804597094909,0.280533672173,0.0815495442751
354.8,0.0550672686109,0.804597094909,0.280533672173,0.0815495442751
354.9,0.0550672686109,0.804597094909,0.280533672173,0.0815495442751
355,0.0550672686109,0.804597094909,0.280533672173,0.0815495442751
355.1,0.0550672686109,0.804597094909,0.280533672173,0.0815495442751
355.2,0.0550672686109,0.804597094909,0.280533672173,0.0815495442751
355.3,0.0550672686109,0.804597094909,0.280533672173,0.0815495442751
355.4,0.0550672686109,0.804597094909,0.280533672173,0.0815495442751
355.5,0.0550672686109,0.804597094909,0.280533672173,0.0815495442751
355.6,0.0550672686109,0.804597094909,0.280533672173,0.0815495442751
355.7,0.0550672686109,0.804597094909,0.280533672173,0.0815495442751
355.8,0.0550672686109,0.804597094909,0.280533672173,0.0815495442751
355.9,0.0550672686109,0.804597094909,0.280533672173,0.0815495442751
356,0.0550672686109,0.804597094909,0.280533672173,0.0815495442751
356.1,0.0550672686109,0.804597094909,0.280533672173,0.0815495442751
356.2,0.0550672686109,0.804597094909,0.280533672173,0.0815495442751
356.3,0.0550672686109,0.804597094909,0.280533672173,0.0815495442751
356.4,0.0550672686109,0.804597094909,0.280533672173,0.0815495442751
356.5,0.0550672686109,0.804597094909,0.280533672173,0.0815495442751
356.6,0.0550672686109,0.804597094909,0.280533672173,0.0815495442751
356.7,0.0550672686109,0.804597094909,0.280533672173,0.0815495442751
356.8,0.0550672686109,0.804597094909,0.280533672173,0.0815495442751
356.9,0.0550672686109,0.804597094909,0.280533672173,0.0815495442751
357,0.0550672686109,0.804597094909,0.280533672173,0.0815495442751
357.1,0.0550672686109,0.804597094909,0.280533672173,0.0815495442751
357.2,0.0550672686109,0.804597094909,0.280533672173,0.0815495442751
357.3,0.0550672686109,0.804597094909,0.280533672173,0.0815495442751
357.4,0.0550672686109,0.804597094909,0.280533672173,0.0815495442751
357.5,0.0550672686109,0.804597094909,0.280533672173,0.0815495442751
357.6,0.0550672686109,0.804597094909,0.280533672173,0.0815495442751
357.7,0.0550672686109,0.804597094909,0.280533672173,0.0815495442751
357.8,0.0550672686109,0.804597094909,0.280533672173,0.0815495442751
357.9,0.0550672686109,0.804597094909,0.280533672173,0.0815495442751
358,0.0550672686109,0.804597094909,0.280533672173,0.0815495442751
358.1,0.0550672686109,0.804597094909,0.280533672173,0.0815495442751
358.2,0.0550672686109,0.804597094909,0.280533672173,0.0815495442751
358.3,0.0550672686109,0.804597094909,0.280533672173,0.0815495442751
358.4,0.0550672686109,0.804597094909,0.280533672173,0.0815495442751
358.5,0.0550672686109,0.804597094909,0.280533672173,0.0815495442751
358.6,0.0550672686109,0.804597094909,0.280533672173,0.0815495442751
358.7,0.0550672686109,0.804597094909,0.280533672173,0.0815495442751
358.8,0.0550672686109,0.804597094909,0.280533672173,0.0815495442751
358.9,0.0550672686109,0.804597094909,0.280533672173,0.0815495442751
359,0.0550672686109,0.804597094909,0.280533672173,0.0815495442751
359.1,0.0550672686109,0.804597094909,0.280533672173,0.0815495442751
359.2,0.0550672686109,0.804597094909,0.280533672173,0.0815495442751
359.3,0.0550672686109,0.804597094909,0.280533672173,0.0815495442751
359.4,0.0550672686109,0.804597094909,0.280533672173,0.0815495442751
359.5,0.0550672686109,0.804597094909,0.280533672173,0.0815495442751
359.6,0.0550672686109,0.804597094909,0.280533672173,0.0815495442751
359.7,0.0550672686109,0.804597094909,0.280533672173,0.0815495442751
359.8,0.0550672686109,0.804597094909,0.280533672173,0.0815495442751
359.9,0.0550672686109,0.804597094909,0.280533672173,0.0815495442751
360,0.0550672686109,0.804597094909,0.280533672173,0.0815495442751
360.1,0.0550672686109,0.804597094909,0.280533672173,0.0815495442751
360.2,0.0550672686109,0.804597094909,0.280533672173,0.0815495442751
360.3,0.0550672686109,0.804597094909,0.280533672173,0.0815495442751
360.4,0.0550672686109,0.804597094909,0.280533672173,0.0815495442751
360.5,0.0550672686109,0.804597094909,0.280533672173,0.0815495442751
360.6,0.0550672686109,0.804597094909,0.280533672173,0.0815495442751
360.7,0.0550672686109,0.804597094909,0.280533672173,0.0815495442751
360.8,0.0550672686109,0.804597094909,0.280533672173,0.0815495442751
360.9,0.0550672686109,0.804597094909,0.280533672173,0.0815495442751
361,0.0550672686109,0.804597094909,0.280533672173,0.0815495442751
361.1,0.0550672686109,0.804597094909,0.280533672173,0.0815495442751
361.2,0.0550672686109,0.804597094909,0.280533672173,0.0815495442751
361.3,0.0550672686109,0.804597094909,0.280533672173,0.0815495442751
361.4,0.0550672686109,0.804597094909,0.280533672173,0.0815495442751
361.5,0.0550672686109,0.804597094909,0.280533672173,0.0815495442751
361.6,0.0550672686109,0.804597094909,0.280533672173,0.0815495442751
361.7,0.0550672686109,0.804597094909,0.280533672173,0.0815495442751
361.8,0.0550672686109,0.804597094909,0.280533672173,0.0815495442751
361.9,0.0550672686109,0.804597094909,0.280533672173,0.0815495442751
362,0.0550672686109,0.804597094909,0.280533672173,0.0815495442751
362.1,0.0550672686109,0.804597094909,0.280533672173,0.0815495442751
362.2,0.0550672686109,0.804597094909,0.280533672173,0.0815495442751
362.3,0.0550672686109,0.804597094909,0.280533672173,0.0815495442751
362.4,0.0550672686109,0.804597094909,0.280533672173,0.0815495442751
362.5,0.0550672686109,0.804597094909,0.280533672173,0.0815495442751
362.6,0.0550672686109,0.804597094909,0.280533672173,0.0815495442751
362.7,0.0550672686109,0.804597094909,0.280533672173,0.0815495442751
362.8,0.0550672686109,0.804597094909,0.280533672173,0.0815495442751
362.9,0.0550672686109,0.804597094909,0.280533672173,0.0815495442751
363,0.0550672686109,0.804597094909,0.280533672173,0.0815495442751
363.1,0.0550672686109,0.804597094909,0.280533672173,0.0815495442751
363.2,0.0550672686109,0.804597094909,0.280533672173,0.0815495442751
363.3,0.0550672686109,0.804597094909,0.280533672173,0.0815495442751
363.4,0.0550672686109,0.804597094909,0.280533672173,0.0815495442751
363.5,0.0550672686109,0.804597094909,0.280533672173,0.0815495442751
363.6,0.0550672686109,0.804597094909,0.280533672173,0.0815495442751
363.7,0.0550672686109,0.804597094909,0.280533672173,0.0815495442751
363.8,0.0550672686109,0.804597094909,0.280533672173,0.0815495442751
363.9,0.0550672686109,0.804597094909,0.280533672173,0.0815495442751
364,0.0550672686109,0.804597094909,0.280533672173,0.0815495442751
364.1,0.0550672686109,0.804597094909,0.280533672173,0.0815495442751
364.2,0.0550672686109,0.804597094909,0.280533672173,0.0815495442751
364.3,0.0550672686109,0.804597094909,0.280533672173,0.0815495442751
364.4,0.0550672686109,0.804597094909,0.280533672173,0.0815495442751
364.5,0.0550672686109,0.804597094909,0.280533672173,0.0815495442751
364.6,0.0550672686109,0.804597094909,0.280533672173,0.0815495442751
364.7,0.0550672686109,0.804597094909,0.280533672173,0.0815495442751
364.8,0.0550672686109,0.804597094909,0.280533672173,0.0815495442751
364.9,0.0550672686109,0.804597094909,0.280533672173,0.0815495442751
365,0.0550672686109,0.804597094909,0.280533672173,0.0815495442751
365.1,0.0550672686109,0.804597094909,0.280533672173,0.0815495442751
365.2,0.0550672686109,0.804597094909,0.280533672173,0.0815495442751
365.3,0.0550672686109,0.804597094909,0.280533672173,0.0815495442751
365.4,0.0550672686109,0.804597094909,0.280533672173,0.0815495442751
365.5,0.0550672686109,0.804597094909,0.280533672173,0.0815495442751
365.6,0.0550672686109,0.804597094909,0.280533672173,0.0815495442751
365.7,0.0550672686109,0.804597094909,0.280533672173,0.0815495442751
365.8,0.0550672686109,0.804597094909,0.280533672173,0.0815495442751
365.9,0.0550672686109,0.804597094909,0.280533672173,0.0815495442751
366,0.0550672686109,0.804597094909,0.280533672173,0.0815495442751
366.1,0.0550672686109,0.804597094909,0.280533672173,0.0815495442751
366.2,0.0550672686109,0.804597094909,0.280533672173,0.0815495442751
366.3,0.0550672686109,0.804597094909,0.280533672173,0.0815495442751
366.4,0.0550672686109,0.804597094909,0.280533672173,0.0815495442751
366.5,0.0550672686109,0.804597094909,0.280533672173,0.0815495442751
366.6,0.0550672686109,0.804597094909,0.280533672173,0.0815495442751
366.7,0.0550672686109,0.804597094909,0.280533672173,0.0815495442751
366.8,0.0550672686109,0.804597094909,0.280533672173,0.0815495442751
366.9,0.0550672686109,0.804597094909,0.280533672173,0.0815495442751
367,0.0550672686109,0.804597094909,0.280533672173,0.0815495442751
367.1,0.0550672686109,0.804597094909,0.280533672173,0.0815495442751
367.2,0.0550672686109,0.804597094909,0.280533672173,0.0815495442751
367.3,0.0550672686109,0.804597094909,0.280533672173,0.0815495442751
367.4,0.0550672686109,0.804597094909,0.280533672173,0.0815495442751
367.5,0.0550672686109,0.804597094909,0.280533672173,0.0815495442751
367.6,0.0550672686109,0.804597094909,0.280533672173,0.0815495442751
367.7,0.0550672686109,0.804597094909,0.280533672173,0.0815495442751
367.8,0.0550672686109,0.804597094909,0.280533672173,0.0815495442751
367.9,0.0550672686109,0.804597094909,0.280533672173,0.0815495442751
368,0.0550672686109,0.804597094909,0.280533672173,0.0815495442751
368.1,0.0550672686109,0.804597094909,0.280533672173,0.0815495442751
368.2,0.0550672686109,0.804597094909,0.280533672173,0.0815495442751
368.3,0.0550672686109,0.804597094909,0.280533672173,0.0815495442751
368.4,0.0550672686109,0.804597094909,0.280533672173,0.0815495442751
368.5,0.0550672686109,0.804597094909,0.280533672173,0.0815495442751
368.6,0.0550672686109,0.804597094909,0.280533672173,0.0815495442751
368.7,0.0550672686109,0.804597094909,0.280533672173,0.0815495442751
368.8,0.0550672686109,0.804597094909,0.280533672173,0.0815495442751
368.9,0.0550672686109,0.804597094909,0.280533672173,0.0815495442751
369,0.0550672686109,0.804597094909,0.280533672173,0.0815495442751
369.1,0.0550672686109,0.804597094909,0.280533672173,0.0815495442751
369.2,0.0550672686109,0.804597094909,0.280533672173,0.0815495442751
369.3,0.0550672686109,0.804597094909,0.280533672173,0.0815495442751
369.4,0.0550672686109,0.804597094909,0.280533672173,0.0815495442751
369.5,0.0550672686109,0.804597094909,0.280533672173,0.0815495442751
369.6,0.0550672686109,0.804597094909,0.280533672173,0.0815495442751
369.7,0.0550672686109,0.804597094909,0.280533672173,0.0815495442751
369.8,0.0550672686109,0.804597094909,0.280533672173,0.0815495442751
369.9,0.0550672686109,0.804597094909,0.280533672173,0.0815495442751
370,0.0550672686109,0.804597094909,0.280533672173,0.0815495442751
370.1,0.0550672686109,0.804597094909,0.280533672173,0.0815495442751
370.2,0.0550672686109,0.804597094909,0.280533672173,0.0815495442751
370.3,0.0550672686109,0.804597094909,0.280533672173,0.0815495442751
370.4,0.0550672686109,0.804597094909,0.280533672173,0.0815495442751
370.5,0.0550672686109,0.804597094909,0.280533672173,0.0815495442751
370.6,0.0550672686109,0.804597094909,0.280533672173,0.0815495442751
370.7,0.0550672686109,0.804597094909,0.280533672173,0.0815495442751
370.8,0.0550672686109,0.804597094909,0.280533672173,0.0815495442751
370.9,0.0550672686109,0.804597094909,0.280533672173,0.0815495442751
371,0.0550672686109,0.804597094909,0.280533672173,0.0815495442751
371.1,0.0550672686109,0.804597094909,0.280533672173,0.0815495442751
371.2,0.0550672686109,0.804597094909,0.280533672173,0.0815495442751
371.3,0.0550672686109,0.804597094909,0.280533672173,0.0815495442751
371.4,0.0550672686109,0.804597094909,0.280533672173,0.0815495442751
371.5,0.0550672686109,0.804597094909,0.280533672173,0.0815495442751
371.6,0.0550672686109,0.804597094909,0.280533672173,0.0815495442751
371.7,0.0550672686109,0.804597094909,0.280533672173,0.0815495442751
371.8,0.0550672686109,0.804597094909,0.280533672173,0.0815495442751
371.9,0.0550672686109,0.804597094909,0.280533672173,0.0815495442751
372,0.0550672686109,0.804597094909,0.280533672173,0.0815495442751
372.1,0.0550672686109,0.804597094909,0.280533672173,0.0815495442751
372.2,0.0550672686109,0.804597094909,0.280533672173,0.0815495442751
372.3,0.0550672686109,0.804597094909,0.280533672173,0.0815495442751
372.4,0.0550672686109,0.804597094909,0.280533672173,0.0815495442751
372.5,0.0550672686109,0.804597094909,0.280533672173,0.0815495442751
372.6,0.0550672686109,0.804597094909,0.280533672173,0.0815495442751
372.7,0.0550672686109,0.804597094909,0.280533672173,0.0815495442751
372.8,0.0550672686109,0.804597094909,0.280533672173,0.0815495442751
372.9,0.0550672686109,0.804597094909,0.280533672173,0.0815495442751
373,0.0550672686109,0.804597094909,0.280533672173,0.0815495442751
373.1,0.0550672686109,0.804597094909,0.280533672173,0.0815495442751
373.2,0.0550672686109,0.804597094909,0.280533672173,0.0815495442751
373.3,0.0550672686109,0.804597094909,0.280533672173,0.0815495442751
373.4,0.0550672686109,0.804597094909,0.280533672173,0.0815495442751
373.5,0.0550672686109,0.804597094909,0.280533672173,0.0815495442751
373.6,0.0550672686109,0.804597094909,0.280533672173,0.0815495442751
373.7,0.0550672686109,0.804597094909,0.280533672173,0.0815495442751
373.8,0.0550672686109,0.804597094909,0.280533672173,0.0815495442751
373.9,0.0550672686109,0.804597094909,0.280533672173,0.0815495442751
374,0.0550672686109,0.804597094909,0.280533672173,0.0815495442751
374.1,0.0550672686109,0.804597094909,0.280533672173,0.0815495442751
374.2,0.0550672686109,0.804597094909,0.280533672173,0.0815495442751
374.3,0.0550672686109,0.804597094909,0.280533672173,0.0815495442751
374.4,0.0550672686109,0.804597094909,0.280533672173,0.0815495442751
374.5,0.0550672686109,0.804597094909,0.280533672173,0.0815495442751
374.6,0.0550672686109,0.804597094909,0.280533672173,0.0815495442751
374.7,0.0550672686109,0.804597094909,0.280533672173,0.0815495442751
374.8,0.0550672686109,0.804597094909,0.280533672173,0.0815495442751
374.9,0.0550672686109,0.804597094909,0.280533672173,0.0815495442751
375,0.0550672686109,0.804597094909,0.280533672173,0.0815495442751
375.1,0.0550672686109,0.804597094909,0.280533672173,0.0815495442751
375.2,0.0550672686109,0.804597094909,0.280533672173,0.0815495442751
375.3,0.0550672686109,0.804597094909,0.280533672173,0.0815495442751
375.4,0.0550672686109,0.804597094909,0.280533672173,0.0815495442751
375.5,0.0550672686109,0.804597094909,0.280533672173,0.0815495442751
375.6,0.0550672686109,0.804597094909,0.280533672173,0.0815495442751
375.7,0.0550672686109,0.804597094909,0.280533672173,0.0815495442751
375.8,0.0550672686109,0.804597094909,0.280533672173,0.0815495442751
375.9,0.0550672686109,0.804597094909,0.280533672173,0.0815495442751
376,0.0550672686109,0.804597094909,0.280533672173,0.0815495442751
376.1,0.0550672686109,0.804597094909,0.280533672173,0.0815495442751
376.2,0.0550672686109,0.804597094909,0.280533672173,0.0815495442751
376.3,0.0550672686109,0.804597094909,0.280533672173,0.0815495442751
376.4,0.0550672686109,0.804597094909,0.280533672173,0.0815495442751
376.5,0.0550672686109,0.804597094909,0.280533672173,0.0815495442751
376.6,0.0550672686109,0.804597094909,0.280533672173,0.0815495442751
376.7,0.0550672686109,0.804597094909,0.280533672173,0.0815495442751
376.8,0.0550672686109,0.804597094909,0.280533672173,0.0815495442751
376.9,0.0550672686109,0.804597094909,0.280533672173,0.0815495442751
377,0.0550672686109,0.804597094909,0.280533672173,0.0815495442751
377.1,0.0550672686109,0.804597094909,0.280533672173,0.0815495442751
377.2,0.0550672686109,0.804597094909,0.280533672173,0.0815495442751
377.3,0.0550672686109,0.804597094909,0.280533672173,0.0815495442751
377.4,0.0550672686109,0.804597094909,0.280533672173,0.0815495442751
377.5,0.0550672686109,0.804597094909,0.280533672173,0.0815495442751
377.6,0.0550672686109,0.804597094909,0.280533672173,0.0815495442751
377.7,0.0550672686109,0.804597094909,0.280533672173,0.0815495442751
377.8,0.0550672686109,0.804597094909,0.280533672173,0.0815495442751
377.9,0.0550672686109,0.804597094909,0.280533672173,0.0815495442751
378,0.0550672686109,0.804597094909,0.280533672173,0.0815495442751
378.1,0.0550672686109,0.804597094909,0.280533672173,0.0815495442751
378.2,0.0550672686109,0.804597094909,0.280533672173,0.0815495442751
378.3,0.0550672686109,0.804597094909,0.280533672173,0.0815495442751
378.4,0.0550672686109,0.804597094909,0.280533672173,0.0815495442751
378.5,0.0550672686109,0.804597094909,0.280533672173,0.0815495442751
378.6,0.0550672686109,0.804597094909,0.280533672173,0.0815495442751
378.7,0.0550672686109,0.804597094909,0.280533672173,0.0815495442751
378.8,0.0550672686109,0.804597094909,0.280533672173,0.0815495442751
378.9,0.0550672686109,0.804597094909,0.280533672173,0.0815495442751
379,0.0550672686109,0.804597094909,0.280533672173,0.0815495442751
379.1,0.0550672686109,0.804597094909,0.280533672173,0.0815495442751
379.2,0.0550672686109,0.804597094909,0.280533672173,0.0815495442751
379.3,0.0550672686109,0.804597094909,0.280533672173,0.0815495442751
379.4,0.0550672686109,0.804597094909,0.280533672173,0.0815495442751
379.5,0.0550672686109,0.804597094909,0.280533672173,0.0815495442751
379.6,0.0550672686109,0.804597094909,0.280533672173,0.0815495442751
379.7,0.0550672686109,0.804597094909,0.280533672173,0.0815495442751
379.8,0.0550672686109,0.804597094909,0.280533672173,0.0815495442751
379.9,0.0550672686109,0.804597094909,0.280533672173,0.0815495442751
380,0.0550672686109,0.804597094909,0.280533672173,0.0815495442751
380.1,0.0550672686109,0.804597094909,0.280533672173,0.0815495442751
380.2,0.0550672686109,0.804597094909,0.280533672173,0.0815495442751
380.3,0.0550672686109,0.804597094909,0.280533672173,0.0815495442751
380.4,0.0550672686109,0.804597094909,0.280533672173,0.0815495442751
380.5,0.0550672686109,0.804597094909,0.280533672173,0.0815495442751
380.6,0.0550672686109,0.804597094909,0.280533672173,0.0815495442751
380.7,0.0550672686109,0.804597094909,0.280533672173,0.0815495442751
380.8,0.0550672686109,0.804597094909,0.280533672173,0.0815495442751
380.9,0.0550672686109,0.804597094909,0.280533672173,0.0815495442751
381,0.0550672686109,0.804597094909,0.280533672173,0.0815495442751
381.1,0.0550672686109,0.804597094909,0.280533672173,0.0815495442751
381.2,0.0550672686109,0.804597094909,0.280533672173,0.0815495442751
381.3,0.0550672686109,0.804597094909,0.280533672173,0.0815495442751
381.4,0.0550672686109,0.804597094909,0.280533672173,0.0815495442751
381.5,0.0550672686109,0.804597094909,0.280533672173,0.0815495442751
381.6,0.0550672686109,0.804597094909,0.280533672173,0.0815495442751
381.7,0.0550672686109,0.804597094909,0.280533672173,0.0815495442751
381.8,0.0550672686109,0.804597094909,0.280533672173,0.0815495442751
381.9,0.0550672686109,0.804597094909,0.280533672173,0.0815495442751
382,0.0550672686109,0.804597094909,0.280533672173,0.0815495442751
382.1,0.0550672686109,0.804597094909,0.280533672173,0.0815495442751
382.2,0.0550672686109,0.804597094909,0.280533672173,0.0815495442751
382.3,0.0550672686109,0.804597094909,0.280533672173,0.0815495442751
382.4,0.0550672686109,0.804597094909,0.280533672173,0.0815495442751
382.5,0.0550672686109,0.804597094909,0.280533672173,0.0815495442751
382.6,0.0550672686109,0.804597094909,0.280533672173,0.0815495442751
382.7,0.0550672686109,0.804597094909,0.280533672173,0.0815495442751
382.8,0.0550672686109,0.804597094909,0.280533672173,0.0815495442751
382.9,0.0550672686109,0.804597094909,0.280533672173,0.0815495442751
383,0.0550672686109,0.804597094909,0.280533672173,0.0815495442751
383.1,0.0550672686109,0.804597094909,0.280533672173,0.0815495442751
383.2,0.0550672686109,0.804597094909,0.280533672173,0.0815495442751
383.3,0.0550672686109,0.804597094909,0.280533672173,0.0815495442751
383.4,0.0550672686109,0.804597094909,0.280533672173,0.0815495442751
383.5,0.0550672686109,0.804597094909,0.280533672173,0.0815495442751
383.6,0.0550672686109,0.804597094909,0.280533672173,0.0815495442751
383.7,0.0550672686109,0.804597094909,0.280533672173,0.0815495442751
383.8,0.0550672686109,0.804597094909,0.280533672173,0.0815495442751
383.9,0.0550672686109,0.804597094909,0.280533672173,0.0815495442751
384,0.0550672686109,0.804597094909,0.280533672173,0.0815495442751
384.1,0.0550672686109,0.804597094909,0.280533672173,0.0815495442751
384.2,0.0550672686109,0.804597094909,0.280533672173,0.0815495442751
384.3,0.0550672686109,0.804597094909,0.280533672173,0.0815495442751
384.4,0.0550672686109,0.804597094909,0.280533672173,0.0815495442751
384.5,0.0550672686109,0.804597094909,0.280533672173,0.0815495442751
384.6,0.0550672686109,0.804597094909,0.280533672173,0.0815495442751
384.7,0.0550672686109,0.804597094909,0.280533672173,0.0815495442751
384.8,0.0550672686109,0.804597094909,0.280533672173,0.0815495442751
384.9,0.0550672686109,0.804597094909,0.280533672173,0.0815495442751
385,0.0550672686109,0.804597094909,0.280533672173,0.0815495442751
385.1,0.0550672686109,0.804597094909,0.280533672173,0.0815495442751
385.2,0.0550672686109,0.804597094909,0.280533672173,0.0815495442751
385.3,0.0550672686109,0.804597094909,0.280533672173,0.0815495442751
385.4,0.0550672686109,0.804597094909,0.280533672173,0.0815495442751
385.5,0.0550672686109,0.804597094909,0.280533672173,0.0815495442751
385.6,0.0550672686109,0.804597094909,0.280533672173,0.0815495442751
385.7,0.0550672686109,0.804597094909,0.280533672173,0.0815495442751
385.8,0.0550672686109,0.804597094909,0.280533672173,0.0815495442751
385.9,0.0550672686109,0.804597094909,0.280533672173,0.0815495442751
386,0.0550672686109,0.804597094909,0.280533672173,0.0815495442751
386.1,0.0550672686109,0.804597094909,0.280533672173,0.0815495442751
386.2,0.0550672686109,0.804597094909,0.280533672173,0.0815495442751
386.3,0.0550672686109,0.804597094909,0.280533672173,0.0815495442751
386.4,0.0550672686109,0.804597094909,0.280533672173,0.0815495442751
386.5,0.0550672686109,0.804597094909,0.280533672173,0.0815495442751
386.6,0.0550672686109,0.804597094909,0.280533672173,0.0815495442751
386.7,0.0550672686109,0.804597094909,0.280533672173,0.0815495442751
386.8,0.0550672686109,0.804597094909,0.280533672173,0.0815495442751
386.9,0.0550672686109,0.804597094909,0.280533672173,0.0815495442751
387,0.0550672686109,0.804597094909,0.280533672173,0.0815495442751
387.1,0.0550672686109,0.804597094909,0.280533672173,0.0815495442751
387.2,0.0550672686109,0.804597094909,0.280533672173,0.0815495442751
387.3,0.0550672686109,0.804597094909,0.280533672173,0.0815495442751
387.4,0.0550672686109,0.804597094909,0.280533672173,0.0815495442751
387.5,0.0550672686109,0.804597094909,0.280533672173,0.0815495442751
387.6,0.0550672686109,0.804597094909,0.280533672173,0.0815495442751
387.7,0.0550672686109,0.804597094909,0.280533672173,0.0815495442751
387.8,0.0550672686109,0.804597094909,0.280533672173,0.0815495442751
387.9,0.0550672686109,0.804597094909,0.280533672173,0.0815495442751
388,0.0550672686109,0.804597094909,0.280533672173,0.0815495442751
388.1,0.0550672686109,0.804597094909,0.280533672173,0.0815495442751
388.2,0.0550672686109,0.804597094909,0.280533672173,0.0815495442751
388.3,0.0550672686109,0.804597094909,0.280533672173,0.0815495442751
388.4,0.0550672686109,0.804597094909,0.280533672173,0.0815495442751
388.5,0.0550672686109,0.804597094909,0.280533672173,0.0815495442751
388.6,0.0550672686109,0.804597094909,0.280533672173,0.0815495442751
388.7,0.0550672686109,0.804597094909,0.280533672173,0.0815495442751
388.8,0.0550672686109,0.804597094909,0.280533672173,0.0815495442751
388.9,0.0550672686109,0.804597094909,0.280533672173,0.0815495442751
389,0.0550672686109,0.804597094909,0.280533672173,0.0815495442751
389.1,0.0550672686109,0.804597094909,0.280533672173,0.0815495442751
389.2,0.0550672686109,0.804597094909,0.280533672173,0.0815495442751
389.3,0.0550672686109,0.804597094909,0.280533672173,0.0815495442751
389.4,0.0550672686109,0.804597094909,0.280533672173,0.0815495442751
389.5,0.0550672686109,0.804597094909,0.280533672173,0.0815495442751
389.6,0.0550672686109,0.804597094909,0.280533672173,0.0815495442751
389.7,0.0550672686109,0.804597094909,0.280533672173,0.0815495442751
389.8,0.0550672686109,0.804597094909,0.280533672173,0.0815495442751
389.9,0.0550672686109,0.804597094909,0.280533672173,0.0815495442751
390,0.0550672686109,0.804597094909,0.280533672173,0.0815495442751
390.1,0.0550672686109,0.804597094909,0.280533672173,0.0815495442751
390.2,0.0550672686109,0.804597094909,0.280533672173,0.0815495442751
390.3,0.0550672686109,0.804597094909,0.280533672173,0.0815495442751
390.4,0.0550672686109,0.804597094909,0.280533672173,0.0815495442751
390.5,0.0550672686109,0.804597094909,0.280533672173,0.0815495442751
390.6,0.0550672686109,0.804597094909,0.280533672173,0.0815495442751
390.7,0.0550672686109,0.804597094909,0.280533672173,0.0815495442751
390.8,0.0550672686109,0.804597094909,0.280533672173,0.0815495442751
390.9,0.0550672686109,0.804597094909,0.280533672173,0.0815495442751
391,0.0550672686109,0.804597094909,0.280533672173,0.0815495442751
391.1,0.0550672686109,0.804597094909,0.280533672173,0.0815495442751
391.2,0.0550672686109,0.804597094909,0.280533672173,0.0815495442751
391.3,0.0550672686109,0.804597094909,0.280533672173,0.0815495442751
391.4,0.0550672686109,0.804597094909,0.280533672173,0.0815495442751
391.5,0.0550672686109,0.804597094909,0.280533672173,0.0815495442751
391.6,0.0550672686109,0.804597094909,0.280533672173,0.0815495442751
391.7,0.0550672686109,0.804597094909,0.280533672173,0.0815495442751
391.8,0.0550672686109,0.804597094909,0.280533672173,0.0815495442751
391.9,0.0550672686109,0.804597094909,0.280533672173,0.0815495442751
392,0.0550672686109,0.804597094909,0.280533672173,0.0815495442751
392.1,0.0550672686109,0.804597094909,0.280533672173,0.0815495442751
392.2,0.0550672686109,0.804597094909,0.280533672173,0.0815495442751
392.3,0.0550672686109,0.804597094909,0.280533672173,0.0815495442751
392.4,0.0550672686109,0.804597094909,0.280533672173,0.0815495442751
392.5,0.0550672686109,0.804597094909,0.280533672173,0.0815495442751
392.6,0.0550672686109,0.804597094909,0.280533672173,0.0815495442751
392.7,0.0550672686109,0.804597094909,0.280533672173,0.0815495442751
392.8,0.0550672686109,0.804597094909,0.280533672173,0.0815495442751
392.9,0.0550672686109,0.804597094909,0.280533672173,0.0815495442751
393,0.0550672686109,0.804597094909,0.280533672173,0.0815495442751
393.1,0.0550672686109,0.804597094909,0.280533672173,0.0815495442751
393.2,0.0550672686109,0.804597094909,0.280533672173,0.0815495442751
393.3,0.0550672686109,0.804597094909,0.280533672173,0.0815495442751
393.4,0.0550672686109,0.804597094909,0.280533672173,0.0815495442751
393.5,0.0550672686109,0.804597094909,0.280533672173,0.0815495442751
393.6,0.0550672686109,0.804597094909,0.280533672173,0.0815495442751
393.7,0.0550672686109,0.804597094909,0.280533672173,0.0815495442751
393.8,0.0550672686109,0.804597094909,0.280533672173,0.0815495442751
393.9,0.0550672686109,0.804597094909,0.280533672173,0.0815495442751
394,0.0550672686109,0.804597094909,0.280533672173,0.0815495442751
394.1,0.0550672686109,0.804597094909,0.280533672173,0.0815495442751
394.2,0.0550672686109,0.804597094909,0.280533672173,0.0815495442751
394.3,0.0550672686109,0.804597094909,0.280533672173,0.0815495442751
394.4,0.0550672686109,0.804597094909,0.280533672173,0.0815495442751
394.5,0.0550672686109,0.804597094909,0.280533672173,0.0815495442751
394.6,0.0550672686109,0.804597094909,0.280533672173,0.0815495442751
394.7,0.0550672686109,0.804597094909,0.280533672173,0.0815495442751
394.8,0.0550672686109,0.804597094909,0.280533672173,0.0815495442751
394.9,0.0550672686109,0.804597094909,0.280533672173,0.0815495442751
395,0.0550672686109,0.804597094909,0.280533672173,0.0815495442751
395.1,0.0550672686109,0.804597094909,0.280533672173,0.0815495442751
395.2,0.0550672686109,0.804597094909,0.280533672173,0.0815495442751
395.3,0.0550672686109,0.804597094909,0.280533672173,0.0815495442751
395.4,0.0550672686109,0.804597094909,0.280533672173,0.0815495442751
395.5,0.0550672686109,0.804597094909,0.280533672173,0.0815495442751
395.6,0.0550672686109,0.804597094909,0.280533672173,0.0815495442751
395.7,0.0550672686109,0.804597094909,0.280533672173,0.0815495442751
395.8,0.0550672686109,0.804597094909,0.280533672173,0.0815495442751
395.9,0.0550672686109,0.804597094909,0.280533672173,0.0815495442751
396,0.0550672686109,0.804597094909,0.280533672173,0.0815495442751
396.1,0.0550672686109,0.804597094909,0.280533672173,0.0815495442751
396.2,0.0550672686109,0.804597094909,0.280533672173,0.0815495442751
396.3,0.0550672686109,0.804597094909,0.280533672173,0.0815495442751
396.4,0.0550672686109,0.804597094909,0.280533672173,0.0815495442751
396.5,0.0550672686109,0.804597094909,0.280533672173,0.0815495442751
396.6,0.0550672686109,0.804597094909,0.280533672173,0.0815495442751
396.7,0.0550672686109,0.804597094909,0.280533672173,0.0815495442751
396.8,0.0550672686109,0.804597094909,0.280533672173,0.0815495442751
396.9,0.0550672686109,0.804597094909,0.280533672173,0.0815495442751
397,0.0550672686109,0.804597094909,0.280533672173,0.0815495442751
397.1,0.0550672686109,0.804597094909,0.280533672173,0.0815495442751
397.2,0.0550672686109,0.804597094909,0.280533672173,0.0815495442751
397.3,0.0550672686109,0.804597094909,0.280533672173,0.0815495442751
397.4,0.0550672686109,0.804597094909,0.280533672173,0.0815495442751
397.5,0.0550672686109,0.804597094909,0.280533672173,0.0815495442751
397.6,0.0550672686109,0.804597094909,0.280533672173,0.0815495442751
397.7,0.0550672686109,0.804597094909,0.280533672173,0.0815495442751
397.8,0.0550672686109,0.804597094909,0.280533672173,0.0815495442751
397.9,0.0550672686109,0.804597094909,0.280533672173,0.0815495442751
398,0.0550672686109,0.804597094909,0.280533672173,0.0815495442751
398.1,0.0550672686109,0.804597094909,0.280533672173,0.0815495442751
398.2,0.0550672686109,0.804597094909,0.280533672173,0.0815495442751
398.3,0.0550672686109,0.804597094909,0.280533672173,0.0815495442751
398.4,0.0550672686109,0.804597094909,0.280533672173,0.0815495442751
398.5,0.0550672686109,0.804597094909,0.280533672173,0.0815495442751
398.6,0.0550672686109,0.804597094909,0.280533672173,0.0815495442751
398.7,0.0550672686109,0.804597094909,0.280533672173,0.0815495442751
398.8,0.0550672686109,0.804597094909,0.280533672173,0.0815495442751
398.9,0.0550672686109,0.804597094909,0.280533672173,0.0815495442751
399,0.0550672686109,0.804597094909,0.280533672173,0.0815495442751
399.1,0.0550672686109,0.804597094909,0.280533672173,0.0815495442751
399.2,0.0550672686109,0.804597094909,0.280533672173,0.0815495442751
399.3,0.0550672686109,0.804597094909,0.280533672173,0.0815495442751
399.4,0.0550672686109,0.804597094909,0.280533672173,0.0815495442751
399.5,0.0550672686109,0.804597094909,0.280533672173,0.0815495442751
399.6,0.0550672686109,0.804597094909,0.280533672173,0.0815495442751
399.7,0.0550672686109,0.804597094909,0.280533672173,0.0815495442751
399.8,0.0550672686109,0.804597094909,0.280533672173,0.0815495442751
399.9,0.0550672686109,0.804597094909,0.280533672173,0.0815495442751
400,0.0550672686109,0.804597094909,0.280533672173,0.0815495442751
400.1,0.0550672686109,0.804597094909,0.280533672173,0.0815495442751
400.2,0.0550672686109,0.804597094909,0.280533672173,0.0815495442751
400.3,0.0550672686109,0.804597094909,0.280533672173,0.0815495442751
400.4,0.0550672686109,0.804597094909,0.280533672173,0.0815495442751
400.5,0.0550672686109,0.804597094909,0.280533672173,0.0815495442751
400.6,0.0550672686109,0.804597094909,0.280533672173,0.0815495442751
400.7,0.0550672686109,0.804597094909,0.280533672173,0.0815495442751
400.8,0.0550672686109,0.804597094909,0.280533672173,0.0815495442751
400.9,0.0550672686109,0.804597094909,0.280533672173,0.0815495442751
401,0.0550672686109,0.804597094909,0.280533672173,0.0815495442751
401.1,0.0550672686109,0.804597094909,0.280533672173,0.0815495442751
401.2,0.0550672686109,0.804597094909,0.280533672173,0.0815495442751
401.3,0.0550672686109,0.804597094909,0.280533672173,0.0815495442751
401.4,0.0550672686109,0.804597094909,0.280533672173,0.0815495442751
401.5,0.0550672686109,0.804597094909,0.280533672173,0.0815495442751
401.6,0.0550672686109,0.804597094909,0.280533672173,0.0815495442751
401.7,0.0550672686109,0.804597094909,0.280533672173,0.0815495442751
401.8,0.0550672686109,0.804597094909,0.280533672173,0.0815495442751
401.9,0.0550672686109,0.804597094909,0.280533672173,0.0815495442751
402,0.0550672686109,0.804597094909,0.280533672173,0.0815495442751
402.1,0.0550672686109,0.804597094909,0.280533672173,0.0815495442751
402.2,0.0550672686109,0.804597094909,0.280533672173,0.0815495442751
402.3,0.0550672686109,0.804597094909,0.280533672173,0.0815495442751
402.4,0.0550672686109,0.804597094909,0.280533672173,0.0815495442751
402.5,0.0550672686109,0.804597094909,0.280533672173,0.0815495442751
402.6,0.0550672686109,0.804597094909,0.280533672173,0.0815495442751
402.7,0.0550672686109,0.804597094909,0.280533672173,0.0815495442751
402.8,0.0550672686109,0.804597094909,0.280533672173,0.0815495442751
402.9,0.0550672686109,0.804597094909,0.280533672173,0.0815495442751
403,0.0550672686109,0.804597094909,0.280533672173,0.0815495442751
403.1,0.0550672686109,0.804597094909,0.280533672173,0.0815495442751
403.2,0.0550672686109,0.804597094909,0.280533672173,0.0815495442751
403.3,0.0550672686109,0.804597094909,0.280533672173,0.0815495442751
403.4,0.0550672686109,0.804597094909,0.280533672173,0.0815495442751
403.5,0.0550672686109,0.804597094909,0.280533672173,0.0815495442751
403.6,0.0550672686109,0.804597094909,0.280533672173,0.0815495442751
403.7,0.0550672686109,0.804597094909,0.280533672173,0.0815495442751
403.8,0.0550672686109,0.804597094909,0.280533672173,0.0815495442751
403.9,0.0550672686109,0.804597094909,0.280533672173,0.0815495442751
404,0.0550672686109,0.804597094909,0.280533672173,0.0815495442751
404.1,0.0550672686109,0.804597094909,0.280533672173,0.0815495442751
404.2,0.0550672686109,0.804597094909,0.280533672173,0.0815495442751
404.3,0.0550672686109,0.804597094909,0.280533672173,0.0815495442751
404.4,0.0550672686109,0.804597094909,0.280533672173,0.0815495442751
404.5,0.0550672686109,0.804597094909,0.280533672173,0.0815495442751
404.6,0.0550672686109,0.804597094909,0.280533672173,0.0815495442751
404.7,0.0550672686109,0.804597094909,0.280533672173,0.0815495442751
404.8,0.0550672686109,0.804597094909,0.280533672173,0.0815495442751
404.9,0.0550672686109,0.804597094909,0.280533672173,0.0815495442751
405,0.0550672686109,0.804597094909,0.280533672173,0.0815495442751
405.1,0.0550672686109,0.804597094909,0.280533672173,0.0815495442751
405.2,0.0550672686109,0.804597094909,0.280533672173,0.0815495442751
405.3,0.0550672686109,0.804597094909,0.280533672173,0.0815495442751
405.4,0.0550672686109,0.804597094909,0.280533672173,0.0815495442751
405.5,0.0550672686109,0.804597094909,0.280533672173,0.0815495442751
405.6,0.0550672686109,0.804597094909,0.280533672173,0.0815495442751
405.7,0.0550672686109,0.804597094909,0.280533672173,0.0815495442751
405.8,0.0550672686109,0.804597094909,0.280533672173,0.0815495442751
405.9,0.0550672686109,0.804597094909,0.280533672173,0.0815495442751
406,0.0550672686109,0.804597094909,0.280533672173,0.0815495442751
406.1,0.0550672686109,0.804597094909,0.280533672173,0.0815495442751
406.2,0.0550672686109,0.804597094909,0.280533672173,0.0815495442751
406.3,0.0550672686109,0.804597094909,0.280533672173,0.0815495442751
406.4,0.0550672686109,0.804597094909,0.280533672173,0.0815495442751
406.5,0.0550672686109,0.804597094909,0.280533672173,0.0815495442751
406.6,0.0550672686109,0.804597094909,0.280533672173,0.0815495442751
406.7,0.0550672686109,0.804597094909,0.280533672173,0.0815495442751
406.8,0.0550672686109,0.804597094909,0.280533672173,0.0815495442751
406.9,0.0550672686109,0.804597094909,0.280533672173,0.0815495442751
407,0.0550672686109,0.804597094909,0.280533672173,0.0815495442751
407.1,0.0550672686109,0.804597094909,0.280533672173,0.0815495442751
407.2,0.0550672686109,0.804597094909,0.280533672173,0.0815495442751
407.3,0.0550672686109,0.804597094909,0.280533672173,0.0815495442751
407.4,0.0550672686109,0.804597094909,0.280533672173,0.0815495442751
407.5,0.0550672686109,0.804597094909,0.280533672173,0.0815495442751
407.6,0.0550672686109,0.804597094909,0.280533672173,0.0815495442751
407.7,0.0550672686109,0.804597094909,0.280533672173,0.0815495442751
407.8,0.0550672686109,0.804597094909,0.280533672173,0.0815495442751
407.9,0.0550672686109,0.804597094909,0.280533672173,0.0815495442751
408,0.0550672686109,0.804597094909,0.280533672173,0.0815495442751
408.1,0.0550672686109,0.804597094909,0.280533672173,0.0815495442751
408.2,0.0550672686109,0.804597094909,0.280533672173,0.0815495442751
408.3,0.0550672686109,0.804597094909,0.280533672173,0.0815495442751
408.4,0.0550672686109,0.804597094909,0.280533672173,0.0815495442751
408.5,0.0550672686109,0.804597094909,0.280533672173,0.0815495442751
408.6,0.0550672686109,0.804597094909,0.280533672173,0.0815495442751
408.7,0.0550672686109,0.804597094909,0.280533672173,0.0815495442751
408.8,0.0550672686109,0.804597094909,0.280533672173,0.0815495442751
408.9,0.0550672686109,0.804597094909,0.280533672173,0.0815495442751
409,0.0550672686109,0.804597094909,0.280533672173,0.0815495442751
409.1,0.0550672686109,0.804597094909,0.280533672173,0.0815495442751
409.2,0.0550672686109,0.804597094909,0.280533672173,0.0815495442751
409.3,0.0550672686109,0.804597094909,0.280533672173,0.0815495442751
409.4,0.0550672686109,0.804597094909,0.280533672173,0.0815495442751
409.5,0.0550672686109,0.804597094909,0.280533672173,0.0815495442751
409.6,0.0550672686109,0.804597094909,0.280533672173,0.0815495442751
409.7,0.0550672686109,0.804597094909,0.280533672173,0.0815495442751
409.8,0.0550672686109,0.804597094909,0.280533672173,0.0815495442751
409.9,0.0550672686109,0.804597094909,0.280533672173,0.0815495442751
410,0.0550672686109,0.804597094909,0.280533672173,0.0815495442751
410.1,0.0550672686109,0.804597094909,0.280533672173,0.0815495442751
410.2,0.0550672686109,0.804597094909,0.280533672173,0.0815495442751
410.3,0.0550672686109,0.804597094909,0.280533672173,0.0815495442751
410.4,0.0550672686109,0.804597094909,0.280533672173,0.0815495442751
410.5,0.0550672686109,0.804597094909,0.280533672173,0.0815495442751
410.6,0.0550672686109,0.804597094909,0.280533672173,0.0815495442751
410.7,0.0550672686109,0.804597094909,0.280533672173,0.0815495442751
410.8,0.0550672686109,0.804597094909,0.280533672173,0.0815495442751
410.9,0.0550672686109,0.804597094909,0.280533672173,0.0815495442751
411,0.0550672686109,0.804597094909,0.280533672173,0.0815495442751
411.1,0.0550672686109,0.804597094909,0.280533672173,0.0815495442751
411.2,0.0550672686109,0.804597094909,0.280533672173,0.0815495442751
411.3,0.0550672686109,0.804597094909,0.280533672173,0.0815495442751
411.4,0.0550672686109,0.804597094909,0.280533672173,0.0815495442751
411.5,0.0550672686109,0.804597094909,0.280533672173,0.0815495442751
411.6,0.0550672686109,0.804597094909,0.280533672173,0.0815495442751
411.7,0.0550672686109,0.804597094909,0.280533672173,0.0815495442751
411.8,0.0550672686109,0.804597094909,0.280533672173,0.0815495442751
411.9,0.0550672686109,0.804597094909,0.280533672173,0.0815495442751
412,0.0550672686109,0.804597094909,0.280533672173,0.0815495442751
412.1,0.0550672686109,0.804597094909,0.280533672173,0.0815495442751
412.2,0.0550672686109,0.804597094909,0.280533672173,0.0815495442751
412.3,0.0550672686109,0.804597094909,0.280533672173,0.0815495442751
412.4,0.0550672686109,0.804597094909,0.280533672173,0.0815495442751
412.5,0.0550672686109,0.804597094909,0.280533672173,0.0815495442751
412.6,0.0550672686109,0.804597094909,0.280533672173,0.0815495442751
412.7,0.0550672686109,0.804597094909,0.280533672173,0.0815495442751
412.8,0.0550672686109,0.804597094909,0.280533672173,0.0815495442751
412.9,0.0550672686109,0.804597094909,0.280533672173,0.0815495442751
413,0.0550672686109,0.804597094909,0.280533672173,0.0815495442751
413.1,0.0550672686109,0.804597094909,0.280533672173,0.0815495442751
413.2,0.0550672686109,0.804597094909,0.280533672173,0.0815495442751
413.3,0.0550672686109,0.804597094909,0.280533672173,0.0815495442751
413.4,0.0550672686109,0.804597094909,0.280533672173,0.0815495442751
413.5,0.0550672686109,0.804597094909,0.280533672173,0.0815495442751
413.6,0.0550672686109,0.804597094909,0.280533672173,0.0815495442751
413.7,0.0550672686109,0.804597094909,0.280533672173,0.0815495442751
413.8,0.0550672686109,0.804597094909,0.280533672173,0.0815495442751
413.9,0.0550672686109,0.804597094909,0.280533672173,0.0815495442751
414,0.0550672686109,0.804597094909,0.280533672173,0.0815495442751
414.1,0.0550672686109,0.804597094909,0.280533672173,0.0815495442751
414.2,0.0550672686109,0.804597094909,0.280533672173,0.0815495442751
414.3,0.0550672686109,0.804597094909,0.280533672173,0.0815495442751
414.4,0.0550672686109,0.804597094909,0.280533672173,0.0815495442751
414.5,0.0550672686109,0.804597094909,0.280533672173,0.0815495442751
414.6,0.0550672686109,0.804597094909,0.280533672173,0.0815495442751
414.7,0.0550672686109,0.804597094909,0.280533672173,0.0815495442751
414.8,0.0550672686109,0.804597094909,0.280533672173,0.0815495442751
414.9,0.0550672686109,0.804597094909,0.280533672173,0.0815495442751
415,0.0550672686109,0.804597094909,0.280533672173,0.0815495442751
415.1,0.0550672686109,0.804597094909,0.280533672173,0.0815495442751
415.2,0.0550672686109,0.804597094909,0.280533672173,0.0815495442751
415.3,0.0550672686109,0.804597094909,0.280533672173,0.0815495442751
415.4,0.0550672686109,0.804597094909,0.280533672173,0.0815495442751
415.5,0.0550672686109,0.804597094909,0.280533672173,0.0815495442751
415.6,0.0550672686109,0.804597094909,0.280533672173,0.0815495442751
415.7,0.0550672686109,0.804597094909,0.280533672173,0.0815495442751
415.8,0.0550672686109,0.804597094909,0.280533672173,0.0815495442751
415.9,0.0550672686109,0.804597094909,0.280533672173,0.0815495442751
416,0.0550672686109,0.804597094909,0.280533672173,0.0815495442751
416.1,0.0550672686109,0.804597094909,0.280533672173,0.0815495442751
416.2,0.0550672686109,0.804597094909,0.280533672173,0.0815495442751
416.3,0.0550672686109,0.804597094909,0.280533672173,0.0815495442751
416.4,0.0550672686109,0.804597094909,0.280533672173,0.0815495442751
416.5,0.0550672686109,0.804597094909,0.280533672173,0.0815495442751
416.6,0.0550672686109,0.804597094909,0.280533672173,0.0815495442751
416.7,0.0550672686109,0.804597094909,0.280533672173,0.0815495442751
416.8,0.0550672686109,0.804597094909,0.280533672173,0.0815495442751
416.9,0.0550672686109,0.804597094909,0.280533672173,0.0815495442751
417,0.0550672686109,0.804597094909,0.280533672173,0.0815495442751
417.1,0.0550672686109,0.804597094909,0.280533672173,0.0815495442751
417.2,0.0550672686109,0.804597094909,0.280533672173,0.0815495442751
417.3,0.0550672686109,0.804597094909,0.280533672173,0.0815495442751
417.4,0.0550672686109,0.804597094909,0.280533672173,0.0815495442751
417.5,0.0550672686109,0.804597094909,0.280533672173,0.0815495442751
417.6,0.0550672686109,0.804597094909,0.280533672173,0.0815495442751
417.7,0.0550672686109,0.804597094909,0.280533672173,0.0815495442751
417.8,0.0550672686109,0.804597094909,0.280533672173,0.0815495442751
417.9,0.0550672686109,0.804597094909,0.280533672173,0.0815495442751
418,0.0550672686109,0.804597094909,0.280533672173,0.0815495442751
418.1,0.0550672686109,0.804597094909,0.280533672173,0.0815495442751
418.2,0.0550672686109,0.804597094909,0.280533672173,0.0815495442751
418.3,0.0550672686109,0.804597094909,0.280533672173,0.0815495442751
418.4,0.0550672686109,0.804597094909,0.280533672173,0.0815495442751
418.5,0.0550672686109,0.804597094909,0.280533672173,0.0815495442751
418.6,0.0550672686109,0.804597094909,0.280533672173,0.0815495442751
418.7,0.0550672686109,0.804597094909,0.280533672173,0.0815495442751
418.8,0.0550672686109,0.804597094909,0.280533672173,0.0815495442751
418.9,0.0550672686109,0.804597094909,0.280533672173,0.0815495442751
419,0.0550672686109,0.804597094909,0.280533672173,0.0815495442751
419.1,0.0550672686109,0.804597094909,0.280533672173,0.0815495442751
419.2,0.0550672686109,0.804597094909,0.280533672173,0.0815495442751
419.3,0.0550672686109,0.804597094909,0.280533672173,0.0815495442751
419.4,0.0550672686109,0.804597094909,0.280533672173,0.0815495442751
419.5,0.0550672686109,0.804597094909,0.280533672173,0.0815495442751
419.6,0.0550672686109,0.804597094909,0.280533672173,0.0815495442751
419.7,0.0550672686109,0.804597094909,0.280533672173,0.0815495442751
419.8,0.0550672686109,0.804597094909,0.280533672173,0.0815495442751
419.9,0.0550672686109,0.804597094909,0.280533672173,0.0815495442751
420,0.0550672686109,0.804597094909,0.280533672173,0.0815495442751
420.1,0.0550672686109,0.804597094909,0.280533672173,0.0815495442751
420.2,0.0550672686109,0.804597094909,0.280533672173,0.0815495442751
420.3,0.0550672686109,0.804597094909,0.280533672173,0.0815495442751
420.4,0.0550672686109,0.804597094909,0.280533672173,0.0815495442751
420.5,0.0550672686109,0.804597094909,0.280533672173,0.0815495442751
420.6,0.0550672686109,0.804597094909,0.280533672173,0.0815495442751
420.7,0.0550672686109,0.804597094909,0.280533672173,0.0815495442751
420.8,0.0550672686109,0.804597094909,0.280533672173,0.0815495442751
420.9,0.0550672686109,0.804597094909,0.280533672173,0.0815495442751
421,0.0550672686109,0.804597094909,0.280533672173,0.0815495442751
421.1,0.0550672686109,0.804597094909,0.280533672173,0.0815495442751
421.2,0.0550672686109,0.804597094909,0.280533672173,0.0815495442751
421.3,0.0550672686109,0.804597094909,0.280533672173,0.0815495442751
421.4,0.0550672686109,0.804597094909,0.280533672173,0.0815495442751
421.5,0.0550672686109,0.804597094909,0.280533672173,0.0815495442751
421.6,0.0550672686109,0.804597094909,0.280533672173,0.0815495442751
421.7,0.0550672686109,0.804597094909,0.280533672173,0.0815495442751
421.8,0.0550672686109,0.804597094909,0.280533672173,0.0815495442751
421.9,0.0550672686109,0.804597094909,0.280533672173,0.0815495442751
422,0.0550672686109,0.804597094909,0.280533672173,0.0815495442751
422.1,0.0550672686109,0.804597094909,0.280533672173,0.0815495442751
422.2,0.0550672686109,0.804597094909,0.280533672173,0.0815495442751
422.3,0.0550672686109,0.804597094909,0.280533672173,0.0815495442751
422.4,0.0550672686109,0.804597094909,0.280533672173,0.0815495442751
422.5,0.0550672686109,0.804597094909,0.280533672173,0.0815495442751
422.6,0.0550672686109,0.804597094909,0.280533672173,0.0815495442751
422.7,0.0550672686109,0.804597094909,0.280533672173,0.0815495442751
422.8,0.0550672686109,0.804597094909,0.280533672173,0.0815495442751
422.9,0.0550672686109,0.804597094909,0.280533672173,0.0815495442751
423,0.0550672686109,0.804597094909,0.280533672173,0.0815495442751
423.1,0.0550672686109,0.804597094909,0.280533672173,0.0815495442751
423.2,0.0550672686109,0.804597094909,0.280533672173,0.0815495442751
423.3,0.0550672686109,0.804597094909,0.280533672173,0.0815495442751
423.4,0.0550672686109,0.804597094909,0.280533672173,0.0815495442751
423.5,0.0550672686109,0.804597094909,0.280533672173,0.0815495442751
423.6,0.0550672686109,0.804597094909,0.280533672173,0.0815495442751
423.7,0.0550672686109,0.804597094909,0.280533672173,0.0815495442751
423.8,0.0550672686109,0.804597094909,0.280533672173,0.0815495442751
423.9,0.0550672686109,0.804597094909,0.280533672173,0.0815495442751
424,0.0550672686109,0.804597094909,0.280533672173,0.0815495442751
424.1,0.0550672686109,0.804597094909,0.280533672173,0.0815495442751
424.2,0.0550672686109,0.804597094909,0.280533672173,0.0815495442751
424.3,0.0550672686109,0.804597094909,0.280533672173,0.0815495442751
424.4,0.0550672686109,0.804597094909,0.280533672173,0.0815495442751
424.5,0.0550672686109,0.804597094909,0.280533672173,0.0815495442751
424.6,0.0550672686109,0.804597094909,0.280533672173,0.0815495442751
424.7,0.0550672686109,0.804597094909,0.280533672173,0.0815495442751
424.8,0.0550672686109,0.804597094909,0.280533672173,0.0815495442751
424.9,0.0550672686109,0.804597094909,0.280533672173,0.0815495442751
425,0.0550672686109,0.804597094909,0.280533672173,0.0815495442751
425.1,0.0550672686109,0.804597094909,0.280533672173,0.0815495442751
425.2,0.0550672686109,0.804597094909,0.280533672173,0.0815495442751
425.3,0.0550672686109,0.804597094909,0.280533672173,0.0815495442751
425.4,0.0550672686109,0.804597094909,0.280533672173,0.0815495442751
425.5,0.0550672686109,0.804597094909,0.280533672173,0.0815495442751
425.6,0.0550672686109,0.804597094909,0.280533672173,0.0815495442751
425.7,0.0550672686109,0.804597094909,0.280533672173,0.0815495442751
425.8,0.0550672686109,0.804597094909,0.280533672173,0.0815495442751
425.9,0.0550672686109,0.804597094909,0.280533672173,0.0815495442751
426,0.0550672686109,0.804597094909,0.280533672173,0.0815495442751
426.1,0.0550672686109,0.804597094909,0.280533672173,0.0815495442751
426.2,0.0550672686109,0.804597094909,0.280533672173,0.0815495442751
426.3,0.0550672686109,0.804597094909,0.280533672173,0.0815495442751
426.4,0.0550672686109,0.804597094909,0.280533672173,0.0815495442751
426.5,0.0550672686109,0.804597094909,0.280533672173,0.0815495442751
426.6,0.0550672686109,0.804597094909,0.280533672173,0.0815495442751
426.7,0.0550672686109,0.804597094909,0.280533672173,0.0815495442751
426.8,0.0550672686109,0.804597094909,0.280533672173,0.0815495442751
426.9,0.0550672686109,0.804597094909,0.280533672173,0.0815495442751
427,0.0550672686109,0.804597094909,0.280533672173,0.0815495442751
427.1,0.0550672686109,0.804597094909,0.280533672173,0.0815495442751
427.2,0.0550672686109,0.804597094909,0.280533672173,0.0815495442751
427.3,0.0550672686109,0.804597094909,0.280533672173,0.0815495442751
427.4,0.0550672686109,0.804597094909,0.280533672173,0.0815495442751
427.5,0.0550672686109,0.804597094909,0.280533672173,0.0815495442751
427.6,0.0550672686109,0.804597094909,0.280533672173,0.0815495442751
427.7,0.0550672686109,0.804597094909,0.280533672173,0.0815495442751
427.8,0.0550672686109,0.804597094909,0.280533672173,0.0815495442751
427.9,0.0550672686109,0.804597094909,0.280533672173,0.0815495442751
428,0.0550672686109,0.804597094909,0.280533672173,0.0815495442751
428.1,0.0550672686109,0.804597094909,0.280533672173,0.0815495442751
428.2,0.0550672686109,0.804597094909,0.280533672173,0.0815495442751
428.3,0.0550672686109,0.804597094909,0.280533672173,0.0815495442751
428.4,0.0550672686109,0.804597094909,0.280533672173,0.0815495442751
428.5,0.0550672686109,0.804597094909,0.280533672173,0.0815495442751
428.6,0.0550672686109,0.804597094909,0.280533672173,0.0815495442751
428.7,0.0550672686109,0.804597094909,0.280533672173,0.0815495442751
428.8,0.0550672686109,0.804597094909,0.280533672173,0.0815495442751
428.9,0.0550672686109,0.804597094909,0.280533672173,0.0815495442751
429,0.0550672686109,0.804597094909,0.280533672173,0.0815495442751
429.1,0.0550672686109,0.804597094909,0.280533672173,0.0815495442751
429.2,0.0550672686109,0.804597094909,0.280533672173,0.0815495442751
429.3,0.0550672686109,0.804597094909,0.280533672173,0.0815495442751
429.4,0.0550672686109,0.804597094909,0.280533672173,0.0815495442751
429.5,0.0550672686109,0.804597094909,0.280533672173,0.0815495442751
429.6,0.0550672686109,0.804597094909,0.280533672173,0.0815495442751
429.7,0.0550672686109,0.804597094909,0.280533672173,0.0815495442751
429.8,0.0550672686109,0.804597094909,0.280533672173,0.0815495442751
429.9,0.0550672686109,0.804597094909,0.280533672173,0.0815495442751
430,0.0550672686109,0.804597094909,0.280533672173,0.0815495442751
430.1,0.0550672686109,0.804597094909,0.280533672173,0.0815495442751
430.2,0.0550672686109,0.804597094909,0.280533672173,0.0815495442751
430.3,0.0550672686109,0.804597094909,0.280533672173,0.0815495442751
430.4,0.0550672686109,0.804597094909,0.280533672173,0.0815495442751
430.5,0.0550672686109,0.804597094909,0.280533672173,0.0815495442751
430.6,0.0550672686109,0.804597094909,0.280533672173,0.0815495442751
430.7,0.0550672686109,0.804597094909,0.280533672173,0.0815495442751
430.8,0.0550672686109,0.804597094909,0.280533672173,0.0815495442751
430.9,0.0550672686109,0.804597094909,0.280533672173,0.0815495442751
431,0.0550672686109,0.804597094909,0.280533672173,0.0815495442751
431.1,0.0550672686109,0.804597094909,0.280533672173,0.0815495442751
431.2,0.0550672686109,0.804597094909,0.280533672173,0.0815495442751
431.3,0.0550672686109,0.804597094909,0.280533672173,0.0815495442751
431.4,0.0550672686109,0.804597094909,0.280533672173,0.0815495442751
431.5,0.0550672686109,0.804597094909,0.280533672173,0.0815495442751
431.6,0.0550672686109,0.804597094909,0.280533672173,0.0815495442751
431.7,0.0550672686109,0.804597094909,0.280533672173,0.0815495442751
431.8,0.0550672686109,0.804597094909,0.280533672173,0.0815495442751
431.9,0.0550672686109,0.804597094909,0.280533672173,0.0815495442751
432,0.0550672686109,0.804597094909,0.280533672173,0.0815495442751
432.1,0.0550672686109,0.804597094909,0.280533672173,0.0815495442751
432.2,0.0550672686109,0.804597094909,0.280533672173,0.0815495442751
432.3,0.0550672686109,0.804597094909,0.280533672173,0.0815495442751
432.4,0.0550672686109,0.804597094909,0.280533672173,0.0815495442751
432.5,0.0550672686109,0.804597094909,0.280533672173,0.0815495442751
432.6,0.0550672686109,0.804597094909,0.280533672173,0.0815495442751
432.7,0.0550672686109,0.804597094909,0.280533672173,0.0815495442751
432.8,0.0550672686109,0.804597094909,0.280533672173,0.0815495442751
432.9,0.0550672686109,0.804597094909,0.280533672173,0.0815495442751
433,0.0550672686109,0.804597094909,0.280533672173,0.0815495442751
433.1,0.0550672686109,0.804597094909,0.280533672173,0.0815495442751
433.2,0.0550672686109,0.804597094909,0.280533672173,0.0815495442751
433.3,0.0550672686109,0.804597094909,0.280533672173,0.0815495442751
433.4,0.0550672686109,0.804597094909,0.280533672173,0.0815495442751
433.5,0.0550672686109,0.804597094909,0.280533672173,0.0815495442751
433.6,0.0550672686109,0.804597094909,0.280533672173,0.0815495442751
433.7,0.0550672686109,0.804597094909,0.280533672173,0.0815495442751
433.8,0.0550672686109,0.804597094909,0.280533672173,0.0815495442751
433.9,0.0550672686109,0.804597094909,0.280533672173,0.0815495442751
434,0.0550672686109,0.804597094909,0.280533672173,0.0815495442751
434.1,0.0550672686109,0.804597094909,0.280533672173,0.0815495442751
434.2,0.0550672686109,0.804597094909,0.280533672173,0.0815495442751
434.3,0.0550672686109,0.804597094909,0.280533672173,0.0815495442751
434.4,0.0550672686109,0.804597094909,0.280533672173,0.0815495442751
434.5,0.0550672686109,0.804597094909,0.280533672173,0.0815495442751
434.6,0.0550672686109,0.804597094909,0.280533672173,0.0815495442751
434.7,0.0550672686109,0.804597094909,0.280533672173,0.0815495442751
434.8,0.0550672686109,0.804597094909,0.280533672173,0.0815495442751
434.9,0.0550672686109,0.804597094909,0.280533672173,0.0815495442751
435,0.0550672686109,0.804597094909,0.280533672173,0.0815495442751
435.1,0.0550672686109,0.804597094909,0.280533672173,0.0815495442751
435.2,0.0550672686109,0.804597094909,0.280533672173,0.0815495442751
435.3,0.0550672686109,0.804597094909,0.280533672173,0.0815495442751
435.4,0.0550672686109,0.804597094909,0.280533672173,0.0815495442751
435.5,0.0550672686109,0.804597094909,0.280533672173,0.0815495442751
435.6,0.0550672686109,0.804597094909,0.280533672173,0.0815495442751
435.7,0.0550672686109,0.804597094909,0.280533672173,0.0815495442751
435.8,0.0550672686109,0.804597094909,0.280533672173,0.0815495442751
435.9,0.0550672686109,0.804597094909,0.280533672173,0.0815495442751
436,0.0550672686109,0.804597094909,0.280533672173,0.0815495442751
436.1,0.0550672686109,0.804597094909,0.280533672173,0.0815495442751
436.2,0.0550672686109,0.804597094909,0.280533672173,0.0815495442751
436.3,0.0550672686109,0.804597094909,0.280533672173,0.0815495442751
436.4,0.0550672686109,0.804597094909,0.280533672173,0.0815495442751
436.5,0.0550672686109,0.804597094909,0.280533672173,0.0815495442751
436.6,0.0550672686109,0.804597094909,0.280533672173,0.0815495442751
436.7,0.0550672686109,0.804597094909,0.280533672173,0.0815495442751
436.8,0.0550672686109,0.804597094909,0.280533672173,0.0815495442751
436.9,0.0550672686109,0.804597094909,0.280533672173,0.0815495442751
437,0.0550672686109,0.804597094909,0.280533672173,0.0815495442751
437.1,0.0550672686109,0.804597094909,0.280533672173,0.0815495442751
437.2,0.0550672686109,0.804597094909,0.280533672173,0.0815495442751
437.3,0.0550672686109,0.804597094909,0.280533672173,0.0815495442751
437.4,0.0550672686109,0.804597094909,0.280533672173,0.0815495442751
437.5,0.0550672686109,0.804597094909,0.280533672173,0.0815495442751
437.6,0.0550672686109,0.804597094909,0.280533672173,0.0815495442751
437.7,0.0550672686109,0.804597094909,0.280533672173,0.0815495442751
437.8,0.0550672686109,0.804597094909,0.280533672173,0.0815495442751
437.9,0.0550672686109,0.804597094909,0.280533672173,0.0815495442751
438,0.0550672686109,0.804597094909,0.280533672173,0.0815495442751
438.1,0.0550672686109,0.804597094909,0.280533672173,0.0815495442751
438.2,0.0550672686109,0.804597094909,0.280533672173,0.0815495442751
438.3,0.0550672686109,0.804597094909,0.280533672173,0.0815495442751
438.4,0.0550672686109,0.804597094909,0.280533672173,0.0815495442751
438.5,0.0550672686109,0.804597094909,0.280533672173,0.0815495442751
438.6,0.0550672686109,0.804597094909,0.280533672173,0.0815495442751
438.7,0.0550672686109,0.804597094909,0.280533672173,0.0815495442751
438.8,0.0550672686109,0.804597094909,0.280533672173,0.0815495442751
438.9,0.0550672686109,0.804597094909,0.280533672173,0.0815495442751
439,0.0550672686109,0.804597094909,0.280533672173,0.0815495442751
439.1,0.0550672686109,0.804597094909,0.280533672173,0.0815495442751
439.2,0.0550672686109,0.804597094909,0.280533672173,0.0815495442751
439.3,0.0550672686109,0.804597094909,0.280533672173,0.0815495442751
439.4,0.0550672686109,0.804597094909,0.280533672173,0.0815495442751
439.5,0.0550672686109,0.804597094909,0.280533672173,0.0815495442751
439.6,0.0550672686109,0.804597094909,0.280533672173,0.0815495442751
439.7,0.0550672686109,0.804597094909,0.280533672173,0.0815495442751
439.8,0.0550672686109,0.804597094909,0.280533672173,0.0815495442751
439.9,0.0550672686109,0.804597094909,0.280533672173,0.0815495442751
440,0.0550672686109,0.804597094909,0.280533672173,0.0815495442751
440.1,0.0550672686109,0.804597094909,0.280533672173,0.0815495442751
440.2,0.0550672686109,0.804597094909,0.280533672173,0.0815495442751
440.3,0.0550672686109,0.804597094909,0.280533672173,0.0815495442751
440.4,0.0550672686109,0.804597094909,0.280533672173,0.0815495442751
440.5,0.0550672686109,0.804597094909,0.280533672173,0.0815495442751
440.6,0.0550672686109,0.804597094909,0.280533672173,0.0815495442751
440.7,0.0550672686109,0.804597094909,0.280533672173,0.0815495442751
440.8,0.0550672686109,0.804597094909,0.280533672173,0.0815495442751
440.9,0.0550672686109,0.804597094909,0.280533672173,0.0815495442751
441,0.0550672686109,0.804597094909,0.280533672173,0.0815495442751
441.1,0.0550672686109,0.804597094909,0.280533672173,0.0815495442751
441.2,0.0550672686109,0.804597094909,0.280533672173,0.0815495442751
441.3,0.0550672686109,0.804597094909,0.280533672173,0.0815495442751
441.4,0.0550672686109,0.804597094909,0.280533672173,0.0815495442751
441.5,0.0550672686109,0.804597094909,0.280533672173,0.0815495442751
441.6,0.0550672686109,0.804597094909,0.280533672173,0.0815495442751
441.7,0.0550672686109,0.804597094909,0.280533672173,0.0815495442751
441.8,0.0550672686109,0.804597094909,0.280533672173,0.0815495442751
441.9,0.0550672686109,0.804597094909,0.280533672173,0.0815495442751
442,0.0550672686109,0.804597094909,0.280533672173,0.0815495442751
442.1,0.0550672686109,0.804597094909,0.280533672173,0.0815495442751
442.2,0.0550672686109,0.804597094909,0.280533672173,0.0815495442751
442.3,0.0550672686109,0.804597094909,0.280533672173,0.0815495442751
442.4,0.0550672686109,0.804597094909,0.280533672173,0.0815495442751
442.5,0.0550672686109,0.804597094909,0.280533672173,0.0815495442751
442.6,0.0550672686109,0.804597094909,0.280533672173,0.0815495442751
442.7,0.0550672686109,0.804597094909,0.280533672173,0.0815495442751
442.8,0.0550672686109,0.804597094909,0.280533672173,0.0815495442751
442.9,0.0550672686109,0.804597094909,0.280533672173,0.0815495442751
443,0.0550672686109,0.804597094909,0.280533672173,0.0815495442751
443.1,0.0550672686109,0.804597094909,0.280533672173,0.0815495442751
443.2,0.0550672686109,0.804597094909,0.280533672173,0.0815495442751
443.3,0.0550672686109,0.804597094909,0.280533672173,0.0815495442751
443.4,0.0550672686109,0.804597094909,0.280533672173,0.0815495442751
443.5,0.0550672686109,0.804597094909,0.280533672173,0.0815495442751
443.6,0.0550672686109,0.804597094909,0.280533672173,0.0815495442751
443.7,0.0550672686109,0.804597094909,0.280533672173,0.0815495442751
443.8,0.0550672686109,0.804597094909,0.280533672173,0.0815495442751
443.9,0.0550672686109,0.804597094909,0.280533672173,0.0815495442751
444,0.0550672686109,0.804597094909,0.280533672173,0.0815495442751
444.1,0.0550672686109,0.804597094909,0.280533672173,0.0815495442751
444.2,0.0550672686109,0.804597094909,0.280533672173,0.0815495442751
444.3,0.0550672686109,0.804597094909,0.280533672173,0.0815495442751
444.4,0.0550672686109,0.804597094909,0.280533672173,0.0815495442751
444.5,0.0550672686109,0.804597094909,0.280533672173,0.0815495442751
444.6,0.0550672686109,0.804597094909,0.280533672173,0.0815495442751
444.7,0.0550672686109,0.804597094909,0.280533672173,0.0815495442751
444.8,0.0550672686109,0.804597094909,0.280533672173,0.0815495442751
444.9,0.0550672686109,0.804597094909,0.280533672173,0.0815495442751
445,0.0550672686109,0.804597094909,0.280533672173,0.0815495442751
445.1,0.0550672686109,0.804597094909,0.280533672173,0.0815495442751
445.2,0.0550672686109,0.804597094909,0.280533672173,0.0815495442751
445.3,0.0550672686109,0.804597094909,0.280533672173,0.0815495442751
445.4,0.0550672686109,0.804597094909,0.280533672173,0.0815495442751
445.5,0.0550672686109,0.804597094909,0.280533672173,0.0815495442751
445.6,0.0550672686109,0.804597094909,0.280533672173,0.0815495442751
445.7,0.0550672686109,0.804597094909,0.280533672173,0.0815495442751
445.8,0.0550672686109,0.804597094909,0.280533672173,0.0815495442751
445.9,0.0550672686109,0.804597094909,0.280533672173,0.0815495442751
446,0.0550672686109,0.804597094909,0.280533672173,0.0815495442751
446.1,0.0550672686109,0.804597094909,0.280533672173,0.0815495442751
446.2,0.0550672686109,0.804597094909,0.280533672173,0.0815495442751
446.3,0.0550672686109,0.804597094909,0.280533672173,0.0815495442751
446.4,0.0550672686109,0.804597094909,0.280533672173,0.0815495442751
446.5,0.0550672686109,0.804597094909,0.280533672173,0.0815495442751
446.6,0.0550672686109,0.804597094909,0.280533672173,0.0815495442751
446.7,0.0550672686109,0.804597094909,0.280533672173,0.0815495442751
446.8,0.0550672686109,0.804597094909,0.280533672173,0.0815495442751
446.9,0.0550672686109,0.804597094909,0.280533672173,0.0815495442751
447,0.0550672686109,0.804597094909,0.280533672173,0.0815495442751
447.1,0.0550672686109,0.804597094909,0.280533672173,0.0815495442751
447.2,0.0550672686109,0.804597094909,0.280533672173,0.0815495442751
447.3,0.0550672686109,0.804597094909,0.280533672173,0.0815495442751
447.4,0.0550672686109,0.804597094909,0.280533672173,0.0815495442751
447.5,0.0550672686109,0.804597094909,0.280533672173,0.0815495442751
447.6,0.0550672686109,0.804597094909,0.280533672173,0.0815495442751
447.7,0.0550672686109,0.804597094909,0.280533672173,0.0815495442751
447.8,0.0550672686109,0.804597094909,0.280533672173,0.0815495442751
447.9,0.0550672686109,0.804597094909,0.280533672173,0.0815495442751
448,0.0550672686109,0.804597094909,0.280533672173,0.0815495442751
448.1,0.0550672686109,0.804597094909,0.280533672173,0.0815495442751
448.2,0.0550672686109,0.804597094909,0.280533672173,0.0815495442751
448.3,0.0550672686109,0.804597094909,0.280533672173,0.0815495442751
448.4,0.0550672686109,0.804597094909,0.280533672173,0.0815495442751
448.5,0.0550672686109,0.804597094909,0.280533672173,0.0815495442751
448.6,0.0550672686109,0.804597094909,0.280533672173,0.0815495442751
448.7,0.0550672686109,0.804597094909,0.280533672173,0.0815495442751
448.8,0.0550672686109,0.804597094909,0.280533672173,0.0815495442751
448.9,0.0550672686109,0.804597094909,0.280533672173,0.0815495442751
449,0.0550672686109,0.804597094909,0.280533672173,0.0815495442751
449.1,0.0550672686109,0.804597094909,0.280533672173,0.0815495442751
449.2,0.0550672686109,0.804597094909,0.280533672173,0.0815495442751
449.3,0.0550672686109,0.804597094909,0.280533672173,0.0815495442751
449.4,0.0550672686109,0.804597094909,0.280533672173,0.0815495442751
449.5,0.0550672686109,0.804597094909,0.280533672173,0.0815495442751
449.6,0.0550672686109,0.804597094909,0.280533672173,0.0815495442751
449.7,0.0550672686109,0.804597094909,0.280533672173,0.0815495442751
449.8,0.0550672686109,0.804597094909,0.280533672173,0.0815495442751
449.9,0.0550672686109,0.804597094909,0.280533672173,0.0815495442751
450,0.0550672686109,0.804597094909,0.280533672173,0.0815495442751
450.1,0.0550672686109,0.804597094909,0.280533672173,0.0815495442751
450.2,0.0550672686109,0.804597094909,0.280533672173,0.0815495442751
450.3,0.0550672686109,0.804597094909,0.280533672173,0.0815495442751
450.4,0.0550672686109,0.804597094909,0.280533672173,0.0815495442751
450.5,0.0550672686109,0.804597094909,0.280533672173,0.0815495442751
450.6,0.0550672686109,0.804597094909,0.280533672173,0.0815495442751
450.7,0.0550672686109,0.804597094909,0.280533672173,0.0815495442751
450.8,0.0550672686109,0.804597094909,0.280533672173,0.0815495442751
450.9,0.0550672686109,0.804597094909,0.280533672173,0.0815495442751
451,0.0550672686109,0.804597094909,0.280533672173,0.0815495442751
451.1,0.0550672686109,0.804597094909,0.280533672173,0.0815495442751
451.2,0.0550672686109,0.804597094909,0.280533672173,0.0815495442751
451.3,0.0550672686109,0.804597094909,0.280533672173,0.0815495442751
451.4,0.0550672686109,0.804597094909,0.280533672173,0.0815495442751
451.5,0.0550672686109,0.804597094909,0.280533672173,0.0815495442751
451.6,0.0550672686109,0.804597094909,0.280533672173,0.0815495442751
451.7,0.0550672686109,0.804597094909,0.280533672173,0.0815495442751
451.8,0.0550672686109,0.804597094909,0.280533672173,0.0815495442751
451.9,0.0550672686109,0.804597094909,0.280533672173,0.0815495442751
452,0.0550672686109,0.804597094909,0.280533672173,0.0815495442751
452.1,0.0550672686109,0.804597094909,0.280533672173,0.0815495442751
452.2,0.0550672686109,0.804597094909,0.280533672173,0.0815495442751
452.3,0.0550672686109,0.804597094909,0.280533672173,0.0815495442751
452.4,0.0550672686109,0.804597094909,0.280533672173,0.0815495442751
452.5,0.0550672686109,0.804597094909,0.280533672173,0.0815495442751
452.6,0.0550672686109,0.804597094909,0.280533672173,0.0815495442751
452.7,0.0550672686109,0.804597094909,0.280533672173,0.0815495442751
452.8,0.0550672686109,0.804597094909,0.280533672173,0.0815495442751
452.9,0.0550672686109,0.804597094909,0.280533672173,0.0815495442751
453,0.0550672686109,0.804597094909,0.280533672173,0.0815495442751
453.1,0.0550672686109,0.804597094909,0.280533672173,0.0815495442751
453.2,0.0550672686109,0.804597094909,0.280533672173,0.0815495442751
453.3,0.0550672686109,0.804597094909,0.280533672173,0.0815495442751
453.4,0.0550672686109,0.804597094909,0.280533672173,0.0815495442751
453.5,0.0550672686109,0.804597094909,0.280533672173,0.0815495442751
453.6,0.0550672686109,0.804597094909,0.280533672173,0.0815495442751
453.7,0.0550672686109,0.804597094909,0.280533672173,0.0815495442751
453.8,0.0550672686109,0.804597094909,0.280533672173,0.0815495442751
453.9,0.0550672686109,0.804597094909,0.280533672173,0.0815495442751
454,0.0550672686109,0.804597094909,0.280533672173,0.0815495442751
454.1,0.0550672686109,0.804597094909,0.280533672173,0.0815495442751
454.2,0.0550672686109,0.804597094909,0.280533672173,0.0815495442751
454.3,0.0550672686109,0.804597094909,0.280533672173,0.0815495442751
454.4,0.0550672686109,0.804597094909,0.280533672173,0.0815495442751
454.5,0.0550672686109,0.804597094909,0.280533672173,0.0815495442751
454.6,0.0550672686109,0.804597094909,0.280533672173,0.0815495442751
454.7,0.0550672686109,0.804597094909,0.280533672173,0.0815495442751
454.8,0.0550672686109,0.804597094909,0.280533672173,0.0815495442751
454.9,0.0550672686109,0.804597094909,0.280533672173,0.0815495442751
455,0.0550672686109,0.804597094909,0.280533672173,0.0815495442751
455.1,0.0550672686109,0.804597094909,0.280533672173,0.0815495442751
455.2,0.0550672686109,0.804597094909,0.280533672173,0.0815495442751
455.3,0.0550672686109,0.804597094909,0.280533672173,0.0815495442751
455.4,0.0550672686109,0.804597094909,0.280533672173,0.0815495442751
455.5,0.0550672686109,0.804597094909,0.280533672173,0.0815495442751
455.6,0.0550672686109,0.804597094909,0.280533672173,0.0815495442751
455.7,0.0550672686109,0.804597094909,0.280533672173,0.0815495442751
455.8,0.0550672686109,0.804597094909,0.280533672173,0.0815495442751
455.9,0.0550672686109,0.804597094909,0.280533672173,0.0815495442751
456,0.0550672686109,0.804597094909,0.280533672173,0.0815495442751
456.1,0.0550672686109,0.804597094909,0.280533672173,0.0815495442751
456.2,0.0550672686109,0.804597094909,0.280533672173,0.0815495442751
456.3,0.0550672686109,0.804597094909,0.280533672173,0.0815495442751
456.4,0.0550672686109,0.804597094909,0.280533672173,0.0815495442751
456.5,0.0550672686109,0.804597094909,0.280533672173,0.0815495442751
456.6,0.0550672686109,0.804597094909,0.280533672173,0.0815495442751
456.7,0.0550672686109,0.804597094909,0.280533672173,0.0815495442751
456.8,0.0550672686109,0.804597094909,0.280533672173,0.0815495442751
456.9,0.0550672686109,0.804597094909,0.280533672173,0.0815495442751
457,0.0550672686109,0.804597094909,0.280533672173,0.0815495442751
457.1,0.0550672686109,0.804597094909,0.280533672173,0.0815495442751
457.2,0.0550672686109,0.804597094909,0.280533672173,0.0815495442751
457.3,0.0550672686109,0.804597094909,0.280533672173,0.0815495442751
457.4,0.0550672686109,0.804597094909,0.280533672173,0.0815495442751
457.5,0.0550672686109,0.804597094909,0.280533672173,0.0815495442751
457.6,0.0550672686109,0.804597094909,0.280533672173,0.0815495442751
457.7,0.0550672686109,0.804597094909,0.280533672173,0.0815495442751
457.8,0.0550672686109,0.804597094909,0.280533672173,0.0815495442751
457.9,0.0550672686109,0.804597094909,0.280533672173,0.0815495442751
458,0.0550672686109,0.804597094909,0.280533672173,0.0815495442751
458.1,0.0550672686109,0.804597094909,0.280533672173,0.0815495442751
458.2,0.0550672686109,0.804597094909,0.280533672173,0.0815495442751
458.3,0.0550672686109,0.804597094909,0.280533672173,0.0815495442751
458.4,0.0550672686109,0.804597094909,0.280533672173,0.0815495442751
458.5,0.0550672686109,0.804597094909,0.280533672173,0.0815495442751
458.6,0.0550672686109,0.804597094909,0.280533672173,0.0815495442751
458.7,0.0550672686109,0.804597094909,0.280533672173,0.0815495442751
458.8,0.0550672686109,0.804597094909,0.280533672173,0.0815495442751
458.9,0.0550672686109,0.804597094909,0.280533672173,0.0815495442751
459,0.0550672686109,0.804597094909,0.280533672173,0.0815495442751
459.1,0.0550672686109,0.804597094909,0.280533672173,0.0815495442751
459.2,0.0550672686109,0.804597094909,0.280533672173,0.0815495442751
459.3,0.0550672686109,0.804597094909,0.280533672173,0.0815495442751
459.4,0.0550672686109,0.804597094909,0.280533672173,0.0815495442751
459.5,0.0550672686109,0.804597094909,0.280533672173,0.0815495442751
459.6,0.0550672686109,0.804597094909,0.280533672173,0.0815495442751
459.7,0.0550672686109,0.804597094909,0.280533672173,0.0815495442751
459.8,0.0550672686109,0.804597094909,0.280533672173,0.0815495442751
459.9,0.0550672686109,0.804597094909,0.280533672173,0.0815495442751
460,0.0550672686109,0.804597094909,0.280533672173,0.0815495442751
460.1,0.0550672686109,0.804597094909,0.280533672173,0.0815495442751
460.2,0.0550672686109,0.804597094909,0.280533672173,0.0815495442751
460.3,0.0550672686109,0.804597094909,0.280533672173,0.0815495442751
460.4,0.0550672686109,0.804597094909,0.280533672173,0.0815495442751
460.5,0.0550672686109,0.804597094909,0.280533672173,0.0815495442751
460.6,0.0550672686109,0.804597094909,0.280533672173,0.0815495442751
460.7,0.0550672686109,0.804597094909,0.280533672173,0.0815495442751
460.8,0.0550672686109,0.804597094909,0.280533672173,0.0815495442751
460.9,0.0550672686109,0.804597094909,0.280533672173,0.0815495442751
461,0.0550672686109,0.804597094909,0.280533672173,0.0815495442751
461.1,0.0550672686109,0.804597094909,0.280533672173,0.0815495442751
461.2,0.0550672686109,0.804597094909,0.280533672173,0.0815495442751
461.3,0.0550672686109,0.804597094909,0.280533672173,0.0815495442751
461.4,0.0550672686109,0.804597094909,0.280533672173,0.0815495442751
461.5,0.0550672686109,0.804597094909,0.280533672173,0.0815495442751
461.6,0.0550672686109,0.804597094909,0.280533672173,0.0815495442751
461.7,0.0550672686109,0.804597094909,0.280533672173,0.0815495442751
461.8,0.0550672686109,0.804597094909,0.280533672173,0.0815495442751
461.9,0.0550672686109,0.804597094909,0.280533672173,0.0815495442751
462,0.0550672686109,0.804597094909,0.280533672173,0.0815495442751
462.1,0.0550672686109,0.804597094909,0.280533672173,0.0815495442751
462.2,0.0550672686109,0.804597094909,0.280533672173,0.0815495442751
462.3,0.0550672686109,0.804597094909,0.280533672173,0.0815495442751
462.4,0.0550672686109,0.804597094909,0.280533672173,0.0815495442751
462.5,0.0550672686109,0.804597094909,0.280533672173,0.0815495442751
462.6,0.0550672686109,0.804597094909,0.280533672173,0.0815495442751
462.7,0.0550672686109,0.804597094909,0.280533672173,0.0815495442751
462.8,0.0550672686109,0.804597094909,0.280533672173,0.0815495442751
462.9,0.0550672686109,0.804597094909,0.280533672173,0.0815495442751
463,0.0550672686109,0.804597094909,0.280533672173,0.0815495442751
463.1,0.0550672686109,0.804597094909,0.280533672173,0.0815495442751
463.2,0.0550672686109,0.804597094909,0.280533672173,0.0815495442751
463.3,0.0550672686109,0.804597094909,0.280533672173,0.0815495442751
463.4,0.0550672686109,0.804597094909,0.280533672173,0.0815495442751
463.5,0.0550672686109,0.804597094909,0.280533672173,0.0815495442751
463.6,0.0550672686109,0.804597094909,0.280533672173,0.0815495442751
463.7,0.0550672686109,0.804597094909,0.280533672173,0.0815495442751
463.8,0.0550672686109,0.804597094909,0.280533672173,0.0815495442751
463.9,0.0550672686109,0.804597094909,0.280533672173,0.0815495442751
464,0.0550672686109,0.804597094909,0.280533672173,0.0815495442751
464.1,0.0550672686109,0.804597094909,0.280533672173,0.0815495442751
464.2,0.0550672686109,0.804597094909,0.280533672173,0.0815495442751
464.3,0.0550672686109,0.804597094909,0.280533672173,0.0815495442751
464.4,0.0550672686109,0.804597094909,0.280533672173,0.0815495442751
464.5,0.0550672686109,0.804597094909,0.280533672173,0.0815495442751
464.6,0.0550672686109,0.804597094909,0.280533672173,0.0815495442751
464.7,0.0550672686109,0.804597094909,0.280533672173,0.0815495442751
464.8,0.0550672686109,0.804597094909,0.280533672173,0.0815495442751
464.9,0.0550672686109,0.804597094909,0.280533672173,0.0815495442751
465,0.0550672686109,0.804597094909,0.280533672173,0.0815495442751
465.1,0.0550672686109,0.804597094909,0.280533672173,0.0815495442751
465.2,0.0550672686109,0.804597094909,0.280533672173,0.0815495442751
465.3,0.0550672686109,0.804597094909,0.280533672173,0.0815495442751
465.4,0.0550672686109,0.804597094909,0.280533672173,0.0815495442751
465.5,0.0550672686109,0.804597094909,0.280533672173,0.0815495442751
465.6,0.0550672686109,0.804597094909,0.280533672173,0.0815495442751
465.7,0.0550672686109,0.804597094909,0.280533672173,0.0815495442751
465.8,0.0550672686109,0.804597094909,0.280533672173,0.0815495442751
465.9,0.0550672686109,0.804597094909,0.280533672173,0.0815495442751
466,0.0550672686109,0.804597094909,0.280533672173,0.0815495442751
466.1,0.0550672686109,0.804597094909,0.280533672173,0.0815495442751
466.2,0.0550672686109,0.804597094909,0.280533672173,0.0815495442751
466.3,0.0550672686109,0.804597094909,0.280533672173,0.0815495442751
466.4,0.0550672686109,0.804597094909,0.280533672173,0.0815495442751
466.5,0.0550672686109,0.804597094909,0.280533672173,0.0815495442751
466.6,0.0550672686109,0.804597094909,0.280533672173,0.0815495442751
466.7,0.0550672686109,0.804597094909,0.280533672173,0.0815495442751
466.8,0.0550672686109,0.804597094909,0.280533672173,0.0815495442751
466.9,0.0550672686109,0.804597094909,0.280533672173,0.0815495442751
467,0.0550672686109,0.804597094909,0.280533672173,0.0815495442751
467.1,0.0550672686109,0.804597094909,0.280533672173,0.0815495442751
467.2,0.0550672686109,0.804597094909,0.280533672173,0.0815495442751
467.3,0.0550672686109,0.804597094909,0.280533672173,0.0815495442751
467.4,0.0550672686109,0.804597094909,0.280533672173,0.0815495442751
467.5,0.0550672686109,0.804597094909,0.280533672173,0.0815495442751
467.6,0.0550672686109,0.804597094909,0.280533672173,0.0815495442751
467.7,0.0550672686109,0.804597094909,0.280533672173,0.0815495442751
467.8,0.0550672686109,0.804597094909,0.280533672173,0.0815495442751
467.9,0.0550672686109,0.804597094909,0.280533672173,0.0815495442751
468,0.0550672686109,0.804597094909,0.280533672173,0.0815495442751
468.1,0.0550672686109,0.804597094909,0.280533672173,0.0815495442751
468.2,0.0550672686109,0.804597094909,0.280533672173,0.0815495442751
468.3,0.0550672686109,0.804597094909,0.280533672173,0.0815495442751
468.4,0.0550672686109,0.804597094909,0.280533672173,0.0815495442751
468.5,0.0550672686109,0.804597094909,0.280533672173,0.0815495442751
468.6,0.0550672686109,0.804597094909,0.280533672173,0.0815495442751
468.7,0.0550672686109,0.804597094909,0.280533672173,0.0815495442751
468.8,0.0550672686109,0.804597094909,0.280533672173,0.0815495442751
468.9,0.0550672686109,0.804597094909,0.280533672173,0.0815495442751
469,0.0550672686109,0.804597094909,0.280533672173,0.0815495442751
469.1,0.0550672686109,0.804597094909,0.280533672173,0.0815495442751
469.2,0.0550672686109,0.804597094909,0.280533672173,0.0815495442751
469.3,0.0550672686109,0.804597094909,0.280533672173,0.0815495442751
469.4,0.0550672686109,0.804597094909,0.280533672173,0.0815495442751
469.5,0.0550672686109,0.804597094909,0.280533672173,0.0815495442751
469.6,0.0550672686109,0.804597094909,0.280533672173,0.0815495442751
469.7,0.0550672686109,0.804597094909,0.280533672173,0.0815495442751
469.8,0.0550672686109,0.804597094909,0.280533672173,0.0815495442751
469.9,0.0550672686109,0.804597094909,0.280533672173,0.0815495442751
470,0.0550672686109,0.804597094909,0.280533672173,0.0815495442751
470.1,0.0550672686109,0.804597094909,0.280533672173,0.0815495442751
470.2,0.0550672686109,0.804597094909,0.280533672173,0.0815495442751
470.3,0.0550672686109,0.804597094909,0.280533672173,0.0815495442751
470.4,0.0550672686109,0.804597094909,0.280533672173,0.0815495442751
470.5,0.0550672686109,0.804597094909,0.280533672173,0.0815495442751
470.6,0.0550672686109,0.804597094909,0.280533672173,0.0815495442751
470.7,0.0550672686109,0.804597094909,0.280533672173,0.0815495442751
470.8,0.0550672686109,0.804597094909,0.280533672173,0.0815495442751
470.9,0.0550672686109,0.804597094909,0.280533672173,0.0815495442751
471,0.0550672686109,0.804597094909,0.280533672173,0.0815495442751
471.1,0.0550672686109,0.804597094909,0.280533672173,0.0815495442751
471.2,0.0550672686109,0.804597094909,0.280533672173,0.0815495442751
471.3,0.0550672686109,0.804597094909,0.280533672173,0.0815495442751
471.4,0.0550672686109,0.804597094909,0.280533672173,0.0815495442751
471.5,0.0550672686109,0.804597094909,0.280533672173,0.0815495442751
471.6,0.0550672686109,0.804597094909,0.280533672173,0.0815495442751
471.7,0.0550672686109,0.804597094909,0.280533672173,0.0815495442751
471.8,0.0550672686109,0.804597094909,0.280533672173,0.0815495442751
471.9,0.0550672686109,0.804597094909,0.280533672173,0.0815495442751
472,0.0550672686109,0.804597094909,0.280533672173,0.0815495442751
472.1,0.0550672686109,0.804597094909,0.280533672173,0.0815495442751
472.2,0.0550672686109,0.804597094909,0.280533672173,0.0815495442751
472.3,0.0550672686109,0.804597094909,0.280533672173,0.0815495442751
472.4,0.0550672686109,0.804597094909,0.280533672173,0.0815495442751
472.5,0.0550672686109,0.804597094909,0.280533672173,0.0815495442751
472.6,0.0550672686109,0.804597094909,0.280533672173,0.0815495442751
472.7,0.0550672686109,0.804597094909,0.280533672173,0.0815495442751
472.8,0.0550672686109,0.804597094909,0.280533672173,0.0815495442751
472.9,0.0550672686109,0.804597094909,0.280533672173,0.0815495442751
473,0.0550672686109,0.804597094909,0.280533672173,0.0815495442751
473.1,0.0550672686109,0.804597094909,0.280533672173,0.0815495442751
473.2,0.0550672686109,0.804597094909,0.280533672173,0.0815495442751
473.3,0.0550672686109,0.804597094909,0.280533672173,0.0815495442751
473.4,0.0550672686109,0.804597094909,0.280533672173,0.0815495442751
473.5,0.0550672686109,0.804597094909,0.280533672173,0.0815495442751
473.6,0.0550672686109,0.804597094909,0.280533672173,0.0815495442751
473.7,0.0550672686109,0.804597094909,0.280533672173,0.0815495442751
473.8,0.0550672686109,0.804597094909,0.280533672173,0.0815495442751
473.9,0.0550672686109,0.804597094909,0.280533672173,0.0815495442751
474,0.0550672686109,0.804597094909,0.280533672173,0.0815495442751
474.1,0.0550672686109,0.804597094909,0.280533672173,0.0815495442751
474.2,0.0550672686109,0.804597094909,0.280533672173,0.0815495442751
474.3,0.0550672686109,0.804597094909,0.280533672173,0.0815495442751
474.4,0.0550672686109,0.804597094909,0.280533672173,0.0815495442751
474.5,0.0550672686109,0.804597094909,0.280533672173,0.0815495442751
474.6,0.0550672686109,0.804597094909,0.280533672173,0.0815495442751
474.7,0.0550672686109,0.804597094909,0.280533672173,0.0815495442751
474.8,0.0550672686109,0.804597094909,0.280533672173,0.0815495442751
474.9,0.0550672686109,0.804597094909,0.280533672173,0.0815495442751
475,0.0550672686109,0.804597094909,0.280533672173,0.0815495442751
475.1,0.0550672686109,0.804597094909,0.280533672173,0.0815495442751
475.2,0.0550672686109,0.804597094909,0.280533672173,0.0815495442751
475.3,0.0550672686109,0.804597094909,0.280533672173,0.0815495442751
475.4,0.0550672686109,0.804597094909,0.280533672173,0.0815495442751
475.5,0.0550672686109,0.804597094909,0.280533672173,0.0815495442751
475.6,0.0550672686109,0.804597094909,0.280533672173,0.0815495442751
475.7,0.0550672686109,0.804597094909,0.280533672173,0.0815495442751
475.8,0.0550672686109,0.804597094909,0.280533672173,0.0815495442751
475.9,0.0550672686109,0.804597094909,0.280533672173,0.0815495442751
476,0.0550672686109,0.804597094909,0.280533672173,0.0815495442751
476.1,0.0550672686109,0.804597094909,0.280533672173,0.0815495442751
476.2,0.0550672686109,0.804597094909,0.280533672173,0.0815495442751
476.3,0.0550672686109,0.804597094909,0.280533672173,0.0815495442751
476.4,0.0550672686109,0.804597094909,0.280533672173,0.0815495442751
476.5,0.0550672686109,0.804597094909,0.280533672173,0.0815495442751
476.6,0.0550672686109,0.804597094909,0.280533672173,0.0815495442751
476.7,0.0550672686109,0.804597094909,0.280533672173,0.0815495442751
476.8,0.0550672686109,0.804597094909,0.280533672173,0.0815495442751
476.9,0.0550672686109,0.804597094909,0.280533672173,0.0815495442751
477,0.0550672686109,0.804597094909,0.280533672173,0.0815495442751
477.1,0.0550672686109,0.804597094909,0.280533672173,0.0815495442751
477.2,0.0550672686109,0.804597094909,0.280533672173,0.0815495442751
477.3,0.0550672686109,0.804597094909,0.280533672173,0.0815495442751
477.4,0.0550672686109,0.804597094909,0.280533672173,0.0815495442751
477.5,0.0550672686109,0.804597094909,0.280533672173,0.0815495442751
477.6,0.0550672686109,0.804597094909,0.280533672173,0.0815495442751
477.7,0.0550672686109,0.804597094909,0.280533672173,0.0815495442751
477.8,0.0550672686109,0.804597094909,0.280533672173,0.0815495442751
477.9,0.0550672686109,0.804597094909,0.280533672173,0.0815495442751
478,0.0550672686109,0.804597094909,0.280533672173,0.0815495442751
478.1,0.0550672686109,0.804597094909,0.280533672173,0.0815495442751
478.2,0.0550672686109,0.804597094909,0.280533672173,0.0815495442751
478.3,0.0550672686109,0.804597094909,0.280533672173,0.0815495442751
478.4,0.0550672686109,0.804597094909,0.280533672173,0.0815495442751
478.5,0.0550672686109,0.804597094909,0.280533672173,0.0815495442751
478.6,0.0550672686109,0.804597094909,0.280533672173,0.0815495442751
478.7,0.0550672686109,0.804597094909,0.280533672173,0.0815495442751
478.8,0.0550672686109,0.804597094909,0.280533672173,0.0815495442751
478.9,0.0550672686109,0.804597094909,0.280533672173,0.0815495442751
479,0.0550672686109,0.804597094909,0.280533672173,0.0815495442751
479.1,0.0550672686109,0.804597094909,0.280533672173,0.0815495442751
479.2,0.0550672686109,0.804597094909,0.280533672173,0.0815495442751
479.3,0.0550672686109,0.804597094909,0.280533672173,0.0815495442751
479.4,0.0550672686109,0.804597094909,0.280533672173,0.0815495442751
479.5,0.0550672686109,0.804597094909,0.280533672173,0.0815495442751
479.6,0.0550672686109,0.804597094909,0.280533672173,0.0815495442751
479.7,0.0550672686109,0.804597094909,0.280533672173,0.0815495442751
479.8,0.0550672686109,0.804597094909,0.280533672173,0.0815495442751
479.9,0.0550672686109,0.804597094909,0.280533672173,0.0815495442751
480,0.0550672686109,0.804597094909,0.280533672173,0.0815495442751
480.1,0.0550672686109,0.804597094909,0.280533672173,0.0815495442751
480.2,0.0550672686109,0.804597094909,0.280533672173,0.0815495442751
480.3,0.0550672686109,0.804597094909,0.280533672173,0.0815495442751
480.4,0.0550672686109,0.804597094909,0.280533672173,0.0815495442751
480.5,0.0550672686109,0.804597094909,0.280533672173,0.0815495442751
480.6,0.0550672686109,0.804597094909,0.280533672173,0.0815495442751
480.7,0.0550672686109,0.804597094909,0.280533672173,0.0815495442751
480.8,0.0550672686109,0.804597094909,0.280533672173,0.0815495442751
480.9,0.0550672686109,0.804597094909,0.280533672173,0.0815495442751
481,0.0550672686109,0.804597094909,0.280533672173,0.0815495442751
481.1,0.0550672686109,0.804597094909,0.280533672173,0.0815495442751
481.2,0.0550672686109,0.804597094909,0.280533672173,0.0815495442751
481.3,0.0550672686109,0.804597094909,0.280533672173,0.0815495442751
481.4,0.0550672686109,0.804597094909,0.280533672173,0.0815495442751
481.5,0.0550672686109,0.804597094909,0.280533672173,0.0815495442751
481.6,0.0550672686109,0.804597094909,0.280533672173,0.0815495442751
481.7,0.0550672686109,0.804597094909,0.280533672173,0.0815495442751
481.8,0.0550672686109,0.804597094909,0.280533672173,0.0815495442751
481.9,0.0550672686109,0.804597094909,0.280533672173,0.0815495442751
482,0.0550672686109,0.804597094909,0.280533672173,0.0815495442751
482.1,0.0550672686109,0.804597094909,0.280533672173,0.0815495442751
482.2,0.0550672686109,0.804597094909,0.280533672173,0.0815495442751
482.3,0.0550672686109,0.804597094909,0.280533672173,0.0815495442751
482.4,0.0550672686109,0.804597094909,0.280533672173,0.0815495442751
482.5,0.0550672686109,0.804597094909,0.280533672173,0.0815495442751
482.6,0.0550672686109,0.804597094909,0.280533672173,0.0815495442751
482.7,0.0550672686109,0.804597094909,0.280533672173,0.0815495442751
482.8,0.0550672686109,0.804597094909,0.280533672173,0.0815495442751
482.9,0.0550672686109,0.804597094909,0.280533672173,0.0815495442751
483,0.0550672686109,0.804597094909,0.280533672173,0.0815495442751
483.1,0.0550672686109,0.804597094909,0.280533672173,0.0815495442751
483.2,0.0550672686109,0.804597094909,0.280533672173,0.0815495442751
483.3,0.0550672686109,0.804597094909,0.280533672173,0.0815495442751
483.4,0.0550672686109,0.804597094909,0.280533672173,0.0815495442751
483.5,0.0550672686109,0.804597094909,0.280533672173,0.0815495442751
483.6,0.0550672686109,0.804597094909,0.280533672173,0.0815495442751
483.7,0.0550672686109,0.804597094909,0.280533672173,0.0815495442751
483.8,0.0550672686109,0.804597094909,0.280533672173,0.0815495442751
483.9,0.0550672686109,0.804597094909,0.280533672173,0.0815495442751
484,0.0550672686109,0.804597094909,0.280533672173,0.0815495442751
484.1,0.0550672686109,0.804597094909,0.280533672173,0.0815495442751
484.2,0.0550672686109,0.804597094909,0.280533672173,0.0815495442751
484.3,0.0550672686109,0.804597094909,0.280533672173,0.0815495442751
484.4,0.0550672686109,0.804597094909,0.280533672173,0.0815495442751
484.5,0.0550672686109,0.804597094909,0.280533672173,0.0815495442751
484.6,0.0550672686109,0.804597094909,0.280533672173,0.0815495442751
484.7,0.0550672686109,0.804597094909,0.280533672173,0.0815495442751
484.8,0.0550672686109,0.804597094909,0.280533672173,0.0815495442751
484.9,0.0550672686109,0.804597094909,0.280533672173,0.0815495442751
485,0.0550672686109,0.804597094909,0.280533672173,0.0815495442751
485.1,0.0550672686109,0.804597094909,0.280533672173,0.0815495442751
485.2,0.0550672686109,0.804597094909,0.280533672173,0.0815495442751
485.3,0.0550672686109,0.804597094909,0.280533672173,0.0815495442751
485.4,0.0550672686109,0.804597094909,0.280533672173,0.0815495442751
485.5,0.0550672686109,0.804597094909,0.280533672173,0.0815495442751
485.6,0.0550672686109,0.804597094909,0.280533672173,0.0815495442751
485.7,0.0550672686109,0.804597094909,0.280533672173,0.0815495442751
485.8,0.0550672686109,0.804597094909,0.280533672173,0.0815495442751
485.9,0.0550672686109,0.804597094909,0.280533672173,0.0815495442751
486,0.0550672686109,0.804597094909,0.280533672173,0.0815495442751
486.1,0.0550672686109,0.804597094909,0.280533672173,0.0815495442751
486.2,0.0550672686109,0.804597094909,0.280533672173,0.0815495442751
486.3,0.0550672686109,0.804597094909,0.280533672173,0.0815495442751
486.4,0.0550672686109,0.804597094909,0.280533672173,0.0815495442751
486.5,0.0550672686109,0.804597094909,0.280533672173,0.0815495442751
486.6,0.0550672686109,0.804597094909,0.280533672173,0.0815495442751
486.7,0.0550672686109,0.804597094909,0.280533672173,0.0815495442751
486.8,0.0550672686109,0.804597094909,0.280533672173,0.0815495442751
486.9,0.0550672686109,0.804597094909,0.280533672173,0.0815495442751
487,0.0550672686109,0.804597094909,0.280533672173,0.0815495442751
487.1,0.0550672686109,0.804597094909,0.280533672173,0.0815495442751
487.2,0.0550672686109,0.804597094909,0.280533672173,0.0815495442751
487.3,0.0550672686109,0.804597094909,0.280533672173,0.0815495442751
487.4,0.0550672686109,0.804597094909,0.280533672173,0.0815495442751
487.5,0.0550672686109,0.804597094909,0.280533672173,0.0815495442751
487.6,0.0550672686109,0.804597094909,0.280533672173,0.0815495442751
487.7,0.0550672686109,0.804597094909,0.280533672173,0.0815495442751
487.8,0.0550672686109,0.804597094909,0.280533672173,0.0815495442751
487.9,0.0550672686109,0.804597094909,0.280533672173,0.0815495442751
488,0.0550672686109,0.804597094909,0.280533672173,0.0815495442751
488.1,0.0550672686109,0.804597094909,0.280533672173,0.0815495442751
488.2,0.0550672686109,0.804597094909,0.280533672173,0.0815495442751
488.3,0.0550672686109,0.804597094909,0.280533672173,0.0815495442751
488.4,0.0550672686109,0.804597094909,0.280533672173,0.0815495442751
488.5,0.0550672686109,0.804597094909,0.280533672173,0.0815495442751
488.6,0.0550672686109,0.804597094909,0.280533672173,0.0815495442751
488.7,0.0550672686109,0.804597094909,0.280533672173,0.0815495442751
488.8,0.0550672686109,0.804597094909,0.280533672173,0.0815495442751
488.9,0.0550672686109,0.804597094909,0.280533672173,0.0815495442751
489,0.0550672686109,0.804597094909,0.280533672173,0.0815495442751
489.1,0.0550672686109,0.804597094909,0.280533672173,0.0815495442751
489.2,0.0550672686109,0.804597094909,0.280533672173,0.0815495442751
489.3,0.0550672686109,0.804597094909,0.280533672173,0.0815495442751
489.4,0.0550672686109,0.804597094909,0.280533672173,0.0815495442751
489.5,0.0550672686109,0.804597094909,0.280533672173,0.0815495442751
489.6,0.0550672686109,0.804597094909,0.280533672173,0.0815495442751
489.7,0.0550672686109,0.804597094909,0.280533672173,0.0815495442751
489.8,0.0550672686109,0.804597094909,0.280533672173,0.0815495442751
489.9,0.0550672686109,0.804597094909,0.280533672173,0.0815495442751
490,0.0550672686109,0.804597094909,0.280533672173,0.0815495442751
490.1,0.0550672686109,0.804597094909,0.280533672173,0.0815495442751
490.2,0.0550672686109,0.804597094909,0.280533672173,0.0815495442751
490.3,0.0550672686109,0.804597094909,0.280533672173,0.0815495442751
490.4,0.0550672686109,0.804597094909,0.280533672173,0.0815495442751
490.5,0.0550672686109,0.804597094909,0.280533672173,0.0815495442751
490.6,0.0550672686109,0.804597094909,0.280533672173,0.0815495442751
490.7,0.0550672686109,0.804597094909,0.280533672173,0.0815495442751
490.8,0.0550672686109,0.804597094909,0.280533672173,0.0815495442751
490.9,0.0550672686109,0.804597094909,0.280533672173,0.0815495442751
491,0.0550672686109,0.804597094909,0.280533672173,0.0815495442751
491.1,0.0550672686109,0.804597094909,0.280533672173,0.0815495442751
491.2,0.0550672686109,0.804597094909,0.280533672173,0.0815495442751
491.3,0.0550672686109,0.804597094909,0.280533672173,0.0815495442751
491.4,0.0550672686109,0.804597094909,0.280533672173,0.0815495442751
491.5,0.0550672686109,0.804597094909,0.280533672173,0.0815495442751
491.6,0.0550672686109,0.804597094909,0.280533672173,0.0815495442751
491.7,0.0550672686109,0.804597094909,0.280533672173,0.0815495442751
491.8,0.0550672686109,0.804597094909,0.280533672173,0.0815495442751
491.9,0.0550672686109,0.804597094909,0.280533672173,0.0815495442751
492,0.0550672686109,0.804597094909,0.280533672173,0.0815495442751
492.1,0.0550672686109,0.804597094909,0.280533672173,0.0815495442751
492.2,0.0550672686109,0.804597094909,0.280533672173,0.0815495442751
492.3,0.0550672686109,0.804597094909,0.280533672173,0.0815495442751
492.4,0.0550672686109,0.804597094909,0.280533672173,0.0815495442751
492.5,0.0550672686109,0.804597094909,0.280533672173,0.0815495442751
492.6,0.0550672686109,0.804597094909,0.280533672173,0.0815495442751
492.7,0.0550672686109,0.804597094909,0.280533672173,0.0815495442751
492.8,0.0550672686109,0.804597094909,0.280533672173,0.0815495442751
492.9,0.0550672686109,0.804597094909,0.280533672173,0.0815495442751
493,0.0550672686109,0.804597094909,0.280533672173,0.0815495442751
493.1,0.0550672686109,0.804597094909,0.280533672173,0.0815495442751
493.2,0.0550672686109,0.804597094909,0.280533672173,0.0815495442751
493.3,0.0550672686109,0.804597094909,0.280533672173,0.0815495442751
493.4,0.0550672686109,0.804597094909,0.280533672173,0.0815495442751
493.5,0.0550672686109,0.804597094909,0.280533672173,0.0815495442751
493.6,0.0550672686109,0.804597094909,0.280533672173,0.0815495442751
493.7,0.0550672686109,0.804597094909,0.280533672173,0.0815495442751
493.8,0.0550672686109,0.804597094909,0.280533672173,0.0815495442751
493.9,0.0550672686109,0.804597094909,0.280533672173,0.0815495442751
494,0.0550672686109,0.804597094909,0.280533672173,0.0815495442751
494.1,0.0550672686109,0.804597094909,0.280533672173,0.0815495442751
494.2,0.0550672686109,0.804597094909,0.280533672173,0.0815495442751
494.3,0.0550672686109,0.804597094909,0.280533672173,0.0815495442751
494.4,0.0550672686109,0.804597094909,0.280533672173,0.0815495442751
494.5,0.0550672686109,0.804597094909,0.280533672173,0.0815495442751
494.6,0.0550672686109,0.804597094909,0.280533672173,0.0815495442751
494.7,0.0550672686109,0.804597094909,0.280533672173,0.0815495442751
494.8,0.0550672686109,0.804597094909,0.280533672173,0.0815495442751
494.9,0.0550672686109,0.804597094909,0.280533672173,0.0815495442751
495,0.0550672686109,0.804597094909,0.280533672173,0.0815495442751
495.1,0.0550672686109,0.804597094909,0.280533672173,0.0815495442751
495.2,0.0550672686109,0.804597094909,0.280533672173,0.0815495442751
495.3,0.0550672686109,0.804597094909,0.280533672173,0.0815495442751
495.4,0.0550672686109,0.804597094909,0.280533672173,0.0815495442751
495.5,0.0550672686109,0.804597094909,0.280533672173,0.0815495442751
495.6,0.0550672686109,0.804597094909,0.280533672173,0.0815495442751
495.7,0.0550672686109,0.804597094909,0.280533672173,0.0815495442751
495.8,0.0550672686109,0.804597094909,0.280533672173,0.0815495442751
495.9,0.0550672686109,0.804597094909,0.280533672173,0.0815495442751
496,0.0550672686109,0.804597094909,0.280533672173,0.0815495442751
496.1,0.0550672686109,0.804597094909,0.280533672173,0.0815495442751
496.2,0.0550672686109,0.804597094909,0.280533672173,0.0815495442751
496.3,0.0550672686109,0.804597094909,0.280533672173,0.0815495442751
496.4,0.0550672686109,0.804597094909,0.280533672173,0.0815495442751
496.5,0.0550672686109,0.804597094909,0.280533672173,0.0815495442751
496.6,0.0550672686109,0.804597094909,0.280533672173,0.0815495442751
496.7,0.0550672686109,0.804597094909,0.280533672173,0.0815495442751
496.8,0.0550672686109,0.804597094909,0.280533672173,0.0815495442751
496.9,0.0550672686109,0.804597094909,0.280533672173,0.0815495442751
497,0.0550672686109,0.804597094909,0.280533672173,0.0815495442751
497.1,0.0550672686109,0.804597094909,0.280533672173,0.0815495442751
497.2,0.0550672686109,0.804597094909,0.280533672173,0.0815495442751
497.3,0.0550672686109,0.804597094909,0.280533672173,0.0815495442751
497.4,0.0550672686109,0.804597094909,0.280533672173,0.0815495442751
497.5,0.0550672686109,0.804597094909,0.280533672173,0.0815495442751
497.6,0.0550672686109,0.804597094909,0.280533672173,0.0815495442751
497.7,0.0550672686109,0.804597094909,0.280533672173,0.0815495442751
497.8,0.0550672686109,0.804597094909,0.280533672173,0.0815495442751
497.9,0.0550672686109,0.804597094909,0.280533672173,0.0815495442751
498,0.0550672686109,0.804597094909,0.280533672173,0.0815495442751
498.1,0.0550672686109,0.804597094909,0.280533672173,0.0815495442751
498.2,0.0550672686109,0.804597094909,0.280533672173,0.0815495442751
498.3,0.0550672686109,0.804597094909,0.280533672173,0.0815495442751
498.4,0.0550672686109,0.804597094909,0.280533672173,0.0815495442751
498.5,0.0550672686109,0.804597094909,0.280533672173,0.0815495442751
498.6,0.0550672686109,0.804597094909,0.280533672173,0.0815495442751
498.7,0.0550672686109,0.804597094909,0.280533672173,0.0815495442751
498.8,0.0550672686109,0.804597094909,0.280533672173,0.0815495442751
498.9,0.0550672686109,0.804597094909,0.280533672173,0.0815495442751
499,0.0550672686109,0.804597094909,0.280533672173,0.0815495442751
499.1,0.0550672686109,0.804597094909,0.280533672173,0.0815495442751
499.2,0.0550672686109,0.804597094909,0.280533672173,0.0815495442751
499.3,0.0550672686109,0.804597094909,0.280533672173,0.0815495442751
499.4,0.0550672686109,0.804597094909,0.280533672173,0.0815495442751
499.5,0.0550672686109,0.804597094909,0.280533672173,0.0815495442751
499.6,0.0550672686109,0.804597094909,0.280533672173,0.0815495442751
499.7,0.0550672686109,0.804597094909,0.280533672173,0.0815495442751
499.8,0.0550672686109,0.804597094909,0.280533672173,0.0815495442751
499.9,0.0550672686109,0.804597094909,0.280533672173,0.0815495442751
500,0.0550672686109,0.804597094909,0.280533672173,0.0815495442751
