t,S,x,y,z
0,0.5,0.2,0.1,0.05
0.1,0.527808555906,0.20970070463,0.0945591527614,0.0475074182411
0.2,0.551484072327,0.22046424785,0.0894636602791,0.0451192613644
0.3,0.57136560065,0.23229244978,0.0846914083953,0.0428333551884
0.4,0.587750778098,0.245196814494,0.0802215409191,0.0406473014157
0.5,0.600902289542,0.259195399111,0.0760344318226,0.0385585168476
0.6,0.611053200501,0.27431038178,0.0721116418605,0.0365642694282
0.7,0.618411508119,0.29056604324,0.068435866113,0.0346617110813
0.8,0.623164136969,0.307986981612,0.0649908767499,0.0328479073841
0.9,0.625480532481,0.326596443892,0.0617614638867,0.031119864177
1,0.625515956539,0.34641469865,0.0587333764552,0.0294745512463
1.1,0.62341455608,0.36745740299,0.0558932643695,0.0279089232446
1.2,0.619312250052,0.389733938707,0.0532286228237,0.0264199380281
1.3,0.613339458916,0.413245711301,0.0507277392516,0.0250045725976
1.4,0.605623681743,0.437984423237,0.04837964326,0.0236598368349
1.5,0.596291907474,0.463930350882,0.0461740596914,0.0223827852223
1.6,0.585472828444,0.49105067342,0.0441013648641,0.0211705267283
1.7,0.573298805804,0.519297921808,0.0421525459575,0.020020233037
1.8,0.559907518684,0.548608635707,0.0403191634541,0.0189291452872
1.9,0.545443213208,0.578902334875,0.0385933165096,0.0178945794786
2,0.530057456031,0.610080926277,0.0369676110927,0.0169139306935
2.1,0.513909292745,0.64202867603,0.0354351307162,0.0159846762684
2.2,0.497164717969,0.674612872224,0.0339894095597,0.0151043780415
2.3,0.47999538459,0.707685286477,0.0326244077745,0.0142706837916
2.4,0.462576517515,0.741084505235,0.0313344887438,0.0134813279721
2.5,0.445084053354,0.774639144367,0.030114398061,0.0127341318361
2.6,0.427691099685,0.808171883938,0.0289592439767,0.0120270030378
2.7,0.410563889684,0.841504169906,0.0278644790558,0.0113579347876
2.8,0.393857488953,0.874461336742,0.0268258827861,0.0107250046301
2.9,0.377711576877,0.906877824726,0.0258395448807,0.0101263729076
3,0.36224665891,0.938602115093,0.0249018490391,0.00956028096242
3.1,0.347561055915,0.969501000127,0.0240094569608,0.00902504912866
3.2,0.333728956329,0.999462851804,0.0231592924534,0.0085190745558
3.3,0.320799711147,1.0283996493,0.0223485255346,0.00804082890197
3.4,0.308798416214,1.0562476585,0.0215745564972,0.00758885593089
3.5,0.297727684504,1.08296680283,0.0208349999692,0.0071617690414
3.6,0.287570388359,1.108538898,0.0201276690647,0.00675824875523
3.7,0.278293068582,1.13296502163,0.0194505597626,0.0063770401852
3.8,0.269849674327,1.15626233904,0.0188018356785,0.00601695050268
3.9,0.262185313845,1.1784607071,0.0181798133997,0.00567684642075
4,0.25523975043,1.19959933838,0.0175829485383,0.00535565170662
4.1,0.248950454319,1.21972374125,0.0170098226325,0.00505234473477
4.2,0.243255103135,1.23888307635,0.0164591309876,0.00476595609028
4.3,0.238093497508,1.25712799698,0.0159296715087,0.00449556622963
4.4,0.233408916502,1.27450898187,0.0154203345415,0.00424030320517
4.5,0.229148976475,1.29107512582,0.0149300937034,0.00399934045753
4.6,0.225266077921,1.30687332769,0.0144579976617,0.00377189467936
4.7,0.221717531009,1.32194780358,0.014003162798,0.00355722375255
4.8,0.218465446319,1.33633985219,0.013564766688,0.00335462476025
4.9,0.215476466655,1.35008780493,0.0131420423171,0.00316343207432
5,0.212721402308,1.36322710357,0.0127342729563,0.00298301551801
5.1,0.210174818139,1.37579045896,0.0123407876224,0.00281277860347
5.2,0.207814607864,1.38780805525,0.0119609570528,0.00265215684299
5.3,0.205621579875,1.39930777377,0.0115941901301,0.00250061613263
5.4,0.203579069993,1.41031541871,0.0112399307013,0.00235765120682
5.5,0.201672589745,1.42085493297,0.01089765474,0.0022227841619
5.6,0.199889513835,1.43094859763,0.0105668678072,0.0020955630469
5.7,0.198218807081,1.44061721155,0.0102471027736,0.00197556051931
5.8,0.196650788931,1.44988025028,0.0099379177707,0.0018623725638
5.9,0.195176932419,1.45875600489,0.00963889434087,0.00175561727178
6,0.193789693825,1.46726170197,0.00934963576396,0.00165493367932
6.1,0.192482369128,1.475413607,0.00906976553854,0.00155998066157
6.2,0.19124897348,1.48322711298,0.00879892600028,0.00147043588119
6.3,0.190084140214,1.49071681646,0.0085367770619,0.00138599478872
6.4,0.188983036263,1.49789658284,0.00828299506156,0.00130636967268
6.5,0.187941291284,1.50477960267,0.00803727170793,0.00123128875741
6.6,0.186954938142,1.51137844047,0.00779931311202,0.00116049534635
6.7,0.186020362815,1.51770507724,0.00756883889702,0.00109374700901
6.8,0.185134262063,1.52377094789,0.00734558137835,0.00103081480947
6.9,0.184293607512,1.52958697432,0.00712928480721,0.000971482574544
7,0.18349561504,1.53516359499,0.00691970467167,0.000915546199913
7.1,0.182737718548,1.54051079149,0.00671660704993,0.000862812992233
7.2,0.182017547373,1.54563811267,0.00651976801106,0.000813101045669
7.3,0.181332906731,1.55055469665,0.00632897305899,0.000766238651133
7.4,0.180681760707,1.55526929107,0.00614401661604,0.000722063736658
7.5,0.180062217365,1.55979027187,0.00596470154249,0.000680423337382
7.6,0.179472515667,1.56412566062,0.00579083868925,0.00064117309369
7.7,0.178911013926,1.56828314092,0.00562224648087,0.000604176776096
7.8,0.178376179556,1.57227007355,0.00545875052629,0.000569305835551
7.9,0.177866579953,1.57609351094,0.00530018325531,0.000536438977868
8,0.17738087434,1.57976021067,0.00514638357853,0.000505461761063
8.1,0.17691780645,1.58327664835,0.00499719656906,0.000476266214426
8.2,0.17647619795,1.5866490298,0.00485247316419,0.000448750478218
8.3,0.176054942494,1.58988330258,0.00471206988565,0.000422818462919
8.4,0.175653000346,1.59298516705,0.00457584857692,0.000398379527019
8.5,0.175269393504,1.59596008683,0.00444367615639,0.000375348172385
8.6,0.174903201259,1.59881329877,0.0043154243852,0.000353643756283
8.7,0.174553556149,1.60154982255,0.00419096964866,0.000333190219174
8.8,0.174219640263,1.60417446977,0.00407019275035,0.000313915827466
8.9,0.173900681858,1.60669185262,0.00395297871786,0.000295752930405
9,0.173595952257,1.60910639228,0.00383921661956,0.000278637730386
9.1,0.173304763,1.61142232684,0.00372879939144,0.000262510065929
9.2,0.173026463223,1.61364371893,0.00362162367342,0.000247313206681
9.3,0.172760437242,1.61577446303,0.00351758965455,0.000232993659766
9.4,0.172506102326,1.61781829243,0.00341660092635,0.000219500986894
9.5,0.172262906636,1.61977878598,0.00331856434389,0.000206787631629
9.6,0.172030327322,1.62165937443,0.00322338989409,0.000194808756288
9.7,0.171807868755,1.62346334662,0.00313099057066,0.000183522087924
9.8,0.171595060894,1.62519385534,0.00304128225542,0.000172887772919
9.9,0.171391457762,1.62685392298,0.00295418360548,0.000162868239702
10,0.171196636035,1.62844644691,0.00286961594595,0.000153428069156
10.1,0.171010193726,1.6299742047,0.00278750316786,0.000144533872291
10.2,0.170831748959,1.63143985906,0.00270777163098,0.000136154174783
10.3,0.170660938828,1.63284596256,0.00263035007116,0.000128259308005
10.4,0.170497418331,1.63419496227,0.00255516951205,0.000120821306177
10.5,0.170340859372,1.63548920407,0.00248216318086,0.000113813809325
10.6,0.170190949827,1.63673093684,0.00241126642793,0.000107211971696
10.7,0.170047392679,1.63792231652,0.00234241664992,0.000100992375356
10.8,0.169909905195,1.63906540993,0.00227555321644,9.51329486536e-05
10.9,0.169778218161,1.64016219844,0.00221061739981,8.96128893071e-05
11,0.169652075166,1.64121458156,0.00214755230798,8.44125918376e-05
11.1,0.169531231926,1.6422243803,0.00208630282017,7.95135791152e-05
11.2,0.169415455651,1.64319334043,0.00202681552537,7.48984377848e-05
11.3,0.169304524449,1.64412313557,0.00196903866334,7.05507573571e-05
11.4,0.169198226763,1.64501537025,0.00191292206804,6.6455072757e-05
11.5,0.169096360849,1.64587158268,0.00185841711343,6.25968101383e-05
11.6,0.168998734272,1.64669324757,0.00180547666139,5.8962235779e-05
11.7,0.168905163441,1.64748177873,0.00175405501179,5.55384078851e-05
11.8,0.168815473169,1.64823853162,0.00170410785451,5.23131311398e-05
11.9,0.168729496249,1.6489648057,0.00165559222331,4.92749138423e-05
12,0.168647073068,1.64966184686,0.00160846645154,4.64129274912e-05
12.1,0.168568051229,1.65033084954,0.00156269012955,4.37169686741e-05
12.2,0.168492285202,1.65097295891,0.00151822406367,4.11774231328e-05
12.3,0.16841963599,1.65158927292,0.00147503023679,3.87852318819e-05
12.4,0.168349970816,1.65218084422,0.0014330717704,3.65318592643e-05
12.5,0.168283162823,1.65274868208,0.001392312888,3.44092628331e-05
12.6,0.168219090791,1.65329375415,0.00135271887992,3.24098649575e-05
12.7,0.168157638874,1.65381698823,0.00131425606936,3.05265260544e-05
12.8,0.168098696342,1.65431927386,0.00127689177969,2.87525193535e-05
12.9,0.168042157341,1.65480146397,0.0012405943029,2.70815071078e-05
13,0.16798792067,1.65526437636,0.00120533286918,2.55075181694e-05
13.1,0.167935889557,1.65570879515,0.00117107761759,2.40249268508e-05
13.2,0.16788597146,1.65613547221,0.00113779956772,2.26284329996e-05
13.3,0.16783807787,1.65654512846,0.00110547059234,2.13130432173e-05
13.4,0.167792124122,1.65693845517,0.00107406339107,2.00740531568e-05
13.5,0.167748029225,1.6573161152,0.00104355146479,1.89070308369e-05
13.6,0.167705715692,1.65767874415,0.00101390909112,1.78078009163e-05
13.7,0.167665109378,1.65802695151,0.000985111300548,1.67724298718e-05
13.8,0.167626139334,1.65836132172,0.000957133853478,1.57972120292e-05
13.9,0.167588737657,1.65868241524,0.000929953218001,1.48786563979e-05
14,0.16755283936,1.65899076951,0.000903546548401,1.40134742636e-05
14.1,0.167518382235,1.65928689992,0.000877891664382,1.31985674955e-05
14.2,0.167485306731,1.65957130072,0.000852967030971,1.24310175269e-05
14.3,0.167453555837,1.6598444459,0.000828751739076,1.17080749711e-05
14.4,0.167423074968,1.66010679002,0.00080522548668,1.10271498354e-05
14.5,0.167393811857,1.660358769,0.000782368560637,1.03858022998e-05
14.6,0.167365716456,1.66060080092,0.000760161819058,9.78173402724e-06
14.7,0.167338740832,1.66083328676,0.000738586674256,9.21277997528e-06
14.8,0.167312839081,1.66105661106,0.000717625076242,8.67690068036e-06
14.9,0.167287967233,1.66127114265,0.000697259496732,8.17217498731e-06
15,0.167264083173,1.66147723527,0.000677472913672,7.69679319872e-06
15.1,0.167241146555,1.66167522823,0.000658248796241,7.24905061988e-06
15.2,0.16721911873,1.66186544694,0.000639571090326,6.82734147667e-06
15.3,0.167197962668,1.66204820355,0.000621424204456,6.43015318481e-06
15.4,0.167177642891,1.66222379746,0.000603792996161,6.05606095035e-06
15.5,0.167158125402,1.66239251587,0.000586662758767,5.70372268224e-06
15.6,0.167139377626,1.66255463425,0.000570019208591,5.37187419903e-06
15.7,0.167121368347,1.66271041686,0.000553848472529,5.05932471282e-06
15.8,0.167104067647,1.66286011719,0.000538137076031,4.76495257436e-06
15.9,0.167087446854,1.66300397841,0.000522871931439,4.48770126434e-06
16,0.167071478486,1.6631422338,0.000508040326681,4.22657561662e-06
16.1,0.167056136202,1.66327510714,0.000493629914311,3.98063826004e-06
16.2,0.167041394751,1.66340281313,0.000479628700881,3.74900626621e-06
16.3,0.167027229929,1.66352555774,0.000466025036629,3.53084799132e-06
16.4,0.167013618531,1.66364353857,0.000452807605487,3.32538010089e-06
16.5,0.16700053831,1.66375694522,0.000439965415384,3.13186476678e-06
16.6,0.166987967939,1.66386595959,0.000427487788841,2.94960702658e-06
16.7,0.166975886965,1.66397075619,0.000415364353846,2.77795229594e-06
16.8,0.166964275782,1.66407150249,0.000403585035009,2.61628402508e-06
16.9,0.166953115585,1.66416835916,0.000392140044971,2.46402149109e-06
17,0.166942388343,1.66426148038,0.000381019876073,2.32061771814e-06
17.1,0.166932076766,1.66435101409,0.000370215292278,2.18555751831e-06
17.2,0.166922164269,1.66443710224,0.000359717321323,2.05835564594e-06
17.3,0.166912634949,1.66451988107,0.000349517247107,1.93855505904e-06
17.4,0.16690347355,1.6645994813,0.00033960660231,1.82572528145e-06
17.5,0.166894665442,1.66467602839,0.000329977161219,1.7194608601e-06
17.6,0.16688619659,1.66474964273,0.000320620932774,1.61937991158e-06
17.7,0.166878053531,1.66482043988,0.000311530153813,1.52512275321e-06
17.8,0.166870223351,1.66488853073,0.000302697282519,1.43635061337e-06
17.9,0.166862693659,1.66495402171,0.00029411499206,1.35274441676e-06
18,0.166855452571,1.66501701498,0.000285776164409,1.2740036401e-06
18.1,0.166848488683,1.66507760859,0.00027767388435,1.19984523422e-06
18.2,0.166841791054,1.66513589666,0.000269801433661,1.13000260878e-06
18.3,0.166835349185,1.66519196951,0.000262152285461,1.06422467587e-06
18.4,0.166829153003,1.66524591387,0.000254720098724,1.0022749491e-06
18.5,0.166823192842,1.66529781298,0.000247498712954,9.43930695067e-07
18.6,0.166817459428,1.66534774674,0.000240482143016,8.88982134039e-07
18.7,0.166811943858,1.66539579187,0.000233664574111,8.37231687053e-07
18.8,0.16680663759,1.66544202202,0.000227040356906,7.88493266753e-07
18.9,0.166801532425,1.66548650789,0.000220604002796,7.42591609395e-07
19,0.166796620495,1.66552931736,0.000214350179309,6.99361645659e-07
19.1,0.166791894247,1.6655705156,0.000208273705643,6.58647908001e-07
19.2,0.166787346432,1.66561016518,0.000202369548331,6.20303972435e-07
19.3,0.166782970091,1.66564832621,0.000196632817034,5.84191932735e-07
19.4,0.166778758545,1.66568505636,0.000191058760448,5.50181905195e-07
19.5,0.166774705382,1.66572041104,0.00018564276234,5.18151562155e-07
19.6,0.166770804445,1.66575444344,0.00018038033769,4.8798569263e-07
19.7,0.166767049825,1.66578720466,0.000175267128947,4.59575788475e-07
19.8,0.166763435848,1.66581874375,0.000170298902392,4.32819654597e-07
19.9,0.166759957067,1.66584910783,0.000165471544609,4.07621041815e-07
20,0.16675660825,1.66587834216,0.000160781059053,3.83889301064e-07
20.1,0.166753384375,1.66590649018,0.000156223562716,3.61539057694e-07
20.2,0.166750280619,1.66593359365,0.000151795282898,3.40489904698e-07
20.3,0.166747292352,1.66595969266,0.000147492554056,3.20666113777e-07
20.4,0.166744415125,1.66598482572,0.000143311814756,3.01996363198e-07
20.5,0.166741644668,1.66600902982,0.000139249604708,2.84413481473e-07
20.6,0.166738976878,1.66603234051,0.000135302561883,2.67854205939e-07
20.7,0.166736407816,1.66605479191,0.00013146741972,2.52258955378e-07
20.8,0.166733933698,1.66607641683,0.000127741004401,2.37571615851e-07
20.9,0.166731550888,1.66609724677,0.00012412023222,2.23739338992e-07
21,0.166729255897,1.666117312,0.000120602107012,2.10712352022e-07
21.1,0.166727045369,1.66613664162,0.000117183717666,1.98443778821e-07
21.2,0.166724916083,1.66615526355,0.000113862235705,1.86889471397e-07
21.3,0.166722864944,1.66617320466,0.000110634912933,1.76007851156e-07
21.4,0.166720888979,1.66619049074,0.000107499079156,1.65759759412e-07
21.5,0.166718985331,1.6662071466,0.00010445213996,1.56108316579e-07
21.6,0.166717151255,1.66622319605,0.000101491574559,1.47018789563e-07
21.7,0.166715384114,1.66623866199,9.86149337009e-05,1.38458466862e-07
21.8,0.166713681373,1.66625356643,9.58198376338e-05,1.3039654093e-07
21.9,0.166712040597,1.66626793052,9.31039741317e-05,1.22803997385e-07
22,0.166710459446,1.66628177459,9.04650965744e-05,1.15653510665e-07
22.1,0.166708935671,1.66629511817,8.79010220841e-05,1.08919345747e-07
22.2,0.166707467112,1.66630798005,8.54096297136e-05,1.0257726559e-07
22.3,0.16670605169,1.66632037827,8.29888586875e-05,9.66044439589e-08
22.4,0.166704687409,1.6663323302,8.06367066923e-05,9.09793833196e-08
22.5,0.16670337235,1.66634385252,7.8351228216e-05,8.5681837513e-08
22.6,0.166702104669,1.66635496126,7.6130532935e-05,8.06927389265e-08
22.7,0.166700882592,1.66636567185,7.39727841462e-05,7.59941299031e-08
22.8,0.166699704415,1.66637599912,7.18761972449e-05,7.15690981415e-08
22.9,0.1666985685,1.66638595731,6.9839038245e-05,6.74017158543e-08
23,0.16669747327,1.66639556013,6.78596223419e-05,6.34769824675e-08
23.1,0.166696417211,1.66640482077,6.59363125162e-05,5.97807706524e-08
23.2,0.166695398867,1.6664137519,6.40675181769e-05,5.62997755e-08
23.3,0.166694416838,1.66642236572,6.22516938436e-05,5.30214666509e-08
23.4,0.166693469776,1.66643067393,6.04873378659e-05,4.99340432124e-08
23.5,0.166692556388,1.66643868782,5.87729911791e-05,4.70263912982e-08
23.6,0.166691675428,1.66644641823,5.7107236096e-05,4.42880440393e-08
23.7,0.166690825699,1.66645387559,5.54886951319e-05,4.1709143922e-08
23.8,0.166690006048,1.66646106994,5.39160298644e-05,3.92804073179e-08
23.9,0.166689215369,1.66646801092,5.2387939824e-05,3.69930910778e-08
24,0.166688452595,1.66647470781,5.09031614181e-05,3.48389610704e-08
24.1,0.166687716703,1.66648116956,4.94604668836e-05,3.28102625508e-08
24.2,0.166687006705,1.66648740474,4.80586632711e-05,3.08996922555e-08
24.3,0.166686321654,1.66649342164,4.66965914568e-05,2.91003721192e-08
24.4,0.166685660638,1.6664992282,4.53731251824e-05,2.74058245235e-08
24.5,0.166685022779,1.66650483207,4.40871701236e-05,2.58099489848e-08
24.6,0.166684407231,1.66651024062,4.28376629832e-05,2.43070001995e-08
24.7,0.166683813184,1.66651546095,4.16235706115e-05,2.28915673673e-08
24.8,0.166683239854,1.66652049986,4.04438891509e-05,2.15585547176e-08
24.9,0.16668268649,1.66652536392,3.9297643205e-05,2.03031631697e-08
25,0.166682152367,1.66653005946,3.81838850314e-05,1.91208730604e-08
25.1,0.166681636789,1.66653459255,3.71016937569e-05,1.80074278771e-08
25.2,0.166681139085,1.66653896904,3.60501746159e-05,1.69588189375e-08
25.3,0.16668065861,1.66654319456,3.50284582097e-05,1.59712709616e-08
25.4,0.166680194743,1.66654727455,3.40356997868e-05,1.5041228483e-08
25.5,0.166679746886,1.66655121422,3.30710785445e-05,1.41653430514e-08
25.6,0.166679314463,1.6665550186,3.2133796949e-05,1.33404611805e-08
25.7,0.16667889692,1.66655869253,3.12230800758e-05,1.2563612997e-08
25.8,0.166678493724,1.66656224066,3.03381749686e-05,1.18320015502e-08
25.9,0.166678104362,1.66656566748,2.94783500162e-05,1.11429927447e-08
26,0.166677728338,1.66656897732,2.86428943474e-05,1.04941058585e-08
26.1,0.166677365177,1.66657217433,2.78311172424e-05,9.88300461308e-09
26.2,0.16667701442,1.66657526252,2.70423475619e-05,9.30748876407e-09
26.3,0.166676675627,1.66657824575,2.62759331915e-05,8.76548618051e-09
26.4,0.166676348372,1.66658112773,2.55312405027e-05,8.2550453859e-09
26.5,0.166676032245,1.66658391205,2.48076538279e-05,7.77432853327e-09
26.6,0.166675726853,1.66658660215,2.41045749522e-05,7.32160478918e-09
26.7,0.166675431815,1.66658920135,2.34214226176e-05,6.895244103e-09
26.8,0.166675146766,1.66659171285,2.27576320428e-05,6.49371133889e-09
26.9,0.166674871354,1.66659413974,2.21126544559e-05,6.11556074939e-09
27,0.166674605239,1.66659648497,2.14859566403e-05,5.75943077076e-09
27.1,0.166674348094,1.66659875143,2.08770204937e-05,5.42403912142e-09
27.2,0.166674099605,1.66660094185,2.02853426001e-05,5.10817818561e-09
27.3,0.166673859467,1.6666030589,1.97104338127e-05,4.81071066598e-09
27.4,0.166673627389,1.66660510514,1.91518188497e-05,4.53056548917e-09
27.5,0.166673403089,1.66660708303,1.86090359014e-05,4.26673394985e-09
27.6,0.166673186294,1.66660899495,1.80816362477e-05,4.0182660792e-09
27.7,0.166672976745,1.6666108432,1.75691838876e-05,3.78426722492e-09
27.8,0.166672774188,1.66661262997,1.70712551785e-05,3.56389483025e-09
27.9,0.16667257838,1.66661435741,1.65874384855e-05,3.35635540059e-09
28,0.166672389088,1.66661602755,1.61173338413e-05,3.16090164677e-09
28.1,0.166672206085,1.66661764238,1.56605526154e-05,2.97682979454e-09
28.2,0.166672029155,1.66661920381,1.52167171926e-05,2.80347705083e-09
28.3,0.166671858086,1.66662071367,1.4785460661e-05,2.64021921747e-09
28.4,0.166671692678,1.66662217373,1.43664265081e-05,2.48646844386e-09
28.5,0.166671532734,1.66662358571,1.39592683267e-05,2.3416711105e-09
28.6,0.166671378068,1.66662495125,1.35636495278e-05,2.20530583576e-09
28.7,0.166671228498,1.66662627195,1.31792430625e-05,2.07688159869e-09
28.8,0.166671083849,1.66662754933,1.28057311517e-05,1.95593597114e-09
28.9,0.166670943953,1.66662878487,1.24428050232e-05,1.84203345282e-09
29,0.166670808647,1.66662998,1.20901646564e-05,1.73476390332e-09
29.1,0.166670677775,1.66663113609,1.17475185343e-05,1.63374106536e-09
29.2,0.166670551185,1.66663225447,1.14145834024e-05,1.53860117413e-09
29.3,0.166670428732,1.66663333641,1.10910840343e-05,1.44900164754e-09
29.4,0.166670310275,1.66663438316,1.07767530046e-05,1.3646198527e-09
29.5,0.166670195678,1.6666353959,1.04713304673e-05,1.28515194434e-09
29.6,0.166670084812,1.66663637578,1.01745639413e-05,1.21031177075e-09
29.7,0.166669977548,1.6666373239,9.88620810132e-06,1.13982984347e-09
29.8,0.166669873767,1.66663824135,9.60602457543e-06,1.07345236702e-09
29.9,0.166669773349,1.66663912914,9.33378174768e-06,1.01094032503e-09
30,0.166669676183,1.66663998828,9.06925456673e-06,9.5206861966e-10
30.1,0.166669582158,1.66664081972,8.81222435975e-06,8.96625261121e-10
30.2,0.166669491169,1.6666416244,8.56247865161e-06,8.44410604352e-10
30.3,0.166669403115,1.6666424032,8.31981098922e-06,7.9523663018e-10
30.4,0.166669317896,1.66664315699,8.08402077086e-06,7.48926268327e-10
30.5,0.166669235419,1.66664388661,7.85491308028e-06,7.05312759834e-10
30.6,0.166669155591,1.66664459286,7.63229852562e-06,6.64239056617e-10
30.7,0.166669078325,1.66664527651,7.41599308276e-06,6.25557255986e-10
30.8,0.166669003534,1.66664593832,7.20581794321e-06,5.89128068087e-10
30.9,0.166668931137,1.66664657901,7.00159936629e-06,5.54820314362e-10
31,0.166668861053,1.66664719928,6.80316853545e-06,5.22510455208e-10
31.1,0.166668793208,1.6666477998,6.61036141876e-06,4.92082145145e-10
31.2,0.166668727525,1.66664838123,6.42301863325e-06,4.63425813885e-10
31.3,0.166668663934,1.66664894419,6.24098531316e-06,4.36438271797e-10
31.4,0.166668602366,1.6666494893,6.06411098191e-06,4.11022338342e-10
31.5,0.166668542754,1.66665001713,5.89224942769e-06,3.87086492151e-10
31.6,0.166668485034,1.66665052826,5.7252585826e-06,3.64544541477e-10
31.7,0.166668429142,1.66665102324,5.56300040517e-06,3.43315313832e-10
31.8,0.16666837502,1.66665150259,5.40534076628e-06,3.23322363706e-10
31.9,0.16666832261,1.66665196683,5.25214933823e-06,3.04493697298e-10
32,0.166668271854,1.66665241644,5.10329948701e-06,2.86761513281e-10
32.1,0.1666682227,1.66665285191,4.95866816766e-06,2.70061958663e-10
32.2,0.166668175094,1.66665327369,4.81813582245e-06,2.54334898859e-10
32.3,0.166668128987,1.66665368223,4.68158628213e-06,2.39523701161e-10
32.4,0.166668084329,1.66665407796,4.54890666987e-06,2.25575030807e-10
32.5,0.166668041073,1.66665446129,4.4199873079e-06,2.12438658936e-10
32.6,0.166667999175,1.66665483264,4.2947216269e-06,2.00067281718e-10
32.7,0.166667958589,1.66665519237,4.17300607788e-06,1.8841635002e-10
32.8,0.166667919273,1.66665554088,4.05474004655e-06,1.77443908989e-10
32.9,0.166667881186,1.66665587852,3.93982577019e-06,1.67110446981e-10
33,0.166667844289,1.66665620564,3.82816825679e-06,1.57378753279e-10
33.1,0.166667808542,1.66665652258,3.71967520654e-06,1.48213784109e-10
33.2,0.16666777391,1.66665682967,3.61425693554e-06,1.39582536443e-10
33.3,0.166667740356,1.66665712722,3.51182630164e-06,1.31453929164e-10
33.4,0.166667707845,1.66665741554,3.41229863241e-06,1.23798691144e-10
33.5,0.166667676344,1.66665769492,3.31559165512e-06,1.16589255841e-10
33.6,0.16666764582,1.66665796566,3.22162542879e-06,1.09799662034e-10
33.7,0.166667616243,1.66665822802,3.13032227803e-06,1.03405460342e-10
33.8,0.166667587582,1.66665848228,3.04160672888e-06,9.73836251796e-11
33.9,0.166667559807,1.66665872869,2.9554054464e-06,9.17124718442e-11
34,0.166667532891,1.6666589675,2.87164717403e-06,8.6371578433e-11
34.1,0.166667506805,1.66665919896,2.79026267471e-06,8.13417123038e-11
34.2,0.166667481525,1.66665942329,2.71118467366e-06,7.66047608191e-11
34.3,0.166667457023,1.66665964072,2.63434780271e-06,7.21436661241e-11
34.4,0.166667433276,1.66665985148,2.5596885463e-06,6.7942363722e-11
34.5,0.166667410259,1.66666005576,2.48714518899e-06,6.39857246264e-11
34.6,0.166667387949,1.66666025379,2.4166577644e-06,6.02595008828e-11
34.7,0.166667366324,1.66666044575,2.34816800567e-06,5.67502742623e-11
34.8,0.166667345362,1.66666063183,2.28161929729e-06,5.34454079426e-11
34.9,0.166667325042,1.66666081223,2.21695662827e-06,5.03330010038e-11
35,0.166667305345,1.66666098711,2.1541265467e-06,4.74018455734e-11
35.1,0.166667286249,1.66666115666,2.09307711556e-06,4.46413864669e-11
35.2,0.166667267738,1.66666132103,2.03375786978e-06,4.20416831789e-11
35.3,0.166667249791,1.6666614804,1.97611977448e-06,3.95933740878e-11
35.4,0.166667232392,1.66666163492,1.92011518453e-06,3.72876427444e-11
35.5,0.166667215523,1.66666178474,1.86569780506e-06,3.51161861243e-11
35.6,0.166667199168,1.66666193,1.81282265329e-06,3.30711847289e-11
35.7,0.16666718331,1.66666207086,1.76144602125e-06,3.1145274427e-11
35.8,0.166667167934,1.66666220744,1.71152543972e-06,2.93315199371e-11
35.9,0.166667153025,1.66666233988,1.66301964308e-06,2.76233898534e-11
36,0.166667138569,1.66666246831,1.61588853525e-06,2.6014733126e-11
36.1,0.166667124551,1.66666259285,1.57009315646e-06,2.44997569113e-11
36.2,0.166667110957,1.66666271363,1.52559565113e-06,2.30730057116e-11
36.3,0.166667097775,1.66666283076,1.48235923653e-06,2.17293417302e-11
36.4,0.166667084992,1.66666294435,1.4403481724e-06,2.04639263699e-11
36.5,0.166667072595,1.66666305451,1.39952773135e-06,1.92722028094e-11
36.6,0.166667060572,1.66666316136,1.35986417025e-06,1.81498795939e-11
36.7,0.166667048912,1.66666326499,1.32132470223e-06,1.70929151817e-11
36.8,0.166667037604,1.66666336549,1.28387746965e-06,1.60975033904e-11
36.9,0.166667026636,1.66666346298,1.24749151775e-06,1.5160059691e-11
37,0.166667015999,1.66666355753,1.21213676905e-06,1.42772082997e-11
37.1,0.166667005682,1.66666364925,1.17778399848e-06,1.34457700219e-11
37.2,0.166666995674,1.66666373821,1.14440480923e-06,1.26627508035e-11
37.3,0.166666985968,1.6666638245,1.11197160931e-06,1.19253309497e-11
37.4,0.166666976552,1.66666390821,1.08045758867e-06,1.12308549707e-11
37.5,0.166666967419,1.66666398941,1.0498366971e-06,1.05768220198e-11
37.6,0.16666695856,1.66666406819,1.02008362268e-06,9.96087688711e-12
37.7,0.166666949966,1.6666641446,9.91173770839e-07,9.38080151898e-12
37.8,0.16666694163,1.66666421874,9.63083244035e-07,8.83450703036e-12
37.9,0.166666933542,1.66666429066,9.35788822006e-07,8.32002618277e-12
38,0.166666925697,1.66666436043,9.0926794257e-07,7.83550630023e-12
38.1,0.166666918085,1.66666442812,8.83498682976e-07,7.37920259765e-12
38.2,0.166666910701,1.66666449379,8.58459741778e-07,6.94947189785e-12
38.3,0.166666903538,1.66666455751,8.34130421232e-07,6.54476671438e-12
38.4,0.166666896587,1.66666461933,8.10490610184e-07,6.16362967899e-12
38.5,0.166666889844,1.66666467932,7.87520767445e-07,5.80468829359e-12
38.6,0.166666883302,1.66666473752,7.65201905638e-07,5.4666499878e-12
38.7,0.166666876954,1.66666479398,7.43515575504e-07,5.14829746437e-12
38.8,0.166666870795,1.66666484878,7.2244385065e-07,4.84848431565e-12
38.9,0.166666864819,1.66666490195,7.01969312729e-07,4.5661308953e-12
39,0.166666859021,1.66666495354,6.82075037044e-07,4.30022043047e-12
39.1,0.166666853394,1.6666650036,6.62744578557e-07,4.0497953603e-12
39.2,0.166666847935,1.66666505217,6.43961958296e-07,3.81395388778e-12
39.3,0.166666842637,1.66666509931,6.25711650142e-07,3.59184673225e-12
39.4,0.166666837497,1.66666514506,6.07978568001e-07,3.38267407115e-12
39.5,0.166666832508,1.66666518945,5.90748053326e-07,3.18568265981e-12
39.6,0.166666827667,1.66666523253,5.74005863009e-07,3.00016311897e-12
39.7,0.16666682297,1.66666527434,5.57738157598e-07,2.82544738029e-12
39.8,0.166666818411,1.66666531491,5.41931489864e-07,2.66090628056e-12
39.9,0.166666813987,1.66666535429,5.26572793681e-07,2.5059472961e-12
40,0.166666809693,1.6666653925,5.11649373226e-07,2.360012409e-12
40.1,0.166666805527,1.66666542959,4.97148892487e-07,2.22257609772e-12
40.2,0.166666801483,1.66666546559,4.83059365061e-07,2.0931434446e-12
40.3,0.166666797558,1.66666550052,4.69369144249e-07,1.9712483537e-12
40.4,0.166666793749,1.66666553443,4.5606691343e-07,1.8564518723e-12
40.5,0.166666790052,1.66666556734,4.43141676701e-07,1.74834061024e-12
40.6,0.166666786464,1.66666559928,4.30582749792e-07,1.64652525127e-12
40.7,0.166666782982,1.66666563029,4.18379751235e-07,1.55063915112e-12
40.8,0.166666779602,1.66666566038,4.06522593776e-07,1.46033701714e-12
40.9,0.166666776321,1.66666568959,3.95001476045e-07,1.37529366494e-12
41,0.166666773137,1.66666571794,3.83806874446e-07,1.29520284733e-12
41.1,0.166666770046,1.66666574546,3.72929535292e-07,1.21977615156e-12
41.2,0.166666767046,1.66666577218,3.6236046715e-07,1.14874196069e-12
41.3,0.166666764134,1.66666579811,3.52090933412e-07,1.08184447546e-12
41.4,0.166666761307,1.66666582328,3.42112445068e-07,1.0188427932e-12
41.5,0.166666758563,1.66666584771,3.32416753697e-07,9.59510040296e-13
41.6,0.1666667559,1.66666587143,3.22995844642e-07,9.0363255518e-13
41.7,0.166666753314,1.66666589446,3.13841930387e-07,8.51009118957e-13
41.8,0.166666750805,1.66666591681,3.04947444118e-07,8.01450230786e-13
41.9,0.166666748368,1.66666593851,2.96305033474e-07,7.54777425477e-13
42,0.166666746003,1.66666595957,2.87907554461e-07,7.10822630826e-13
42.1,0.166666743707,1.66666598002,2.79748065552e-07,6.69427562381e-13
42.2,0.166666741478,1.66666599988,2.71819821949e-07,6.3044315344e-13
42.3,0.166666739315,1.66666601915,2.64116270004e-07,5.9372901826e-13
42.4,0.166666737214,1.66666603786,2.56631041806e-07,5.59152946515e-13
42.5,0.166666735175,1.66666605603,2.49357949913e-07,5.26590427199e-13
42.6,0.166666733195,1.66666607366,2.42290982241e-07,4.95924200252e-13
42.7,0.166666731273,1.66666609078,2.35424297091e-07,4.67043834298e-13
42.8,0.166666729407,1.66666610741,2.28752218324e-07,4.39845328979e-13
42.9,0.166666727595,1.66666612355,2.22269230664e-07,4.14230740436e-13
43,0.166666725836,1.66666613922,2.15969975144e-07,3.90107828611e-13
43.1,0.166666724129,1.66666615443,2.09849244673e-07,3.67389725081e-13
43.2,0.166666722471,1.6666661692,2.03901979731e-07,3.45994620242e-13
43.3,0.166666720861,1.66666618354,1.98123264191e-07,3.25845468705e-13
43.4,0.166666719298,1.66666619747,1.92508321249e-07,3.06869711849e-13
43.5,0.16666671778,1.66666621099,1.87052509483e-07,2.88999016535e-13
43.6,0.166666716307,1.66666622412,1.81751319008e-07,2.72169029032e-13
43.7,0.166666714877,1.66666623686,1.76600367755e-07,2.56319143275e-13
43.8,0.166666713488,1.66666624924,1.71595397845e-07,2.41392282617e-13
43.9,0.166666712139,1.66666626126,1.66732272069e-07,2.27334694295e-13
44,0.166666710829,1.66666627293,1.62006970471e-07,2.1409575586e-13
44.1,0.166666709558,1.66666628426,1.57415587023e-07,2.0162779288e-13
44.2,0.166666708323,1.66666629526,1.52954326394e-07,1.89885907266e-13
44.3,0.166666707124,1.66666630594,1.4861950082e-07,1.78827815587e-13
44.4,0.16666670596,1.66666631632,1.44407527046e-07,1.68413696805e-13
44.5,0.16666670483,1.66666632639,1.40314923371e-07,1.58606048879e-13
44.6,0.166666703732,1.66666633617,1.36338306768e-07,1.49369553712e-13
44.7,0.166666702667,1.66666634567,1.32474390086e-07,1.40670949974e-13
44.8,0.166666701632,1.6666663549,1.28719979337e-07,1.32478913321e-13
44.9,0.166666700627,1.66666636385,1.25071971048e-07,1.24763943597e-13
45,0.166666699651,1.66666637255,1.21527349704e-07,1.17498258598e-13
45.1,0.166666698703,1.666666381,1.18083185252e-07,1.10655694032e-13
45.2,0.166666697783,1.6666663892,1.14736630675e-07,1.04211609291e-13
45.3,0.166666696889,1.66666639717,1.11484919647e-07,9.81427987283e-14
45.4,0.166666696021,1.6666664049,1.08325364239e-07,9.24274080849e-14
45.5,0.166666695178,1.66666641242,1.052553527e-07,8.7044855795e-14
45.6,0.16666669436,1.66666641971,1.02272347297e-07,8.19757588693e-14
45.7,0.166666693565,1.6666664268,9.93738822189e-08,7.72018630951e-14
45.8,0.166666692793,1.66666643368,9.65575615382e-08,7.27059773019e-14
45.9,0.166666692044,1.66666644036,9.38210572281e-08,6.84719114543e-14
46,0.166666691316,1.66666644685,9.11621072403e-08,6.44844183508e-14
46.1,0.166666690609,1.66666645315,8.85785136344e-08,6.07291387173e-14
46.2,0.166666689922,1.66666645927,8.60681407609e-08,5.71925494985e-14
46.3,0.166666689256,1.66666646521,8.36289134962e-08,5.386191516e-14
46.4,0.166666688608,1.66666647099,8.1258815527e-08,5.07252418268e-14
46.5,0.166666687979,1.66666647659,7.89558876837e-08,4.77712340927e-14
46.6,0.166666687368,1.66666648204,7.67182263208e-08,4.49892543442e-14
46.7,0.166666686775,1.66666648732,7.45439817435e-08,4.23692844542e-14
46.8,0.166666686199,1.66666649246,7.24313566784e-08,3.99018897056e-14
46.9,0.16666668564,1.66666649745,7.03786047882e-08,3.7578184816e-14
47,0.166666685096,1.66666650229,6.83840292277e-08,3.53898019418e-14
47.1,0.166666684569,1.666666507,6.64459812417e-08,3.3328860544e-14
47.2,0.166666684056,1.66666651157,6.45628588017e-08,3.13879390107e-14
47.3,0.166666683558,1.66666651601,6.27331052817e-08,2.95600479308e-14
47.4,0.166666683075,1.66666652032,6.09552081715e-08,2.78386049244e-14
47.5,0.166666682605,1.6666665245,5.92276978265e-08,2.62174109398e-14
47.6,0.166666682149,1.66666652857,5.75491462527e-08,2.46906279297e-14
47.7,0.166666681706,1.66666653252,5.59181659265e-08,2.3252757828e-14
47.8,0.166666681276,1.66666653636,5.43334086477e-08,2.18986227512e-14
47.9,0.166666680858,1.66666654008,5.27935644248e-08,2.06233463519e-14
48,0.166666680452,1.6666665437,5.12973603923e-08,1.94223362591e-14
48.1,0.166666680058,1.66666654722,4.98435597587e-08,1.82912675407e-14
48.2,0.166666679675,1.66666655063,4.8430960784e-08,1.72260671288e-14
48.3,0.166666679303,1.66666655395,4.70583957862e-08,1.62228991525e-14
48.4,0.166666678942,1.66666655717,4.57247301762e-08,1.52781511246e-14
48.5,0.166666678591,1.6666665603,4.44288615198e-08,1.43884209328e-14
48.6,0.166666678251,1.66666656334,4.31697186268e-08,1.35505045881e-14
48.7,0.16666667792,1.66666656629,4.19462606648e-08,1.27613846876e-14
48.8,0.166666677598,1.66666656916,4.07574762998e-08,1.20182195479e-14
48.9,0.166666677286,1.66666657194,3.96023828592e-08,1.13183329725e-14
49,0.166666676982,1.66666657465,3.84800255203e-08,1.06592046144e-14
49.1,0.166666676688,1.66666657727,3.73894765205e-08,1.00384609002e-14
49.2,0.166666676402,1.66666657982,3.63298343906e-08,9.4538664824e-15
49.3,0.166666676124,1.6666665823,3.53002232099e-08,8.90331619025e-15
49.4,0.166666675854,1.66666658471,3.42997918816e-08,8.38482744845e-15
49.5,0.166666675591,1.66666658705,3.33277134296e-08,7.89653313788e-15
49.6,0.166666675337,1.66666658932,3.23831843149e-08,7.43667487196e-15
49.7,0.166666675089,1.66666659153,3.14654237712e-08,7.00359666457e-15
49.8,0.166666674849,1.66666659367,3.05736731598e-08,6.59573896669e-15
49.9,0.166666674615,1.66666659576,2.97071953422e-08,6.21163305033e-15
50,0.166666674389,1.66666659778,2.88652740709e-08,5.84989571958e-15
50.1,0.166666674168,1.66666659974,2.80472133974e-08,5.50922432954e-15
50.2,0.166666673954,1.66666660165,2.72523370967e-08,5.18839209547e-15
50.3,0.166666673746,1.66666660351,2.64799881086e-08,4.88624367497e-15
50.4,0.166666673544,1.66666660531,2.57295279943e-08,4.60169100755e-15
50.5,0.166666673348,1.66666660706,2.50003364089e-08,4.33370939642e-15
50.6,0.166666673158,1.66666660876,2.42918105884e-08,4.08133381847e-15
50.7,0.166666672973,1.66666661041,2.36033648515e-08,3.84365544916e-15
50.8,0.166666672793,1.66666661201,2.29344301155e-08,3.61981838976e-15
50.9,0.166666672618,1.66666661357,2.22844534259e-08,3.4090165852e-15
51,0.166666672448,1.66666661508,2.16528974994e-08,3.2104909214e-15
51.1,0.166666672284,1.66666661655,2.10392402794e-08,3.02352649162e-15
51.2,0.166666672124,1.66666661798,2.0442974505e-08,2.84745002207e-15
51.3,0.166666671968,1.66666661937,1.98636072913e-08,2.68162744735e-15
51.4,0.166666671817,1.66666662072,1.9300659722e-08,2.52546162714e-15
51.5,0.16666667167,1.66666662203,1.87536664536e-08,2.3783901959e-15
51.6,0.166666671528,1.6666666233,1.8222175331e-08,2.23988353766e-15
51.7,0.166666671389,1.66666662453,1.77057470131e-08,2.10944287892e-15
51.8,0.166666671255,1.66666662573,1.72039546103e-08,1.98659849246e-15
51.9,0.166666671124,1.6666666269,1.67163833311e-08,1.87090800584e-15
52,0.166666670997,1.66666662803,1.62426301397e-08,1.76195480841e-15
52.1,0.166666670874,1.66666662913,1.57823034224e-08,1.65934655099e-15
52.2,0.166666670754,1.6666666302,1.53350226642e-08,1.56271373308e-15
52.3,0.166666670637,1.66666663124,1.49004181342e-08,1.47170837219e-15
52.4,0.166666670524,1.66666663225,1.44781305796e-08,1.38600275074e-15
52.5,0.166666670414,1.66666663323,1.40678109296e-08,1.30528823596e-15
52.6,0.166666670308,1.66666663418,1.36691200057e-08,1.22927416844e-15
52.7,0.166666670204,1.6666666351,1.32817282423e-08,1.15768681545e-15
52.8,0.166666670103,1.666666636,1.2905315414e-08,1.09026838522e-15
52.9,0.166666670006,1.66666663688,1.25395703704e-08,1.02677609859e-15
53,0.166666669911,1.66666663772,1.21841907796e-08,9.66981314782e-16
53.1,0.166666669818,1.66666663855,1.18388828779e-08,9.10668707995e-16
53.2,0.166666669728,1.66666663935,1.15033612271e-08,8.57635492036e-16
53.3,0.166666669641,1.66666664013,1.11773484784e-08,8.07690690059e-16
53.4,0.166666669557,1.66666664088,1.08605751435e-08,7.60654446842e-16
53.5,0.166666669474,1.66666664161,1.05527793711e-08,7.16357381117e-16
53.6,0.166666669395,1.66666664233,1.02537067315e-08,6.74639975609e-16
53.7,0.166666669317,1.66666664302,9.9631100053e-09,6.3535200261e-16
53.8,0.166666669242,1.66666664369,9.6807489796e-09,5.98351982987e-16
53.9,0.166666669168,1.66666664435,9.40639024929e-09,5.63506676716e-16
54,0.166666669097,1.66666664498,9.13980702411e-09,5.30690603061e-16
54.1,0.166666669028,1.6666666456,8.88077894116e-09,4.9978558872e-16
54.2,0.166666668961,1.6666666462,8.62909188281e-09,4.70680342265e-16
54.3,0.166666668896,1.66666664678,8.38453779962e-09,4.43270053378e-16
54.4,0.166666668832,1.66666664734,8.14691453844e-09,4.17456015417e-16
54.5,0.166666668771,1.66666664789,7.91602567524e-09,3.93145269967e-16
54.6,0.166666668711,1.66666664843,7.69168035282e-09,3.7025027209e-16
54.7,0.166666668653,1.66666664895,7.47369312294e-09,3.48688575069e-16
54.8,0.166666668596,1.66666664945,7.26188379314e-09,3.28382533508e-16
54.9,0.166666668541,1.66666664994,7.05607727769e-09,3.09259023728e-16
55,0.166666668488,1.66666665042,6.85610345293e-09,2.91249180441e-16
55.1,0.166666668436,1.66666665088,6.6617970166e-09,2.7428814876e-16
55.2,0.166666668386,1.66666665133,6.47299735123e-09,2.58314850655e-16
55.3,0.166666668337,1.66666665176,6.28954839133e-09,2.43271765e-16
55.4,0.166666668289,1.66666665219,6.11129849443e-09,2.29104720442e-16
55.5,0.166666668243,1.6666666526,5.93810031569e-09,2.15762700319e-16
55.6,0.166666668199,1.666666653,5.76981068613e-09,2.0319765895e-16
55.7,0.166666668155,1.66666665339,5.60629049428e-09,1.91364348615e-16
55.8,0.166666668113,1.66666665376,5.44740457115e-09,1.80220156618e-16
55.9,0.166666668072,1.66666665413,5.29302157855e-09,1.69724951831e-16
56,0.166666668032,1.66666665449,5.1430139005e-09,1.59840940182e-16
56.1,0.166666667993,1.66666665483,4.99725753774e-09,1.50532528555e-16
56.2,0.166666667955,1.66666665517,4.85563200522e-09,1.41766196614e-16
56.3,0.166666667919,1.6666666555,4.71802023252e-09,1.33510376096e-16
56.4,0.166666667883,1.66666665581,4.58430846707e-09,1.25735337131e-16
56.5,0.166666667848,1.66666665612,4.45438618013e-09,1.18413081182e-16
56.6,0.166666667815,1.66666665642,4.3281459754e-09,1.11517240219e-16
56.7,0.166666667782,1.66666665671,4.20548350029e-09,1.05022981766e-16
56.8,0.166666667751,1.66666665699,4.08629735959e-09,9.89069194796e-17
56.9,0.16666666772,1.66666665727,3.97048903174e-09,9.31470289295e-17
57,0.16666666769,1.66666665754,3.85796278731e-09,8.77225682889e-17
57.1,0.166666667661,1.6666666578,3.74862560992e-09,8.26140036409e-17
57.2,0.166666667633,1.66666665805,3.64238711934e-09,7.78029386352e-17
57.3,0.166666667605,1.66666665829,3.53915949676e-09,7.32720482416e-17
57.4,0.166666667578,1.66666665853,3.43885741223e-09,6.90050163612e-17
57.5,0.166666667553,1.66666665876,3.34139795408e-09,6.49864770704e-17
57.6,0.166666667527,1.66666665899,3.24670056044e-09,6.12019592877e-17
57.7,0.166666667503,1.6666666592,3.1546869526e-09,5.76378346615e-17
57.8,0.166666667479,1.66666665942,3.06528107032e-09,5.42812684937e-17
57.9,0.166666667456,1.66666665962,2.97840900896e-09,5.11201735208e-17
58,0.166666667434,1.66666665982,2.89399895839e-09,4.81431663868e-17
58.1,0.166666667412,1.66666666002,2.81198114361e-09,4.53395266505e-17
58.2,0.166666667391,1.66666666021,2.73228776712e-09,4.26991581808e-17
58.3,0.16666666737,1.66666666039,2.6548529528e-09,4.02125527994e-17
58.4,0.16666666735,1.66666666057,2.57961269154e-09,3.78707560413e-17
58.5,0.166666667331,1.66666666074,2.50650478828e-09,3.56653349088e-17
58.6,0.166666667312,1.66666666091,2.4354688106e-09,3.35883475038e-17
58.7,0.166666667294,1.66666666107,2.36644603878e-09,3.16323144284e-17
58.8,0.166666667276,1.66666666123,2.29937941726e-09,2.97901918509e-17
58.9,0.166666667258,1.66666666139,2.23421350746e-09,2.80553461402e-17
59,0.166666667242,1.66666666154,2.17089444198e-09,2.64215299781e-17
59.1,0.166666667225,1.66666666168,2.10936988004e-09,2.48828598617e-17
59.2,0.16666666721,1.66666666182,2.04958896425e-09,2.34337949168e-17
59.3,0.166666667194,1.66666666196,1.99150227853e-09,2.20691169444e-17
59.4,0.166666667179,1.66666666209,1.93506180731e-09,2.07839116299e-17
59.5,0.166666667165,1.66666666222,1.88022089579e-09,1.95735508459e-17
59.6,0.16666666715,1.66666666235,1.82693421142e-09,1.84336759864e-17
59.7,0.166666667137,1.66666666247,1.77515770637e-09,1.73601822707e-17
59.8,0.166666667123,1.66666666259,1.72484858119e-09,1.6349203962e-17
59.9,0.16666666711,1.66666666271,1.67596524938e-09,1.53971004464e-17
60,0.166666667098,1.66666666282,1.62846730302e-09,1.45004431228e-17
60.1,0.166666667086,1.66666666293,1.58231547938e-09,1.36560030565e-17
60.2,0.166666667074,1.66666666303,1.53747162848e-09,1.28607393512e-17
60.3,0.166666667062,1.66666666314,1.4938986815e-09,1.21117881985e-17
60.4,0.166666667051,1.66666666324,1.45156062022e-09,1.14064525653e-17
60.5,0.16666666704,1.66666666334,1.41042244716e-09,1.07421924815e-17
60.6,0.166666667029,1.66666666343,1.37045015671e-09,1.01166158935e-17
60.7,0.166666667019,1.66666666352,1.331610707e-09,9.52747004965e-18
60.8,0.166666667009,1.66666666361,1.29387199257e-09,8.97263338873e-18
60.9,0.166666666999,1.6666666637,1.25720281789e-09,8.45010789944e-18
61,0.16666666699,1.66666666378,1.2215728715e-09,7.95801192565e-18
61.1,0.166666666981,1.66666666386,1.18695270098e-09,7.49457339032e-18
61.2,0.166666666972,1.66666666394,1.15331368864e-09,7.05812341418e-18
61.3,0.166666666963,1.66666666402,1.12062802781e-09,6.6470903059e-18
61.4,0.166666666955,1.6666666641,1.08886869988e-09,6.25999390232e-18
61.5,0.166666666947,1.66666666417,1.05800945199e-09,5.89544023829e-18
61.6,0.166666666939,1.66666666424,1.02802477528e-09,5.55211652687e-18
61.7,0.166666666931,1.66666666431,9.98889883829e-10,5.22878643187e-18
61.8,0.166666666923,1.66666666438,9.7058069417e-10,4.92428561571e-18
61.9,0.166666666916,1.66666666444,9.43073805378e-10,4.63751754656e-18
62,0.166666666909,1.6666666645,9.16346479724e-10,4.36744954964e-18
62.1,0.166666666902,1.66666666456,8.90376623881e-10,4.11310908844e-18
62.2,0.166666666896,1.66666666462,8.6514277066e-10,3.8735802626e-18
62.3,0.166666666889,1.66666666468,8.4062406127e-10,3.64800050962e-18
62.4,0.166666666883,1.66666666474,8.16800228067e-10,3.43555749874e-18
62.5,0.166666666877,1.66666666479,7.93651577809e-10,3.23548620567e-18
62.6,0.166666666871,1.66666666485,7.71158975371e-10,3.04706615764e-18
62.7,0.166666666865,1.6666666649,7.4930382793e-10,2.86961883897e-18
62.8,0.166666666859,1.66666666495,7.28068069597e-10,2.70250524765e-18
62.9,0.166666666854,1.666666665,7.07434146482e-10,2.54512359425e-18
63,0.166666666848,1.66666666504,6.87385002182e-10,2.39690713482e-18
63.1,0.166666666843,1.66666666509,6.67904063685e-10,2.25732213002e-18
63.2,0.166666666838,1.66666666514,6.48975227669e-10,2.12586592307e-18
63.3,0.166666666833,1.66666666518,6.3058284719e-10,2.00206512963e-18
63.4,0.166666666829,1.66666666522,6.12711718748e-10,1.88547393313e-18
63.5,0.166666666824,1.66666666526,5.95347069722e-10,1.77567247933e-18
63.6,0.16666666682,1.6666666653,5.78474546155e-10,1.67226536439e-18
63.7,0.166666666815,1.66666666534,5.62080200891e-10,1.57488021102e-18
63.8,0.166666666811,1.66666666538,5.46150482046e-10,1.48316632746e-18
63.9,0.166666666807,1.66666666541,5.30672221804e-10,1.39679344469e-18
64,0.166666666803,1.66666666545,5.15632625536e-10,1.31545052702e-18
64.1,0.166666666799,1.66666666548,5.01019261217e-10,1.2388446521e-18
64.2,0.166666666795,1.66666666552,4.86820049158e-10,1.16669995602e-18
64.3,0.166666666792,1.66666666555,4.73023252013e-10,1.09875663997e-18
64.4,0.166666666788,1.66666666558,4.59617465081e-10,1.03477003461e-18
64.5,0.166666666785,1.66666666561,4.4659160688e-10,9.74509719058e-19
64.6,0.166666666781,1.66666666564,4.33934909981e-10,9.17758691083e-19
64.7,0.166666666778,1.66666666567,4.21636912112e-10,8.64312585689e-19
64.8,0.166666666775,1.6666666657,4.0968744751e-10,8.13978939166e-19
64.9,0.166666666772,1.66666666573,3.98076638515e-10,7.66576496023e-19
65,0.166666666769,1.66666666575,3.86794887406e-10,7.21934556262e-19
65.1,0.166666666766,1.66666666578,3.75832868468e-10,6.79892360683e-19
65.2,0.166666666763,1.66666666581,3.65181520285e-10,6.4029851197e-19
65.3,0.16666666676,1.66666666583,3.54832038243e-10,6.03010429503e-19
65.4,0.166666666758,1.66666666585,3.44775867261e-10,5.67893835907e-19
65.5,0.166666666755,1.66666666588,3.35004694712e-10,5.34822273517e-19
65.6,0.166666666753,1.6666666659,3.25510443555e-10,5.03676648986e-19
65.7,0.16666666675,1.66666666592,3.16285265657e-10,4.74344804425e-19
65.8,0.166666666748,1.66666666594,3.07321535306e-10,4.46721113512e-19
65.9,0.166666666746,1.66666666596,2.9861184291e-10,4.20706101122e-19
66,0.166666666743,1.66666666598,2.90148988867e-10,3.96206085111e-19
66.1,0.166666666741,1.666666666,2.81925977617e-10,3.73132838959e-19
66.2,0.166666666739,1.66666666602,2.7393601186e-10,3.51403274057e-19
66.3,0.166666666737,1.66666666604,2.66172486935e-10,3.30939140501e-19
66.4,0.166666666735,1.66666666606,2.5862898536e-10,3.11666745307e-19
66.5,0.166666666733,1.66666666607,2.51299271532e-10,2.93516687036e-19
66.6,0.166666666731,1.66666666609,2.44177286565e-10,2.76423605872e-19
66.7,0.166666666729,1.66666666611,2.37257143289e-10,2.60325948263e-19
66.8,0.166666666728,1.66666666612,2.30533121379e-10,2.45165745251e-19
66.9,0.166666666726,1.66666666614,2.23999662628e-10,2.30888403733e-19
67,0.166666666724,1.66666666615,2.17651366352e-10,2.17442509856e-19
67.1,0.166666666723,1.66666666617,2.11482984925e-10,2.04779643881e-19
67.2,0.166666666721,1.66666666618,2.05489419444e-10,1.92854205811e-19
67.3,0.166666666719,1.6666666662,1.9966571551e-10,1.81623251189e-19
67.4,0.166666666718,1.66666666621,1.94007059138e-10,1.71046336448e-19
67.5,0.166666666716,1.66666666622,1.88508772772e-10,1.61085373269e-19
67.6,0.166666666715,1.66666666623,1.83166311421e-10,1.51704491427e-19
67.7,0.166666666714,1.66666666625,1.77975258903e-10,1.42869909614e-19
67.8,0.166666666712,1.66666666626,1.72931324193e-10,1.34549813793e-19
67.9,0.166666666711,1.66666666627,1.68030337876e-10,1.26714242633e-19
68,0.16666666671,1.66666666628,1.63268248703e-10,1.19334979614e-19
68.1,0.166666666709,1.66666666629,1.58641120237e-10,1.12385451418e-19
68.2,0.166666666707,1.6666666663,1.54145127605e-10,1.05840632238e-19
68.3,0.166666666706,1.66666666631,1.49776554331e-10,9.96769536558e-20
68.4,0.166666666705,1.66666666632,1.45531789267e-10,9.38722197702e-20
68.5,0.166666666704,1.66666666633,1.4140732361e-10,8.84055272698e-20
68.6,0.166666666703,1.66666666634,1.37399747994e-10,8.32571901567e-20
68.7,0.166666666702,1.66666666635,1.3350574968e-10,7.84086688566e-20
68.8,0.166666666701,1.66666666636,1.29722109814e-10,7.38425034557e-20
68.9,0.1666666667,1.66666666637,1.26045700765e-10,6.95422508266e-20
69,0.166666666699,1.66666666638,1.22473483542e-10,6.54924254149e-20
69.1,0.166666666698,1.66666666639,1.19002505281e-10,6.1678443475e-20
69.2,0.166666666697,1.66666666639,1.15629896803e-10,5.80865705521e-20
69.3,0.166666666696,1.6666666664,1.12352870246e-10,5.47038720242e-20
69.4,0.166666666696,1.66666666641,1.09168716755e-10,5.15181665227e-20
69.5,0.166666666695,1.66666666642,1.06074804247e-10,4.8517982067e-20
69.6,0.166666666694,1.66666666642,1.03068575233e-10,4.56925147522e-20
69.7,0.166666666693,1.66666666643,1.00147544707e-10,4.30315898444e-20
69.8,0.166666666692,1.66666666644,9.73092980883e-11,4.05256251396e-20
69.9,0.166666666692,1.66666666644,9.45514892263e-11,3.81655964582e-20
70,0.166666666691,1.66666666645,9.1871838463e-11,3.59430051478e-20
70.1,0.16666666669,1.66666666646,8.92681307469e-11,3.3849847479e-20
70.2,0.16666666669,1.66666666646,8.67382138027e-11,3.18785858232e-20
70.3,0.166666666689,1.66666666647,8.42799963518e-11,3.00221215094e-20
70.4,0.166666666688,1.66666666647,8.18914463839e-11,2.82737692608e-20
70.5,0.166666666688,1.66666666648,7.95705894772e-11,2.66272331208e-20
70.6,0.166666666687,1.66666666648,7.73155071663e-11,2.50765837808e-20
70.7,0.166666666687,1.66666666649,7.51243353562e-11,2.36162372284e-20
70.8,0.166666666686,1.66666666649,7.29952627818e-11,2.22409346386e-20
70.9,0.166666666685,1.6666666665,7.09265295104e-11,2.09457234366e-20
71,0.166666666685,1.6666666665,6.89164254867e-11,1.9725939463e-20
71.1,0.166666666684,1.66666666651,6.69632891197e-11,1.8577190178e-20
71.2,0.166666666684,1.66666666651,6.5065505909e-11,1.74953388434e-20
71.3,0.166666666683,1.66666666652,6.32215071101e-11,1.64764896259e-20
71.4,0.166666666683,1.66666666652,6.14297684376e-11,1.55169735678e-20
71.5,0.166666666682,1.66666666653,5.96888088057e-11,1.46133353748e-20
71.6,0.166666666682,1.66666666653,5.79971891032e-11,1.37623209734e-20
71.7,0.166666666682,1.66666666653,5.63535110045e-11,1.29608657927e-20
71.8,0.166666666681,1.66666666654,5.47564158131e-11,1.22060837281e-20
71.9,0.166666666681,1.66666666654,5.32045833393e-11,1.14952567492e-20
72,0.16666666668,1.66666666654,5.16967308082e-11,1.08258251109e-20
72.1,0.16666666668,1.66666666655,5.02316117995e-11,1.01953781363e-20
72.2,0.16666666668,1.66666666655,4.88080152174e-11,9.60164553529e-21
72.3,0.166666666679,1.66666666655,4.74247642892e-11,9.04248922924e-21
72.4,0.166666666679,1.66666666656,4.60807155929e-11,8.51589565146e-21
72.5,0.166666666678,1.66666666656,4.47747581118e-11,8.01996849629e-21
72.6,0.166666666678,1.66666666656,4.35058123159e-11,7.55292189031e-21
72.7,0.166666666678,1.66666666657,4.227282927e-11,7.11307396126e-21
72.8,0.166666666678,1.66666666657,4.10747897664e-11,6.69884078151e-21
72.9,0.166666666677,1.66666666657,3.99107034824e-11,6.30873066418e-21
73,0.166666666677,1.66666666658,3.87796081615e-11,5.94133879149e-21
73.1,0.166666666677,1.66666666658,3.76805688184e-11,5.59534215586e-21
73.2,0.166666666676,1.66666666658,3.66126769658e-11,5.26949479568e-21
73.3,0.166666666676,1.66666666658,3.55750498636e-11,4.9626233085e-21
73.4,0.166666666676,1.66666666659,3.4566829789e-11,4.6736226255e-21
73.5,0.166666666676,1.66666666659,3.35871833278e-11,4.40145203207e-21
73.6,0.166666666675,1.66666666659,3.2635300685e-11,4.14513142009e-21
73.7,0.166666666675,1.66666666659,3.17103950161e-11,3.9037377585e-21
73.8,0.166666666675,1.66666666659,3.08117017761e-11,3.67640176939e-21
73.9,0.166666666675,1.6666666666,2.99384780875e-11,3.46230479763e-21
74,0.166666666674,1.6666666666,2.90900021268e-11,3.26067586288e-21
74.1,0.166666666674,1.6666666666,2.82655725272e-11,3.07078888318e-21
74.2,0.166666666674,1.6666666666,2.74645077993e-11,2.89196006032e-21
74.3,0.166666666674,1.6666666666,2.66861457672e-11,2.72354541736e-21
74.4,0.166666666674,1.66666666661,2.5929843022e-11,2.56493847968e-21
74.5,0.166666666673,1.66666666661,2.51949743889e-11,2.415568091e-21
74.6,0.166666666673,1.66666666661,2.44809324113e-11,2.27489635657e-21
74.7,0.166666666673,1.66666666661,2.37871268482e-11,2.1424167062e-21
74.8,0.166666666673,1.66666666661,2.31129841866e-11,2.01765207006e-21
74.9,0.166666666673,1.66666666661,2.24579471668e-11,1.9001531607e-21
75,0.166666666672,1.66666666662,2.18214743227e-11,1.78949685513e-21
75.1,0.166666666672,1.66666666662,2.12030395333e-11,1.68528467113e-21
75.2,0.166666666672,1.66666666662,2.06021315885e-11,1.58714133227e-21
75.3,0.166666666672,1.66666666662,2.00182537661e-11,1.49471341652e-21
75.4,0.166666666672,1.66666666662,1.94509234213e-11,1.40766808355e-21
75.5,0.166666666672,1.66666666662,1.88996715879e-11,1.32569187615e-21
75.6,0.166666666672,1.66666666662,1.83640425903e-11,1.24848959143e-21
75.7,0.166666666671,1.66666666662,1.78435936672e-11,1.17578321776e-21
75.8,0.166666666671,1.66666666663,1.73378946055e-11,1.10731093367e-21
75.9,0.166666666671,1.66666666663,1.68465273844e-11,1.04282616498e-21
76,0.166666666671,1.66666666663,1.63690858302e-11,9.82096696876e-22
76.1,0.166666666671,1.66666666663,1.59051752806e-11,9.24903837671e-22
76.2,0.166666666671,1.66666666663,1.54544122579e-11,8.71041631296e-22
76.3,0.166666666671,1.66666666663,1.50164241528e-11,8.20316115632e-22
76.4,0.166666666671,1.66666666663,1.45908489158e-11,7.72544624031e-22
76.5,0.16666666667,1.66666666663,1.4177334758e-11,7.27555127525e-22
76.6,0.16666666667,1.66666666663,1.37755398607e-11,6.85185615332e-22
76.7,0.16666666667,1.66666666664,1.33851320924e-11,6.45283511443e-22
76.8,0.16666666667,1.66666666664,1.30057887344e-11,6.07705125185e-22
76.9,0.16666666667,1.66666666664,1.26371962141e-11,5.72315133778e-22
77,0.16666666667,1.66666666664,1.22790498459e-11,5.38986095026e-22
77.1,0.16666666667,1.66666666664,1.19310535788e-11,5.07597988392e-22
77.2,0.16666666667,1.66666666664,1.15929197526e-11,4.78037782787e-22
77.3,0.16666666667,1.66666666664,1.12643688592e-11,4.50199029543e-22
77.4,0.16666666667,1.66666666664,1.09451293119e-11,4.23981479078e-22
77.5,0.166666666669,1.66666666664,1.06349372213e-11,3.99290719893e-22
77.6,0.166666666669,1.66666666664,1.03335361765e-11,3.76037838585e-22
77.7,0.166666666669,1.66666666664,1.00406770335e-11,3.54139099666e-22
77.8,0.166666666669,1.66666666664,9.75611770933e-12,3.33515644021e-22
77.9,0.166666666669,1.66666666664,9.47962298165e-12,3.14093204935e-22
78,0.166666666669,1.66666666664,9.21096429456e-12,2.95801840648e-22
78.1,0.166666666669,1.66666666665,8.94991956958e-12,2.78575682492e-22
78.2,0.166666666669,1.66666666665,8.69627302206e-12,2.62352697691e-22
78.3,0.166666666669,1.66666666665,8.44981498284e-12,2.47074465975e-22
78.4,0.166666666669,1.66666666665,8.2103417249e-12,2.3268596921e-22
78.5,0.166666666669,1.66666666665,7.97765529501e-12,2.19135393265e-22
78.6,0.166666666669,1.66666666665,7.75156335003e-12,2.06373941431e-22
78.7,0.166666666669,1.66666666665,7.53187899797e-12,1.94355658696e-22
78.8,0.166666666669,1.66666666665,7.31842064348e-12,1.83037266261e-22
78.9,0.166666666669,1.66666666665,7.11101183773e-12,1.72378005689e-22
79,0.166666666668,1.66666666665,6.90948113256e-12,1.62339492128e-22
79.1,0.166666666668,1.66666666665,6.71366193879e-12,1.52885576087e-22
79.2,0.166666666668,1.66666666665,6.52339238846e-12,1.43982213255e-22
79.3,0.166666666668,1.66666666665,6.33851520107e-12,1.35597341911e-22
79.4,0.166666666668,1.66666666665,6.15887755353e-12,1.2770076746e-22
79.5,0.166666666668,1.66666666665,5.98433095387e-12,1.20264053706e-22
79.6,0.166666666668,1.66666666665,5.8147311185e-12,1.13260420445e-22
79.7,0.166666666668,1.66666666665,5.64993785287e-12,1.06664647034e-22
79.8,0.166666666668,1.66666666665,5.48981493568e-12,1.00452981564e-22
79.9,0.166666666668,1.66666666665,5.33423000622e-12,9.46030553301e-23
80,0.166666666668,1.66666666665,5.18305445495e-12,8.90938022787e-23
80.1,0.166666666668,1.66666666665,5.03616331722e-12,8.39053831484e-23
80.2,0.166666666668,1.66666666666,4.89343516998e-12,7.9019114026e-23
80.3,0.166666666668,1.66666666666,4.75475203135e-12,7.4417399065e-23
80.4,0.166666666668,1.66666666666,4.61999926316e-12,7.00836671211e-23
80.5,0.166666666668,1.66666666666,4.48906547616e-12,6.60023120783e-23
80.6,0.166666666668,1.66666666666,4.36184243792e-12,6.21586366499e-23
80.7,0.166666666668,1.66666666666,4.23822498342e-12,5.85387994529e-23
80.8,0.166666666668,1.66666666666,4.11811092806e-12,5.51297651634e-23
80.9,0.166666666668,1.66666666666,4.00140098323e-12,5.19192575758e-23
81,0.166666666668,1.66666666666,3.88799867422e-12,4.8895715395e-23
81.1,0.166666666668,1.66666666666,3.77781026048e-12,4.60482506032e-23
81.2,0.166666666668,1.66666666666,3.67074465812e-12,4.33666092518e-23
81.3,0.166666666668,1.66666666666,3.56671336464e-12,4.08411345352e-23
81.4,0.166666666668,1.66666666666,3.46563038575e-12,3.84627320166e-23
81.5,0.166666666668,1.66666666666,3.36741216429e-12,3.6222836878e-23
81.6,0.166666666668,1.66666666666,3.27197751118e-12,3.41133830776e-23
81.7,0.166666666668,1.66666666666,3.17924753826e-12,3.21267743031e-23
81.8,0.166666666667,1.66666666666,3.08914559315e-12,3.02558566171e-23
81.9,0.166666666667,1.66666666666,3.00159719583e-12,2.84938926952e-23
82,0.166666666667,1.66666666666,2.91652997709e-12,2.68345375642e-23
82.1,0.166666666667,1.66666666666,2.83387361871e-12,2.52718157531e-23
82.2,0.166666666667,1.66666666666,2.75355979534e-12,2.38000997756e-23
82.3,0.166666666667,1.66666666666,2.67552211801e-12,2.24140898644e-23
82.4,0.166666666667,1.66666666666,2.59969607926e-12,2.11087948869e-23
82.5,0.166666666667,1.66666666666,2.52601899983e-12,1.98795143712e-23
82.6,0.166666666667,1.66666666666,2.45442997679e-12,1.87218215797e-23
82.7,0.166666666667,1.66666666666,2.38486983327e-12,1.76315475679e-23
82.8,0.166666666667,1.66666666666,2.3172810695e-12,1.66047661716e-23
82.9,0.166666666667,1.66666666666,2.25160781531e-12,1.56377798689e-23
83,0.166666666667,1.66666666666,2.1877957839e-12,1.47271064645e-23
83.1,0.166666666667,1.66666666666,2.125792227e-12,1.38694665506e-23
83.2,0.166666666667,1.66666666666,2.06554589127e-12,1.30617716971e-23
83.3,0.166666666667,1.66666666666,2.00700697592e-12,1.23011133301e-23
83.4,0.166666666667,1.66666666666,1.95012709155e-12,1.15847522579e-23
83.5,0.166666666667,1.66666666666,1.89485922013e-12,1.09101088069e-23
83.6,0.166666666667,1.66666666666,1.84115767617e-12,1.02747535319e-23
83.7,0.166666666667,1.66666666666,1.78897806892e-12,9.67639846767e-24
83.8,0.166666666667,1.66666666666,1.73827726572e-12,9.11288888968e-24
83.9,0.166666666667,1.66666666666,1.68901335629e-12,8.58219555481e-24
84,0.166666666667,1.66666666666,1.64114561813e-12,8.08240739381e-24
84.1,0.166666666667,1.66666666666,1.59463448283e-12,7.61172462947e-24
84.2,0.166666666667,1.66666666666,1.54944150339e-12,7.16845229545e-24
84.3,0.166666666667,1.66666666666,1.5055293224e-12,6.75099413255e-24
84.4,0.166666666667,1.66666666666,1.46286164122e-12,6.35784684048e-24
84.5,0.166666666667,1.66666666666,1.4214031899e-12,5.98759466433e-24
84.6,0.166666666667,1.66666666666,1.38111969808e-12,5.63890429635e-24
84.7,0.166666666667,1.66666666666,1.34197786665e-12,5.31052007458e-24
84.8,0.166666666667,1.66666666666,1.3039453402e-12,5.00125946113e-24
84.9,0.166666666667,1.66666666666,1.26699068032e-12,4.71000878375e-24
85,0.166666666667,1.66666666666,1.23108333955e-12,4.43571922541e-24
85.1,0.166666666667,1.66666666666,1.1961936362e-12,4.17740304743e-24
85.2,0.166666666667,1.66666666666,1.16229272976e-12,3.93413003256e-24
85.3,0.166666666667,1.66666666666,1.12935259708e-12,3.70502413518e-24
85.4,0.166666666667,1.66666666666,1.09734600921e-12,3.48926032659e-24
85.5,0.166666666667,1.66666666666,1.06624650887e-12,3.28606162402e-24
85.6,0.166666666667,1.66666666666,1.03602838862e-12,3.09469629268e-24
85.7,0.166666666667,1.66666666666,1.00666666957e-12,2.91447521066e-24
85.8,0.166666666667,1.66666666666,9.78137080757e-13,2.74474938741e-24
85.9,0.166666666667,1.66666666666,9.50416039065e-13,2.58490762665e-24
86,0.166666666667,1.66666666666,9.23480629742e-13,2.43437432537e-24
86.1,0.166666666667,1.66666666666,8.97308587455e-13,2.2926074011e-24
86.2,0.166666666667,1.66666666666,8.71878277887e-13,2.15909633979e-24
86.3,0.166666666667,1.66666666666,8.47168679848e-13,2.03336035741e-24
86.4,0.166666666667,1.66666666666,8.23159367905e-13,1.91494666861e-24
86.5,0.166666666667,1.66666666666,7.99830495494e-13,1.8034288562e-24
86.6,0.166666666667,1.66666666666,7.77162778516e-13,1.69840533561e-24
86.7,0.166666666667,1.66666666666,7.55137479395e-13,1.59949790873e-24
86.8,0.166666666667,1.66666666666,7.33736391591e-13,1.50635040199e-24
86.9,0.166666666667,1.66666666666,7.12941824548e-13,1.41862738374e-24
87,0.166666666667,1.66666666667,6.92736589074e-13,1.33601295638e-24
87.1,0.166666666667,1.66666666667,6.73103983128e-13,1.25820961873e-24
87.2,0.166666666667,1.66666666667,6.54027778016e-13,1.18493719473e-24
87.3,0.166666666667,1.66666666667,6.35492204977e-13,1.11593182453e-24
87.4,0.166666666667,1.66666666667,6.17481942146e-13,1.05094501424e-24
87.5,0.166666666667,1.66666666667,5.99982101889e-13,9.89742741157e-25
87.6,0.166666666667,1.66666666667,5.82978218498e-13,9.32104610995e-25
87.7,0.166666666667,1.66666666667,5.66456236233e-13,8.77823064226e-25
87.8,0.166666666667,1.66666666667,5.50402497703e-13,8.26702628651e-25
87.9,0.166666666667,1.66666666667,5.34803732574e-13,7.78559215485e-25
88,0.166666666667,1.66666666667,5.19647046605e-13,7.33219456439e-25
88.1,0.166666666667,1.66666666667,5.04919910983e-13,6.90520079409e-25
88.2,0.166666666667,1.66666666667,4.90610151974e-13,6.50307320516e-25
88.3,0.166666666667,1.66666666667,4.76705940851e-13,6.12436370392e-25
88.4,0.166666666667,1.66666666667,4.63195784124e-13,5.76770852713e-25
88.5,0.166666666667,1.66666666667,4.50068514035e-13,5.4318233309e-25
88.6,0.166666666667,1.66666666667,4.37313279327e-13,5.11549856575e-25
88.7,0.166666666667,1.66666666667,4.24919536274e-13,4.81759512082e-25
88.8,0.166666666667,1.66666666667,4.12877039969e-13,4.53704022196e-25
88.9,0.166666666667,1.66666666667,4.01175835849e-13,4.27282356849e-25
89,0.166666666667,1.66666666667,3.89806251473e-13,4.02399369507e-25
89.1,0.166666666667,1.66666666667,3.78758888519e-13,3.78965454539e-25
89.2,0.166666666667,1.66666666667,3.68024615025e-13,3.56896224539e-25
89.3,0.166666666667,1.66666666667,3.5759455783e-13,3.36112206441e-25
89.4,0.166666666667,1.66666666667,3.47460095246e-13,3.16538555331e-25
89.5,0.166666666667,1.66666666667,3.3761284993e-13,2.98104784923e-25
89.6,0.166666666667,1.66666666667,3.28044681957e-13,2.80744513732e-25
89.7,0.166666666667,1.66666666667,3.18747682095e-13,2.64395226032e-25
89.8,0.166666666667,1.66666666667,3.09714165261e-13,2.48998046726e-25
89.9,0.166666666667,1.66666666667,3.00936664176e-13,2.34497529338e-25
90,0.166666666667,1.66666666667,2.92407923186e-13,2.20841456344e-25
90.1,0.166666666667,1.66666666667,2.84120892268e-13,2.0798065113e-25
90.2,0.166666666667,1.66666666667,2.76068721202e-13,1.95868800906e-25
90.3,0.166666666667,1.66666666667,2.68244753906e-13,1.84462289929e-25
90.4,0.166666666667,1.66666666667,2.60642522938e-13,1.73720042439e-25
90.5,0.166666666667,1.66666666667,2.53255744144e-13,1.63603374742e-25
90.6,0.166666666667,1.66666666667,2.46078311471e-13,1.54075855907e-25
90.7,0.166666666667,1.66666666667,2.39104291913e-13,1.45103176575e-25
90.8,0.166666666667,1.66666666667,2.32327920609e-13,1.36653025409e-25
90.9,0.166666666667,1.66666666667,2.2574359608e-13,1.28694972737e-25
91,0.166666666667,1.66666666667,2.19345875595e-13,1.21200360974e-25
91.1,0.166666666667,1.66666666667,2.13129470674e-13,1.14142201423e-25
91.2,0.166666666667,1.66666666667,2.07089242715e-13,1.07495077086e-25
91.3,0.166666666667,1.66666666667,2.0122019875e-13,1.01235051134e-25
91.4,0.166666666667,1.66666666667,1.95517487311e-13,9.5339580714e-26
91.5,0.166666666667,1.66666666667,1.89976394427e-13,8.97874357633e-26
91.6,0.166666666667,1.66666666667,1.84592339724e-13,8.45586225634e-26
91.7,0.166666666667,1.66666666667,1.79360872636e-13,7.9634311739e-26
91.8,0.166666666667,1.66666666667,1.74277668731e-13,7.49967704522e-26
91.9,0.166666666667,1.66666666667,1.69338526134e-13,7.06292985453e-26
92,0.166666666667,1.66666666667,1.64539362054e-13,6.6516168402e-26
92.1,0.166666666667,1.66666666667,1.59876209409e-13,6.26425683109e-26
92.2,0.166666666667,1.66666666667,1.55345213546e-13,5.89945491279e-26
92.3,0.166666666667,1.66666666667,1.50942629055e-13,5.55589740435e-26
92.4,0.166666666667,1.66666666667,1.46664816675e-13,5.23234712765e-26
92.5,0.166666666667,1.66666666667,1.42508240283e-13,4.92763895223e-26
92.6,0.166666666667,1.66666666667,1.38469463973e-13,4.64067559952e-26
92.7,0.166666666667,1.66666666667,1.34545149212e-13,4.3704236915e-26
92.8,0.166666666667,1.66666666667,1.30732052087e-13,4.11591002939e-26
92.9,0.166666666667,1.66666666667,1.27027020616e-13,3.87621808911e-26
93,0.166666666667,1.66666666667,1.2342699215e-13,3.65048472076e-26
93.1,0.166666666667,1.66666666667,1.19928990834e-13,3.43789704041e-26
93.2,0.166666666667,1.66666666667,1.16530125153e-13,3.23768950277e-26
93.3,0.166666666667,1.66666666667,1.13227585539e-13,3.04914114447e-26
93.4,0.166666666667,1.66666666667,1.10018642047e-13,2.87157298776e-26
93.5,0.166666666667,1.66666666667,1.06900642103e-13,2.70434559547e-26
93.6,0.166666666667,1.66666666667,1.03871008307e-13,2.54685676837e-26
93.7,0.166666666667,1.66666666667,1.00927236306e-13,2.39853937657e-26
93.8,0.166666666667,1.66666666667,9.80668927192e-14,2.25885931726e-26
93.9,0.166666666667,1.66666666667,9.52876131323e-14,2.12731359136e-26
94,0.166666666667,1.66666666667,9.25871001384e-14,2.00342849215e-26
94.1,0.166666666667,1.66666666667,8.99631214409e-14,1.88675789948e-26
94.2,0.166666666667,1.66666666667,8.7413508008e-14,1.77688167319e-26
94.3,0.166666666667,1.66666666667,8.49361522798e-14,1.67340414019e-26
94.4,0.166666666667,1.66666666667,8.25290064259e-14,1.57595266959e-26
94.5,0.166666666667,1.66666666667,8.01900806526e-14,1.48417633082e-26
94.6,0.166666666667,1.66666666667,7.79174415585e-14,1.39774462996e-26
94.7,0.166666666667,1.66666666667,7.5709210536e-14,1.3163463195e-26
94.8,0.166666666667,1.66666666667,7.35635622183e-14,1.23968827762e-26
94.9,0.166666666667,1.66666666667,7.14787229709e-14,1.16749445256e-26
95,0.166666666667,1.66666666667,6.94529694251e-14,1.09950486858e-26
95.1,0.166666666667,1.66666666667,6.74846270537e-14,1.03547468973e-26
95.2,0.166666666667,1.66666666667,6.55720687866e-14,9.75173338217e-27
95.3,0.166666666667,1.66666666667,6.37137136659e-14,9.1838366403e-27
95.4,0.166666666667,1.66666666667,6.19080255393e-14,8.64901163007e-27
95.5,0.166666666667,1.66666666667,6.01535117898e-14,8.14533240377e-27
95.6,0.166666666667,1.66666666667,5.84487221023e-14,7.67098517213e-27
95.7,0.166666666667,1.66666666667,5.67922472644e-14,7.22426177276e-27
95.8,0.166666666667,1.66666666667,5.51827180019e-14,6.80355351892e-27
95.9,0.166666666667,1.66666666667,5.36188038466e-14,6.40734540647e-27
96,0.166666666667,1.66666666667,5.20992120366e-14,6.03421065824e-27
96.1,0.166666666667,1.66666666667,5.06226864479e-14,5.68280558611e-27
96.2,0.166666666667,1.66666666667,4.91880065556e-14,5.35186475226e-27
96.3,0.166666666667,1.66666666667,4.77939864256e-14,5.04019641222e-27
96.4,0.166666666667,1.66666666667,4.64394737336e-14,4.74667822333e-27
96.5,0.166666666667,1.66666666667,4.51233488132e-14,4.47025320307e-27
96.6,0.166666666667,1.66666666667,4.384452373e-14,4.2099259228e-27
96.7,0.166666666667,1.66666666667,4.26019413821e-14,3.96475892311e-27
96.8,0.166666666667,1.66666666667,4.1394574627e-14,3.733869338e-27
96.9,0.166666666667,1.66666666667,4.02214254318e-14,3.51642571557e-27
97,0.166666666667,1.66666666667,3.90815240486e-14,3.31164502391e-27
97.1,0.166666666667,1.66666666667,3.79739282127e-14,3.11878983134e-27
97.2,0.166666666667,1.66666666667,3.6897722364e-14,2.93716565086e-27
97.3,0.166666666667,1.66666666667,3.58520168896e-14,2.76611843924e-27
97.4,0.166666666667,1.66666666667,3.48359473892e-14,2.60503224177e-27
97.5,0.166666666667,1.66666666667,3.384867396e-14,2.45332697415e-27
97.6,0.166666666667,1.66666666667,3.28893805025e-14,2.31045633354e-27
97.7,0.166666666667,1.66666666667,3.19572740462e-14,2.17590583132e-27
97.8,0.166666666667,1.66666666667,3.10515840937e-14,2.04919094036e-27
97.9,0.166666666667,1.66666666667,3.01715619841e-14,1.92985535018e-27
98,0.166666666667,1.66666666667,2.9316480274e-14,1.81746932374e-27
98.1,0.166666666667,1.66666666667,2.84856321363e-14,1.71162814998e-27
98.2,0.166666666667,1.66666666667,2.76783307758e-14,1.61195068634e-27
98.3,0.166666666667,1.66666666667,2.68939088614e-14,1.51807798628e-27
98.4,0.166666666667,1.66666666667,2.61317179748e-14,1.42967200669e-27
98.5,0.166666666667,1.66666666667,2.53911280741e-14,1.34641439056e-27
98.6,0.166666666667,1.66666666667,2.46715269734e-14,1.26800532054e-27
98.7,0.166666666667,1.66666666667,2.39723198364e-14,1.19416243928e-27
98.8,0.166666666667,1.66666666667,2.32929286848e-14,1.12461983266e-27
98.9,0.166666666667,1.66666666667,2.26327919209e-14,1.05912707216e-27
99,0.166666666667,1.66666666667,2.19913638626e-14,9.97448313121e-28
99.1,0.166666666667,1.66666666667,2.1368114293e-14,9.39361445382e-28
99.2,0.166666666667,1.66666666667,2.07625280221e-14,8.84657293478e-28
99.3,0.166666666667,1.66666666667,2.01741044603e-14,8.33138863374e-28
99.4,0.166666666667,1.66666666667,1.96023572054e-14,7.84620633077e-28
99.5,0.166666666667,1.66666666667,1.90468136399e-14,7.38927884551e-28
99.6,0.166666666667,1.66666666667,1.85070145408e-14,6.95896074547e-28
99.7,0.166666666667,1.66666666667,1.79825136996e-14,6.55370242069e-28
99.8,0.166666666667,1.66666666667,1.74728775537e-14,6.17204450348e-28
99.9,0.166666666667,1.66666666667,1.6977684828e-14,5.81261261308e-28
100,0.166666666667,1.66666666667,1.64965261865e-14,5.47411240647e-28
100.1,0.166666666667,1.66666666667,1.60290038942e-14,5.15532491727e-28
100.2,0.166666666667,1.66666666667,1.5574731488e-14,4.85510216619e-28
100.3,0.166666666667,1.66666666667,1.51333334576e-14,4.57236302705e-28
100.4,0.166666666667,1.66666666667,1.47044449347e-14,4.30608933355e-28
100.5,0.166666666667,1.66666666667,1.42877113918e-14,4.05532221279e-28
100.6,0.166666666667,1.66666666667,1.38827883488e-14,3.81915863226e-28
100.7,0.166666666667,1.66666666667,1.34893410885e-14,3.596748148e-28
100.8,0.166666666667,1.66666666667,1.31070443797e-14,3.38728984202e-28
100.9,0.166666666667,1.66666666667,1.27355822086e-14,3.19002943819e-28
101,0.166666666667,1.66666666667,1.23746475172e-14,3.00425658598e-28
101.1,0.166666666667,1.66666666667,1.20239419499e-14,2.82930230246e-28
101.2,0.166666666667,1.66666666667,1.16831756068e-14,2.66453656325e-28
101.3,0.166666666667,1.66666666667,1.13520668037e-14,2.50936603371e-28
101.4,0.166666666667,1.66666666667,1.10303418396e-14,2.36323193233e-28
101.5,0.166666666667,1.66666666667,1.07177347705e-14,2.2256080185e-28
101.6,0.166666666667,1.66666666667,1.04139871892e-14,2.09599869749e-28
101.7,0.166666666667,1.66666666667,1.01188480121e-14,1.97393723573e-28
101.8,0.166666666667,1.66666666667,9.83207327153e-15,1.85898408014e-28
101.9,0.166666666667,1.66666666667,9.55342591376e-15,1.75072527517e-28
102,0.166666666667,1.66666666667,9.28267560353e-15,1.64877097221e-28
102.1,0.166666666667,1.66666666667,9.01959853337e-15,1.55275402563e-28
102.2,0.166666666667,1.66666666667,8.76397723865e-15,1.46232867072e-28
102.3,0.166666666667,1.66666666667,8.51560041785e-15,1.37716927853e-28
102.4,0.166666666667,1.66666666667,8.27426275786e-15,1.29696918326e-28
102.5,0.166666666667,1.66666666667,8.03976476428e-15,1.22143957795e-28
102.6,0.166666666667,1.66666666667,7.8119125965e-15,1.15030847443e-28
102.7,0.166666666667,1.66666666667,7.59051790751e-15,1.0833197239e-28
102.8,0.166666666667,1.66666666667,7.37539768815e-15,1.0202320945e-28
102.9,0.166666666667,1.66666666667,7.16637411585e-15,9.60818402624e-29
103,0.166666666667,1.66666666667,6.96327440768e-15,9.04864694807e-29
103.1,0.166666666667,1.66666666667,6.76593067747e-15,8.52169477262e-29
103.2,0.166666666667,1.66666666667,6.57417979706e-15,8.02542990289e-29
103.3,0.166666666667,1.66666666667,6.38786326144e-15,7.55806524932e-29
103.4,0.166666666667,1.66666666667,6.20682705774e-15,7.11791779433e-29
103.5,0.166666666667,1.66666666667,6.03092153792e-15,6.70340253167e-29
103.6,0.166666666667,1.66666666667,5.86000129506e-15,6.31302675867e-29
103.7,0.166666666667,1.66666666667,5.69392504316e-15,5.94538470089e-29
103.8,0.166666666667,1.66666666667,5.53255550036e-15,5.59915244981e-29
103.9,0.166666666667,1.66666666667,5.37575927546e-15,5.27308319537e-29
104,0.166666666667,1.66666666667,5.22340675766e-15,4.96600273604e-29
104.1,0.166666666667,1.66666666667,5.07537200941e-15,4.67680525049e-29
104.2,0.166666666667,1.66666666667,4.9315326623e-15,4.40444931539e-29
104.3,0.166666666667,1.66666666667,4.79176981594e-15,4.14795415521e-29
104.4,0.166666666667,1.66666666667,4.65596793964e-15,3.90639611031e-29
104.5,0.166666666667,1.66666666667,4.52401477692e-15,3.67890531083e-29
104.6,0.166666666667,1.66666666667,4.39580125275e-15,3.46466254415e-29
104.7,0.166666666667,1.66666666667,4.27122138332e-15,3.26289630492e-29
104.8,0.166666666667,1.66666666667,4.15017218851e-15,3.07288001674e-29
104.9,0.166666666667,1.66666666667,4.03255360668e-15,2.89392941573e-29
105,0.166666666667,1.66666666667,3.91826841204e-15,2.72540008643e-29
105.1,0.166666666667,1.66666666667,3.80722213423e-15,2.56668514123e-29
105.2,0.166666666667,1.66666666667,3.69932298022e-15,2.41721303489e-29
105.3,0.166666666667,1.66666666667,3.59448175849e-15,2.27644550638e-29
105.4,0.166666666667,1.66666666667,3.49261180524e-15,2.14387564055e-29
105.5,0.166666666667,1.66666666667,3.39362891278e-15,2.01902604268e-29
105.6,0.166666666667,1.66666666667,3.29745125995e-15,1.90144711938e-29
105.7,0.166666666667,1.66666666667,3.20399934441e-15,1.79071545952e-29
105.8,0.166666666667,1.66666666667,3.113195917e-15,1.68643230952e-29
105.9,0.166666666667,1.66666666667,3.02496591784e-15,1.5882221374e-29
106,0.166666666667,1.66666666667,2.9392364143e-15,1.49573128046e-29
106.1,0.166666666667,1.66666666667,2.8559365407e-15,1.40862667171e-29
106.2,0.166666666667,1.66666666667,2.77499743976e-15,1.32659464047e-29
106.3,0.166666666667,1.66666666667,2.69635220563e-15,1.24933978284e-29
106.4,0.166666666667,1.66666666667,2.61993582864e-15,1.17658389788e-29
106.5,0.166666666667,1.66666666667,2.54568514153e-15,1.10806498581e-29
106.6,0.166666666667,1.66666666667,2.47353876723e-15,1.04353630454e-29
106.7,0.166666666667,1.66666666667,2.40343706815e-15,9.82765481125e-30
106.8,0.166666666667,1.66666666667,2.33532209686e-15,9.25533674955e-30
106.9,0.166666666667,1.66666666667,2.26913754821e-15,8.71634789711e-30
107,0.166666666667,1.66666666667,2.20482871275e-15,8.20874731189e-30
107.1,0.166666666667,1.66666666667,2.14234243156e-15,7.7307070835e-30
107.2,0.166666666667,1.66666666667,2.08162705226e-15,7.28050575077e-30
107.3,0.166666666667,1.66666666667,2.02263238634e-15,6.85652210264e-30
107.4,0.166666666667,1.66666666667,1.96530966766e-15,6.45722934e-30
107.5,0.166666666667,1.66666666667,1.90961151215e-15,6.08118957764e-30
107.6,0.166666666667,1.66666666667,1.85549187863e-15,5.72704866623e-30
107.7,0.166666666667,1.66666666667,1.80290603075e-15,5.39353131597e-30
107.8,0.166666666667,1.66666666667,1.75181050004e-15,5.07943650416e-30
107.9,0.166666666667,1.66666666667,1.70216304994e-15,4.78363315021e-30
108,0.166666666667,1.66666666667,1.6539226409e-15,4.50505604255e-30
108.1,0.166666666667,1.66666666667,1.60704939646e-15,4.24270200269e-30
108.2,0.166666666667,1.66666666667,1.56150457028e-15,3.9956262727e-30
108.3,0.166666666667,1.66666666667,1.51725051413e-15,3.76293911309e-30
108.4,0.166666666667,1.66666666667,1.47425064674e-15,3.54380259875e-30
108.5,0.166666666667,1.66666666667,1.43246942359e-15,3.33742760152e-30
108.6,0.166666666667,1.66666666667,1.3918723075e-15,3.14307094852e-30
108.7,0.166666666667,1.66666666667,1.35242574012e-15,2.96003274586e-30
108.8,0.166666666667,1.66666666667,1.31409711414e-15,2.7876538583e-30
108.9,0.166666666667,1.66666666667,1.27685474637e-15,2.62531353566e-30
109,0.166666666667,1.66666666667,1.24066785155e-15,2.47242717742e-30
109.1,0.166666666667,1.66666666667,1.20550651689e-15,2.32844422757e-30
109.2,0.166666666667,1.66666666667,1.17134167735e-15,2.19284619195e-30
109.3,0.166666666667,1.66666666667,1.1381450916e-15,2.06514477119e-30
109.4,0.166666666667,1.66666666667,1.10588931871e-15,1.94488010222e-30
109.5,0.166666666667,1.66666666667,1.07454769542e-15,1.83161910235e-30
109.6,0.166666666667,1.66666666667,1.04409431413e-15,1.72495390963e-30
109.7,0.166666666667,1.66666666667,1.01450400151e-15,1.62450041416e-30
109.8,0.166666666667,1.66666666667,9.85752297602e-16,1.52989687485e-30
109.9,0.166666666667,1.66666666667,9.57815435707e-16,1.44080261677e-30
110,0.166666666667,1.66666666667,9.30670322665e-16,1.35689680437e-30
110.1,0.166666666667,1.66666666667,9.04294519801e-16,1.27787728609e-30
110.2,0.166666666667,1.66666666667,8.78666224361e-16,1.20345950632e-30
110.3,0.166666666667,1.66666666667,8.537642515e-16,1.13337548065e-30
110.4,0.166666666667,1.66666666667,8.29568016763e-16,1.06737283092e-30
110.5,0.166666666667,1.66666666667,8.06057519071e-16,1.00521387627e-30
110.6,0.166666666667,1.66666666667,7.8321332419e-16,9.46674777337e-31
110.7,0.166666666667,1.66666666667,7.61016548665e-16,8.91544730135e-31
110.8,0.166666666667,1.66666666667,7.3944884421e-16,8.39625206946e-31
110.9,0.166666666667,1.66666666667,7.18492382541e-16,7.90729241405e-31
111,0.166666666667,1.66666666667,6.9812984064e-16,7.44680755224e-31
111.1,0.166666666667,1.66666666667,6.78344386433e-16,7.01313924113e-31
111.2,0.166666666667,1.66666666667,6.5911966488e-16,6.60472580639e-31
111.3,0.166666666667,1.66666666667,6.40439784452e-16,6.22009651851e-31
111.4,0.166666666667,1.66666666667,6.22289303997e-16,5.85786629661e-31
111.5,0.166666666667,1.66666666667,6.04653219976e-16,5.51673072063e-31
111.6,0.166666666667,1.66666666667,5.87516954057e-16,5.19546133402e-31
111.7,0.166666666667,1.66666666667,5.70866341072e-16,4.89290122e-31
111.8,0.166666666667,1.66666666667,5.54687617299e-16,4.60796083533e-31
111.9,0.166666666667,1.66666666667,5.38967409091e-16,4.33961408686e-31
112,0.166666666667,1.66666666667,5.23692721818e-16,4.08689463645e-31
112.1,0.166666666667,1.66666666667,5.08850929127e-16,3.84889242111e-31
112.2,0.166666666667,1.66666666667,4.94429762504e-16,3.62475037578e-31
112.3,0.166666666667,1.66666666667,4.80417301133e-16,3.41366134701e-31
112.4,0.166666666667,1.66666666667,4.66801962039e-16,3.21486518628e-31
112.5,0.166666666667,1.66666666667,4.5357249052e-16,3.0276460127e-31
112.6,0.166666666667,1.66666666667,4.40717950836e-16,2.85132963501e-31
112.7,0.166666666667,1.66666666667,4.28227717177e-16,2.68528112381e-31
112.8,0.166666666667,1.66666666667,4.16091464871e-16,2.52890252511e-31
112.9,0.166666666667,1.66666666667,4.04299161857e-16,2.38163070704e-31
113,0.166666666667,1.66666666667,3.92841060388e-16,2.24293533199e-31
113.1,0.166666666667,1.66666666667,3.81707688974e-16,2.11231694679e-31
113.2,0.166666666667,1.66666666667,3.70889844555e-16,1.98930518418e-31
113.3,0.166666666667,1.66666666667,3.60378584889e-16,1.87345706893e-31
113.4,0.166666666667,1.66666666667,3.50165221166e-16,1.76435542272e-31
113.5,0.166666666667,1.66666666667,3.4024131082e-16,1.66160736175e-31
113.6,0.166666666667,1.66666666667,3.30598650555e-16,1.56484288204e-31
113.7,0.166666666667,1.66666666667,3.21229269559e-16,1.47371352694e-31
113.8,0.166666666667,1.66666666667,3.12125422921e-16,1.38789113234e-31
113.9,0.166666666667,1.66666666667,3.03279585224e-16,1.30706664491e-31
114,0.166666666667,1.66666666667,2.94684444326e-16,1.23094900921e-31
114.1,0.166666666667,1.66666666667,2.86332895317e-16,1.15926411952e-31
114.2,0.166666666667,1.66666666667,2.78218034644e-16,1.09175383283e-31
114.3,0.166666666667,1.66666666667,2.70333154407e-16,1.02817503916e-31
114.4,0.166666666667,1.66666666667,2.62671736808e-16,9.68298786199e-32
114.5,0.166666666667,1.66666666667,2.55227448772e-16,9.11909454755e-32
114.6,0.166666666667,1.66666666667,2.47994136706e-16,8.58803982329e-32
114.7,0.166666666667,1.66666666667,2.40965821414e-16,8.08791131859e-32
114.8,0.166666666667,1.66666666667,2.34136693152e-16,7.61690803063e-32
114.9,0.166666666667,1.66666666667,2.27501106831e-16,7.17333383882e-32
115,0.166666666667,1.66666666667,2.21053577347e-16,6.75559139697e-32
115.1,0.166666666667,1.66666666667,2.14788775047e-16,6.36217638106e-32
115.2,0.166666666667,1.66666666667,2.08701521322e-16,5.99167207209e-32
115.3,0.166666666667,1.66666666667,2.02786784331e-16,5.64274425437e-32
115.4,0.166666666667,1.66666666667,1.97039674837e-16,5.31413641085e-32
115.5,0.166666666667,1.66666666667,1.91455442168e-16,5.00466519837e-32
115.6,0.166666666667,1.66666666667,1.86029470288e-16,4.71321618629e-32
115.7,0.166666666667,1.66666666667,1.80757273984e-16,4.43873984337e-32
115.8,0.166666666667,1.66666666667,1.75634495156e-16,4.18024775829e-32
115.9,0.166666666667,1.66666666667,1.70656899215e-16,3.93680908036e-32
116,0.166666666667,1.66666666667,1.65820371584e-16,3.70754716738e-32
116.1,0.166666666667,1.66666666667,1.61120914295e-16,3.49163642883e-32
116.2,0.166666666667,1.66666666667,1.56554642684e-16,3.28829935284e-32
116.3,0.166666666667,1.66666666667,1.52117782185e-16,3.09680370632e-32
116.4,0.166666666667,1.66666666667,1.478066652e-16,2.91645989809e-32
116.5,0.166666666667,1.66666666667,1.43617728077e-16,2.74661849564e-32
116.6,0.166666666667,1.66666666667,1.3954750816e-16,2.58666788648e-32
116.7,0.166666666667,1.66666666667,1.35592640926e-16,2.43603207565e-32
116.8,0.166666666667,1.66666666667,1.31749857203e-16,2.29416861152e-32
116.9,0.166666666667,1.66666666667,1.28015980473e-16,2.1605666324e-32
117,0.166666666667,1.66666666667,1.24387924241e-16,2.03474502684e-32
117.1,0.166666666667,1.66666666667,1.20862689484e-16,1.91625070116e-32
117.2,0.166666666667,1.66666666667,1.17437362175e-16,1.80465694781e-32
117.3,0.166666666667,1.66666666667,1.14109110873e-16,1.69956190874e-32
117.4,0.166666666667,1.66666666667,1.10875184379e-16,1.60058712828e-32
117.5,0.166666666667,1.66666666667,1.07732909468e-16,1.50737619033e-32
117.6,0.166666666667,1.66666666667,1.04679688673e-16,1.41959343482e-32
117.7,0.166666666667,1.66666666667,1.01712998143e-16,1.33692274902e-32
117.8,0.166666666667,1.66666666667,9.88303855549e-17,1.25906642917e-32
117.9,0.166666666667,1.66666666667,9.60294680839e-17,1.18574410842e-32
118,0.166666666667,1.66666666667,9.33079304377e-17,1.11669174722e-32
118.1,0.166666666667,1.66666666667,9.06635229402e-17,1.05166068248e-32
118.2,0.166666666667,1.66666666667,8.80940596729e-17,9.90416732124e-33
118.3,0.166666666667,1.66666666667,8.55974166674e-17,9.32739351784e-33
118.4,0.166666666667,1.66666666667,8.31715301502e-17,8.78420840589e-33
118.5,0.166666666667,1.66666666667,8.08143948362e-17,8.27265593228e-33
118.6,0.166666666667,1.66666666667,7.85240622717e-17,7.79089395557e-33
118.7,0.166666666667,1.66666666667,7.62986392232e-17,7.33718761228e-33
118.8,0.166666666667,1.66666666667,7.41362861128e-17,6.9099030695e-33
118.9,0.166666666667,1.66666666667,7.20352154973e-17,6.50750164137e-33
119,0.166666666667,1.66666666667,6.9993690591e-17,6.12853424809e-33
119.1,0.166666666667,1.66666666667,6.80100238297e-17,5.77163619771e-33
119.2,0.166666666667,1.66666666667,6.60825754759e-17,5.43552227176e-33
119.3,0.166666666667,1.66666666667,6.42097522634e-17,5.11898209705e-33
119.4,0.166666666667,1.66666666667,6.23900060799e-17,4.82087578706e-33
119.5,0.166666666667,1.66666666667,6.06218326881e-17,4.54012983707e-33
119.6,0.166666666667,1.66666666667,5.89037704814e-17,4.27573325842e-33
119.7,0.166666666667,1.66666666667,5.72343992762e-17,4.02673393785e-33
119.8,0.166666666667,1.66666666667,5.56123391378e-17,3.79223520885e-33
119.9,0.166666666667,1.66666666667,5.40362492398e-17,3.57139262271e-33
120,0.166666666667,1.66666666667,5.25048267556e-17,3.36341090757e-33
120.1,0.166666666667,1.66666666667,5.10168057817e-17,3.16754110462e-33
120.2,0.166666666667,1.66666666667,4.95709562909e-17,2.98307787101e-33
120.3,0.166666666667,1.66666666667,4.81660831161e-17,2.80935693984e-33
120.4,0.166666666667,1.66666666667,4.68010249616e-17,2.64575272812e-33
120.5,0.166666666667,1.66666666667,4.5474653444e-17,2.49167608398e-33
120.6,0.166666666667,1.66666666667,4.41858721588e-17,2.34657216507e-33
120.7,0.166666666667,1.66666666667,4.29336157743e-17,2.20991844056e-33
120.8,0.166666666667,1.66666666667,4.17168491509e-17,2.08122280944e-33
120.9,0.166666666667,1.66666666667,4.05345664859e-17,1.96002182841e-33
121,0.166666666667,1.66666666667,3.93857904814e-17,1.84587904305e-33
121.1,0.166666666667,1.66666666667,3.82695715367e-17,1.73838341604e-33
121.2,0.166666666667,1.66666666667,3.71849869636e-17,1.63714784699e-33
121.3,0.166666666667,1.66666666667,3.61311402235e-17,1.54180777853e-33
121.4,0.166666666667,1.66666666667,3.51071601861e-17,1.45201988343e-33
121.5,0.166666666667,1.66666666667,3.41122004096e-17,1.36746082827e-33
121.6,0.166666666667,1.66666666667,3.3145438441e-17,1.28782610913e-33
121.7,0.166666666667,1.66666666667,3.2206075136e-17,1.21282895501e-33
121.8,0.166666666667,1.66666666667,3.12933339986e-17,1.14219929513e-33
121.9,0.166666666667,1.66666666667,3.04064605393e-17,1.07568278644e-33
122,0.166666666667,1.66666666667,2.95447216512e-17,1.01303989766e-33
122.1,0.166666666667,1.66666666667,2.87074050043e-17,9.54045046719e-34
122.2,0.166666666667,1.66666666667,2.78938184563e-17,8.98485788442e-34
122.3,0.166666666667,1.66666666667,2.71032894808e-17,8.46162049485e-34
122.4,0.166666666667,1.66666666667,2.63351646111e-17,7.96885407871e-34
122.5,0.166666666667,1.66666666667,2.55888089003e-17,7.50478414464e-34
122.6,0.166666666667,1.66666666667,2.48636053962e-17,7.06773953963e-34
122.7,0.166666666667,1.66666666667,2.41589546317e-17,6.65614643104e-34
122.8,0.166666666667,1.66666666667,2.34742741285e-17,6.2685226391e-34
122.9,0.166666666667,1.66666666667,2.28089979166e-17,5.90347229948e-34
123,0.166666666667,1.66666666667,2.21625760657e-17,5.55968083665e-34
123.1,0.166666666667,1.66666666667,2.15344742309e-17,5.23591023001e-34
123.2,0.166666666667,1.66666666667,2.0924173211e-17,4.93099455566e-34
123.3,0.166666666667,1.66666666667,2.03311685193e-17,4.64383578782e-34
123.4,0.166666666667,1.66666666667,1.97549699667e-17,4.37339984476e-34
123.5,0.166666666667,1.66666666667,1.91951012562e-17,4.11871286498e-34
123.6,0.166666666667,1.66666666667,1.86510995895e-17,3.87885770026e-34
123.7,0.166666666667,1.66666666667,1.81225152842e-17,3.65297061292e-34
123.8,0.166666666667,1.66666666667,1.76089114022e-17,3.44023816548e-34
123.9,0.166666666667,1.66666666667,1.71098633887e-17,3.23989429133e-34
124,0.166666666667,1.66666666667,1.66249587207e-17,3.05121753614e-34
124.1,0.166666666667,1.66666666667,1.61537965668e-17,2.87352845979e-34
124.2,0.166666666667,1.66666666667,1.5695987455e-17,2.70618718968e-34
124.3,0.166666666667,1.66666666667,1.52511529515e-17,2.54859111648e-34
124.4,0.166666666667,1.66666666667,1.48189253475e-17,2.40017272411e-34
124.5,0.166666666667,1.66666666667,1.43989473552e-17,2.26039754604e-34
124.6,0.166666666667,1.66666666667,1.39908718126e-17,2.12876224067e-34
124.7,0.166666666667,1.66666666667,1.35943613965e-17,2.0047927787e-34
124.8,0.166666666667,1.66666666667,1.32090883438e-17,1.88804273616e-34
124.9,0.166666666667,1.66666666667,1.28347341803e-17,1.77809168681e-34
125,0.166666666667,1.66666666667,1.24709894575e-17,1.6745436881e-34
125.1,0.166666666667,1.66666666667,1.21175534969e-17,1.57702585539e-34
125.2,0.166666666667,1.66666666667,1.17741341416e-17,1.48518701915e-34
125.3,0.166666666667,1.66666666667,1.14404475144e-17,1.39869646038e-34
125.4,0.166666666667,1.66666666667,1.11162177834e-17,1.31724271964e-34
125.5,0.166666666667,1.66666666667,1.08011769341e-17,1.24053247548e-34
125.6,0.166666666667,1.66666666667,1.04950645476e-17,1.16828948816e-34
125.7,0.166666666667,1.66666666667,1.01976275854e-17,1.10025360491e-34
125.8,0.166666666667,1.66666666667,9.90862018042e-18,1.03617982306e-34
125.9,0.166666666667,1.66666666667,9.62780343342e-18,9.7583740777e-35
126,0.166666666667,1.66666666667,9.35494521586e-18,9.19009061183e-35
126.1,0.166666666667,1.66666666667,9.08981997783e-18,8.65490139865e-35
126.2,0.166666666667,1.66666666667,8.83220856166e-18,8.15087917892e-35
126.3,0.166666666667,1.66666666667,8.58189802074e-18,7.67620892825e-35
126.4,0.166666666667,1.66666666667,8.33868144352e-18,7.22918132101e-35
126.5,0.166666666667,1.66666666667,8.10235778245e-18,6.80818657498e-35
126.6,0.166666666667,1.66666666667,7.87273168779e-18,6.41170865435e-35
126.7,0.166666666667,1.66666666667,7.64961334615e-18,6.03831981034e-35
126.8,0.166666666667,1.66666666667,7.43281832358e-18,5.68667543982e-35
126.9,0.166666666667,1.66666666667,7.22216741309e-18,5.35550924323e-35
127,0.166666666667,1.66666666667,7.01748648656e-18,5.04362866456e-35
127.1,0.166666666667,1.66666666667,6.81860635074e-18,4.74991059686e-35
127.2,0.166666666667,1.66666666667,6.62536260745e-18,4.47329733782e-35
127.3,0.166666666667,1.66666666667,6.43759551766e-18,4.21279278094e-35
127.4,0.166666666667,1.66666666667,6.25514986944e-18,3.96745882843e-35
127.5,0.166666666667,1.66666666667,6.07787484968e-18,3.73641201307e-35
127.6,0.166666666667,1.66666666667,5.90562391939e-18,3.51882031677e-35
127.7,0.166666666667,1.66666666667,5.73825469261e-18,3.31390017439e-35
127.8,0.166666666667,1.66666666667,5.57562881868e-18,3.12091365209e-35
127.9,0.166666666667,1.66666666667,5.4176118679e-18,2.93916578991e-35
128,0.166666666667,1.66666666667,5.26407322039e-18,2.76800209927e-35
128.1,0.166666666667,1.66666666667,5.11488595811e-18,2.60680620598e-35
128.2,0.166666666667,1.66666666667,4.96992675997e-18,2.45499763072e-35
128.3,0.166666666667,1.66666666667,4.82907579988e-18,2.31202969865e-35
128.4,0.166666666667,1.66666666667,4.6922166477e-18,2.17738757078e-35
128.5,0.166666666667,1.66666666667,4.559236173e-18,2.05058639003e-35
128.6,0.166666666667,1.66666666667,4.43002445153e-18,1.93116953518e-35
128.7,0.166666666667,1.66666666667,4.30447467437e-18,1.81870697657e-35
128.8,0.166666666667,1.66666666667,4.18248305964e-18,1.71279372752e-35
128.9,0.166666666667,1.66666666667,4.06394876669e-18,1.61304838593e-35
129,0.166666666667,1.66666666667,3.94877381277e-18,1.51911176082e-35
129.1,0.166666666667,1.66666666667,3.83686299204e-18,1.43064557889e-35
129.2,0.166666666667,1.66666666667,3.72812379682e-18,1.34733126633e-35
129.3,0.166666666667,1.66666666667,3.6224663412e-18,1.26886880162e-35
129.4,0.166666666667,1.66666666667,3.51980328665e-18,1.19497563514e-35
129.5,0.166666666667,1.66666666667,3.42004976991e-18,1.12538567167e-35
129.6,0.166666666667,1.66666666667,3.32312333278e-18,1.05984831218e-35
129.7,0.166666666667,1.66666666667,3.22894385399e-18,9.98127551395e-36
129.8,0.166666666667,1.66666666667,3.13743348293e-18,9.40001127898e-36
129.9,0.166666666667,1.66666666667,3.04851657538e-18,8.85259723784e-36
130,0.166666666667,1.66666666667,2.96211963087e-18,8.33706210871e-36
130.1,0.166666666667,1.66666666667,2.87817123202e-18,7.85154940828e-36
130.2,0.166666666667,1.66666666667,2.79660198545e-18,7.39431076641e-36
130.3,0.166666666667,1.66666666667,2.71734446443e-18,6.96369963011e-36
130.4,0.166666666667,1.66666666667,2.64033315316e-18,6.55816533417e-36
130.5,0.166666666667,1.66666666667,2.56550439259e-18,6.17624751711e-36
130.6,0.166666666667,1.66666666667,2.49279632781e-18,5.81657086225e-36
130.7,0.166666666667,1.66666666667,2.42214885693e-18,5.47784014515e-36
130.8,0.166666666667,1.66666666667,2.35350358136e-18,5.15883556935e-36
130.9,0.166666666667,1.66666666667,2.2868037576e-18,4.85840837381e-36
131,0.166666666667,1.66666666667,2.22199425027e-18,4.57547669613e-36
131.1,0.166666666667,1.66666666667,2.15902148657e-18,4.30902167666e-36
131.2,0.166666666667,1.66666666667,2.09783341199e-18,4.05808378953e-36
131.3,0.166666666667,1.66666666667,2.03837944728e-18,3.82175938729e-36
131.4,0.166666666667,1.66666666667,1.98061044664e-18,3.59919744685e-36
131.5,0.166666666667,1.66666666667,1.92447865709e-18,3.38959650481e-36
131.6,0.166666666667,1.66666666667,1.869937679e-18,3.19220177139e-36
131.7,0.166666666667,1.66666666667,1.81694242774e-18,3.00630241234e-36
131.8,0.166666666667,1.66666666667,1.76544909641e-18,2.83122898918e-36
131.9,0.166666666667,1.66666666667,1.7154151196e-18,2.66635104846e-36
132,0.166666666667,1.66666666667,1.66679913828e-18,2.51107485153e-36
132.1,0.166666666667,1.66666666667,1.61956096552e-18,2.36484123635e-36
132.2,0.166666666667,1.66666666667,1.57366155333e-18,2.22712360395e-36
132.3,0.166666666667,1.66666666667,1.52906296036e-18,2.09742602211e-36
132.4,0.166666666667,1.66666666667,1.48572832056e-18,1.97528143944e-36
132.5,0.166666666667,1.66666666667,1.44362181266e-18,1.86025000351e-36
132.6,0.166666666667,1.66666666667,1.4027086306e-18,1.75191747691e-36
132.7,0.166666666667,1.66666666667,1.36295495477e-18,1.64989374552e-36
132.8,0.166666666667,1.66666666667,1.32432792399e-18,1.55381141372e-36
132.9,0.166666666667,1.66666666667,1.28679560841e-18,1.46332448132e-36
133,0.166666666667,1.66666666667,1.25032698309e-18,1.37810709763e-36
133.1,0.166666666667,1.66666666667,1.21489190235e-18,1.29785238803e-36
133.2,0.166666666667,1.66666666667,1.18046107487e-18,1.22227134888e-36
133.3,0.166666666667,1.66666666667,1.14700603946e-18,1.15109180679e-36
133.4,0.166666666667,1.66666666667,1.11449914154e-18,1.08405743853e-36
133.5,0.166666666667,1.66666666667,1.08291351026e-18,1.02092684798e-36
133.6,0.166666666667,1.66666666667,1.05222303634e-18,9.61472696811e-37
133.7,0.166666666667,1.66666666667,1.02240235043e-18,9.05480885867e-37
133.8,0.166666666667,1.66666666667,9.93426802179e-19,8.52749784149e-37
133.9,0.166666666667,1.66666666667,9.65272439827e-19,8.03089502733e-37
134,0.166666666667,1.66666666667,9.37915990434e-19,7.56321210969e-37
134.1,0.166666666667,1.66666666667,9.11334840627e-19,7.12276492488e-37
134.2,0.166666666667,1.66666666667,8.85507017912e-19,6.70796738732e-37
134.3,0.166666666667,1.66666666667,8.60411172508e-19,6.31732577782e-37
134.4,0.166666666667,1.66666666667,8.36026559701e-19,5.94943336465e-37
134.5,0.166666666667,1.66666666667,8.12333022698e-19,5.60296533775e-37
134.6,0.166666666667,1.66666666667,7.89310975959e-19,5.276674038e-37
134.7,0.166666666667,1.66666666667,7.66941389013e-19,4.96938446428e-37
134.8,0.166666666667,1.66666666667,7.45205770725e-19,4.67999004221e-37
134.9,0.166666666667,1.66666666667,7.2408615401e-19,4.40744863928e-37
135,0.166666666667,1.66666666667,7.03565080984e-19,4.15077881207e-37
135.1,0.166666666667,1.66666666667,6.83625588527e-19,3.90905627196e-37
135.2,0.166666666667,1.66666666667,6.64251194268e-19,3.68141055672e-37
135.3,0.166666666667,1.66666666667,6.45425882957e-19,3.46702189589e-37
135.4,0.166666666667,1.66666666667,6.27134093224e-19,3.26511825871e-37
135.5,0.166666666667,1.66666666667,6.09360704721e-19,3.07497257401e-37
135.6,0.166666666667,1.66666666667,5.9209102562e-19,2.89590011195e-37
135.7,0.166666666667,1.66666666667,5.75310780469e-19,2.72725601824e-37
135.8,0.166666666667,1.66666666667,5.59006098389e-19,2.56843299198e-37
135.9,0.166666666667,1.66666666667,5.43163501616e-19,2.41885909874e-37
136,0.166666666667,1.66666666667,5.27769894349e-19,2.27799571093e-37
136.1,0.166666666667,1.66666666667,5.12812551934e-19,2.14533556821e-37
136.2,0.166666666667,1.66666666667,4.98279110342e-19,2.02040095078e-37
136.3,0.166666666667,1.66666666667,4.84157555946e-19,1.90274195907e-37
136.4,0.166666666667,1.66666666667,4.70436215596e-19,1.79193489361e-37
136.5,0.166666666667,1.66666666667,4.57103746965e-19,1.6875807293e-37
136.6,0.166666666667,1.66666666667,4.44149129175e-19,1.58930367841e-37
136.7,0.166666666667,1.66666666667,4.31561653687e-19,1.49674983743e-37
136.8,0.166666666667,1.66666666667,4.1933091545e-19,1.40958591254e-37
136.9,0.166666666667,1.66666666667,4.07446804297e-19,1.32749801947e-37
137,0.166666666667,1.66666666667,3.95899496592e-19,1.25019055314e-37
137.1,0.166666666667,1.66666666667,3.84679447105e-19,1.17738512317e-37
137.2,0.166666666667,1.66666666667,3.73777381126e-19,1.10881955137e-37
137.3,0.166666666667,1.66666666667,3.63184286794e-19,1.04424692763e-37
137.4,0.166666666667,1.66666666667,3.52891407652e-19,9.83434720744e-38
137.5,0.166666666667,1.66666666667,3.42890235406e-19,9.26163941093e-38
137.6,0.166666666667,1.66666666667,3.33172502894e-19,8.72228352007e-38
137.7,0.166666666667,1.66666666667,3.23730177247e-19,8.21433727107e-38
137.8,0.166666666667,1.66666666667,3.14555453257e-19,7.7359715088e-38
137.9,0.166666666667,1.66666666667,3.05640746918e-19,7.28546359981e-38
138,0.166666666667,1.66666666667,2.9697868916e-19,6.86119122902e-38
138.1,0.166666666667,1.66666666667,2.88562119759e-19,6.46162655764e-38
138.2,0.166666666667,1.66666666667,2.80384081414e-19,6.08533072125e-38
138.3,0.166666666667,1.66666666667,2.72437814001e-19,5.73094864841e-38
138.4,0.166666666667,1.66666666667,2.64716748979e-19,5.39720418087e-38
138.5,0.166666666667,1.66666666667,2.57214503967e-19,5.08289547806e-38
138.6,0.166666666667,1.66666666667,2.49924877463e-19,4.78689068915e-38
138.7,0.166666666667,1.66666666667,2.4284184372e-19,4.50812387719e-38
138.8,0.166666666667,1.66666666667,2.35959547765e-19,4.24559118055e-38
138.9,0.166666666667,1.66666666667,2.29272300558e-19,3.99834719794e-38
139,0.166666666667,1.66666666667,2.22774574291e-19,3.76550158398e-38
139.1,0.166666666667,1.66666666667,2.16460997816e-19,3.54621584295e-38
139.2,0.166666666667,1.66666666667,2.10326352209e-19,3.33970030933e-38
139.3,0.166666666667,1.66666666667,2.04365566453e-19,3.14521130413e-38
139.4,0.166666666667,1.66666666667,1.98573713246e-19,2.96204845686e-38
139.5,0.166666666667,1.66666666667,1.9294600493e-19,2.78955218343e-38
139.6,0.166666666667,1.66666666667,1.87477789531e-19,2.62710131094e-38
139.7,0.166666666667,1.66666666667,1.82164546917e-19,2.47411084077e-38
139.8,0.166666666667,1.66666666667,1.77001885057e-19,2.330029842e-38
139.9,0.166666666667,1.66666666667,1.71985536396e-19,2.19433946739e-38
140,0.166666666667,1.66666666667,1.67111354322e-19,2.06655108503e-38
140.1,0.166666666667,1.66666666667,1.62375309742e-19,1.94620451872e-38
140.2,0.166666666667,1.66666666667,1.57773487748e-19,1.83286639084e-38
140.3,0.166666666667,1.66666666667,1.53302084385e-19,1.72612856169e-38
140.4,0.166666666667,1.66666666667,1.48957403505e-19,1.62560665981e-38
140.5,0.166666666667,1.66666666667,1.4473585371e-19,1.53093869777e-38
140.6,0.166666666667,1.66666666667,1.40633945385e-19,1.44178376865e-38
140.7,0.166666666667,1.66666666667,1.36648287811e-19,1.35782081841e-38
140.8,0.166666666667,1.66666666667,1.32775586369e-19,1.27874748974e-38
140.9,0.166666666667,1.66666666667,1.29012639807e-19,1.20427903325e-38
141,0.166666666667,1.66666666667,1.253563376e-19,1.13414728206e-38
141.1,0.166666666667,1.66666666667,1.21803657378e-19,1.0680996861e-38
141.2,0.166666666667,1.66666666667,1.18351662427e-19,1.0058984027e-38
141.3,0.166666666667,1.66666666667,1.1499749926e-19,9.47319440056e-39
141.4,0.166666666667,1.66666666667,1.11738395261e-19,8.9215185062e-39
141.5,0.166666666667,1.66666666667,1.08571656391e-19,8.40196971486e-39
141.6,0.166666666667,1.66666666667,1.05494664962e-19,7.91267708971e-39
141.7,0.166666666667,1.66666666667,1.02504877474e-19,7.4518786488e-39
141.8,0.166666666667,1.66666666667,9.95998225098e-20,7.01791502002e-39
141.9,0.166666666667,1.66666666667,9.67770986946e-20,6.60922346556e-39
142,0.166666666667,1.66666666667,9.40343727101e-20,6.2243322544e-39
142.1,0.166666666667,1.66666666667,9.13693773657e-20,5.86185536245e-39
142.2,0.166666666667,1.66666666667,8.87799097244e-20,5.52048748136e-39
142.3,0.166666666667,1.66666666667,8.62638292819e-20,5.19899931804e-39
142.4,0.166666666667,1.66666666667,8.38190561973e-20,4.89623316786e-39
142.5,0.166666666667,1.66666666667,8.14435695736e-20,4.61109874566e-39
142.6,0.166666666667,1.66666666667,7.91354057874e-20,4.34256925952e-39
142.7,0.166666666667,1.66666666667,7.68926568657e-20,4.08967771325e-39
142.8,0.166666666667,1.66666666667,7.47134689085e-20,3.85151342413e-39
142.9,0.166666666667,1.66666666667,7.25960405569e-20,3.62721874347e-39
143,0.166666666667,1.66666666667,7.05386215032e-20,3.41598596815e-39
143.1,0.166666666667,1.66666666667,6.85395110451e-20,3.21705443203e-39
143.2,0.166666666667,1.66666666667,6.65970566789e-20,3.0297077667e-39
143.3,0.166666666667,1.66666666667,6.47096527341e-20,2.8532713218e-39
143.4,0.166666666667,1.66666666667,6.28757390459e-20,2.68710973557e-39
143.5,0.166666666667,1.66666666667,6.10937996655e-20,2.53062464681e-39
143.6,0.166666666667,1.66666666667,5.93623616074e-20,2.38325254018e-39
143.7,0.166666666667,1.66666666667,5.76799936311e-20,2.24446271692e-39
143.8,0.166666666667,1.66666666667,5.60453050586e-20,2.11375538375e-39
143.9,0.166666666667,1.66666666667,5.44569446245e-20,1.99065985309e-39
144,0.166666666667,1.66666666667,5.29135993592e-20,1.87473284807e-39
144.1,0.166666666667,1.66666666667,5.14139935035e-20,1.76555690626e-39
144.2,0.166666666667,1.66666666667,4.99568874542e-20,1.66273887634e-39
144.3,0.166666666667,1.66666666667,4.85410767389e-20,1.56590850235e-39
144.4,0.166666666667,1.66666666667,4.71653910211e-20,1.47471709035e-39
144.5,0.166666666667,1.66666666667,4.58286931321e-20,1.38883625276e-39
144.6,0.166666666667,1.66666666667,4.45298781316e-20,1.30795672581e-39
144.7,0.166666666667,1.66666666667,4.32678723938e-20,1.23178725583e-39
144.8,0.166666666667,1.66666666667,4.20416327203e-20,1.16005355046e-39
144.9,0.166666666667,1.66666666667,4.08501454775e-20,1.09249729089e-39
145,0.166666666667,1.66666666667,3.96924257588e-20,1.02887520159e-39
145.1,0.166666666667,1.66666666667,3.85675165707e-20,9.68958174347e-40
145.2,0.166666666667,1.66666666667,3.74744880414e-20,9.12530443127e-40
145.3,0.166666666667,1.66666666667,3.64124366523e-20,8.59388807154e-40
145.4,0.166666666667,1.66666666667,3.53804844909e-20,8.09341899137e-40
145.5,0.166666666667,1.66666666667,3.43777785257e-20,7.62209496152e-40
145.6,0.166666666667,1.66666666667,3.34034899004e-20,7.17821870637e-40
145.7,0.166666666667,1.66666666667,3.2456813249e-20,6.76019179198e-40
145.8,0.166666666667,1.66666666667,3.15369660303e-20,6.36650886991e-40
145.9,0.166666666667,1.66666666667,3.06431878806e-20,5.99575225644e-40
146,0.166666666667,1.66666666667,2.97747399855e-20,5.64658682728e-40
146.1,0.166666666667,1.66666666667,2.89309044693e-20,5.31775520974e-40
146.2,0.166666666667,1.66666666667,2.81109838009e-20,5.00807325482e-40
146.3,0.166666666667,1.66666666667,2.73143002181e-20,4.71642577298e-40
146.4,0.166666666667,1.66666666667,2.65401951667e-20,4.44176251828e-40
146.5,0.166666666667,1.66666666667,2.57880287565e-20,4.18309440632e-40
146.6,0.166666666667,1.66666666667,2.5057179232e-20,3.93948995251e-40
146.7,0.166666666667,1.66666666667,2.43470424589e-20,3.71007191769e-40
146.8,0.166666666667,1.66666666667,2.36570314243e-20,3.49401414913e-40
146.9,0.166666666667,1.66666666667,2.29865757516e-20,3.29053860549e-40
147,0.166666666667,1.66666666667,2.23351212293e-20,3.09891255504e-40
147.1,0.166666666667,1.66666666667,2.17021293522e-20,2.91844593702e-40
147.2,0.166666666667,1.66666666667,2.1087076877e-20,2.74848887667e-40
147.3,0.166666666667,1.66666666667,2.04894553894e-20,2.588429345e-40
147.4,0.166666666667,1.66666666667,1.99087708838e-20,2.43769095481e-40
147.5,0.166666666667,1.66666666667,1.93445433552e-20,2.29573088508e-40
147.6,0.166666666667,1.66666666667,1.87963064021e-20,2.16203792623e-40
147.7,0.166666666667,1.66666666667,1.82636068412e-20,2.03613063919e-40
147.8,0.166666666667,1.66666666667,1.77460043326e-20,1.91755562173e-40
147.9,0.166666666667,1.66666666667,1.72430710162e-20,1.80588587572e-40
148,0.166666666667,1.66666666667,1.67543911573e-20,1.70071926946e-40
148.1,0.166666666667,1.66666666667,1.62795608039e-20,1.60167708956e-40
148.2,0.166666666667,1.66666666667,1.58181874517e-20,1.5084026772e-40
148.3,0.166666666667,1.66666666667,1.53698897208e-20,1.42056014375e-40
148.4,0.166666666667,1.66666666667,1.49342970394e-20,1.33783316121e-40
148.5,0.166666666667,1.66666666667,1.45110493382e-20,1.25992382308e-40
148.6,0.166666666667,1.66666666667,1.40997967524e-20,1.1865515716e-40
148.7,0.166666666667,1.66666666667,1.37001993327e-20,1.1174521874e-40
148.8,0.166666666667,1.66666666667,1.3311926764e-20,1.05237683807e-40
148.9,0.166666666667,1.66666666667,1.29346580927e-20,9.91091182061e-41
149,0.166666666667,1.66666666667,1.25680814611e-20,9.33374524814e-41
149.1,0.166666666667,1.66666666667,1.22118938499e-20,8.79019024021e-41
149.2,0.166666666667,1.66666666667,1.18658008276e-20,8.27828941169e-41
149.3,0.166666666667,1.66666666667,1.15295163068e-20,7.79619936668e-41
149.4,0.166666666667,1.66666666667,1.12027623083e-20,7.3421840603e-41
149.5,0.166666666667,1.66666666667,1.08852687308e-20,6.91460854704e-41
149.6,0.166666666667,1.66666666667,1.05767731281e-20,6.51193309323e-41
149.7,0.166666666667,1.66666666667,1.02770204915e-20,6.13270763228e-41
149.8,0.166666666667,1.66666666667,9.98576303984e-21,5.77556654293e-41
149.9,0.166666666667,1.66666666667,9.70276001398e-21,5.43922373149e-41
150,0.166666666667,1.66666666667,9.42777747813e-21,5.12246800055e-41
150.1,0.166666666667,1.66666666667,9.16058812637e-21,4.82415868734e-41
150.2,0.166666666667,1.66666666667,8.90097109479e-21,4.54322155612e-41
150.3,0.166666666667,1.66666666667,8.64871177892e-21,4.27864492977e-41
150.4,0.166666666667,1.66666666667,8.40360165629e-21,4.02947604666e-41
150.5,0.166666666667,1.66666666667,8.16543811412e-21,3.79481762968e-41
150.6,0.166666666667,1.66666666667,7.93402428179e-21,3.57382465505e-41
150.7,0.166666666667,1.66666666667,7.70916886814e-21,3.36570130938e-41
150.8,0.166666666667,1.66666666667,7.4906860033e-21,3.16969812381e-41
150.9,0.166666666667,1.66666666667,7.27839508509e-21,2.98510927518e-41
151,0.166666666667,1.66666666667,7.07212062972e-21,2.81127004424e-41
151.1,0.166666666667,1.66666666667,6.87169212672e-21,2.64755442199e-41
151.2,0.166666666667,1.66666666667,6.67694389798e-21,2.49337285537e-41
151.3,0.166666666667,1.66666666667,6.48771496083e-21,2.34817012419e-41
151.4,0.166666666667,1.66666666667,6.30384889496e-21,2.21142334179e-41
151.5,0.166666666667,1.66666666667,6.12519371311e-21,2.08264007204e-41
151.6,0.166666666667,1.66666666667,5.95160173542e-21,1.96135655607e-41
151.7,0.166666666667,1.66666666667,5.7829294674e-21,1.84713604222e-41
151.8,0.166666666667,1.66666666667,5.61903748127e-21,1.73956721327e-41
151.9,0.166666666667,1.66666666667,5.45979030074e-21,1.63826270524e-41
152,0.166666666667,1.66666666667,5.30505628897e-21,1.54285771249e-41
152.1,0.166666666667,1.66666666667,5.15470753984e-21,1.45300867399e-41
152.2,0.166666666667,1.66666666667,5.00861977215e-21,1.36839203616e-41
152.3,0.166666666667,1.66666666667,4.86667222691e-21,1.28870308769e-41
152.4,0.166666666667,1.66666666667,4.72874756751e-21,1.21365486231e-41
152.5,0.166666666667,1.66666666667,4.59473178276e-21,1.14297710534e-41
152.6,0.166666666667,1.66666666667,4.4645140926e-21,1.0764153005e-41
152.7,0.166666666667,1.66666666667,4.33798685656e-21,1.01372975342e-41
152.8,0.166666666667,1.66666666667,4.21504548476e-21,9.54694728414e-42
152.9,0.166666666667,1.66666666667,4.09558835148e-21,8.99097635621e-42
153,0.166666666667,1.66666666667,3.97951671114e-21,8.46738265458e-42
153.1,0.166666666667,1.66666666667,3.86673461665e-21,7.97428067637e-42
153.2,0.166666666667,1.66666666667,3.75714884014e-21,7.50989472186e-42
153.3,0.166666666667,1.66666666667,3.65066879589e-21,7.0725525e-42
153.4,0.166666666667,1.66666666667,3.54720646542e-21,6.66067910642e-42
153.5,0.166666666667,1.66666666667,3.44667632475e-21,6.27279135202e-42
153.6,0.166666666667,1.66666666667,3.34899527372e-21,5.90749242191e-42
153.7,0.166666666667,1.66666666667,3.25408256728e-21,5.56346684537e-42
153.8,0.166666666667,1.66666666667,3.16185974872e-21,5.23947575875e-42
153.9,0.166666666667,1.66666666667,3.07225058489e-21,4.93435244417e-42
154,0.166666666667,1.66666666667,2.9851810031e-21,4.64699812812e-42
154.1,0.166666666667,1.66666666667,2.90057902995e-21,4.3763780247e-42
154.2,0.166666666667,1.66666666667,2.81837473179e-21,4.12151760922e-42
154.3,0.166666666667,1.66666666667,2.73850015697e-21,3.88149910891e-42
154.4,0.166666666667,1.66666666667,2.6608892796e-21,3.65545819792e-42
154.5,0.166666666667,1.66666666667,2.58547794502e-21,3.4425808848e-42
154.6,0.166666666667,1.66666666667,2.51220381676e-21,3.2421005813e-42
154.7,0.166666666667,1.66666666667,2.44100632501e-21,3.05329534178e-42
154.8,0.166666666667,1.66666666667,2.37182661652e-21,2.87548526345e-42
154.9,0.166666666667,1.66666666667,2.30460750601e-21,2.70803003796e-42
155,0.166666666667,1.66666666667,2.23929342886e-21,2.55032664564e-42
155.1,0.166666666667,1.66666666667,2.17583039517e-21,2.40180718392e-42
155.2,0.166666666667,1.66666666667,2.11416594518e-21,2.26193682232e-42
155.3,0.166666666667,1.66666666667,2.05424910585e-21,2.13021187647e-42
155.4,0.166666666667,1.66666666667,1.99603034876e-21,2.00615799428e-42
155.5,0.166666666667,1.66666666667,1.93946154914e-21,1.88932844778e-42
155.6,0.166666666667,1.66666666667,1.88449594614e-21,1.77930252442e-42
155.7,0.166666666667,1.66666666667,1.83108810411e-21,1.67568401201e-42
155.8,0.166666666667,1.66666666667,1.77919387509e-21,1.57809977201e-42
155.9,0.166666666667,1.66666666667,1.72877036231e-21,1.48619839574e-42
156,0.166666666667,1.66666666667,1.67977588472e-21,1.39964893898e-42
156.1,0.166666666667,1.66666666667,1.63216994251e-21,1.3181397302e-42
156.2,0.166666666667,1.66666666667,1.5859131837e-21,1.24137724821e-42
156.3,0.166666666667,1.66666666667,1.54096737156e-21,1.16908506516e-42
156.4,0.166666666667,1.66666666667,1.49729535299e-21,1.10100285111e-42
156.5,0.166666666667,1.66666666667,1.45486102786e-21,1.03688543655e-42
156.6,0.166666666667,1.66666666667,1.41362931913e-21,9.76501929538e-43
156.7,0.166666666667,1.66666666667,1.37356614387e-21,9.19634884216e-43
156.8,0.166666666667,1.66666666667,1.33463838508e-21,8.66079517802e-43
156.9,0.166666666667,1.66666666667,1.29681386432e-21,8.1564297313e-43
157,0.166666666667,1.66666666667,1.26006131511e-21,7.68143624162e-43
157.1,0.166666666667,1.66666666667,1.22435035706e-21,7.23410421935e-43
157.2,0.166666666667,1.66666666667,1.18965147082e-21,6.81282278604e-43
157.3,0.166666666667,1.66666666667,1.15593597361e-21,6.41607487349e-43
157.4,0.166666666667,1.66666666667,1.12317599553e-21,6.04243176068e-43
157.5,0.166666666667,1.66666666667,1.09134445657e-21,5.69054792881e-43
157.6,0.166666666667,1.66666666667,1.06041504414e-21,5.35915621602e-43
157.7,0.166666666667,1.66666666667,1.0303621914e-21,5.04706325419e-43
157.8,0.166666666667,1.66666666667,1.00116105607e-21,4.75314517155e-43
157.9,0.166666666667,1.66666666667,9.72787499923e-22,4.47634354555e-43
158,0.166666666667,1.66666666667,9.45218068834e-22,4.21566159134e-43
158.1,0.166666666667,1.66666666667,9.18429973372e-22,3.97016057232e-43
158.2,0.166666666667,1.66666666667,8.92401069975e-22,3.73895641965e-43
158.3,0.166666666667,1.66666666667,8.67109842647e-22,3.52121654864e-43
158.4,0.166666666667,1.66666666667,8.42535385168e-22,3.31615686059e-43
158.5,0.166666666667,1.66666666667,8.18657383813e-22,3.1230389191e-43
158.6,0.166666666667,1.66666666667,7.95456100562e-22,2.94116729102e-43
158.7,0.166666666667,1.66666666667,7.72912356784e-22,2.76988704202e-43
158.8,0.166666666667,1.66666666667,7.51007517382e-22,2.60858137821e-43
158.9,0.166666666667,1.66666666667,7.2972347539e-22,2.45666942497e-43
159,0.166666666667,1.66666666667,7.09042637005e-22,2.31360413518e-43
159.1,0.166666666667,1.66666666667,6.88947907045e-22,2.17887031927e-43
159.2,0.166666666667,1.66666666667,6.69422674814e-22,2.05198278996e-43
159.3,0.166666666667,1.66666666667,6.50450800377e-22,1.93248461512e-43
159.4,0.166666666667,1.66666666667,6.32016601213e-22,1.81994547221e-43
159.5,0.166666666667,1.66666666667,6.14104839255e-22,1.71396009879e-43
159.6,0.166666666667,1.66666666667,5.96700708293e-22,1.61414683302e-43
159.7,0.166666666667,1.66666666667,5.79789821733e-22,1.52014623934e-43
159.8,0.166666666667,1.66666666667,5.63358200708e-22,1.43161981407e-43
159.9,0.166666666667,1.66666666667,5.47392262521e-22,1.34824876647e-43
160,0.166666666667,1.66666666667,5.31878809418e-22,1.26973287071e-43
160.1,0.166666666667,1.66666666667,5.16805017675e-22,1.19578938476e-43
160.2,0.166666666667,1.66666666667,5.02158427004e-22,1.1261520322e-43
160.3,0.166666666667,1.66666666667,4.87926930248e-22,1.06057004335e-43
160.4,0.166666666667,1.66666666667,4.74098763376e-22,9.98807252214e-44
160.5,0.166666666667,1.66666666667,4.60662495756e-22,9.40641246023e-44
160.6,0.166666666667,1.66666666667,4.47607020709e-22,8.85862564331e-44
160.7,0.166666666667,1.66666666667,4.34921546324e-22,8.34273944718e-44
160.8,0.166666666667,1.66666666667,4.22595586542e-22,7.85689612429e-44
160.9,0.166666666667,1.66666666667,4.10618952485e-22,7.39934611392e-44
161,0.166666666667,1.66666666667,3.98981744035e-22,6.96844174181e-44
161.1,0.166666666667,1.66666666667,3.87674341649e-22,6.56263128679e-44
161.2,0.166666666667,1.66666666667,3.76687398408e-22,6.18045339289e-44
161.3,0.166666666667,1.66666666667,3.66011832292e-22,5.8205318069e-44
161.4,0.166666666667,1.66666666667,3.5563881867e-22,5.48157042234e-44
161.5,0.166666666667,1.66666666667,3.45559783007e-22,5.16234861211e-44
161.6,0.166666666667,1.66666666667,3.35766393777e-22,4.86171683288e-44
161.7,0.166666666667,1.66666666667,3.26250555574e-22,4.57859248554e-44
161.8,0.166666666667,1.66666666667,3.17004402421e-22,4.31195601662e-44
161.9,0.166666666667,1.66666666667,3.08020291268e-22,4.06084724683e-44
162,0.166666666667,1.66666666667,2.99290795675e-22,3.82436191337e-44
162.1,0.166666666667,1.66666666667,2.9080869967e-22,3.60164841361e-44
162.2,0.166666666667,1.66666666667,2.82566991788e-22,3.39190473838e-44
162.3,0.166666666667,1.66666666667,2.74558859273e-22,3.1943755839e-44
162.4,0.166666666667,1.66666666667,2.66777682447e-22,3.00834963187e-44
162.5,0.166666666667,1.66666666667,2.59217029239e-22,2.83315698792e-44
162.6,0.166666666667,1.66666666667,2.51870649865e-22,2.6681667693e-44
162.7,0.166666666667,1.66666666667,2.44732471665e-22,2.51278483301e-44
162.8,0.166666666667,1.66666666667,2.37796594083e-22,2.36645163626e-44
162.9,0.166666666667,1.66666666667,2.31057283788e-22,2.22864022148e-44
163,0.166666666667,1.66666666667,2.24508969934e-22,2.09885431871e-44
163.1,0.166666666667,1.66666666667,2.18146239557e-22,1.97662655852e-44
163.2,0.166666666667,1.66666666667,2.11963833102e-22,1.86151678896e-44
163.3,0.166666666667,1.66666666667,2.05956640071e-22,1.75311049051e-44
163.4,0.166666666667,1.66666666667,2.00119694802e-22,1.65101728342e-44
163.5,0.166666666667,1.66666666667,1.94448172362e-22,1.55486952186e-44
163.6,0.166666666667,1.66666666667,1.8893738456e-22,1.46432097004e-44
163.7,0.166666666667,1.66666666667,1.83582776073e-22,1.37904555537e-44
163.8,0.166666666667,1.66666666667,1.78379920676e-22,1.29873619424e-44
163.9,0.166666666667,1.66666666667,1.73324517588e-22,1.22310368622e-44
164,0.166666666667,1.66666666667,1.68412387915e-22,1.15187567258e-44
164.1,0.166666666667,1.66666666667,1.63639471196e-22,1.08479565554e-44
164.2,0.166666666667,1.66666666667,1.59001822043e-22,1.02162207457e-44
164.3,0.166666666667,1.66666666667,1.54495606887e-22,9.62127436557e-45
164.4,0.166666666667,1.66666666667,1.50117100802e-22,9.06097496539e-45
164.5,0.166666666667,1.66666666667,1.4586268443e-22,8.5333048621e-45
164.6,0.166666666667,1.66666666667,1.41728840989e-22,8.03636387339e-45
164.7,0.166666666667,1.66666666667,1.37712153361e-22,7.56836247494e-45
164.8,0.166666666667,1.66666666667,1.33809301277e-22,7.12761535622e-45
164.9,0.166666666667,1.66666666667,1.30017058561e-22,6.71253535152e-45
165,0.166666666667,1.66666666667,1.26332290472e-22,6.3216277245e-45
165.1,0.166666666667,1.66666666667,1.22751951111e-22,5.95348478546e-45
165.2,0.166666666667,1.66666666667,1.19273080898e-22,5.60678082218e-45
165.3,0.166666666667,1.66666666667,1.15892804131e-22,5.28026732591e-45
165.4,0.166666666667,1.66666666667,1.12608326609e-22,4.97276849539e-45
165.5,0.166666666667,1.66666666667,1.09416933319e-22,4.68317700269e-45
165.6,0.166666666667,1.66666666667,1.06315986192e-22,4.41045000563e-45
165.7,0.166666666667,1.66666666667,1.03302921925e-22,4.15360539245e-45
165.8,0.166666666667,1.66666666667,1.00375249862e-22,3.91171824512e-45
165.9,0.166666666667,1.66666666667,9.75305499304e-23,3.68391750863e-45
166,0.166666666667,1.66666666667,9.47664706473e-23,3.46938285428e-45
166.1,0.166666666667,1.66666666667,9.20807271707e-23,3.26734172559e-45
166.2,0.166666666667,1.66666666667,8.94710994128e-23,3.07706655626e-45
166.3,0.166666666667,1.66666666667,8.69354302046e-23,2.89787215017e-45
166.4,0.166666666667,1.66666666667,8.44716235126e-23,2.72911321389e-45
166.5,0.166666666667,1.66666666667,8.20776427063e-23,2.57018203298e-45
166.6,0.166666666667,1.66666666667,7.97515088747e-23,2.42050628352e-45
166.7,0.166666666667,1.66666666667,7.74912991904e-23,2.27954697114e-45
166.8,0.166666666667,1.66666666667,7.529514532e-23,2.14679649006e-45
166.9,0.166666666667,1.66666666667,7.31612318801e-23,2.02177679516e-45
167,0.166666666667,1.66666666667,7.10877949364e-23,1.90403768051e-45
167.1,0.166666666667,1.66666666667,6.90731205456e-23,1.79315515811e-45
167.2,0.166666666667,1.66666666667,6.71155433388e-23,1.68872993112e-45
167.3,0.166666666667,1.66666666667,6.52134451444e-23,1.59038595594e-45
167.4,0.166666666667,1.66666666667,6.33652536513e-23,1.49776908801e-45
167.5,0.166666666667,1.66666666667,6.15694411084e-23,1.41054580659e-45
167.6,0.166666666667,1.66666666667,5.98245230621e-23,1.32840201364e-45
167.7,0.166666666667,1.66666666667,5.81290571293e-23,1.25104190279e-45
167.8,0.166666666667,1.66666666667,5.64816418049e-23,1.17818689408e-45
167.9,0.166666666667,1.66666666667,5.48809153033e-23,1.10957463078e-45
168,0.166666666667,1.66666666667,5.33255544329e-23,1.04495803463e-45
168.1,0.166666666667,1.66666666667,5.18142735023e-23,9.84104416099e-46
168.2,0.166666666667,1.66666666667,5.03458232571e-23,9.26794636427e-46
168.3,0.166666666667,1.66666666667,4.8918989848e-23,8.72822318503e-46
168.4,0.166666666667,1.66666666667,4.75325938266e-23,8.21993103688e-46
168.5,0.166666666667,1.66666666667,4.61854891711e-23,7.74123951904e-46
168.6,0.166666666667,1.66666666667,4.48765623385e-23,7.29042482502e-46
168.7,0.166666666667,1.66666666667,4.36047313446e-23,6.86586353497e-46
168.8,0.166666666667,1.66666666667,4.23689448691e-23,6.46602676967e-46
168.9,0.166666666667,1.66666666667,4.11681813869e-23,6.08947468489e-46
169,0.166666666667,1.66666666667,4.00014483235e-23,5.73485128639e-46
169.1,0.166666666667,1.66666666667,3.88677812347e-23,5.4008795469e-46
169.2,0.166666666667,1.66666666667,3.77662430094e-23,5.08635680744e-46
169.3,0.166666666667,1.66666666667,3.66959230945e-23,4.7901504464e-46
169.4,0.166666666667,1.66666666667,3.56559367428e-23,4.51119380096e-46
169.5,0.166666666667,1.66666666667,3.46454242814e-23,4.24848232587e-46
169.6,0.166666666667,1.66666666667,3.36635504011e-23,4.00106997607e-46
169.7,0.166666666667,1.66666666667,3.27095034658e-23,3.76806579985e-46
169.8,0.166666666667,1.66666666667,3.17824948418e-23,3.54863073051e-46
169.9,0.166666666667,1.66666666667,3.08817582457e-23,3.34197456479e-46
170,0.166666666667,1.66666666667,3.00065491112e-23,3.14735311726e-46
170.1,0.166666666667,1.66666666667,2.91561439734e-23,2.9640655405e-46
170.2,0.166666666667,1.66666666667,2.83298398709e-23,2.79145180127e-46
170.3,0.166666666667,1.66666666667,2.75269537646e-23,2.62889030364e-46
170.4,0.166666666667,1.66666666667,2.67468219732e-23,2.47579565066e-46
170.5,0.166666666667,1.66666666667,2.59887996248e-23,2.33161653619e-46
170.6,0.166666666667,1.66666666667,2.52522601232e-23,2.19583375971e-46
170.7,0.166666666667,1.66666666667,2.45365946306e-23,2.06795835654e-46
170.8,0.166666666667,1.66666666667,2.38412115641e-23,1.94752983712e-46
170.9,0.166666666667,1.66666666667,2.31655361063e-23,1.8341145287e-46
171,0.166666666667,1.66666666667,2.2509009731e-23,1.72730401366e-46
171.1,0.166666666667,1.66666666667,2.18710897405e-23,1.62671365878e-46
171.2,0.166666666667,1.66666666667,2.12512488179e-23,1.53198123014e-46
171.3,0.166666666667,1.66666666667,2.06489745906e-23,1.44276558866e-46
171.4,0.166666666667,1.66666666667,2.0063769207e-23,1.35874546168e-46
171.5,0.166666666667,1.66666666667,1.9495148925e-23,1.27961828598e-46
171.6,0.166666666667,1.66666666667,1.8942643712e-23,1.20509911826e-46
171.7,0.166666666667,1.66666666667,1.84057968565e-23,1.13491960903e-46
171.8,0.166666666667,1.66666666667,1.78841645903e-23,1.06882703626e-46
171.9,0.166666666667,1.66666666667,1.73773157222e-23,1.00658339528e-46
172,0.166666666667,1.66666666667,1.6884831281e-23,9.47964541775e-47
172.1,0.166666666667,1.66666666667,1.64063041695e-23,8.92759384539e-47
172.2,0.166666666667,1.66666666667,1.59413388279e-23,8.40769125384e-47
172.3,0.166666666667,1.66666666667,1.54895509068e-23,7.9180654322e-47
172.4,0.166666666667,1.66666666667,1.50505669495e-23,7.45695319865e-47
172.5,0.166666666667,1.66666666667,1.46240240833e-23,7.02269405109e-47
172.6,0.166666666667,1.66666666667,1.42095697197e-23,6.61372418754e-47
172.7,0.166666666667,1.66666666667,1.38068612626e-23,6.22857087473e-47
172.8,0.166666666667,1.66666666667,1.34155658254e-23,5.86584714474e-47
172.9,0.166666666667,1.66666666667,1.30353599556e-23,5.52424680035e-47
173,0.166666666667,1.66666666667,1.26659293676e-23,5.20253971134e-47
173.1,0.166666666667,1.66666666667,1.23069686831e-23,4.89956738471e-47
173.2,0.166666666667,1.66666666667,1.19581811781e-23,4.61423879282e-47
173.3,0.166666666667,1.66666666667,1.1619278538e-23,4.34552644457e-47
173.4,0.166666666667,1.66666666667,1.12899806194e-23,4.09246268525e-47
173.5,0.166666666667,1.66666666667,1.09700152182e-23,3.85413621199e-47
173.6,0.166666666667,1.66666666667,1.06591178448e-23,3.62968879206e-47
173.7,0.166666666667,1.66666666667,1.03570315054e-23,3.41831217231e-47
173.8,0.166666666667,1.66666666667,1.00635064895e-23,3.21924516861e-47
173.9,0.166666666667,1.66666666667,9.77830016369e-24,3.03177092471e-47
174,0.166666666667,1.66666666667,9.50117677081e-24,2.85521433084e-47
174.1,0.166666666667,1.66666666667,9.2319072353e-24,2.68893959257e-47
174.2,0.166666666667,1.66666666667,8.97026897375e-24,2.53234794124e-47
174.3,0.166666666667,1.66666666667,8.71604571087e-24,2.38487547775e-47
174.4,0.166666666667,1.66666666667,8.46902730077e-24,2.24599114196e-47
174.5,0.166666666667,1.66666666667,8.22900955324e-24,2.11519480025e-47
174.6,0.166666666667,1.66666666667,7.99579406494e-24,1.9920154445e-47
174.7,0.166666666667,1.66666666667,7.76918805541e-24,1.87600949598e-47
174.8,0.166666666667,1.66666666667,7.54900420773e-24,1.76675920798e-47
174.9,0.166666666667,1.66666666667,7.33506051364e-24,1.66387116146e-47
175,0.166666666667,1.66666666667,7.12718012314e-24,1.56697484832e-47
175.1,0.166666666667,1.66666666667,6.92519119824e-24,1.47572133717e-47
175.2,0.166666666667,1.66666666667,6.72892677098e-24,1.3897820168e-47
175.3,0.166666666667,1.66666666667,6.53822460537e-24,1.30884741283e-47
175.4,0.166666666667,1.66666666667,6.35292706329e-24,1.23262607328e-47
175.5,0.166666666667,1.66666666667,6.17288097419e-24,1.16084351899e-47
175.6,0.166666666667,1.66666666667,5.99793750848e-24,1.09324125523e-47
175.7,0.166666666667,1.66666666667,5.82795205449e-24,1.02957584082e-47
175.8,0.166666666667,1.66666666667,5.66278409893e-24,9.69618011523e-48
175.9,0.166666666667,1.66666666667,5.50229711076e-24,9.13151854377e-48
176,0.166666666667,1.66666666667,5.34635842833e-24,8.5997403023e-48
176.1,0.166666666667,1.66666666667,5.19483914968e-24,8.09893041474e-48
176.2,0.166666666667,1.66666666667,5.04761402604e-24,7.62728542458e-48
176.3,0.166666666667,1.66666666667,4.90456135825e-24,7.1831069004e-48
176.4,0.166666666667,1.66666666667,4.7655628962e-24,6.76479531974e-48
176.5,0.166666666667,1.66666666667,4.63050374107e-24,6.37084430909e-48
176.6,0.166666666667,1.66666666667,4.49927225032e-24,5.9998352193e-48
176.7,0.166666666667,1.66666666667,4.37175994546e-24,5.65043201689e-48
176.8,0.166666666667,1.66666666667,4.24786142234e-24,5.32137647294e-48
176.9,0.166666666667,1.66666666667,4.12747426402e-24,5.01148363206e-48
177,0.166666666667,1.66666666667,4.01049895616e-24,4.71963754532e-48
177.1,0.166666666667,1.66666666667,3.89683880467e-24,4.44478725156e-48
177.2,0.166666666667,1.66666666667,3.78639985588e-24,4.18594299285e-48
177.3,0.166666666667,1.66666666667,3.6790908188e-24,3.94217265027e-48
177.4,0.166666666667,1.66666666667,3.57482298969e-24,3.71259838729e-48
177.5,0.166666666667,1.66666666667,3.47351017875e-24,3.4963934886e-48
177.6,0.166666666667,1.66666666667,3.37506863882e-24,3.29277938302e-48
177.7,0.166666666667,1.66666666667,3.27941699623e-24,3.10102283985e-48
177.8,0.166666666667,1.66666666667,3.18647618347e-24,2.9204333284e-48
177.9,0.166666666667,1.66666666667,3.09616937385e-24,2.75036053139e-48
178,0.166666666667,1.66666666667,3.00842191801e-24,2.59019200303e-48
178.1,0.166666666667,1.66666666667,2.9231612822e-24,2.43935096363e-48
178.2,0.166666666667,1.66666666667,2.84031698831e-24,2.29729422252e-48
178.3,0.166666666667,1.66666666667,2.75982055565e-24,2.16351022197e-48
178.4,0.166666666667,1.66666666667,2.6816054443e-24,2.0375171951e-48
178.5,0.166666666667,1.66666666667,2.60560700013e-24,1.91886143092e-48
178.6,0.166666666667,1.66666666667,2.53176240134e-24,1.8071156405e-48
178.7,0.166666666667,1.66666666667,2.46001060657e-24,1.70187741831e-48
178.8,0.166666666667,1.66666666667,2.39029230437e-24,1.60276779307e-48
178.9,0.166666666667,1.66666666667,2.32254986424e-24,1.50942986309e-48
179,0.166666666667,1.66666666667,2.25672728897e-24,1.42152751099e-48
179.1,0.166666666667,1.66666666667,2.19277016834e-24,1.33874419337e-48
179.2,0.166666666667,1.66666666667,2.13062563415e-24,1.26078180086e-48
179.3,0.166666666667,1.66666666667,2.07024231652e-24,1.18735958464e-48
179.4,0.166666666667,1.66666666667,2.01157030142e-24,1.11821314542e-48
179.5,0.166666666667,1.66666666667,1.95456108943e-24,1.05309348135e-48
179.6,0.166666666667,1.66666666667,1.89916755562e-24,9.91766091282e-49
179.7,0.166666666667,1.66666666667,1.84534391063e-24,9.34010130381e-49
179.8,0.166666666667,1.66666666667,1.79304566278e-24,8.79617614802e-49
179.9,0.166666666667,1.66666666667,1.74222958132e-24,8.28392672737e-49
180,0.166666666667,1.66666666667,1.69285366069e-24,7.80150839065e-49
180.1,0.166666666667,1.66666666667,1.6448770858e-24,7.34718391078e-49
180.2,0.166666666667,1.66666666667,1.59826019828e-24,6.9193172289e-49
180.3,0.166666666667,1.66666666667,1.5529644637e-24,6.5163675628e-49
180.4,0.166666666667,1.66666666667,1.50895243973e-24,6.13688385845e-49
180.5,0.166666666667,1.66666666667,1.46618774517e-24,5.77949956462e-49
180.6,0.166666666667,1.66666666667,1.4246350299e-24,5.44292771182e-49
180.7,0.166666666667,1.66666666667,1.38425994563e-24,5.12595627786e-49
180.8,0.166666666667,1.66666666667,1.34502911754e-24,4.8274438232e-49
180.9,0.166666666667,1.66666666667,1.30691011666e-24,4.54631538056e-49
181,0.166666666667,1.66666666667,1.26987143308e-24,4.2815585839e-49
181.1,0.166666666667,1.66666666667,1.2338824499e-24,4.03222002279e-49
181.2,0.166666666667,1.66666666667,1.19891341794e-24,3.79740180907e-49
181.3,0.166666666667,1.66666666667,1.16493543112e-24,3.57625834355e-49
181.4,0.166666666667,1.66666666667,1.13192040256e-24,3.3679932709e-49
181.5,0.166666666667,1.66666666667,1.0998410414e-24,3.17185661188e-49
181.6,0.166666666667,1.66666666667,1.06867083023e-24,2.98714206269e-49
181.7,0.166666666667,1.66666666667,1.03838400313e-24,2.81318445142e-49
181.8,0.166666666667,1.66666666667,1.00895552444e-24,2.64935734278e-49
181.9,0.166666666667,1.66666666667,9.80361067987e-25,2.49507078222e-49
182,0.166666666667,1.66666666667,9.52576997048e-25,2.34976917148e-49
182.1,0.166666666667,1.66666666667,9.25580344769e-25,2.21292926781e-49
182.2,0.166666666667,1.66666666667,8.99348795192e-25,2.08405829976e-49
182.3,0.166666666667,1.66666666667,8.73860664808e-25,1.96269219263e-49
182.4,0.166666666667,1.66666666667,8.49094884633e-25,1.84839389737e-49
182.5,0.166666666667,1.66666666667,8.25030982793e-25,1.74075181663e-49
182.6,0.166666666667,1.66666666667,8.01649067597e-25,1.63937832268e-49
182.7,0.166666666667,1.66666666667,7.78929811102e-25,1.54390836143e-49
182.8,0.166666666667,1.66666666667,7.56854433127e-25,1.4539981379e-49
182.9,0.166666666667,1.66666666667,7.35404685736e-25,1.36932387817e-49
183,0.166666666667,1.66666666667,7.14562838151e-25,1.28958066345e-49
183.1,0.166666666667,1.66666666667,6.94311662096e-25,1.21448133204e-49
183.2,0.166666666667,1.66666666667,6.74634417555e-25,1.14375544521e-49
183.3,0.166666666667,1.66666666667,6.55514838935e-25,1.0771483134e-49
183.4,0.166666666667,1.66666666667,6.36937121622e-25,1.01442007897e-49
183.5,0.166666666667,1.66666666667,6.18885908912e-25,9.55344852527e-50
183.6,0.166666666667,1.66666666667,6.01346279323e-25,8.99709899453e-50
183.7,0.166666666667,1.66666666667,5.84303734256e-25,8.4731487382e-50
183.8,0.166666666667,1.66666666667,5.67744186011e-25,7.97971096942e-50
183.9,0.166666666667,1.66666666667,5.51653946145e-25,7.51500877926e-50
184,0.166666666667,1.66666666667,5.36019714153e-25,7.07736873789e-50
184.1,0.166666666667,1.66666666667,5.20828566474e-25,6.66521486844e-50
184.2,0.166666666667,1.66666666667,5.0606794581e-25,6.27706297182e-50
184.3,0.166666666667,1.66666666667,4.91725650746e-25,5.91151528194e-50
184.4,0.166666666667,1.66666666667,4.77789825662e-25,5.56725543228e-50
184.5,0.166666666667,1.66666666667,4.64248950934e-25,5.24304371553e-50
184.6,0.166666666667,1.66666666667,4.51091833412e-25,4.93771261932e-50
184.7,0.166666666667,1.66666666667,4.38307597166e-25,4.65016262191e-50
184.8,0.166666666667,1.66666666667,4.25885674499e-25,4.37935823271e-50
184.9,0.166666666667,1.66666666667,4.13815797207e-25,4.12432426343e-50
185,0.166666666667,1.66666666667,4.02087988096e-25,3.88414231631e-50
185.1,0.166666666667,1.66666666667,3.90692552731e-25,3.65794747689e-50
185.2,0.166666666667,1.66666666667,3.79620071423e-25,3.44492519945e-50
185.3,0.166666666667,1.66666666667,3.68861391444e-25,3.2443083737e-50
185.4,0.166666666667,1.66666666667,3.58407619461e-25,3.05537456236e-50
185.5,0.166666666667,1.66666666667,3.48250114181e-25,2.87744339965e-50
185.6,0.166666666667,1.66666666667,3.38380479214e-25,2.70987414119e-50
185.7,0.166666666667,1.66666666667,3.28790556128e-25,2.55206335665e-50
185.8,0.166666666667,1.66666666667,3.19472417705e-25,2.40344275675e-50
185.9,0.166666666667,1.66666666667,3.10418361393e-25,2.26347714681e-50
186,0.166666666667,1.66666666667,3.0162090293e-25,2.13166249945e-50
186.1,0.166666666667,1.66666666667,2.93072770169e-25,2.00752413955e-50
186.2,0.166666666667,1.66666666667,2.84766897055e-25,1.89061503495e-50
186.3,0.166666666667,1.66666666667,2.76696417792e-25,1.78051418657e-50
186.4,0.166666666667,1.66666666667,2.68854661167e-25,1.67682511246e-50
186.5,0.166666666667,1.66666666667,2.61235145029e-25,1.57917441994e-50
186.6,0.166666666667,1.66666666667,2.5383157094e-25,1.48721046104e-50
186.7,0.166666666667,1.66666666667,2.4663781896e-25,1.40060206619e-50
186.8,0.166666666667,1.66666666667,2.39647942596e-25,1.3190373516e-50
186.9,0.166666666667,1.66666666667,2.32856163878e-25,1.24222259621e-50
187,0.166666666667,1.66666666667,2.26256868591e-25,1.16988118393e-50
187.1,0.166666666667,1.66666666667,2.19844601628e-25,1.10175260753e-50
187.2,0.166666666667,1.66666666667,2.13614062487e-25,1.03759153056e-50
187.3,0.166666666667,1.66666666667,2.07560100881e-25,9.77166903829e-51
187.4,0.166666666667,1.66666666667,2.01677712488e-25,9.20261133419e-51
187.5,0.166666666667,1.66666666667,1.95962034812e-25,8.66669297091e-51
187.6,0.166666666667,1.66666666667,1.90408343163e-25,8.16198406347e-51
187.7,0.166666666667,1.66666666667,1.85012046751e-25,7.68666711466e-51
187.8,0.166666666667,1.66666666667,1.79768684892e-25,7.23903047006e-51
187.9,0.166666666667,1.66666666667,1.74673923323e-25,6.81746215424e-51
188,0.166666666667,1.66666666667,1.69723550613e-25,6.42044406592e-51
188.1,0.166666666667,1.66666666667,1.64913474689e-25,6.04654651115e-51
188.2,0.166666666667,1.66666666667,1.60239719448e-25,5.69442305487e-51
188.3,0.166666666667,1.66666666667,1.55698421473e-25,5.36280567231e-51
188.4,0.166666666667,1.66666666667,1.5128582684e-25,5.05050018269e-51
188.5,0.166666666667,1.66666666667,1.46998288012e-25,4.75638194892e-51
188.6,0.166666666667,1.66666666667,1.42832260825e-25,4.47939182767e-51
188.7,0.166666666667,1.66666666667,1.38784301561e-25,4.21853235533e-51
188.8,0.166666666667,1.66666666667,1.34851064098e-25,3.97286415603e-51
188.9,0.166666666667,1.66666666667,1.31029297146e-25,3.7415025589e-51
189,0.166666666667,1.66666666667,1.27315841557e-25,3.52361441229e-51
189.1,0.166666666667,1.66666666667,1.23707627717e-25,3.31841508352e-51
189.2,0.166666666667,1.66666666667,1.20201673007e-25,3.12516563338e-51
189.3,0.166666666667,1.66666666667,1.16795079336e-25,2.94317015509e-51
189.4,0.166666666667,1.66666666667,1.13485030747e-25,2.77177326837e-51
189.5,0.166666666667,1.66666666667,1.1026879109e-25,2.61035775929e-51
189.6,0.166666666667,1.66666666667,1.07143701759e-25,2.45834235767e-51
189.7,0.166666666667,1.66666666667,1.04107179495e-25,2.31517964386e-51
189.8,0.166666666667,1.66666666667,1.01156714248e-25,2.18035407747e-51
189.9,0.166666666667,1.66666666667,9.82898671073e-26,2.05338014081e-51
190,0.166666666667,1.66666666667,9.55042682811e-26,1.93380059059e-51
190.1,0.166666666667,1.66666666667,9.27976151392e-26,1.82118481124e-51
190.2,0.166666666667,1.66666666667,9.01676703095e-26,1.71512726433e-51
190.3,0.166666666667,1.66666666667,8.76122598286e-26,1.61524602813e-51
190.4,0.166666666667,1.66666666667,8.51292713444e-26,1.52118142231e-51
190.5,0.166666666667,1.66666666667,8.27166523704e-26,1.43259471268e-51
190.6,0.166666666667,1.66666666667,8.03724085889e-26,1.3491668914e-51
190.7,0.166666666667,1.66666666667,7.80946022024e-26,1.27059752821e-51
190.8,0.166666666667,1.66666666667,7.58813503319e-26,1.19660368853e-51
190.9,0.166666666667,1.66666666667,7.37308234603e-26,1.12691891461e-51
191,0.166666666667,1.66666666667,7.16412439204e-26,1.06129226601e-51
191.1,0.166666666667,1.66666666667,6.96108844251e-26,9.99487415893e-52
191.2,0.166666666667,1.66666666667,6.76380666398e-26,9.41281800052e-52
191.3,0.166666666667,1.66666666667,6.57211597949e-26,8.86465815398e-52
191.4,0.166666666667,1.66666666667,6.3858579338e-26,8.34842065177e-52
191.5,0.166666666667,1.66666666667,6.20487856239e-26,7.86224648129e-52
191.6,0.166666666667,1.66666666667,6.0290282642e-26,7.40438489038e-52
191.7,0.166666666667,1.66666666667,5.85816167795e-26,6.97318708277e-52
191.8,0.166666666667,1.66666666667,5.69213756199e-26,6.56710028061e-52
191.9,0.166666666667,1.66666666667,5.53081867757e-26,6.18466213277e-52
192,0.166666666667,1.66666666667,5.37407167536e-26,5.82449544885e-52
192.1,0.166666666667,1.66666666667,5.22176698525e-26,5.48530323975e-52
192.2,0.166666666667,1.66666666667,5.07377870922e-26,5.16586404716e-52
192.3,0.166666666667,1.66666666667,4.92998451727e-26,4.86502754493e-52
192.4,0.166666666667,1.66666666667,4.79026554635e-26,4.58171039673e-52
192.5,0.166666666667,1.66666666667,4.65450630203e-26,4.3148923548e-52
192.6,0.166666666667,1.66666666667,4.52259456307e-26,4.06361258599e-52
192.7,0.166666666667,1.66666666667,4.39442128868e-26,3.82696621171e-52
192.8,0.166666666667,1.66666666667,4.26988052834e-26,3.60410104942e-52
192.9,0.166666666667,1.66666666667,4.14886933423e-26,3.3942145438e-52
193,0.166666666667,1.66666666667,4.03128767614e-26,3.19655087673e-52
193.1,0.166666666667,1.66666666667,3.9170383588e-26,3.0103982455e-52
193.2,0.166666666667,1.66666666667,3.80602694149e-26,2.83508629958e-52
193.3,0.166666666667,1.66666666667,3.69816166002e-26,2.66998372659e-52
193.4,0.166666666667,1.66666666667,3.59335335086e-26,2.51449597896e-52
193.5,0.166666666667,1.66666666667,3.49151537742e-26,2.36806313282e-52
193.6,0.166666666667,1.66666666667,3.39256355844e-26,2.23015787178e-52
193.7,0.166666666667,1.66666666667,3.29641609844e-26,2.10028358794e-52
193.8,0.166666666667,1.66666666667,3.20299352005e-26,1.97797259359e-52
193.9,0.166666666667,1.66666666667,3.11221859836e-26,1.86278443705e-52
194,0.166666666667,1.66666666667,3.02401629705e-26,1.75430431652e-52
194.1,0.166666666667,1.66666666667,2.93831370638e-26,1.65214158642e-52
194.2,0.166666666667,1.66666666667,2.85503998293e-26,1.55592835055e-52
194.3,0.166666666667,1.66666666667,2.77412629101e-26,1.46531813735e-52
194.4,0.166666666667,1.66666666667,2.69550574581e-26,1.37998465217e-52
194.5,0.166666666667,1.66666666667,2.61911335804e-26,1.29962060231e-52
194.6,0.166666666667,1.66666666667,2.54488598028e-26,1.22393659037e-52
194.7,0.166666666667,1.66666666667,2.47276225473e-26,1.15266007217e-52
194.8,0.166666666667,1.66666666667,2.40268256252e-26,1.08553437524e-52
194.9,0.166666666667,1.66666666667,2.33458897441e-26,1.02231777459e-52
195,0.166666666667,1.66666666667,2.26842520293e-26,9.62782622165e-53
195.1,0.166666666667,1.66666666667,2.2041365558e-26,9.06714527107e-53
195.2,0.166666666667,1.66666666667,2.14166989079e-26,8.53911583715e-53
195.3,0.166666666667,1.66666666667,2.08097357173e-26,8.0418364436e-53
195.4,0.166666666667,1.66666666667,2.02199742587e-26,7.57351634748e-53
195.5,0.166666666667,1.66666666667,1.96469270239e-26,7.13246909058e-53
195.6,0.166666666667,1.66666666667,1.90901203207e-26,6.7171064264e-53
195.7,0.166666666667,1.66666666667,1.85490938821e-26,6.3259326007e-53
195.8,0.166666666667,1.66666666667,1.80234004849e-26,5.95753896518e-53
195.9,0.166666666667,1.66666666667,1.75126055809e-26,5.61059890486e-53
196,0.166666666667,1.66666666667,1.7016286937e-26,5.28386306077e-53
196.1,0.166666666667,1.66666666667,1.65340342866e-26,4.97615483095e-53
196.2,0.166666666667,1.66666666667,1.60654489903e-26,4.68636613342e-53
196.3,0.166666666667,1.66666666667,1.56101437064e-26,4.41345341584e-53
196.4,0.166666666667,1.66666666667,1.51677420706e-26,4.15643389767e-53
196.5,0.166666666667,1.66666666667,1.47378783853e-26,3.91438203102e-53
196.6,0.166666666667,1.66666666667,1.43201973166e-26,3.68642616771e-53
196.7,0.166666666667,1.66666666667,1.39143536014e-26,3.47174542043e-53
196.8,0.166666666667,1.66666666667,1.35200117613e-26,3.2695667066e-53
196.9,0.166666666667,1.66666666667,1.31368458257e-26,3.07916196446e-53
197,0.166666666667,1.66666666667,1.27645390621e-26,2.8998455313e-53
197.1,0.166666666667,1.66666666667,1.24027837146e-26,2.73097167425e-53
197.2,0.166666666667,1.66666666667,1.20512807492e-26,2.57193226503e-53
197.3,0.166666666667,1.66666666667,1.17097396067e-26,2.42215458999e-53
197.4,0.166666666667,1.66666666667,1.13778779625e-26,2.28109928771e-53
197.5,0.166666666667,1.66666666667,1.10554214934e-26,2.14825840675e-53
197.6,0.166666666667,1.66666666667,1.07421036506e-26,2.02315357646e-53
197.7,0.166666666667,1.66666666667,1.04376654394e-26,1.9053342843e-53
197.8,0.166666666667,1.66666666667,1.01418552053e-26,1.79437625358e-53
197.9,0.166666666667,1.66666666667,9.85442842586e-27,1.68987991553e-53
198,0.166666666667,1.66666666667,9.57514750847e-27,1.59146897046e-53
198.1,0.166666666667,1.66666666667,9.3037815941e-27,1.49878903268e-53
198.2,0.166666666667,1.66666666667,9.04010636643e-27,1.4115063543e-53
198.3,0.166666666667,1.66666666667,8.78390386637e-27,1.32930662341e-53
198.4,0.166666666667,1.66666666667,8.53496231196e-27,1.25189383219e-53
198.5,0.166666666667,1.66666666667,8.29307592329e-27,1.17898921097e-53
198.6,0.166666666667,1.66666666667,8.05804475235e-27,1.11033022437e-53
198.7,0.166666666667,1.66666666667,7.82967451781e-27,1.04566962588e-53
198.8,0.166666666667,1.66666666667,7.60777644441e-27,9.84774567501e-54
198.9,0.166666666667,1.66666666667,7.39216710687e-27,9.27425761249e-54
199,0.166666666667,1.66666666667,7.18266827833e-27,8.73416689477e-54
199.1,0.166666666667,1.66666666667,6.97910678299e-27,8.22552861191e-54
199.2,0.166666666667,1.66666666667,6.78131435296e-27,7.74651111668e-54
199.3,0.166666666667,1.66666666667,6.58912748916e-27,7.29538942871e-54
199.4,0.166666666667,1.66666666667,6.40238732622e-27,6.87053902265e-54
199.5,0.166666666667,1.66666666667,6.22093950107e-27,6.47042997814e-54
199.6,0.166666666667,1.66666666667,6.04463402542e-27,6.09362147046e-54
199.7,0.166666666667,1.66666666667,5.87332516173e-27,5.73875658197e-54
199.8,0.166666666667,1.66666666667,5.70687130277e-27,5.40455741577e-54
199.9,0.166666666667,1.66666666667,5.54513485454e-27,5.0898204939e-54
200,0.166666666667,1.66666666667,5.38798212256e-27,4.79341242347e-54
200.1,0.166666666667,1.66666666667,5.23528320132e-27,4.51426581527e-54
200.2,0.166666666667,1.66666666667,5.08691186692e-27,4.25137543999e-54
200.3,0.166666666667,1.66666666667,4.94274547274e-27,4.00379460834e-54
200.4,0.166666666667,1.66666666667,4.80266484803e-27,3.77063176189e-54
200.5,0.166666666667,1.66666666667,4.66655419942e-27,3.55104726256e-54
200.6,0.166666666667,1.66666666667,4.53430101521e-27,3.34425036896e-54
200.7,0.166666666667,1.66666666667,4.40579597235e-27,3.14949638892e-54
200.8,0.166666666667,1.66666666667,4.28093284606e-27,2.96608399773e-54
200.9,0.166666666667,1.66666666667,4.15960842207e-27,2.7933527127e-54
201,0.166666666667,1.66666666667,4.04172241124e-27,2.63068051461e-54
201.1,0.166666666667,1.66666666667,3.92717736671e-27,2.47748160786e-54
201.2,0.166666666667,1.66666666667,3.81587860332e-27,2.33320431089e-54
201.3,0.166666666667,1.66666666667,3.70773411934e-27,2.1973290696e-54
201.4,0.166666666667,1.66666666667,3.60265452045e-27,2.06936658637e-54
201.5,0.166666666667,1.66666666667,3.50055294581e-27,1.94885605802e-54
201.6,0.166666666667,1.66666666667,3.40134499626e-27,1.83536351651e-54
201.7,0.166666666667,1.66666666667,3.30494866459e-27,1.72848026608e-54
201.8,0.166666666667,1.66666666667,3.21128426772e-27,1.6278214116e-54
201.9,0.166666666667,1.66666666667,3.12027438084e-27,1.53302447245e-54
202,0.166666666667,1.66666666667,3.03184377341e-27,1.44374807728e-54
202.1,0.166666666667,1.66666666667,2.94591934697e-27,1.35967073461e-54
202.2,0.166666666667,1.66666666667,2.86243007471e-27,1.28048967521e-54
202.3,0.166666666667,1.66666666667,2.78130694278e-27,1.20591976173e-54
202.4,0.166666666667,1.66666666667,2.70248289323e-27,1.13569246195e-54
202.5,0.166666666667,1.66666666667,2.62589276857e-27,1.06955488172e-54
202.6,0.166666666667,1.66666666667,2.5514732579e-27,1.00726885433e-54
202.7,0.166666666667,1.66666666667,2.47916284461e-27,9.48610082792e-55
202.8,0.166666666667,1.66666666667,2.40890175552e-27,8.93367332175e-55
202.9,0.166666666667,1.66666666667,2.34063191143e-27,8.41341668906e-55
203,0.166666666667,1.66666666667,2.27429687917e-27,7.92345744402e-55
203.1,0.166666666667,1.66666666667,2.20984182492e-27,7.46203120415e-55
203.2,0.166666666667,1.66666666667,2.14721346887e-27,7.02747633657e-55
203.3,0.166666666667,1.66666666667,2.0863600412e-27,6.61822797439e-55
203.4,0.166666666667,1.66666666667,2.02723123929e-27,6.23281238146e-55
203.5,0.166666666667,1.66666666667,1.96977818612e-27,5.86984164535e-55
203.6,0.166666666667,1.66666666667,1.91395338989e-27,5.52800867935e-55
203.7,0.166666666667,1.66666666667,1.85971070472e-27,5.20608251556e-55
203.8,0.166666666667,1.66666666667,1.80700529257e-27,4.90290387207e-55
203.9,0.166666666667,1.66666666667,1.75579358612e-27,4.61738097829e-55
204,0.166666666667,1.66666666667,1.70603325276e-27,4.3484856434e-55
204.1,0.166666666667,1.66666666667,1.65768315965e-27,4.09524955376e-55
204.2,0.166666666667,1.66666666667,1.61070333966e-27,3.85676078591e-55
204.3,0.166666666667,1.66666666667,1.56505495835e-27,3.63216052269e-55
204.4,0.166666666667,1.66666666667,1.52070028189e-27,3.42063996056e-55
204.5,0.166666666667,1.66666666667,1.47760264584e-27,3.22143739702e-55
204.6,0.166666666667,1.66666666667,1.43572642485e-27,3.03383548767e-55
204.7,0.166666666667,1.66666666667,1.39503700323e-27,2.85715866302e-55
204.8,0.166666666667,1.66666666667,1.35550074631e-27,2.69077069566e-55
204.9,0.166666666667,1.66666666667,1.31708497265e-27,2.53407240918e-55
205,0.166666666667,1.66666666667,1.27975792702e-27,2.3864995205e-55
205.1,0.166666666667,1.66666666667,1.24348875418e-27,2.24752060783e-55
205.2,0.166666666667,1.66666666667,1.2082474733e-27,2.11663519695e-55
205.3,0.166666666667,1.66666666667,1.17400495327e-27,1.99337195903e-55
205.4,0.166666666667,1.66666666667,1.14073288855e-27,1.87728701325e-55
205.5,0.166666666667,1.66666666667,1.1084037758e-27,1.76796232844e-55
205.6,0.166666666667,1.66666666667,1.07699089116e-27,1.66500421764e-55
205.7,0.166666666667,1.66666666667,1.04646826812e-27,1.56804192044e-55
205.8,0.166666666667,1.66666666667,1.01681067609e-27,1.47672626785e-55
205.9,0.166666666667,1.66666666667,9.87993599527e-28,1.39072842487e-55
206,0.166666666667,1.66666666667,9.59993217676e-28,1.30973870639e-55
206.1,0.166666666667,1.66666666667,9.32786384876e-28,1.23346546194e-55
206.2,0.166666666667,1.66666666667,9.0635061143e-28,1.16163402546e-55
206.3,0.166666666667,1.66666666667,8.80664045015e-28,1.09398572619e-55
206.4,0.166666666667,1.66666666667,8.55705452616e-28,1.03027695717e-55
206.5,0.166666666667,1.66666666667,8.31454202975e-28,9.70278298032e-56
206.6,0.166666666667,1.66666666667,8.07890249538e-28,9.13773688793e-56
206.7,0.166666666667,1.66666666667,7.84994113883e-28,8.60559651829e-56
206.8,0.166666666667,1.66666666667,7.62746869619e-28,8.10444559126e-56
206.9,0.166666666667,1.66666666667,7.41130126741e-28,7.63247942222e-56
207,0.166666666667,1.66666666667,7.20126016431e-28,7.18799842316e-56
207.1,0.166666666667,1.66666666667,6.99717176281e-28,6.7694019824e-56
207.2,0.166666666667,1.66666666667,6.79886735949e-28,6.3751827006e-56
207.3,0.166666666667,1.66666666667,6.60618303207e-28,6.00392096255e-56
207.4,0.166666666667,1.66666666667,6.41895950393e-28,5.65427982498e-56
207.5,0.166666666667,1.66666666667,6.23704201247e-28,5.32500020213e-56
207.6,0.166666666667,1.66666666667,6.06028018116e-28,5.0148963317e-56
207.7,0.166666666667,1.66666666667,5.88852789524e-28,4.7228515048e-56
207.8,0.166666666667,1.66666666667,5.72164318091e-28,4.4478140446e-56
207.9,0.166666666667,1.66666666667,5.55948808804e-28,4.18879351919e-56
208,0.166666666667,1.66666666667,5.40192857608e-28,3.94485717488e-56
208.1,0.166666666667,1.66666666667,5.24883440326e-28,3.71512657736e-56
208.2,0.166666666667,1.66666666667,5.10007901898e-28,3.49877444834e-56
208.3,0.166666666667,1.66666666667,4.95553945914e-28,3.29502168646e-56
208.4,0.166666666667,1.66666666667,4.81509624452e-28,3.1031345617e-56
208.5,0.166666666667,1.66666666667,4.67863328204e-28,2.92242207315e-56
208.6,0.166666666667,1.66666666667,4.54603776877e-28,2.75223346066e-56
208.7,0.166666666667,1.66666666667,4.41720009867e-28,2.59195586139e-56
208.8,0.166666666667,1.66666666667,4.29201377202e-28,2.44101210288e-56
208.9,0.166666666667,1.66666666667,4.17037530737e-28,2.29885862454e-56
209,0.166666666667,1.66666666667,4.052184156e-28,2.16498352032e-56
209.1,0.166666666667,1.66666666667,3.93734261882e-28,2.03890469523e-56
209.2,0.166666666667,1.66666666667,3.82575576556e-28,1.92016812933e-56
209.3,0.166666666667,1.66666666667,3.71733135637e-28,1.80834624272e-56
209.4,0.166666666667,1.66666666667,3.61197976554e-28,1.70303635584e-56
209.5,0.166666666667,1.66666666667,3.50961390737e-28,1.60385923933e-56
209.6,0.166666666667,1.66666666667,3.41014916428e-28,1.51045774847e-56
209.7,0.166666666667,1.66666666667,3.31350331676e-28,1.42249553698e-56
209.8,0.166666666667,1.66666666667,3.21959647548e-28,1.33965584591e-56
209.9,0.166666666667,1.66666666667,3.12835101522e-28,1.26164036289e-56
210,0.166666666667,1.66666666667,3.03969151071e-28,1.18816814791e-56
210.1,0.166666666667,1.66666666667,2.95354467428e-28,1.11897462164e-56
210.2,0.166666666667,1.66666666667,2.86983929528e-28,1.05381061264e-56
210.3,0.166666666667,1.66666666667,2.78850618122e-28,9.92441460099e-57
210.4,0.166666666667,1.66666666667,2.70947810057e-28,9.34646168781e-57
210.5,0.166666666667,1.66666666667,2.63268972717e-28,8.80216613209e-57
210.6,0.166666666667,1.66666666667,2.55807758627e-28,8.28956788192e-57
210.7,0.166666666667,1.66666666667,2.48558000202e-28,7.80682102994e-57
210.8,0.166666666667,1.66666666667,2.4151370465e-28,7.35218716604e-57
210.9,0.166666666667,1.66666666667,2.34669049021e-28,6.92402911725e-57
211,0.166666666667,1.66666666667,2.28018375389e-28,6.52080505214e-57
211.1,0.166666666667,1.66666666667,2.21556186177e-28,6.14106292852e-57
211.2,0.166666666667,1.66666666667,2.15277139615e-28,5.7834352646e-57
211.3,0.166666666667,1.66666666667,2.0917604532e-28,5.44663421448e-57
211.4,0.166666666667,1.66666666667,2.0324786001e-28,5.12944693061e-57
211.5,0.166666666667,1.66666666667,1.97487683331e-28,4.83073119615e-57
211.6,0.166666666667,1.66666666667,1.9189075381e-28,4.54941131182e-57
211.7,0.166666666667,1.66666666667,1.86452444915e-28,4.28447422216e-57
211.8,0.166666666667,1.66666666667,1.81168261234e-28,4.03496586749e-57
211.9,0.166666666667,1.66666666667,1.7603383476e-28,3.79998774823e-57
212,0.166666666667,1.66666666667,1.71044921275e-28,3.57869368934e-57
212.1,0.166666666667,1.66666666667,1.66197396846e-28,3.37028679318e-57
212.2,0.166666666667,1.66666666667,1.61487254415e-28,3.17401656983e-57
212.3,0.166666666667,1.66666666667,1.56910600487e-28,2.98917623447e-57
212.4,0.166666666667,1.66666666667,1.52463651912e-28,2.81510016226e-57
212.5,0.166666666667,1.66666666667,1.48142732754e-28,2.65116149131e-57
212.6,0.166666666667,1.66666666667,1.43944271258e-28,2.49676986532e-57
212.7,0.166666666667,1.66666666667,1.39864796894e-28,2.35136930768e-57
212.8,0.166666666667,1.66666666667,1.3590093749e-28,2.21443621934e-57
212.9,0.166666666667,1.66666666667,1.32049416442e-28,2.08547749326e-57
213,0.166666666667,1.66666666667,1.28307050009e-28,1.96402873874e-57
213.1,0.166666666667,1.66666666667,1.24670744676e-28,1.84965260908e-57
213.2,0.166666666667,1.66666666667,1.21137494604e-28,1.74193722669e-57
213.3,0.166666666667,1.66666666667,1.17704379139e-28,1.64049469983e-57
213.4,0.166666666667,1.66666666667,1.14368560402e-28,1.54495972583e-57
213.5,0.166666666667,1.66666666667,1.1112728094e-28,1.4549882756e-57
213.6,0.166666666667,1.66666666667,1.07977861448e-28,1.37025635475e-57
213.7,0.166666666667,1.66666666667,1.04917698555e-28,1.29045883682e-57
213.8,0.166666666667,1.66666666667,1.0194426267e-28,1.21530836457e-57
213.9,0.166666666667,1.66666666667,9.90550958943e-29,1.14453431512e-57
214,0.166666666667,1.66666666667,9.6247809986e-29,1.07788182545e-57
214.1,0.166666666667,1.66666666667,9.35200843881e-29,1.0151108746e-57
214.2,0.166666666667,1.66666666667,9.08696643096e-29,9.55995419358e-58
214.3,0.166666666667,1.66666666667,8.82943588616e-29,9.00322580221e-58
214.4,0.166666666667,1.66666666667,8.57920392467e-29,8.47891874838e-58
214.5,0.166666666667,1.66666666667,8.33606369989e-29,7.98514496037e-58
214.6,0.166666666667,1.66666666667,8.09981422737e-29,7.52012631921e-58
214.7,0.166666666667,1.66666666667,7.87026021872e-29,7.08218825551e-58
214.8,0.166666666667,1.66666666667,7.64721192013e-29,6.66975371921e-58
214.9,0.166666666667,1.66666666667,7.43048495553e-29,6.2813375005e-58
215,0.166666666667,1.66666666667,7.21990017422e-29,5.91554088145e-58
215.1,0.166666666667,1.66666666667,7.0152835027e-29,5.57104659912e-58
215.2,0.166666666667,1.66666666667,6.81646580088e-29,5.246614102e-58
215.3,0.166666666667,1.66666666667,6.62328272217e-29,4.94107508267e-58
215.4,0.166666666667,1.66666666667,6.43557457768e-29,4.65332927064e-58
215.5,0.166666666667,1.66666666667,6.25318620422e-29,4.38234047018e-58
215.6,0.166666666667,1.66666666667,6.07596683601e-29,4.12713282891e-58
215.7,0.166666666667,1.66666666667,5.90376998007e-29,3.88678732366e-58
215.8,0.166666666667,1.66666666667,5.73645329513e-29,3.66043845101e-58
215.9,0.166666666667,1.66666666667,5.57387847399e-29,3.44727111053e-58
216,0.166666666667,1.66666666667,5.41591112912e-29,3.24651766955e-58
216.1,0.166666666667,1.66666666667,5.26242068164e-29,3.05745519884e-58
216.2,0.166666666667,1.66666666667,5.11328025339e-29,2.87940286929e-58
216.3,0.166666666667,1.66666666667,4.96836656196e-29,2.7117195002e-58
216.4,0.166666666667,1.66666666667,4.8275598189e-29,2.55380125032e-58
216.5,0.166666666667,1.66666666667,4.69074363061e-29,2.40507944337e-58
216.6,0.166666666667,1.66666666667,4.55780490218e-29,2.26501852022e-58
216.7,0.166666666667,1.66666666667,4.42863374385e-29,2.13311411026e-58
216.8,0.166666666667,1.66666666667,4.30312338026e-29,2.00889121513e-58
216.9,0.166666666667,1.66666666667,4.18117006208e-29,1.89190249824e-58
217,0.166666666667,1.66666666667,4.06267298033e-29,1.78172667384e-58
217.1,0.166666666667,1.66666666667,3.94753418303e-29,1.67796698997e-58
217.2,0.166666666667,1.66666666667,3.83565849421e-29,1.58024979968e-58
217.3,0.166666666667,1.66666666667,3.72695343525e-29,1.48822321554e-58
217.4,0.166666666667,1.66666666667,3.62132914843e-29,1.40155584246e-58
217.5,0.166666666667,1.66666666667,3.51869832267e-29,1.31993558426e-58
217.6,0.166666666667,1.66666666667,3.41897612133e-29,1.24306851988e-58
217.7,0.166666666667,1.66666666667,3.3220801121e-29,1.17067784483e-58
217.8,0.166666666667,1.66666666667,3.22793019886e-29,1.10250287452e-58
217.9,0.166666666667,1.66666666667,3.13644855545e-29,1.0382981054e-58
218,0.166666666667,1.66666666667,3.04755956138e-29,9.77832330952e-59
218.1,0.166666666667,1.66666666667,2.96118973927e-29,9.20887809083e-59
218.2,0.166666666667,1.66666666667,2.87726769416e-29,8.67259478005e-59
218.3,0.166666666667,1.66666666667,2.79572405444e-29,8.167542178e-59
218.4,0.166666666667,1.66666666667,2.71649141455e-29,7.6919015498e-59
218.5,0.166666666667,1.66666666667,2.63950427927e-29,7.24396007543e-59
218.6,0.166666666667,1.66666666667,2.56469900953e-29,6.82210468174e-59
218.7,0.166666666667,1.66666666667,2.49201376983e-29,6.42481623367e-59
218.8,0.166666666667,1.66666666667,2.42138847715e-29,6.05066406367e-59
218.9,0.166666666667,1.66666666667,2.35276475124e-29,5.6983008198e-59
219,0.166666666667,1.66666666667,2.2860858664e-29,5.36645761379e-59
219.1,0.166666666667,1.66666666667,2.22129670458e-29,5.05393945165e-59
219.2,0.166666666667,1.66666666667,2.15834370978e-29,4.75962093045e-59
219.3,0.166666666667,1.66666666667,2.09717484383e-29,4.48244218561e-59
219.4,0.166666666667,1.66666666667,2.03773954338e-29,4.22140507425e-59
219.5,0.166666666667,1.66666666667,1.97998867803e-29,3.97556958082e-59
219.6,0.166666666667,1.66666666667,1.92387450981e-29,3.74405043202e-59
219.7,0.166666666667,1.66666666667,1.86935065365e-29,3.52601390883e-59
219.8,0.166666666667,1.66666666667,1.81637203907e-29,3.32067484426e-59
219.9,0.166666666667,1.66666666667,1.76489487292e-29,3.12729379589e-59
220,0.166666666667,1.66666666667,1.71487660317e-29,2.94517438307e-59
220.1,0.166666666667,1.66666666667,1.66627588375e-29,2.7736607792e-59
220.2,0.166666666667,1.66666666667,1.61905254036e-29,2.61213535004e-59
220.3,0.166666666667,1.66666666667,1.57316753727e-29,2.4600164296e-59
220.4,0.166666666667,1.66666666667,1.52858294504e-29,2.31675622543e-59
220.5,0.166666666667,1.66666666667,1.48526190918e-29,2.18183884607e-59
220.6,0.166666666667,1.66666666667,1.44316861969e-29,2.05477844323e-59
220.7,0.166666666667,1.66666666667,1.40226828142e-29,1.93511746221e-59
220.8,0.166666666667,1.66666666667,1.36252708536e-29,1.82242499423e-59
220.9,0.166666666667,1.66666666667,1.32391218068e-29,1.71629522468e-59
221,0.166666666667,1.66666666667,1.28639164754e-29,1.61634597177e-59
221.1,0.166666666667,1.66666666667,1.24993447073e-29,1.52221731021e-59
221.2,0.166666666667,1.66666666667,1.21451051405e-29,1.43357027517e-59
221.3,0.166666666667,1.66666666667,1.18009049536e-29,1.35008564155e-59
221.4,0.166666666667,1.66666666667,1.14664596242e-29,1.27146277452e-59
221.5,0.166666666667,1.66666666667,1.11414926931e-29,1.19741854681e-59
221.6,0.166666666667,1.66666666667,1.08257355364e-29,1.12768631925e-59
221.7,0.166666666667,1.66666666667,1.05189271431e-29,1.06201498047e-59
221.8,0.166666666667,1.66666666667,1.02208138995e-29,1.00016804275e-59
221.9,0.166666666667,1.66666666667,9.93114937923e-30,9.41922790284e-60
222,0.166666666667,1.66666666667,9.64969414006e-30,8.87069477265e-60
222.1,0.166666666667,1.66666666667,9.37621552562e-30,8.35410572513e-60
222.2,0.166666666667,1.66666666667,9.11048747317e-30,7.86760048175e-60
222.3,0.166666666667,1.66666666667,8.85229032672e-30,7.40942709813e-60
222.4,0.166666666667,1.66666666667,8.60141065551e-30,6.9779356552e-60
222.5,0.166666666667,1.66666666667,8.35764107752e-30,6.5715723177e-60
222.6,0.166666666667,1.66666666667,8.12078008807e-30,6.1888737387e-60
222.7,0.166666666667,1.66666666667,7.89063189328e-30,5.82846178994e-60
222.8,0.166666666667,1.66666666667,7.66700624816e-30,5.48903859912e-60
222.9,0.166666666667,1.66666666667,7.44971829942e-30,5.16938187613e-60
223,0.166666666667,1.66666666667,7.23858843262e-30,4.8683405115e-60
223.1,0.166666666667,1.66666666667,7.0334421237e-30,4.58483043114e-60
223.2,0.166666666667,1.66666666667,6.83410979473e-30,4.31783069255e-60
223.3,0.166666666667,1.66666666667,6.64042667375e-30,4.06637980827e-60
223.4,0.166666666667,1.66666666667,6.45223265851e-30,3.82957228351e-60
223.5,0.166666666667,1.66666666667,6.26937218419e-30,3.60655535541e-60
223.6,0.166666666667,1.66666666667,6.09169409477e-30,3.39652592214e-60
223.7,0.166666666667,1.66666666667,5.91905151808e-30,3.19872765087e-60
223.8,0.166666666667,1.66666666667,5.75130174441e-30,3.01244825419e-60
223.9,0.166666666667,1.66666666667,5.58830610854e-30,2.83701692505e-60
224,0.166666666667,1.66666666667,5.42992987511e-30,2.6718019212e-60
224.1,0.166666666667,1.66666666667,5.27604212725e-30,2.51620829015e-60
224.2,0.166666666667,1.66666666667,5.12651565836e-30,2.36967572677e-60
224.3,0.166666666667,1.66666666667,4.98122686694e-30,2.23167655557e-60
224.4,0.166666666667,1.66666666667,4.84005565446e-30,2.10171383047e-60
224.5,0.166666666667,1.66666666667,4.70288532606e-30,1.97931954528e-60
224.6,0.166666666667,1.66666666667,4.56960249407e-30,1.86405294838e-60
224.7,0.166666666667,1.66666666667,4.44009698431e-30,1.75549895551e-60
224.8,0.166666666667,1.66666666667,4.31426174502e-30,1.65326665504e-60
224.9,0.166666666667,1.66666666667,4.19199275833e-30,1.55698790028e-60
225,0.166666666667,1.66666666667,4.07318895433e-30,1.4663159837e-60
225.1,0.166666666667,1.66666666667,3.95775212748e-30,1.38092438848e-60
225.2,0.166666666667,1.66666666667,3.84558685546e-30,1.30050561263e-60
225.3,0.166666666667,1.66666666667,3.73660042028e-30,1.2247700617e-60
225.4,0.166666666667,1.66666666667,3.63070273162e-30,1.15344500591e-60
225.5,0.166666666667,1.66666666667,3.52780625241e-30,1.08627359801e-60
225.6,0.166666666667,1.66666666667,3.42782592641e-30,1.02301394837e-60
225.7,0.166666666667,1.66666666667,3.33067910794e-30,9.63438253938e-61
225.8,0.166666666667,1.66666666667,3.23628549356e-30,9.07331977858e-61
225.9,0.166666666667,1.66666666667,3.14456705566e-30,8.54493076934e-61
226,0.166666666667,1.66666666667,3.05544797801e-30,8.0473127405e-61
226.1,0.166666666667,1.66666666667,2.96885459304e-30,7.57867372967e-61
226.2,0.166666666667,1.66666666667,2.88471532097e-30,7.13732613022e-61
226.3,0.166666666667,1.66666666667,2.80296061066e-30,6.72168061407e-61
226.4,0.166666666667,1.66666666667,2.72352288206e-30,6.33024040841e-61
226.5,0.166666666667,1.66666666667,2.64633647042e-30,5.96159590571e-61
226.6,0.166666666667,1.66666666667,2.57133757193e-30,5.61441958756e-61
226.7,0.166666666667,1.66666666667,2.49846419105e-30,5.28746124423e-61
226.8,0.166666666667,1.66666666667,2.42765608923e-30,4.97954347252e-61
226.9,0.166666666667,1.66666666667,2.35885473511e-30,4.68955743586e-61
227,0.166666666667,1.66666666667,2.29200325617e-30,4.41645887131e-61
227.1,0.166666666667,1.66666666667,2.22704639166e-30,4.15926432903e-61
227.2,0.166666666667,1.66666666667,2.16393044699e-30,3.91704763089e-61
227.3,0.166666666667,1.66666666667,2.10260324928e-30,3.68893653513e-61
227.4,0.166666666667,1.66666666667,2.04301410427e-30,3.47410959543e-61
227.5,0.166666666667,1.66666666667,1.98511375444e-30,3.27179320277e-61
227.6,0.166666666667,1.66666666667,1.92885433821e-30,3.08125879959e-61
227.7,0.166666666667,1.66666666667,1.87418935047e-30,2.90182025625e-61
227.8,0.166666666667,1.66666666667,1.82107360407e-30,2.73283140017e-61
227.9,0.166666666667,1.66666666667,1.76946319251e-30,2.57368368895e-61
228,0.166666666667,1.66666666667,1.71931545361e-30,2.42380401892e-61
228.1,0.166666666667,1.66666666667,1.67058893428e-30,2.28265266138e-61
228.2,0.166666666667,1.66666666667,1.62324335623e-30,2.14972131898e-61
228.3,0.166666666667,1.66666666667,1.57723958269e-30,2.02453129531e-61
228.4,0.166666666667,1.66666666667,1.53253958605e-30,1.90663177105e-61
228.5,0.166666666667,1.66666666667,1.4891064164e-30,1.79559818058e-61
228.6,0.166666666667,1.66666666667,1.44690417107e-30,1.69103068304e-61
228.7,0.166666666667,1.66666666667,1.40589796484e-30,1.59255272249e-61
228.8,0.166666666667,1.66666666667,1.3660539012e-30,1.49980967191e-61
228.9,0.166666666667,1.66666666667,1.32733904426e-30,1.41246755613e-61
229,0.166666666667,1.66666666667,1.28972139157e-30,1.3302118492e-61
229.1,0.166666666667,1.66666666667,1.25316984765e-30,1.25274634173e-61
229.2,0.166666666667,1.66666666667,1.21765419828e-30,1.17979207422e-61
229.3,0.166666666667,1.66666666667,1.18314508554e-30,1.11108633251e-61
229.4,0.166666666667,1.66666666667,1.14961398352e-30,1.04638170171e-61
229.5,0.166666666667,1.66666666667,1.11703317476e-30,9.85445175259e-62
229.6,0.166666666667,1.66666666667,1.08537572733e-30,9.28057315852e-62
229.7,0.166666666667,1.66666666667,1.05461547258e-30,8.74011465203e-62
229.8,0.166666666667,1.66666666667,1.02472698347e-30,8.23112999875e-62
229.9,0.166666666667,1.66666666667,9.95685553601e-31,7.75178630415e-62
230,0.166666666667,1.66666666667,9.67467176763e-31,7.30035741317e-62
230.1,0.166666666667,1.66666666667,9.40048527096e-31,6.87521769422e-62
230.2,0.166666666667,1.66666666667,9.13406939812e-31,6.47483618509e-62
230.3,0.166666666667,1.66666666667,8.87520392457e-31,6.09777107989e-62
230.4,0.166666666667,1.66666666667,8.62367486708e-31,5.74266453696e-62
230.5,0.166666666667,1.66666666667,8.37927430683e-31,5.40823778919e-62
230.6,0.166666666667,1.66666666667,8.14180021758e-31,5.09328653905e-62
230.7,0.166666666667,1.66666666667,7.91105629863e-31,4.79667662186e-62
230.8,0.166666666667,1.66666666667,7.68685181257e-31,4.51733992154e-62
230.9,0.166666666667,1.66666666667,7.46900142762e-31,4.25427052426e-62
231,0.166666666667,1.66666666667,7.25732506441e-31,4.00652109602e-62
231.1,0.166666666667,1.66666666667,7.05164774714e-31,3.77319947129e-62
231.2,0.166666666667,1.66666666667,6.85179945896e-31,3.5534654402e-62
231.3,0.166666666667,1.66666666667,6.65761500137e-31,3.3465277229e-62
231.4,0.166666666667,1.66666666667,6.46893385774e-31,3.15164112009e-62
231.5,0.166666666667,1.66666666667,6.28560006056e-31,2.96810382949e-62
231.6,0.166666666667,1.66666666667,6.10746206255e-31,2.79525491861e-62
231.7,0.166666666667,1.66666666667,5.93437261139e-31,2.63247194467e-62
231.8,0.166666666667,1.66666666667,5.76618862796e-31,2.47916871315e-62
231.9,0.166666666667,1.66666666667,5.60277108812e-31,2.33479316682e-62
232,0.166666666667,1.66666666667,5.44398490776e-31,2.19882539777e-62
232.1,0.166666666667,1.66666666667,5.28969883112e-31,2.07077577516e-62
232.2,0.166666666667,1.66666666667,5.13978532235e-31,1.95018318205e-62
232.3,0.166666666667,1.66666666667,4.99412046001e-31,1.83661335485e-62
232.4,0.166666666667,1.66666666667,4.85258383471e-31,1.72965731951e-62
232.5,0.166666666667,1.66666666667,4.71505844952e-31,1.62892991877e-62
232.6,0.166666666667,1.66666666667,4.58143062329e-31,1.53406842519e-62
232.7,0.166666666667,1.66666666667,4.45158989665e-31,1.44473123494e-62
232.8,0.166666666667,1.66666666667,4.32542894073e-31,1.36059663763e-62
232.9,0.166666666667,1.66666666667,4.20284346845e-31,1.28136165783e-62
233,0.166666666667,1.66666666667,4.08373214826e-31,1.20674096404e-62
233.1,0.166666666667,1.66666666667,3.96799652043e-31,1.13646584116e-62
233.2,0.166666666667,1.66666666667,3.85554091564e-31,1.07028322283e-62
233.3,0.166666666667,1.66666666667,3.74627237591e-31,1.00795478016e-62
233.4,0.166666666667,1.66666666667,3.64010057774e-31,9.49256063408e-63
233.5,0.166666666667,1.66666666667,3.53693775745e-31,8.93975693808e-63
233.6,0.166666666667,1.66666666667,3.43669863865e-31,8.41914602315e-63
233.7,0.166666666667,1.66666666667,3.33930036174e-31,7.92885312768e-63
233.8,0.166666666667,1.66666666667,3.24466241541e-31,7.46711266765e-63
233.9,0.166666666667,1.66666666667,3.1527065701e-31,7.03226187867e-63
234,0.166666666667,1.66666666667,3.06335681331e-31,6.62273482822e-63
234.1,0.166666666667,1.66666666667,2.97653928679e-31,6.23705677655e-63
234.2,0.166666666667,1.66666666667,2.89218222551e-31,5.87383886611e-63
234.3,0.166666666667,1.66666666667,2.81021589826e-31,5.5317731201e-63
234.4,0.166666666667,1.66666666667,2.73057255009e-31,5.20962773234e-63
234.5,0.166666666667,1.66666666667,2.65318634626e-31,4.9062426315e-63
234.6,0.166666666667,1.66666666667,2.57799331783e-31,4.62052530351e-63
234.7,0.166666666667,1.66666666667,2.50493130878e-31,4.35144685738e-63
234.8,0.166666666667,1.66666666667,2.43393992463e-31,4.09803832006e-63
234.9,0.166666666667,1.66666666667,2.36496048253e-31,3.8593871471e-63
235,0.166666666667,1.66666666667,2.29793596273e-31,3.63463393651e-63
235.1,0.166666666667,1.66666666667,2.23281096146e-31,3.42296933397e-63
235.2,0.166666666667,1.66666666667,2.16953164512e-31,3.22363111828e-63
235.3,0.166666666667,1.66666666667,2.1080457058e-31,3.03590145656e-63
235.4,0.166666666667,1.66666666667,2.04830231804e-31,2.85910431925e-63
235.5,0.166666666667,1.66666666667,1.99025209679e-31,2.69260304569e-63
235.6,0.166666666667,1.66666666667,1.93384705659e-31,2.53579805145e-63
235.7,0.166666666667,1.66666666667,1.87904057196e-31,2.38812466919e-63
235.8,0.166666666667,1.66666666667,1.82578733879e-31,2.24905111522e-63
235.9,0.166666666667,1.66666666667,1.77404333691e-31,2.11807657453e-63
236,0.166666666667,1.66666666667,1.72376579374e-31,1.99472939731e-63
236.1,0.166666666667,1.66666666667,1.67491314887e-31,1.87856540049e-63
236.2,0.166666666667,1.66666666667,1.62744501977e-31,1.7691662682e-63
236.3,0.166666666667,1.66666666667,1.58132216835e-31,1.66613804541e-63
236.4,0.166666666667,1.66666666667,1.53650646857e-31,1.56910971922e-63
236.5,0.166666666667,1.66666666667,1.49296087489e-31,1.47773188286e-63
236.6,0.166666666667,1.66666666667,1.45064939169e-31,1.39167547743e-63
236.7,0.166666666667,1.66666666667,1.40953704348e-31,1.3106306069e-63
236.8,0.166666666667,1.66666666667,1.36958984597e-31,1.23430542221e-63
236.9,0.166666666667,1.66666666667,1.33077477806e-31,1.16242507025e-63
237,0.166666666667,1.66666666667,1.29305975443e-31,1.09473070411e-63
237.1,0.166666666667,1.66666666667,1.25641359914e-31,1.03097855096e-63
237.2,0.166666666667,1.66666666667,1.22080601974e-31,9.7093903418e-64
237.3,0.166666666667,1.66666666667,1.18620758232e-31,9.14395946664e-64
237.4,0.166666666667,1.66666666667,1.15258968715e-31,8.61145672222e-64
237.5,0.166666666667,1.66666666667,1.11992454501e-31,8.10996452348e-64
237.6,0.166666666667,1.66666666667,1.08818515427e-31,7.63767695685e-64
237.7,0.166666666667,1.66666666667,1.05734527853e-31,7.19289327694e-64
237.8,0.166666666667,1.66666666667,1.02737942494e-31,6.77401178208e-64
237.9,0.166666666667,1.66666666667,9.98262823156e-32,6.37952404645e-64
238,0.166666666667,1.66666666667,9.69971404821e-32,6.0080094881e-64
238.1,0.166666666667,1.66666666667,9.42481783701e-32,5.65813025333e-64
238.2,0.166666666667,1.66666666667,9.15771236341e-32,5.32862639899e-64
238.3,0.166666666667,1.66666666667,8.89817683283e-32,5.0183113553e-64
238.4,0.166666666667,1.66666666667,8.64599670815e-32,4.7260676529e-64
238.5,0.166666666667,1.66666666667,8.4009635324e-32,4.45084289883e-64
238.6,0.166666666667,1.66666666667,8.16287475638e-32,4.19164598667e-64
238.7,0.166666666667,1.66666666667,7.93153357128e-32,3.94754352759e-64
238.8,0.166666666667,1.66666666667,7.70674874598e-32,3.71765648907e-64
238.9,0.166666666667,1.66666666667,7.48833446898e-32,3.50115702946e-64
239,0.166666666667,1.66666666667,7.27611019479e-32,3.29726551685e-64
239.1,0.166666666667,1.66666666667,7.0699004947e-32,3.10524772158e-64
239.2,0.166666666667,1.66666666667,6.86953491176e-32,2.92441217218e-64
239.3,0.166666666667,1.66666666667,6.6748478199e-32,2.75410766535e-64
239.4,0.166666666667,1.66666666667,6.48567828697e-32,2.5937209209e-64
239.5,0.166666666667,1.66666666667,6.30186994176e-32,2.44267437332e-64
239.6,0.166666666667,1.66666666667,6.12327084473e-32,2.30042409189e-64
239.7,0.166666666667,1.66666666667,5.94973336239e-32,2.16645782194e-64
239.8,0.166666666667,1.66666666667,5.78111404528e-32,2.04029314021e-64
239.9,0.166666666667,1.66666666667,5.61727350939e-32,1.92147571757e-64
240,0.166666666667,1.66666666667,5.45807632097e-32,1.80957768295e-64
240.1,0.166666666667,1.66666666667,5.30339088451e-32,1.70419608257e-64
240.2,0.166666666667,1.66666666667,5.15308933402e-32,1.60495142884e-64
240.3,0.166666666667,1.66666666667,5.00704742734e-32,1.51148633381e-64
240.4,0.166666666667,1.66666666667,4.86514444337e-32,1.42346422218e-64
240.5,0.166666666667,1.66666666667,4.72726308235e-32,1.34056811927e-64
240.6,0.166666666667,1.66666666667,4.59328936888e-32,1.26249950959e-64
240.7,0.166666666667,1.66666666667,4.46311255767e-32,1.1889772618e-64
240.8,0.166666666667,1.66666666667,4.33662504204e-32,1.1197366164e-64
240.9,0.166666666667,1.66666666667,4.21372226495e-32,1.05452823228e-64
241,0.166666666667,1.66666666667,4.09430263258e-32,9.93117288827e-65
241.1,0.166666666667,1.66666666667,3.97826743035e-32,9.35282640307e-65
241.2,0.166666666667,1.66666666667,3.86552074129e-32,8.80816019519e-65
241.3,0.166666666667,1.66666666667,3.7559693668e-32,8.29521287796e-65
241.4,0.166666666667,1.66666666667,3.64952274959e-32,7.812137287e-65
241.5,0.166666666667,1.66666666667,3.54609289882e-32,7.35719382839e-65
241.6,0.166666666667,1.66666666667,3.44559431736e-32,6.92874421429e-65
241.7,0.166666666667,1.66666666667,3.34794393112e-32,6.5252455633e-65
241.8,0.166666666667,1.66666666667,3.25306102041e-32,6.14524484445e-65
241.9,0.166666666667,1.66666666667,3.16086715316e-32,5.7873736447e-65
242,0.166666666667,1.66666666667,3.07128612013e-32,5.45034324118e-65
242.1,0.166666666667,1.66666666667,2.9842438719e-32,5.13293996041e-65
242.2,0.166666666667,1.66666666667,2.89966845765e-32,4.83402080773e-65
242.3,0.166666666667,1.66666666667,2.81748996571e-32,4.55250935133e-65
242.4,0.166666666667,1.66666666667,2.73764046573e-32,4.2873918459e-65
242.5,0.166666666667,1.66666666667,2.66005395257e-32,4.03771358205e-65
242.6,0.166666666667,1.66666666667,2.58466629171e-32,3.80257544835e-65
242.7,0.166666666667,1.66666666667,2.51141516623e-32,3.58113069353e-65
242.8,0.166666666667,1.66666666667,2.44024002534e-32,3.3725818773e-65
242.9,0.166666666667,1.66666666667,2.37108203429e-32,3.17617799865e-65
243,0.166666666667,1.66666666667,2.30388402573e-32,2.99121179148e-65
243.1,0.166666666667,1.66666666667,2.23859045247e-32,2.81701717766e-65
243.2,0.166666666667,1.66666666667,2.1751473416e-32,2.65296686842e-65
243.3,0.166666666667,1.66666666667,2.11350224979e-32,2.49847010545e-65
243.4,0.166666666667,1.66666666667,2.05360422002e-32,2.35297053354e-65
243.5,0.166666666667,1.66666666667,1.99540373941e-32,2.21594419706e-65
243.6,0.166666666667,1.66666666667,1.93885269831e-32,2.08689765319e-65
243.7,0.166666666667,1.66666666667,1.88390435053e-32,1.965366195e-65
243.8,0.166666666667,1.66666666667,1.83051327471e-32,1.85091217796e-65
243.9,0.166666666667,1.66666666667,1.77863533673e-32,1.74312344398e-65
244,0.166666666667,1.66666666667,1.7282276533e-32,1.6416118372e-65
244.1,0.166666666667,1.66666666667,1.67924855643e-32,1.54601180619e-65
244.2,0.166666666667,1.66666666667,1.63165755905e-32,1.45597908757e-65
244.3,0.166666666667,1.66666666667,1.58541532152e-32,1.37118946632e-65
244.4,0.166666666667,1.66666666667,1.54048361911e-32,1.2913376082e-65
244.5,0.166666666667,1.66666666667,1.4968253104e-32,1.21613596029e-65
244.6,0.166666666667,1.66666666667,1.45440430659e-32,1.14531371542e-65
244.7,0.166666666667,1.66666666667,1.41318554164e-32,1.07861583701e-65
244.8,0.166666666667,1.66666666667,1.37313494332e-32,1.01580214066e-65
244.9,0.166666666667,1.66666666667,1.33421940504e-32,9.5664642921e-66
245,0.166666666667,1.66666666667,1.29640675844e-32,9.00935678211e-66
245.1,0.166666666667,1.66666666667,1.25966574687e-32,8.4846926878e-66
245.2,0.166666666667,1.66666666667,1.22396599949e-32,7.99058265174e-66
245.3,0.166666666667,1.66666666667,1.18927800619e-32,7.52524734408e-66
245.4,0.166666666667,1.66666666667,1.15557309321e-32,7.08701105511e-66
245.5,0.166666666667,1.66666666667,1.1228233994e-32,6.67429566083e-66
245.6,0.166666666667,1.66666666667,1.09100185324e-32,6.28561494003e-66
245.7,0.166666666667,1.66666666667,1.06008215041e-32,5.91956922229e-66
245.8,0.166666666667,1.66666666667,1.0300387321e-32,5.57484034765e-66
245.9,0.166666666667,1.66666666667,1.00084676381e-32,5.25018691982e-66
246,0.166666666667,1.66666666667,9.72482114917e-33,4.94443983577e-66
246.1,0.166666666667,1.66666666667,9.44921338638e-33,4.65649807578e-66
246.2,0.166666666667,1.66666666667,9.18141652702e-33,4.38532473847e-66
246.3,0.166666666667,1.66666666667,8.92120920501e-33,4.12994330695e-66
246.4,0.166666666667,1.66666666667,8.66837632792e-33,3.8894341322e-66
246.5,0.166666666667,1.66666666667,8.42270889917e-33,3.66293112142e-66
246.6,0.166666666667,1.66666666667,8.1840038453e-33,3.44961861912e-66
246.7,0.166666666667,1.66666666667,7.95206384806e-33,3.24872846988e-66
246.8,0.166666666667,1.66666666667,7.72669718135e-33,3.05953725218e-66
246.9,0.166666666667,1.66666666667,7.5077175527e-33,2.88136367328e-66
247,0.166666666667,1.66666666667,7.2949439493e-33,2.71356611586e-66
247.1,0.166666666667,1.66666666667,7.08820048835e-33,2.55554032745e-66
247.2,0.166666666667,1.66666666667,6.88731627168e-33,2.40671724454e-66
247.3,0.166666666667,1.66666666667,6.6921252445e-33,2.26656094328e-66
247.4,0.166666666667,1.66666666667,6.50246605811e-33,2.13456670959e-66
247.5,0.166666666667,1.66666666667,6.31818193654e-33,2.01025922166e-66
247.6,0.166666666667,1.66666666667,6.13912054695e-33,1.89319083827e-66
247.7,0.166666666667,1.66666666667,5.96513387373e-33,1.78293998679e-66
247.8,0.166666666667,1.66666666667,5.7960780961e-33,1.67910964507e-66
247.9,0.166666666667,1.66666666667,5.63181346927e-33,1.58132591173e-66
248,0.166666666667,1.66666666667,5.47220420892e-33,1.4892366597e-66
248.1,0.166666666667,1.66666666667,5.31711837891e-33,1.40251026822e-66
248.2,0.166666666667,1.66666666667,5.1664277823e-33,1.3208344286e-66
248.3,0.166666666667,1.66666666667,5.02000785531e-33,1.24391501959e-66
248.4,0.166666666667,1.66666666667,4.87773756437e-33,1.17147504825e-66
248.5,0.166666666667,1.66666666667,4.73949930611e-33,1.10325365242e-66
248.6,0.166666666667,1.66666666667,4.60517881008e-33,1.0390051614e-66
248.7,0.166666666667,1.66666666667,4.47466504437e-33,9.78498211214e-67
248.8,0.166666666667,1.66666666667,4.34785012374e-33,9.21514911498e-67
248.9,0.166666666667,1.66666666667,4.22462922054e-33,8.67850060818e-67
249,0.166666666667,1.66666666667,4.10490047795e-33,8.17310407748e-67
249.1,0.166666666667,1.66666666667,3.98856492587e-33,7.69713954947e-67
249.2,0.166666666667,1.66666666667,3.87552639909e-33,7.24889303774e-67
249.3,0.166666666667,1.66666666667,3.76569145774e-33,6.8267503707e-67
249.4,0.166666666667,1.66666666667,3.65896931015e-33,6.42919137876e-67
249.5,0.166666666667,1.66666666667,3.5552717377e-33,6.05478442014e-67
249.6,0.166666666667,1.66666666667,3.45451302196e-33,5.70218122539e-67
249.7,0.166666666667,1.66666666667,3.35660987383e-33,5.37011204215e-67
249.8,0.166666666667,1.66666666667,3.26148136466e-33,5.05738106267e-67
249.9,0.166666666667,1.66666666667,3.16904885937e-33,4.76286211765e-67
250,0.166666666667,1.66666666667,3.07923595146e-33,4.48549462076e-67
250.1,0.166666666667,1.66666666667,2.99196839984e-33,4.22427974942e-67
250.2,0.166666666667,1.66666666667,2.90717406744e-33,3.97827684794e-67
250.3,0.166666666667,1.66666666667,2.82478286163e-33,3.74660004017e-67
250.4,0.166666666667,1.66666666667,2.74472667624e-33,3.52841503936e-67
250.5,0.166666666667,1.66666666667,2.66693933526e-33,3.32293614384e-67
250.6,0.166666666667,1.66666666667,2.59135653816e-33,3.12942340763e-67
250.7,0.166666666667,1.66666666667,2.51791580675e-33,2.94717997588e-67
250.8,0.166666666667,1.66666666667,2.44655643347e-33,2.77554957538e-67
250.9,0.166666666667,1.66666666667,2.3772194313e-33,2.61391415129e-67
251,0.166666666667,1.66666666667,2.30984748491e-33,2.46169164152e-67
251.1,0.166666666667,1.66666666667,2.24438490334e-33,2.31833388061e-67
251.2,0.166666666667,1.66666666667,2.18077757396e-33,2.18332462577e-67
251.3,0.166666666667,1.66666666667,2.1189729177e-33,2.05617769785e-67
251.4,0.166666666667,1.66666666667,2.05891984564e-33,1.93643523058e-67
251.5,0.166666666667,1.66666666667,2.00056871674e-33,1.82366602175e-67
251.6,0.166666666667,1.66666666667,1.94387129682e-33,1.71746398039e-67
251.7,0.166666666667,1.66666666667,1.88878071869e-33,1.61744666444e-67
251.8,0.166666666667,1.66666666667,1.83525144342e-33,1.52325390353e-67
251.9,0.166666666667,1.66666666667,1.78323922266e-33,1.43454650199e-67
252,0.166666666667,1.66666666667,1.73270106209e-33,1.35100501735e-67
252.1,0.166666666667,1.66666666667,1.68359518591e-33,1.27232861004e-67
252.2,0.166666666667,1.66666666667,1.63588100222e-33,1.19823396e-67
252.3,0.166666666667,1.66666666667,1.58951906956e-33,1.12845424646e-67
252.4,0.166666666667,1.66666666667,1.54447106426e-33,1.06273818709e-67
252.5,0.166666666667,1.66666666667,1.50069974876e-33,1.00084913309e-67
252.6,0.166666666667,1.66666666667,1.45816894084e-33,9.42564217014e-68
252.7,0.166666666667,1.66666666667,1.4168434837e-33,8.8767355021e-68
252.8,0.166666666667,1.66666666667,1.37668921693e-33,8.35979466989e-68
252.9,0.166666666667,1.66666666667,1.33767294822e-33,7.87295812816e-68
253,0.166666666667,1.66666666667,1.29976242596e-33,7.4144727395e-68
253.1,0.166666666667,1.66666666667,1.26292631259e-33,6.98268746129e-68
253.2,0.166666666667,1.66666666667,1.22713415865e-33,6.57604740015e-68
253.3,0.166666666667,1.66666666667,1.19235637766e-33,6.19308821263e-68
253.4,0.166666666667,1.66666666667,1.15856422162e-33,5.83243083202e-68
253.5,0.166666666667,1.66666666667,1.12572975729e-33,5.49277650218e-68
253.6,0.166666666667,1.66666666667,1.09382584305e-33,5.17290210067e-68
253.7,0.166666666667,1.66666666667,1.06282610652e-33,4.87165573411e-68
253.8,0.166666666667,1.66666666667,1.0327049227e-33,4.58795259022e-68
253.9,0.166666666667,1.66666666667,1.00343739284e-33,4.32077103124e-68
254,0.166666666667,1.66666666667,9.74999323828e-34,4.06914891496e-68
254.1,0.166666666667,1.66666666667,9.4736720821e-34,3.83218012999e-68
254.2,0.166666666667,1.66666666667,9.20518204738e-34,3.60901133273e-68
254.3,0.166666666667,1.66666666667,8.94430119505e-34,3.39883887447e-68
254.4,0.166666666667,1.66666666667,8.69081387592e-34,3.20090590735e-68
254.5,0.166666666667,1.66666666667,8.44451055246e-34,3.01449965888e-68
254.6,0.166666666667,1.66666666667,8.20518762553e-34,2.83894886524e-68
254.7,0.166666666667,1.66666666667,7.97264726617e-34,2.67362135394e-68
254.8,0.166666666667,1.66666666667,7.74669725199e-34,2.51792176738e-68
254.9,0.166666666667,1.66666666667,7.52715080832e-34,2.37128941886e-68
255,0.166666666667,1.66666666667,7.31382645381e-34,2.23319627355e-68
255.1,0.166666666667,1.66666666667,7.10654785038e-34,2.10314504696e-68
255.2,0.166666666667,1.66666666667,6.90514365752e-34,1.98066741421e-68
255.3,0.166666666667,1.66666666667,6.70944739062e-34,1.86532232353e-68
255.4,0.166666666667,1.66666666667,6.51929728333e-34,1.75669440801e-68
255.5,0.166666666667,1.66666666667,6.33453615388e-34,1.65439248981e-68
255.6,0.166666666667,1.66666666667,6.15501127513e-34,1.55804817153e-68
255.7,0.166666666667,1.66666666667,5.98057424832e-34,1.46731450956e-68
255.8,0.166666666667,1.66666666667,5.81108088043e-34,1.38186476472e-68
255.9,0.166666666667,1.66666666667,5.64639106492e-34,1.30139122562e-68
256,0.166666666667,1.66666666667,5.48636866602e-34,1.22560410061e-68
256.1,0.166666666667,1.66666666667,5.33088140608e-34,1.15423047417e-68
256.2,0.166666666667,1.66666666667,5.17980075632e-34,1.08701332416e-68
256.3,0.166666666667,1.66666666667,5.03300183053e-34,1.02371059623e-68
256.4,0.166666666667,1.66666666667,4.89036328188e-34,9.64094332181e-69
256.5,0.166666666667,1.66666666667,4.75176720256e-34,9.07949849079e-69
256.6,0.166666666667,1.66666666667,4.61709902636e-34,8.55074966136e-69
256.7,0.166666666667,1.66666666667,4.48624743396e-34,8.05279276663e-69
256.8,0.166666666667,1.66666666667,4.35910426087e-34,7.58383462392e-69
256.9,0.166666666667,1.66666666667,4.23556440809e-34,7.14218647738e-69
257,0.166666666667,1.66666666667,4.11552575517e-34,6.72625791665e-69
257.1,0.166666666667,1.66666666667,3.99888907582e-34,6.33455114964e-69
257.2,0.166666666667,1.66666666667,3.8855579559e-34,5.96565560891e-69
257.3,0.166666666667,1.66666666667,3.77543871371e-34,5.61824287206e-69
257.4,0.166666666667,1.66666666667,3.66844032253e-34,5.29106187797e-69
257.5,0.166666666667,1.66666666667,3.56447433542e-34,4.98293442167e-69
257.6,0.166666666667,1.66666666667,3.46345481208e-34,4.69275091151e-69
257.7,0.166666666667,1.66666666667,3.36529824779e-34,4.41946637341e-69
257.8,0.166666666667,1.66666666667,3.26992350445e-34,4.16209668785e-69
257.9,0.166666666667,1.66666666667,3.17725174342e-34,3.91971504597e-69
258,0.166666666667,1.66666666667,3.08720636044e-34,3.69144861205e-69
258.1,0.166666666667,1.66666666667,2.99971292223e-34,3.47647538038e-69
258.2,0.166666666667,1.66666666667,2.91469910503e-34,3.27402121512e-69
258.3,0.166666666667,1.66666666667,2.83209463476e-34,3.08335706261e-69
258.4,0.166666666667,1.66666666667,2.75183122895e-34,2.90379632594e-69
258.5,0.166666666667,1.66666666667,2.67384254032e-34,2.73469239253e-69
258.6,0.166666666667,1.66666666667,2.5980641019e-34,2.57543630555e-69
258.7,0.166666666667,1.66666666667,2.52443327376e-34,2.42545457107e-69
258.8,0.166666666667,1.66666666667,2.45288919123e-34,2.28420709285e-69
258.9,0.166666666667,1.66666666667,2.38337271458e-34,2.15118522741e-69
259,0.166666666667,1.66666666667,2.31582638013e-34,2.02590995235e-69
259.1,0.166666666667,1.66666666667,2.25019435278e-34,1.90793014136e-69
259.2,0.166666666667,1.66666666667,2.18642237982e-34,1.79682093969e-69
259.3,0.166666666667,1.66666666667,2.12445774609e-34,1.6921822342e-69
259.4,0.166666666667,1.66666666667,2.06424923042e-34,1.59363721253e-69
259.5,0.166666666667,1.66666666667,2.00574706328e-34,1.50083100617e-69
259.6,0.166666666667,1.66666666667,1.94890288565e-34,1.41342941251e-69
259.7,0.166666666667,1.66666666667,1.89366970902e-34,1.33111769143e-69
259.8,0.166666666667,1.66666666667,1.84000187658e-34,1.25359943182e-69
259.9,0.166666666667,1.66666666667,1.78785502545e-34,1.18059548421e-69
260,0.166666666667,1.66666666667,1.73718605003e-34,1.11184295554e-69
260.1,0.166666666667,1.66666666667,1.68795306636e-34,1.04709426244e-69
260.2,0.166666666667,1.66666666667,1.64011537751e-34,9.86116239685e-70
260.3,0.166666666667,1.66666666667,1.5936334399e-34,9.28689300528e-70
260.4,0.166666666667,1.66666666667,1.54846883067e-34,8.74606645957e-70
260.5,0.166666666667,1.66666666667,1.50458421586e-34,8.2367352e-70
260.6,0.166666666667,1.66666666667,1.46194331961e-34,7.75706508389e-70
260.7,0.166666666667,1.66666666667,1.42051089412e-34,7.30532878072e-70
260.8,0.166666666667,1.66666666667,1.38025269055e-34,6.87989955185e-70
260.9,0.166666666667,1.66666666667,1.34113543068e-34,6.47924539256e-70
261,0.166666666667,1.66666666667,1.30312677941e-34,6.10192351511e-70
261.1,0.166666666667,1.66666666667,1.26619531807e-34,5.74657515318e-70
261.2,0.166666666667,1.66666666667,1.23031051839e-34,5.41192066884e-70
261.3,0.166666666667,1.66666666667,1.1954427173e-34,5.09675494449e-70
261.4,0.166666666667,1.66666666667,1.16156309239e-34,4.79994304309e-70
261.5,0.166666666667,1.66666666667,1.1286436381e-34,4.52041612121e-70
261.6,0.166666666667,1.66666666667,1.09665714259e-34,4.25716758e-70
261.7,0.166666666667,1.66666666667,1.06557716518e-34,4.00924944038e-70
261.8,0.166666666667,1.66666666667,1.03537801457e-34,3.77576892924e-70
261.9,0.166666666667,1.66666666667,1.00603472754e-34,3.55588526457e-70
262,0.166666666667,1.66666666667,9.77523048376e-35,3.34880662767e-70
262.1,0.166666666667,1.66666666667,9.49819408761e-35,3.15378731177e-70
262.2,0.166666666667,1.66666666667,9.22900908329e-35,2.9701250367e-70
262.3,0.166666666667,1.66666666667,8.96745295725e-35,2.79715841987e-70
262.4,0.166666666667,1.66666666667,8.71330950211e-35,2.63426459466e-70
262.5,0.166666666667,1.66666666667,8.46636863795e-35,2.48085696733e-70
262.6,0.166666666667,1.66666666667,8.22642623866e-35,2.33638310472e-70
262.7,0.166666666667,1.66666666667,7.99328396317e-35,2.2003227449e-70
262.8,0.166666666667,1.66666666667,7.76674909157e-35,2.07218592358e-70
262.9,0.166666666667,1.66666666667,7.54663436571e-35,1.95151120982e-70
263,0.166666666667,1.66666666667,7.33275783449e-35,1.83786404431e-70
263.1,0.166666666667,1.66666666667,7.12494270341e-35,1.73083517448e-70
263.2,0.166666666667,1.66666666667,6.92301718844e-35,1.6300391808e-70
263.3,0.166666666667,1.66666666667,6.72681437404e-35,1.53511308884e-70
263.4,0.166666666667,1.66666666667,6.53617207513e-35,1.44571506211e-70
263.5,0.166666666667,1.66666666667,6.35093270309e-35,1.36152317116e-70
263.6,0.166666666667,1.66666666667,6.17094313546e-35,1.28223423425e-70
263.7,0.166666666667,1.66666666667,5.99605458936e-35,1.20756272557e-70
263.8,0.166666666667,1.66666666667,5.82612249852e-35,1.13723974702e-70
263.9,0.166666666667,1.66666666667,5.66100639377e-35,1.07101205993e-70
264,0.166666666667,1.66666666667,5.50056978693e-35,1.00864117308e-70
264.1,0.166666666667,1.66666666667,5.34468005797e-35,9.49902483921e-71
264.2,0.166666666667,1.66666666667,5.19320834544e-35,8.9458446972e-71
264.3,0.166666666667,1.66666666667,5.04602943985e-35,8.42487925879e-71
264.4,0.166666666667,1.66666666667,4.90302168026e-35,7.93425248566e-71
264.5,0.166666666667,1.66666666667,4.76406685369e-35,7.4721975915e-71
264.6,0.166666666667,1.66666666667,4.62905009738e-35,7.03705067961e-71
264.7,0.166666666667,1.66666666667,4.49785980384e-35,6.6272447511e-71
264.8,0.166666666667,1.66666666667,4.37038752863e-35,6.24130406197e-71
264.9,0.166666666667,1.66666666667,4.24652790069e-35,5.87783880888e-71
265,0.166666666667,1.66666666667,4.12617853525e-35,5.53554012434e-71
265.1,0.166666666667,1.66666666667,4.00923994918e-35,5.21317536334e-71
265.2,0.166666666667,1.66666666667,3.89561547877e-35,4.90958366455e-71
265.3,0.166666666667,1.66666666667,3.78521119983e-35,4.62367176994e-71
265.4,0.166666666667,1.66666666667,3.67793585004e-35,4.35441008787e-71
265.5,0.166666666667,1.66666666667,3.5737007535e-35,4.10082898544e-71
265.6,0.166666666667,1.66666666667,3.47241974746e-35,3.86201529678e-71
265.7,0.166666666667,1.66666666667,3.37400911107e-35,3.63710903467e-71
265.8,0.166666666667,1.66666666667,3.27838749618e-35,3.42530029363e-71
265.9,0.166666666667,1.66666666667,3.18547586012e-35,3.22582633342e-71
266,0.166666666667,1.66666666667,3.09519740032e-35,3.03796883232e-71
266.1,0.166666666667,1.66666666667,3.00747749084e-35,2.86105130042e-71
266.2,0.166666666667,1.66666666667,2.92224362071e-35,2.6944366435e-71
266.3,0.166666666667,1.66666666667,2.83942533395e-35,2.53752486884e-71
266.4,0.166666666667,1.66666666667,2.75895417135e-35,2.38975092456e-71
266.5,0.166666666667,1.66666666667,2.6807636139e-35,2.25058266485e-71
266.6,0.166666666667,1.66666666667,2.60478902775e-35,2.11951893366e-71
266.7,0.166666666667,1.66666666667,2.53096761083e-35,1.99608775998e-71
266.8,0.166666666667,1.66666666667,2.45923834093e-35,1.87984465827e-71
266.9,0.166666666667,1.66666666667,2.38954192524e-35,1.77037102781e-71
267,0.166666666667,1.66666666667,2.32182075135e-35,1.66727264528e-71
267.1,0.166666666667,1.66666666667,2.25601883962e-35,1.57017824514e-71
267.2,0.166666666667,1.66666666667,2.19208179691e-35,1.47873818268e-71
267.3,0.166666666667,1.66666666667,2.12995677161e-35,1.39262317491e-71
267.4,0.166666666667,1.66666666667,2.06959240998e-35,1.31152311477e-71
267.5,0.166666666667,1.66666666667,2.01093881365e-35,1.23514595447e-71
267.6,0.166666666667,1.66666666667,1.95394749844e-35,1.16321665372e-71
267.7,0.166666666667,1.66666666667,1.8985713542e-35,1.09547618935e-71
267.8,0.166666666667,1.66666666667,1.84476460594e-35,1.03168062252e-71
267.9,0.166666666667,1.66666666667,1.79248277596e-35,9.71600220273e-72
268,0.166666666667,1.66666666667,1.74168264708e-35,9.15018628277e-72
268.1,0.166666666667,1.66666666667,1.69232222692e-35,8.6173209168e-72
268.2,0.166666666667,1.66666666667,1.64436071321e-35,8.11548721397e-72
268.3,0.166666666667,1.66666666667,1.59775846003e-35,7.64287803087e-72
268.4,0.166666666667,1.66666666667,1.55247694503e-35,7.19779146399e-72
268.5,0.166666666667,1.66666666667,1.50847873766e-35,6.77862472093e-72
268.6,0.166666666667,1.66666666667,1.46572746813e-35,6.38386834865e-72
268.7,0.166666666667,1.66666666667,1.42418779741e-35,6.01210079783e-72
268.8,0.166666666667,1.66666666667,1.383825388e-35,5.66198330374e-72
268.9,0.166666666667,1.66666666667,1.34460687555e-35,5.33225506521e-72
269,0.166666666667,1.66666666667,1.30649984128e-35,5.02172870444e-72
269.1,0.166666666667,1.66666666667,1.26947278517e-35,4.72928599113e-72
269.2,0.166666666667,1.66666666667,1.23349509994e-35,4.45387381563e-72
269.3,0.166666666667,1.66666666667,1.19853704573e-35,4.19450039662e-72
269.4,0.166666666667,1.66666666667,1.16456972554e-35,3.95023170964e-72
269.5,0.166666666667,1.66666666667,1.13156506132e-35,3.72018812358e-72
269.6,0.166666666667,1.66666666667,1.09949577076e-35,3.50354123305e-72
269.7,0.166666666667,1.66666666667,1.06833534478e-35,3.29951087524e-72
269.8,0.166666666667,1.66666666667,1.03805802557e-35,3.10736232048e-72
269.9,0.166666666667,1.66666666667,1.00863878528e-35,2.92640362643e-72
270,0.166666666667,1.66666666667,9.80053305427e-36,2.75598314632e-72
270.1,0.166666666667,1.66666666667,9.5227795668e-36,2.59548718237e-72
270.2,0.166666666667,1.66666666667,9.252897794e-36,2.44433777573e-72
270.3,0.166666666667,1.66666666667,8.99066464634e-36,2.30199062528e-72
270.4,0.166666666667,1.66666666667,8.73586335682e-36,2.16793312753e-72
270.5,0.166666666667,1.66666666667,8.48828330173e-36,2.04168253069e-72
270.6,0.166666666667,1.66666666667,8.2477198266e-36,1.92278419625e-72
270.7,0.166666666667,1.66666666667,8.01397407697e-36,1.81080996176e-72
270.8,0.166666666667,1.66666666667,7.78685283407e-36,1.70535659905e-72
270.9,0.166666666667,1.66666666667,7.56616835506e-36,1.6060443621e-72
271,0.166666666667,1.66666666667,7.35173821786e-36,1.51251561959e-72
271.1,0.166666666667,1.66666666667,7.14338517036e-36,1.42443356702e-72
271.2,0.166666666667,1.66666666667,6.94093698387e-36,1.34148101387e-72
271.3,0.166666666667,1.66666666667,6.7442263108e-36,1.26335924134e-72
271.4,0.166666666667,1.66666666667,6.55309054627e-36,1.18978692667e-72
271.5,0.166666666667,1.66666666667,6.36737169374e-36,1.12049913006e-72
271.6,0.166666666667,1.66666666667,6.18691623441e-36,1.05524634061e-72
271.7,0.166666666667,1.66666666667,6.01157500029e-36,9.93793577778e-73
271.8,0.166666666667,1.66666666667,5.8412030509e-36,9.35919545255e-73
271.9,0.166666666667,1.66666666667,5.67565955347e-36,8.8141583401e-73
272,0.166666666667,1.66666666667,5.51480766655e-36,8.30086171811e-73
272.1,0.166666666667,1.66666666667,5.35851442682e-36,7.81745716431e-73
272.2,0.166666666667,1.66666666667,5.20665063926e-36,7.36220390016e-73
272.3,0.166666666667,1.66666666667,5.05909077031e-36,6.9334625222e-73
272.4,0.166666666667,1.66666666667,4.91571284412e-36,6.52968909834e-73
272.5,0.166666666667,1.66666666667,4.7763983417e-36,6.14942960816e-73
272.6,0.166666666667,1.66666666667,4.64103210298e-36,5.79131470674e-73
272.7,0.166666666667,1.66666666667,4.5095022316e-36,5.45405479363e-73
272.8,0.166666666667,1.66666666667,4.38170000241e-36,5.13643536887e-73
272.9,0.166666666667,1.66666666667,4.2575197716e-36,4.83731265946e-73
273,0.166666666667,1.66666666667,4.13685888939e-36,4.55560950054e-73
273.1,0.166666666667,1.66666666667,4.01961761512e-36,4.29031145647e-73
273.2,0.166666666667,1.66666666667,3.90569903491e-36,4.04046316773e-73
273.3,0.166666666667,1.66666666667,3.79500898142e-36,3.80516491063e-73
273.4,0.166666666667,1.66666666667,3.68745595612e-36,3.58356935727e-73
273.5,0.166666666667,1.66666666667,3.58295105357e-36,3.37487852432e-73
273.6,0.166666666667,1.66666666667,3.48140788801e-36,3.17834089936e-73
273.7,0.166666666667,1.66666666667,3.38274252186e-36,2.99324873466e-73
273.8,0.166666666667,1.66666666667,3.28687339643e-36,2.8189354985e-73
273.9,0.166666666667,1.66666666667,3.19372126443e-36,2.65477347495e-73
274,0.166666666667,1.66666666667,3.1032091245e-36,2.50017150341e-73
274.1,0.166666666667,1.66666666667,3.01526215754e-36,2.35457284979e-73
274.2,0.166666666667,1.66666666667,2.92980766489e-36,2.21745320168e-73
274.3,0.166666666667,1.66666666667,2.84677500819e-36,2.08831878022e-73
274.4,0.166666666667,1.66666666667,2.76609555104e-36,1.96670456203e-73
274.5,0.166666666667,1.66666666667,2.68770260224e-36,1.85217260456e-73
274.6,0.166666666667,1.66666666667,2.61153136064e-36,1.74431046905e-73
274.7,0.166666666667,1.66666666667,2.53751886162e-36,1.64272973532e-73
274.8,0.166666666667,1.66666666667,2.46560392501e-36,1.54706460299e-73
274.9,0.166666666667,1.66666666667,2.39572710452e-36,1.45697057426e-73
275,0.166666666667,1.66666666667,2.32783063863e-36,1.37212321331e-73
275.1,0.166666666667,1.66666666667,2.26185840277e-36,1.29221697801e-73
275.2,0.166666666667,1.66666666667,2.19775586304e-36,1.21696411958e-73
275.3,0.166666666667,1.66666666667,2.13547003101e-36,1.14609364647e-73
275.4,0.166666666667,1.66666666667,2.07494942002e-36,1.07935034841e-73
275.5,0.166666666667,1.66666666667,2.01614400254e-36,1.01649387744e-73
275.6,0.166666666667,1.66666666667,1.95900516889e-36,9.57297882384e-74
275.7,0.166666666667,1.66666666667,1.90348568697e-36,9.01549193705e-74
275.8,0.166666666667,1.66666666667,1.84953966332e-36,8.49047055913e-74
275.9,0.166666666667,1.66666666667,1.79712250511e-36,7.99602404604e-74
276,0.166666666667,1.66666666667,1.74619088328e-36,7.53037185625e-74
276.1,0.166666666667,1.66666666667,1.69670269678e-36,7.09183713892e-74
276.2,0.166666666667,1.66666666667,1.6486170377e-36,6.6788406954e-74
276.3,0.166666666667,1.66666666667,1.60189415751e-36,6.28989529239e-74
276.4,0.166666666667,1.66666666667,1.55649543416e-36,5.92360030633e-74
276.5,0.166666666667,1.66666666667,1.51238334018e-36,5.57863667964e-74
276.6,0.166666666667,1.66666666667,1.46952141167e-36,5.25376217064e-74
276.7,0.166666666667,1.66666666667,1.42787421812e-36,4.9478068802e-74
276.8,0.166666666667,1.66666666667,1.38740733315e-36,4.6596690388e-74
276.9,0.166666666667,1.66666666667,1.34808730605e-36,4.38831103898e-74
277,0.166666666667,1.66666666667,1.30988163411e-36,4.13275569885e-74
277.1,0.166666666667,1.66666666667,1.27275873579e-36,3.89208274315e-74
277.2,0.166666666667,1.66666666667,1.23668792458e-36,3.66542548928e-74
277.3,0.166666666667,1.66666666667,1.20163938364e-36,3.4519677263e-74
277.4,0.166666666667,1.66666666667,1.16758414117e-36,3.25094077571e-74
277.5,0.166666666667,1.66666666667,1.13449404645e-36,3.06162072335e-74
277.6,0.166666666667,1.66666666667,1.10234174655e-36,2.88332581254e-74
277.7,0.166666666667,1.66666666667,1.07110066376e-36,2.71541398902e-74
277.8,0.166666666667,1.66666666667,1.0407449736e-36,2.55728058886e-74
277.9,0.166666666667,1.66666666667,1.01124958347e-36,2.40835616101e-74
278,0.166666666667,1.66666666667,9.8259011189e-37,2.26810441668e-74
278.1,0.166666666667,1.66666666667,9.54742868396e-37,2.1360202981e-74
278.2,0.166666666667,1.66666666667,9.27684833912e-37,2.01162815976e-74
278.3,0.166666666667,1.66666666667,9.01393641743e-37,1.89448005563e-74
278.4,0.166666666667,1.66666666667,8.75847559076e-37,1.78415412597e-74
278.5,0.166666666667,1.66666666667,8.51025469025e-37,1.68025307829e-74
278.6,0.166666666667,1.66666666667,8.26906853165e-37,1.58240275658e-74
278.7,0.166666666667,1.66666666667,8.03471774582e-37,1.49025079399e-74
278.8,0.166666666667,1.66666666667,7.80700861384e-37,1.40346534393e-74
278.9,0.166666666667,1.66666666667,7.58575290691e-37,1.32173388503e-74
279,0.166666666667,1.66666666667,7.37076773076e-37,1.24476209576e-74
279.1,0.166666666667,1.66666666667,7.16187537448e-37,1.17227279454e-74
279.2,0.166666666667,1.66666666667,6.95890316357e-37,1.10400494158e-74
279.3,0.166666666667,1.66666666667,6.76168331726e-37,1.03971269888e-74
279.4,0.166666666667,1.66666666667,6.5700528098e-37,9.79164544925e-75
279.5,0.166666666667,1.66666666667,6.38385323569e-37,9.22142440954e-75
279.6,0.166666666667,1.66666666667,6.20293067873e-37,8.68441045804e-75
279.7,0.166666666667,1.66666666667,6.02713558483e-37,8.17866976448e-75
279.8,0.166666666667,1.66666666667,5.85632263834e-37,7.70238111609e-75
279.9,0.166666666667,1.66666666667,5.69035064196e-37,7.25382935928e-75
280,0.166666666667,1.66666666667,5.52908240002e-37,6.83139922325e-75
280.1,0.166666666667,1.66666666667,5.37238460505e-37,6.43356950322e-75
280.2,0.166666666667,1.66666666667,5.22012772761e-37,6.05890758248e-75
280.3,0.166666666667,1.66666666667,5.0721859092e-37,5.70606427345e-75
280.4,0.166666666667,1.66666666667,4.92843685825e-37,5.37376895909e-75
280.5,0.166666666667,1.66666666667,4.78876174899e-37,5.06082501735e-75
280.6,0.166666666667,1.66666666667,4.65304512326e-37,4.76610551202e-75
280.7,0.166666666667,1.66666666667,4.52117479507e-37,4.48854913454e-75
280.8,0.166666666667,1.66666666667,4.39304175783e-37,4.22715638217e-75
280.9,0.166666666667,1.66666666667,4.26854009429e-37,3.98098595864e-75
281,0.166666666667,1.66666666667,4.14756688895e-37,3.74915138455e-75
281.1,0.166666666667,1.66666666667,4.03002214301e-37,3.53081780501e-75
281.2,0.166666666667,1.66666666667,3.9158086917e-37,3.32519898331e-75
281.3,0.166666666667,1.66666666667,3.80483212396e-37,3.13155446959e-75
281.4,0.166666666667,1.66666666667,3.6970007044e-37,2.94918693445e-75
281.5,0.166666666667,1.66666666667,3.59222529747e-37,2.77743965778e-75
281.6,0.166666666667,1.66666666667,3.49041929379e-37,2.61569416387e-75
281.7,0.166666666667,1.66666666667,3.39149853854e-37,2.46336799423e-75
281.8,0.166666666667,1.66666666667,3.2953812619e-37,2.31991261014e-75
281.9,0.166666666667,1.66666666667,3.20198801145e-37,2.18481141724e-75
282,0.166666666667,1.66666666667,3.11124158653e-37,2.05757790533e-75
282.1,0.166666666667,1.66666666667,3.02306697437e-37,1.93775389633e-75
282.2,0.166666666667,1.66666666667,2.93739128812e-37,1.82490789438e-75
282.3,0.166666666667,1.66666666667,2.8541437066e-37,1.71863353198e-75
282.4,0.166666666667,1.66666666667,2.77325541575e-37,1.61854810665e-75
282.5,0.166666666667,1.66666666667,2.69465955171e-37,1.52429120275e-75
282.6,0.166666666667,1.66666666667,2.61829114564e-37,1.4355233936e-75
282.7,0.166666666667,1.66666666667,2.54408706991e-37,1.35192501923e-75
282.8,0.166666666667,1.66666666667,2.471985986e-37,1.27319503517e-75
282.9,0.166666666667,1.66666666667,2.40192829375e-37,1.19904992846e-75
283,0.166666666667,1.66666666667,2.33385608211e-37,1.12922269662e-75
283.1,0.166666666667,1.66666666667,2.26771308127e-37,1.0634618862e-75
283.2,0.166666666667,1.66666666667,2.20344461614e-37,1.00153068724e-75
283.3,0.166666666667,1.66666666667,2.14099756114e-37,9.43206080541e-76
283.4,0.166666666667,1.66666666667,2.08032029635e-37,8.88278034515e-76
283.5,0.166666666667,1.66666666667,2.02136266474e-37,8.36548748868e-76
283.6,0.166666666667,1.66666666667,1.9640759308e-37,7.87831942299e-76
283.7,0.166666666667,1.66666666667,1.90841274019e-37,7.41952181683e-76
283.8,0.166666666667,1.66666666667,1.85432708065e-37,6.98744250325e-76
283.9,0.166666666667,1.66666666667,1.80177424391e-37,6.58052553002e-76
284,0.166666666667,1.66666666667,1.75071078877e-37,6.19730555652e-76
284.1,0.166666666667,1.66666666667,1.70109450521e-37,5.83640257692e-76
284.2,0.166666666667,1.66666666667,1.65288437942e-37,5.49651695067e-76
284.3,0.166666666667,1.66666666667,1.60604055998e-37,5.17642472239e-76
284.4,0.166666666667,1.66666666667,1.56052432489e-37,4.87497321432e-76
284.5,0.166666666667,1.66666666667,1.51629804953e-37,4.59107687542e-76
284.6,0.166666666667,1.66666666667,1.47332517561e-37,4.32371337223e-76
284.7,0.166666666667,1.66666666667,1.43157018091e-37,4.07191990735e-76
284.8,0.166666666667,1.66666666667,1.39099854995e-37,3.83478975234e-76
284.9,0.166666666667,1.66666666667,1.35157674542e-37,3.61146898251e-76
285,0.166666666667,1.66666666667,1.3132721805e-37,3.40115340187e-76
285.1,0.166666666667,1.66666666667,1.27605319189e-37,3.20308564716e-76
285.2,0.166666666667,1.66666666667,1.23988901365e-37,3.01655246053e-76
285.3,0.166666666667,1.66666666667,1.20474975176e-37,2.84088212103e-76
285.4,0.166666666667,1.66666666667,1.17060635943e-37,2.67544202568e-76
285.5,0.166666666667,1.66666666667,1.13743061307e-37,2.51963641145e-76
285.6,0.166666666667,1.66666666667,1.10519508897e-37,2.37290420983e-76
285.7,0.166666666667,1.66666666667,1.0738731406e-37,2.23471702641e-76
285.8,0.166666666667,1.66666666667,1.04343887664e-37,2.10457723807e-76
285.9,0.166666666667,1.66666666667,1.01386713954e-37,1.98201620101e-76
286,0.166666666667,1.66666666667,9.85133484717e-38,1.8665925631e-76
286.1,0.166666666667,1.66666666667,9.57214160381e-38,1.75789067458e-76
286.2,0.166666666667,1.66666666667,9.30086087874e-38,1.65551909124e-76
286.3,0.166666666667,1.66666666667,9.03726842603e-38,1.5591091648e-76
286.4,0.166666666667,1.66666666667,8.78114635505e-38,1.4683137154e-76
286.5,0.166666666667,1.66666666667,8.53228295032e-38,1.38280578134e-76
286.6,0.166666666667,1.66666666667,8.29047249649e-38,1.3022774417e-76
286.7,0.166666666667,1.66666666667,8.05551510837e-38,1.22643870748e-76
286.8,0.166666666667,1.66666666667,7.82721656559e-38,1.15501647732e-76
286.9,0.166666666667,1.66666666667,7.60538815215e-38,1.08775355405e-76
287,0.166666666667,1.66666666667,7.38984650037e-38,1.02440771848e-76
287.1,0.166666666667,1.66666666667,7.18041343933e-38,9.64750857198e-77
287.2,0.166666666667,1.66666666667,6.97691584759e-38,9.08568141054e-77
287.3,0.166666666667,1.66666666667,6.77918551009e-38,8.5565725159e-77
287.4,0.166666666667,1.66666666667,6.5870589791e-38,8.05827652452e-77
287.5,0.166666666667,1.66666666667,6.40037743907e-38,7.58899903261e-77
287.6,0.166666666667,1.66666666667,6.21898657543e-38,7.14705013433e-77
287.7,0.166666666667,1.66666666667,6.04273644696e-38,6.73083833626e-77
287.8,0.166666666667,1.66666666667,5.87148136188e-38,6.33886482638e-77
287.9,0.166666666667,1.66666666667,5.70507975741e-38,5.96971807668e-77
288,0.166666666667,1.66666666667,5.54339408275e-38,5.62206876012e-77
288.1,0.166666666667,1.66666666667,5.38629068537e-38,5.29466496365e-77
288.2,0.166666666667,1.66666666667,5.23363970056e-38,4.98632767998e-77
288.3,0.166666666667,1.66666666667,5.08531494405e-38,4.69594656184e-77
288.4,0.166666666667,1.66666666667,4.9411938077e-38,4.42247592355e-77
288.5,0.166666666667,1.66666666667,4.80115715818e-38,4.16493097543e-77
288.6,0.166666666667,1.66666666667,4.66508923849e-38,3.92238427749e-77
288.7,0.166666666667,1.66666666667,4.53287757223e-38,3.69396239963e-77
288.8,0.166666666667,1.66666666667,4.40441287066e-38,3.47884277637e-77
288.9,0.166666666667,1.66666666667,4.27958894238e-38,3.2762507447e-77
289,0.166666666667,1.66666666667,4.15830260549e-38,3.08545675449e-77
289.1,0.166666666667,1.66666666667,4.04045360236e-38,2.90577374129e-77
289.2,0.166666666667,1.66666666667,3.9259445167e-38,2.73655465217e-77
289.3,0.166666666667,1.66666666667,3.81468069308e-38,2.57719011563e-77
289.4,0.166666666667,1.66666666667,3.70657015866e-38,2.42710624721e-77
289.5,0.166666666667,1.66666666667,3.60152354717e-38,2.28576258286e-77
289.6,0.166666666667,1.66666666667,3.49945402504e-38,2.15265013273e-77
289.7,0.166666666667,1.66666666667,3.40027721962e-38,2.02728954823e-77
289.8,0.166666666667,1.66666666667,3.30391114944e-38,1.90922939583e-77
289.9,0.166666666667,1.66666666667,3.21027615643e-38,1.79804453147e-77
290,0.166666666667,1.66666666667,3.11929484008e-38,1.69333456954e-77
290.1,0.166666666667,1.66666666667,3.03089199347e-38,1.59472244109e-77
290.2,0.166666666667,1.66666666667,2.94499454109e-38,1.50185303593e-77
290.3,0.166666666667,1.66666666667,2.86153147843e-38,1.41439192389e-77
290.4,0.166666666667,1.66666666667,2.78043381331e-38,1.33202415051e-77
290.5,0.166666666667,1.66666666667,2.70163450882e-38,1.25445310283e-77
290.6,0.166666666667,1.66666666667,2.62506842792e-38,1.18139944129e-77
290.7,0.166666666667,1.66666666667,2.5506722796e-38,1.1126000938e-77
290.8,0.166666666667,1.66666666667,2.47838456656e-38,1.04780730841e-77
290.9,0.166666666667,1.66666666667,2.40814553437e-38,9.8678776109e-78
291,0.166666666667,1.66666666667,2.33989712208e-38,9.2932171557e-78
291.1,0.166666666667,1.66666666667,2.27358291424e-38,8.75202232015e-78
291.2,0.166666666667,1.66666666667,2.20914809421e-38,8.24234421826e-78
291.3,0.166666666667,1.66666666667,2.14653939894e-38,7.76234745835e-78
291.4,0.166666666667,1.66666666667,2.08570507485e-38,7.31030353364e-78
291.5,0.166666666667,1.66666666667,2.02659483512e-38,6.88458459772e-78
291.6,0.166666666667,1.66666666667,1.96915981806e-38,6.4836576026e-78
291.7,0.166666666667,1.66666666667,1.91335254678e-38,6.10607877803e-78
291.8,0.166666666667,1.66666666667,1.8591268899e-38,5.75048843243e-78
291.9,0.166666666667,1.66666666667,1.80643802344e-38,5.41560605645e-78
292,0.166666666667,1.66666666667,1.75524239376e-38,5.10022571183e-78
292.1,0.166666666667,1.66666666667,1.70549768155e-38,4.80321168868e-78
292.2,0.166666666667,1.66666666667,1.65716276688e-38,4.5234944157e-78
292.3,0.166666666667,1.66666666667,1.61019769516e-38,4.26006660858e-78
292.4,0.166666666667,1.66666666667,1.56456364415e-38,4.01197964267e-78
292.5,0.166666666667,1.66666666667,1.52022289185e-38,3.77834013693e-78
292.6,0.166666666667,1.66666666667,1.47713878534e-38,3.55830673678e-78
292.7,0.166666666667,1.66666666667,1.43527571046e-38,3.35108708431e-78
292.8,0.166666666667,1.66666666667,1.39459906238e-38,3.15593496496e-78
292.9,0.166666666667,1.66666666667,1.35507521699e-38,2.9721476203e-78
293,0.166666666667,1.66666666667,1.3166715031e-38,2.79906321738e-78
293.1,0.166666666667,1.66666666667,1.27935617548e-38,2.63605846539e-78
293.2,0.166666666667,1.66666666667,1.24309838853e-38,2.48254637116e-78
293.3,0.166666666667,1.66666666667,1.20786817087e-38,2.33797412534e-78
293.4,0.166666666667,1.66666666667,1.17363640051e-38,2.20182111168e-78
293.5,0.166666666667,1.66666666667,1.14037478082e-38,2.07359703228e-78
293.6,0.166666666667,1.66666666667,1.10805581708e-38,1.95284014195e-78
293.7,0.166666666667,1.66666666667,1.07665279382e-38,1.83911558545e-78
293.8,0.166666666667,1.66666666667,1.04613975268e-38,1.73201383154e-78
293.9,0.166666666667,1.66666666667,1.01649147099e-38,1.63114919822e-78
294,0.166666666667,1.66666666667,9.87683440904e-39,1.53615846387e-78
294.1,0.166666666667,1.66666666667,9.5969184915e-39,1.44669955924e-78
294.2,0.166666666667,1.66666666667,9.3249355733e-39,1.36245033564e-78
294.3,0.166666666667,1.66666666667,9.06066082808e-39,1.28310740488e-78
294.4,0.166666666667,1.66666666667,8.8038758012e-39,1.2083850467e-78
294.5,0.166666666667,1.66666666667,8.55436822916e-39,1.13801417989e-78
294.6,0.166666666667,1.66666666667,8.31193186415e-39,1.07174139334e-78
294.7,0.166666666667,1.66666666667,8.07636630357e-39,1.00932803342e-78
294.8,0.166666666667,1.66666666667,7.84747682435e-39,9.5054934463e-79
294.9,0.166666666667,1.66666666667,7.62507422198e-39,8.95193660195e-79
295,0.166666666667,1.66666666667,7.40897465417e-39,8.43061639862e-79
295.1,0.166666666667,1.66666666667,7.1989994888e-39,7.93965552048e-79
295.2,0.166666666667,1.66666666667,6.99497515632e-39,7.47728597806e-79
295.3,0.166666666667,1.66666666667,6.79673300625e-39,7.04184274161e-79
295.4,0.166666666667,1.66666666667,6.60410916779e-39,6.63175774513e-79
295.5,0.166666666667,1.66666666667,6.41694441432e-39,6.24555423969e-79
295.6,0.166666666667,1.66666666667,6.23508403181e-39,5.88184147552e-79
295.7,0.166666666667,1.66666666667,6.05837769095e-39,5.53930969382e-79
295.8,0.166666666667,1.66666666667,5.88667932283e-39,5.21672541018e-79
295.9,0.166666666667,1.66666666667,5.71984699825e-39,4.91292697276e-79
296,0.166666666667,1.66666666667,5.55774281037e-39,4.62682037904e-79
296.1,0.166666666667,1.66666666667,5.40023276071e-39,4.35737533624e-79
296.2,0.166666666667,1.66666666667,5.24718664841e-39,4.10362155119e-79
296.3,0.166666666667,1.66666666667,5.09847796257e-39,3.86464523617e-79
296.4,0.166666666667,1.66666666667,4.95398377771e-39,3.63958581831e-79
296.5,0.166666666667,1.66666666667,4.81358465212e-39,3.42763284062e-79
296.6,0.166666666667,1.66666666667,4.67716452915e-39,3.22802304345e-79
296.7,0.166666666667,1.66666666667,4.54461064129e-39,3.04003761591e-79
296.8,0.166666666667,1.66666666667,4.41581341691e-39,2.86299960743e-79
296.9,0.166666666667,1.66666666667,4.29066638973e-39,2.69627148995e-79
297,0.166666666667,1.66666666667,4.16906611077e-39,2.53925286215e-79
297.1,0.166666666667,1.66666666667,4.05091206289e-39,2.39137828738e-79
297.2,0.166666666667,1.66666666667,3.93610657764e-39,2.25211525743e-79
297.3,0.166666666667,1.66666666667,3.8245547546e-39,2.120962275e-79
297.4,0.166666666667,1.66666666667,3.71616438285e-39,1.99744704766e-79
297.5,0.166666666667,1.66666666667,3.6108458648e-39,1.8811247872e-79
297.6,0.166666666667,1.66666666667,3.50851214212e-39,1.77157660784e-79
297.7,0.166666666667,1.66666666667,3.40907862377e-39,1.66840801779e-79
297.8,0.166666666667,1.66666666667,3.31246311606e-39,1.5712474987e-79
297.9,0.166666666667,1.66666666667,3.21858575475e-39,1.47974516776e-79
298,0.166666666667,1.66666666667,3.12736893897e-39,1.39357151774e-79
298.1,0.166666666667,1.66666666667,3.03873726714e-39,1.31241623042e-79
298.2,0.166666666667,1.66666666667,2.9526174746e-39,1.23598705911e-79
298.3,0.166666666667,1.66666666667,2.86893837304e-39,1.16400877624e-79
298.4,0.166666666667,1.66666666667,2.78763079171e-39,1.09622218225e-79
298.5,0.166666666667,1.66666666667,2.70862752016e-39,1.03238317217e-79
298.6,0.166666666667,1.66666666667,2.63186325277e-39,9.72261856619e-80
298.7,0.166666666667,1.66666666667,2.55727453469e-39,9.15641733921e-80
298.8,0.166666666667,1.66666666667,2.48479970944e-39,8.62318910477e-80
298.9,0.166666666667,1.66666666667,2.41437886793e-39,8.12101366527e-80
299,0.166666666667,1.66666666667,2.34595379891e-39,7.6480826467e-80
299.1,0.166666666667,1.66666666667,2.2794679409e-39,7.20269298659e-80
299.2,0.166666666667,1.66666666667,2.21486633538e-39,6.78324080107e-80
299.3,0.166666666667,1.66666666667,2.15209558143e-39,6.38821560922e-80
299.4,0.166666666667,1.66666666667,2.09110379152e-39,6.01619489365e-80
299.5,0.166666666667,1.66666666667,2.03184054864e-39,5.66583897798e-80
299.6,0.166666666667,1.66666666667,1.97425686464e-39,5.33588620246e-80
299.7,0.166666666667,1.66666666667,1.91830513974e-39,5.02514838072e-80
299.8,0.166666666667,1.66666666667,1.86393912315e-39,4.73250652097e-80
299.9,0.166666666667,1.66666666667,1.81111387487e-39,4.45690679641e-80
300,0.166666666667,1.66666666667,1.75978572852e-39,4.19735675035e-80
300.1,0.166666666667,1.66666666667,1.70991225525e-39,3.95292172228e-80
300.2,0.166666666667,1.66666666667,1.66145222868e-39,3.72272148208e-80
300.3,0.166666666667,1.66666666667,1.61436559082e-39,3.50592706024e-80
300.4,0.166666666667,1.66666666667,1.56861341893e-39,3.30175776267e-80
300.5,0.166666666667,1.66666666667,1.52415789338e-39,3.10947835937e-80
300.6,0.166666666667,1.66666666667,1.48096226637e-39,2.9283964368e-80
300.7,0.166666666667,1.66666666667,1.43899083154e-39,2.75785990446e-80
300.8,0.166666666667,1.66666666667,1.39820889451e-39,2.59725464661e-80
300.9,0.166666666667,1.66666666667,1.35858274413e-39,2.44600231087e-80
301,0.166666666667,1.66666666667,1.32007962464e-39,2.30355822544e-80
301.1,0.166666666667,1.66666666667,1.28266770863e-39,2.16940943777e-80
301.2,0.166666666667,1.66666666667,1.24631607068e-39,2.04307286732e-80
301.3,0.166666666667,1.66666666667,1.21099466181e-39,1.92409356597e-80
301.4,0.166666666667,1.66666666667,1.17667428467e-39,1.81204307973e-80
301.5,0.166666666667,1.66666666667,1.14332656936e-39,1.70651790582e-80
301.6,0.166666666667,1.66666666667,1.11092395001e-39,1.60713803962e-80
301.7,0.166666666667,1.66666666667,1.07943964199e-39,1.51354560629e-80
301.8,0.166666666667,1.66666666667,1.04884761976e-39,1.42540357197e-80
301.9,0.166666666667,1.66666666667,1.01912259535e-39,1.34239453013e-80
302,0.166666666667,1.66666666667,9.90239997494e-40,1.26421955855e-80
302.1,0.166666666667,1.66666666667,9.62175951261e-40,1.19059714291e-80
302.2,0.166666666667,1.66666666667,9.3490725837e-40,1.12126216298e-80
302.3,0.166666666667,1.66666666667,9.08411377989e-40,1.05596493794e-80
302.4,0.166666666667,1.66666666667,8.82666408108e-40,9.94470327265e-81
302.5,0.166666666667,1.66666666667,8.57651067435e-40,9.3655688392e-81
302.6,0.166666666667,1.66666666667,8.33344677804e-40,8.82016056961e-81
302.7,0.166666666667,1.66666666667,8.09727147079e-40,8.30651440498e-81
302.8,0.166666666667,1.66666666667,7.86778952552e-40,7.82278066432e-81
302.9,0.166666666667,1.66666666667,7.64481124798e-40,7.36721738367e-81
303,0.166666666667,1.66666666667,7.42815231999e-40,6.93818404315e-81
303.1,0.166666666667,1.66666666667,7.21763364709e-40,6.53413565933e-81
303.2,0.166666666667,1.66666666667,7.01308121043e-40,6.15361722159e-81
303.3,0.166666666667,1.66666666667,6.814325923e-40,5.79525845255e-81
303.4,0.166666666667,1.66666666667,6.62120348982e-40,5.45776887357e-81
303.5,0.166666666667,1.66666666667,6.43355427214e-40,5.13993315763e-81
303.6,0.166666666667,1.66666666667,6.25122315545e-40,4.84060675285e-81
303.7,0.166666666667,1.66666666667,6.07405942131e-40,4.55871176087e-81
303.8,0.166666666667,1.66666666667,5.90191662275e-40,4.29323305522e-81
303.9,0.166666666667,1.66666666667,5.73465246317e-40,4.04321462582e-81
304,0.166666666667,1.66666666667,5.57212867877e-40,3.80775613627e-81
304.1,0.166666666667,1.66666666667,5.41421092424e-40,3.58600968168e-81
304.2,0.166666666667,1.66666666667,5.26076866168e-40,3.3771767353e-81
304.3,0.166666666667,1.66666666667,5.11167505274e-40,3.18050527295e-81
304.4,0.166666666667,1.66666666667,4.96680685375e-40,2.99528706494e-81
304.5,0.166666666667,1.66666666667,4.82604431384e-40,2.82085512567e-81
304.6,0.166666666667,1.66666666667,4.68927107595e-40,2.65658131174e-81
304.7,0.166666666667,1.66666666667,4.55637408067e-40,2.50187405998e-81
304.8,0.166666666667,1.66666666667,4.42724347276e-40,2.35617625718e-81
304.9,0.166666666667,1.66666666667,4.30177251035e-40,2.21896323389e-81
305,0.166666666667,1.66666666667,4.1798574767e-40,2.08974087501e-81
305.1,0.166666666667,1.66666666667,4.06139759448e-40,1.96804384046e-81
305.2,0.166666666667,1.66666666667,3.94629494245e-40,1.85343388949e-81
305.3,0.166666666667,1.66666666667,3.83445437451e-40,1.74549830247e-81
305.4,0.166666666667,1.66666666667,3.72578344109e-40,1.64384839469e-81
305.5,0.166666666667,1.66666666667,3.62019231267e-40,1.54811811671e-81
305.6,0.166666666667,1.66666666667,3.51759370557e-40,1.45796273612e-81
305.7,0.166666666667,1.66666666667,3.4179028098e-40,1.37305759617e-81
305.8,0.166666666667,1.66666666667,3.32103721891e-40,1.29309694664e-81
305.9,0.166666666667,1.66666666667,3.22691686194e-40,1.21779284283e-81
306,0.166666666667,1.66666666667,3.13546393716e-40,1.14687410863e-81
306.1,0.166666666667,1.66666666667,3.04660284782e-40,1.08008536e-81
306.2,0.166666666667,1.66666666667,2.96026013959e-40,1.01718608529e-81
306.3,0.166666666667,1.66666666667,2.87636443994e-40,9.57949779181e-82
306.4,0.166666666667,1.66666666667,2.79484639903e-40,9.02163126989e-82
306.5,0.166666666667,1.66666666667,2.71563863247e-40,8.49625236506e-82
306.6,0.166666666667,1.66666666667,2.63867566559e-40,8.0014691458e-82
306.7,0.166666666667,1.66666666667,2.5638938793e-40,7.53549985809e-82
306.8,0.166666666667,1.66666666667,2.49123145752e-40,7.09666650918e-82
306.9,0.166666666667,1.66666666667,2.42062833607e-40,6.68338882503e-82
307,0.166666666667,1.66666666667,2.35202615306e-40,6.29417855957e-82
307.1,0.166666666667,1.66666666667,2.28536820058e-40,5.92763413545e-82
307.2,0.166666666667,1.66666666667,2.22059937786e-40,5.58243559683e-82
307.3,0.166666666667,1.66666666667,2.15766614576e-40,5.25733985612e-82
307.4,0.166666666667,1.66666666667,2.09651648242e-40,4.9511762175e-82
307.5,0.166666666667,1.66666666667,2.03709984036e-40,4.66284216117e-82
307.6,0.166666666667,1.66666666667,1.97936710461e-40,4.39129937309e-82
307.7,0.166666666667,1.66666666667,1.92327055218e-40,4.13557000593e-82
307.8,0.166666666667,1.66666666667,1.86876381257e-40,3.89473315774e-82
307.9,0.166666666667,1.66666666667,1.81580182945e-40,3.66792155574e-82
308,0.166666666667,1.66666666667,1.76434082341e-40,3.45431843317e-82
308.1,0.166666666667,1.66666666667,1.71433825579e-40,3.25315458806e-82
308.2,0.166666666667,1.66666666667,1.66575279349e-40,3.06370561331e-82
308.3,0.166666666667,1.66666666667,1.61854427482e-40,2.88528928796e-82
308.4,0.166666666667,1.66666666667,1.5726736763e-40,2.71726312053e-82
308.5,0.166666666667,1.66666666667,1.52810308041e-40,2.55902203533e-82
308.6,0.166666666667,1.66666666667,1.48479564423e-40,2.40999619354e-82
308.7,0.166666666667,1.66666666667,1.44271556899e-40,2.26964894115e-82
308.8,0.166666666667,1.66666666667,1.40182807047e-40,2.13747487646e-82
308.9,0.166666666667,1.66666666667,1.36209935028e-40,2.01299803008e-82
309,0.166666666667,1.66666666667,1.32349656789e-40,1.89577015091e-82
309.1,0.166666666667,1.66666666667,1.28598781348e-40,1.78536909195e-82
309.2,0.166666666667,1.66666666667,1.24954208159e-40,1.68139729016e-82
309.3,0.166666666667,1.66666666667,1.21412924548e-40,1.58348033474e-82
309.4,0.166666666667,1.66666666667,1.17972003219e-40,1.49126561889e-82
309.5,0.166666666667,1.66666666667,1.14628599841e-40,1.40442107002e-82
309.6,0.166666666667,1.66666666667,1.11379950692e-40,1.32263395397e-82
309.7,0.166666666667,1.66666666667,1.08223370375e-40,1.24560974876e-82
309.8,0.166666666667,1.66666666667,1.05156249599e-40,1.17307108407e-82
309.9,0.166666666667,1.66666666667,1.02176053022e-40,1.10475674235e-82
310,0.166666666667,1.66666666667,9.92803171569e-41,1.04042071818e-82
310.1,0.166666666667,1.66666666667,9.64666483314e-41,9.79831332393e-83
310.2,0.166666666667,1.66666666667,9.37327207123e-41,9.22770397743e-83
310.3,0.166666666667,1.66666666667,9.10762743819e-41,8.69032433237e-83
310.4,0.166666666667,1.66666666667,8.849511347e-41,8.18423924157e-83
310.5,0.166666666667,1.66666666667,8.59871043388e-41,7.70762625209e-83
310.6,0.166666666667,1.66666666667,8.35501738193e-41,7.25876904234e-83
310.7,0.166666666667,1.66666666667,8.11823074972e-41,6.83605124156e-83
310.8,0.166666666667,1.66666666667,7.88815480484e-41,6.43795060907e-83
310.9,0.166666666667,1.66666666667,7.66459936202e-41,6.06303355259e-83
311,0.166666666667,1.66666666667,7.447379626e-41,5.70994996577e-83
311.1,0.166666666667,1.66666666667,7.23631603873e-41,5.3774283663e-83
311.2,0.166666666667,1.66666666667,7.03123413093e-41,5.06427131728e-83
311.3,0.166666666667,1.66666666667,6.83196437792e-41,4.76935111506e-83
311.4,0.166666666667,1.66666666667,6.63834205944e-41,4.49160572838e-83
311.5,0.166666666667,1.66666666667,6.45020712353e-41,4.23003497384e-83
311.6,0.166666666667,1.66666666667,6.26740405419e-41,3.98369691418e-83
311.7,0.166666666667,1.66666666667,6.08978174285e-41,3.75170446633e-83
311.8,0.166666666667,1.66666666667,5.91719336346e-41,3.53322220688e-83
311.9,0.166666666667,1.66666666667,5.7494962511e-41,3.32746336371e-83
312,0.166666666667,1.66666666667,5.58655178409e-41,3.13368698275e-83
312.1,0.166666666667,1.66666666667,5.42822526936e-41,2.95119525971e-83
312.2,0.166666666667,1.66666666667,5.27438583114e-41,2.77933102728e-83
312.3,0.166666666667,1.66666666667,5.12490630275e-41,2.61747538858e-83
312.4,0.166666666667,1.66666666667,4.97966312152e-41,2.4650454885e-83
312.5,0.166666666667,1.66666666667,4.83853622661e-41,2.32149241474e-83
312.6,0.166666666667,1.66666666667,4.70140895978e-41,2.18629922119e-83
312.7,0.166666666667,1.66666666667,4.56816796897e-41,2.05897906632e-83
312.8,0.166666666667,1.66666666667,4.43870311459e-41,1.93907346005e-83
312.9,0.166666666667,1.66666666667,4.31290737847e-41,1.82615061269e-83
313,0.166666666667,1.66666666667,4.19067677541e-41,1.71980388002e-83
313.1,0.166666666667,1.66666666667,4.07191026722e-41,1.61965029892e-83
313.2,0.166666666667,1.66666666667,3.9565096792e-41,1.52532920834e-83
313.3,0.166666666667,1.66666666667,3.84437961897e-41,1.43650095045e-83
313.4,0.166666666667,1.66666666667,3.73542739765e-41,1.3528456476e-83
313.5,0.166666666667,1.66666666667,3.62956295323e-41,1.27406205032e-83
313.6,0.166666666667,1.66666666667,3.52669877608e-41,1.19986645258e-83
313.7,0.166666666667,1.66666666667,3.42674983668e-41,1.12999167008e-83
313.8,0.166666666667,1.66666666667,3.32963351529e-41,1.06418607813e-83
313.9,0.166666666667,1.66666666667,3.23526953368e-41,1.00221270551e-83
314,0.166666666667,1.66666666667,3.14357988875e-41,9.43848381161e-84
314.1,0.166666666667,1.66666666667,3.05448878805e-41,8.88882930459e-84
314.2,0.166666666667,1.66666666667,2.96792258715e-41,8.37118418415e-84
314.3,0.166666666667,1.66666666667,2.88380972874e-41,7.88368436874e-84
314.4,0.166666666667,1.66666666667,2.8020806835e-41,7.42457433246e-84
314.5,0.166666666667,1.66666666667,2.72266789261e-41,6.99220078327e-84
314.6,0.166666666667,1.66666666667,2.64550571192e-41,6.58500670939e-84
314.7,0.166666666667,1.66666666667,2.57053035767e-41,6.20152577232e-84
314.8,0.166666666667,1.66666666667,2.49767985377e-41,5.84037702648e-84
314.9,0.166666666667,1.66666666667,2.42689398058e-41,5.50025994631e-84
315,0.166666666667,1.66666666667,2.35811422512e-41,5.17994974293e-84
315.1,0.166666666667,1.66666666667,2.29128373271e-41,4.87829295364e-84
315.2,0.166666666667,1.66666666667,2.22634725997e-41,4.59420328818e-84
315.3,0.166666666667,1.66666666667,2.16325112914e-41,4.32665771688e-84
315.4,0.166666666667,1.66666666667,2.10194318374e-41,4.07469278672e-84
315.5,0.166666666667,1.66666666667,2.04237274542e-41,3.83740115179e-84
315.6,0.166666666667,1.66666666667,1.98449057211e-41,3.61392830589e-84
315.7,0.166666666667,1.66666666667,1.92824881728e-41,3.40346950541e-84
315.8,0.166666666667,1.66666666667,1.8736009904e-41,3.20526687133e-84
315.9,0.166666666667,1.66666666667,1.82050191851e-41,3.01860666009e-84
316,0.166666666667,1.66666666667,1.76890770888e-41,2.84281669332e-84
316.1,0.166666666667,1.66666666667,1.71877571275e-41,2.67726393725e-84
316.2,0.166666666667,1.66666666667,1.67006449003e-41,2.52135222315e-84
316.3,0.166666666667,1.66666666667,1.62273377507e-41,2.37452010044e-84
316.4,0.166666666667,1.66666666667,1.5767444434e-41,2.23623881488e-84
316.5,0.166666666667,1.66666666667,1.53205847932e-41,2.10601040448e-84
316.6,0.166666666667,1.66666666667,1.48863894455e-41,1.9833659063e-84
316.7,0.166666666667,1.66666666667,1.44644994768e-41,1.86786366767e-84
316.8,0.166666666667,1.66666666667,1.40545661444e-41,1.75908775579e-84
316.9,0.166666666667,1.66666666667,1.36562505895e-41,1.65664645986e-84
317,0.166666666667,1.66666666667,1.32692235568e-41,1.56017088059e-84
317.1,0.166666666667,1.66666666667,1.28931651221e-41,1.46931360167e-84
317.2,0.166666666667,1.66666666667,1.25277644284e-41,1.38374743877e-84
317.3,0.166666666667,1.66666666667,1.21727194282e-41,1.30316426127e-84
317.4,0.166666666667,1.66666666667,1.18277366344e-41,1.2272738827e-84
317.5,0.166666666667,1.66666666667,1.14925308777e-41,1.15580301572e-84
317.6,0.166666666667,1.66666666667,1.11668250703e-41,1.08849428802e-84
317.7,0.166666666667,1.66666666667,1.08503499776e-41,1.02510531546e-84
317.8,0.166666666667,1.66666666667,1.0542843995e-41,9.65407829292e-85
317.9,0.166666666667,1.66666666667,1.02440529322e-41,9.09186854072e-85
318,0.166666666667,1.66666666667,9.9537298026e-42,8.56239933567e-85
318.1,0.166666666667,1.66666666667,9.67163461954e-42,8.06376401672e-85
318.2,0.166666666667,1.66666666667,9.39753419762e-42,7.59416695815e-85
318.3,0.166666666667,1.66666666667,9.13120196012e-42,7.1519171033e-85
318.4,0.166666666667,1.66666666667,8.87241775163e-42,6.73542187503e-85
318.5,0.166666666667,1.66666666667,8.62096765609e-42,6.34318144064e-85
318.6,0.166666666667,1.66666666667,8.37664381997e-42,5.97378331088e-85
318.7,0.166666666667,1.66666666667,8.13924428043e-42,5.62589725351e-85
318.8,0.166666666667,1.66666666667,7.9085727984e-42,5.29827050295e-85
318.9,0.166666666667,1.66666666667,7.68443869636e-42,4.98972324902e-85
319,0.166666666667,1.66666666667,7.46665670069e-42,4.69914438833e-85
319.1,0.166666666667,1.66666666667,7.25504678856e-42,4.42548752312e-85
319.2,0.166666666667,1.66666666667,7.04943403912e-42,4.1677671931e-85
319.3,0.166666666667,1.66666666667,6.84964848886e-42,3.9250553267e-85
319.4,0.166666666667,1.66666666667,6.65552499117e-42,3.69647789904e-85
319.5,0.166666666667,1.66666666667,6.46690307979e-42,3.4812117845e-85
319.6,0.166666666667,1.66666666667,6.28362683618e-42,3.27848179254e-85
319.7,0.166666666667,1.66666666667,6.10554476063e-42,3.08755787622e-85
319.8,0.166666666667,1.66666666667,5.93250964705e-42,2.90775250321e-85
319.9,0.166666666667,1.66666666667,5.76437846125e-42,2.73841817997e-85
320,0.166666666667,1.66666666667,5.60101222271e-42,2.57894512002e-85
320.1,0.166666666667,1.66666666667,5.44227588974e-42,2.42875904809e-85
320.2,0.166666666667,1.66666666667,5.28803824778e-42,2.28731913212e-85
320.3,0.166666666667,1.66666666667,5.13817180102e-42,2.15411603562e-85
320.4,0.166666666667,1.66666666667,4.99255266693e-42,2.02867008357e-85
320.5,0.166666666667,1.66666666667,4.85106047391e-42,1.91052953505e-85
320.6,0.166666666667,1.66666666667,4.71357826176e-42,1.79926895648e-85
320.7,0.166666666667,1.66666666667,4.57999238501e-42,1.69448768959e-85
320.8,0.166666666667,1.66666666667,4.45019241898e-42,1.59580840865e-85
320.9,0.166666666667,1.66666666667,4.32407106849e-42,1.50287576167e-85
321,0.166666666667,1.66666666667,4.20152407919e-42,1.41535509072e-85
321.1,0.166666666667,1.66666666667,4.08245015135e-42,1.33293122687e-85
321.2,0.166666666667,1.66666666667,3.96675085615e-42,1.25530735518e-85
321.3,0.166666666667,1.66666666667,3.8543305543e-42,1.18220394585e-85
321.4,0.166666666667,1.66666666667,3.745096317e-42,1.11335774767e-85
321.5,0.166666666667,1.66666666667,3.6389578491e-42,1.04852083995e-85
321.6,0.166666666667,1.66666666667,3.53582741448e-42,9.87459739785e-86
321.7,0.166666666667,1.66666666667,3.43561976353e-42,9.29954561273e-86
321.8,0.166666666667,1.66666666667,3.33825206264e-42,8.75798223652e-86
321.9,0.166666666667,1.66666666667,3.24364382579e-42,8.24795705612e-86
322,0.166666666667,1.66666666667,3.15171684797e-42,7.76763342999e-86
322.1,0.166666666667,1.66666666667,3.06239514055e-42,7.31528167425e-86
322.2,0.166666666667,1.66666666667,2.97560486847e-42,6.88927283399e-86
322.3,0.166666666667,1.66666666667,2.8912742892e-42,6.48807281724e-86
322.4,0.166666666667,1.66666666667,2.80933369346e-42,6.11023687059e-86
322.5,0.166666666667,1.66666666667,2.72971534755e-42,5.75440437653e-86
322.6,0.166666666667,1.66666666667,2.6523534374e-42,5.41929395372e-86
322.7,0.166666666667,1.66666666667,2.57718401414e-42,5.10369884268e-86
322.8,0.166666666667,1.66666666667,2.50414494129e-42,4.80648256014e-86
322.9,0.166666666667,1.66666666667,2.43317584331e-42,4.52657480643e-86
323,0.166666666667,1.66666666667,2.36421805577e-42,4.26296761132e-86
323.1,0.166666666667,1.66666666667,2.29721457683e-42,4.01471170416e-86
323.2,0.166666666667,1.66666666667,2.2321100201e-42,3.78091309554e-86
323.3,0.166666666667,1.66666666667,2.1688505689e-42,3.56072985795e-86
323.4,0.166666666667,1.66666666667,2.10738393173e-42,3.35336909389e-86
323.5,0.166666666667,1.66666666667,2.04765929907e-42,3.15808408065e-86
323.6,0.166666666667,1.66666666667,1.98962730139e-42,2.97417158123e-86
323.7,0.166666666667,1.66666666667,1.93323996831e-42,2.800969312e-86
323.8,0.166666666667,1.66666666667,1.87845068895e-42,2.6378535577e-86
323.9,0.166666666667,1.66666666667,1.82521417345e-42,2.48423692544e-86
324,0.166666666667,1.66666666667,1.77348641545e-42,2.3395662294e-86
324.1,0.166666666667,1.66666666667,1.7232246558e-42,2.20332049882e-86
324.2,0.166666666667,1.66666666667,1.67438734713e-42,2.07500910191e-86
324.3,0.166666666667,1.66666666667,1.62693411959e-42,1.95416997904e-86
324.4,0.166666666667,1.66666666667,1.58082574741e-42,1.84036797886e-86
324.5,0.166666666667,1.66666666667,1.53602411652e-42,1.73319329124e-86
324.6,0.166666666667,1.66666666667,1.49249219302e-42,1.63225997153e-86
324.7,0.166666666667,1.66666666667,1.45019399257e-42,1.53720455078e-86
324.8,0.166666666667,1.66666666667,1.40909455066e-42,1.44768472679e-86
324.9,0.166666666667,1.66666666667,1.36915989369e-42,1.3633781315e-86
325,0.166666666667,1.66666666667,1.3303570109e-42,1.28398117011e-86
325.1,0.166666666667,1.66666666667,1.29265382707e-42,1.2092079278e-86
325.2,0.166666666667,1.66666666667,1.25601917602e-42,1.13878914014e-86
325.3,0.166666666667,1.66666666667,1.22042277483e-42,1.07247122341e-86
325.4,0.166666666667,1.66666666667,1.18583519883e-42,1.0100153615e-86
325.5,0.166666666667,1.66666666667,1.15222785725e-42,9.51196645836e-87
325.6,0.166666666667,1.66666666667,1.1195729696e-42,8.95803265513e-87
325.7,0.166666666667,1.66666666667,1.08784354274e-42,8.4363574453e-87
325.8,0.166666666667,1.66666666667,1.05701334849e-42,7.94506223463e-87
325.9,0.166666666667,1.66666666667,1.02705690202e-42,7.4823778297e-87
326,0.166666666667,1.66666666667,9.97949440739e-43,7.04663806689e-87
326.1,0.166666666667,1.66666666667,9.69666903865e-43,6.63627381241e-87
326.2,0.166666666667,1.66666666667,9.42185912501e-43,6.24980731168e-87
326.3,0.166666666667,1.66666666667,9.15483750323e-43,5.88584686788e-87
326.4,0.166666666667,1.66666666667,8.89538344806e-43,5.54308183028e-87
326.5,0.166666666667,1.66666666667,8.64328248973e-43,5.22027787452e-87
326.6,0.166666666667,1.66666666667,8.39832623669e-43,4.91627255768e-87
326.7,0.166666666667,1.66666666667,8.16031220335e-43,4.62997113226e-87
326.8,0.166666666667,1.66666666667,7.92904364267e-43,4.36034260388e-87
326.9,0.166666666667,1.66666666667,7.70432938357e-43,4.10641601862e-87
327,0.166666666667,1.66666666667,7.48598367287e-43,3.86727696648e-87
327.1,0.166666666667,1.66666666667,7.27382602177e-43,3.64206428858e-87
327.2,0.166666666667,1.66666666667,7.06768105663e-43,3.42996697602e-87
327.3,0.166666666667,1.66666666667,6.86737837402e-43,3.23022124938e-87
327.4,0.166666666667,1.66666666667,6.67275239984e-43,3.0421078083e-87
327.5,0.166666666667,1.66666666667,6.48364225248e-43,2.8649492412e-87
327.6,0.166666666667,1.66666666667,6.29989160981e-43,2.69810758588e-87
327.7,0.166666666667,1.66666666667,6.12134858e-43,2.54098203218e-87
327.8,0.166666666667,1.66666666667,5.94786557589e-43,2.39300675838e-87
327.9,0.166666666667,1.66666666667,5.77929919306e-43,2.25364889367e-87
328,0.166666666667,1.66666666667,5.61551009127e-43,2.12240659922e-87
328.1,0.166666666667,1.66666666667,5.45636287926e-43,1.99880726099e-87
328.2,0.166666666667,1.66666666667,5.30172600286e-43,1.88240578787e-87
328.3,0.166666666667,1.66666666667,5.1514716362e-43,1.77278300883e-87
328.4,0.166666666667,1.66666666667,5.00547557613e-43,1.66954416346e-87
328.5,0.166666666667,1.66666666667,4.86361713944e-43,1.5723174804e-87
328.6,0.166666666667,1.66666666667,4.72577906322e-43,1.48075283858e-87
328.7,0.166666666667,1.66666666667,4.59184740781e-43,1.39452050638e-87
328.8,0.166666666667,1.66666666667,4.46171146271e-43,1.31330995426e-87
328.9,0.166666666667,1.66666666667,4.33526365503e-43,1.23682873653e-87
329,0.166666666667,1.66666666667,4.21239946054e-43,1.16480143818e-87
329.1,0.166666666667,1.66666666667,4.09301731731e-43,1.09696868315e-87
329.2,0.166666666667,1.66666666667,3.97701854174e-43,1.03308620024e-87
329.3,0.166666666667,1.66666666667,3.864307247e-43,9.72923943522e-88
329.4,0.166666666667,1.66666666667,3.75479026373e-43,9.16265263885e-88
329.5,0.166666666667,1.66666666667,3.64837706307e-43,8.62906128883e-88
329.6,0.166666666667,1.66666666667,3.5449796818e-43,8.12654387995e-88
329.7,0.166666666667,1.66666666667,3.44451264963e-43,7.65329080675e-88
329.8,0.166666666667,1.66666666667,3.34689291856e-43,7.20759784701e-88
329.9,0.166666666667,1.66666666667,3.25203979423e-43,6.78786002466e-88
330,0.166666666667,1.66666666667,3.15987486919e-43,6.39256583016e-88
330.1,0.166666666667,1.66666666667,3.07032195814e-43,6.02029177745e-88
330.2,0.166666666667,1.66666666667,2.98330703489e-43,5.66969727784e-88
330.3,0.166666666667,1.66666666667,2.89875817121e-43,5.33951981243e-88
330.4,0.166666666667,1.66666666667,2.81660547738e-43,5.02857038572e-88
330.5,0.166666666667,1.66666666667,2.73678104438e-43,4.73572924391e-88
330.6,0.166666666667,1.66666666667,2.65921888778e-43,4.45994184257e-88
330.7,0.166666666667,1.66666666667,2.58385489319e-43,4.20021504919e-88
330.8,0.166666666667,1.66666666667,2.51062676328e-43,3.95561356675e-88
330.9,0.166666666667,1.66666666667,2.43947396625e-43,3.72525656573e-88
331,0.166666666667,1.66666666667,2.3703376858e-43,3.50831451211e-88
331.1,0.166666666667,1.66666666667,2.30316077256e-43,3.30400618017e-88
331.2,0.166666666667,1.66666666667,2.23788769678e-43,3.11159583923e-88
331.3,0.166666666667,1.66666666667,2.17446450245e-43,2.93039060424e-88
331.4,0.166666666667,1.66666666667,2.11283876275e-43,2.75973794062e-88
331.5,0.166666666667,1.66666666667,2.05295953664e-43,2.59902331446e-88
331.6,0.166666666667,1.66666666667,1.99477732677e-43,2.44766797952e-88
331.7,0.166666666667,1.66666666667,1.93824403861e-43,2.30512689311e-88
331.8,0.166666666667,1.66666666667,1.88331294065e-43,2.17088675334e-88
331.9,0.166666666667,1.66666666667,1.82993862577e-43,2.04446415072e-88
332,0.166666666667,1.66666666667,1.77807697372e-43,1.92540382734e-88
332.1,0.166666666667,1.66666666667,1.72768511465e-43,1.81327703742e-88
332.2,0.166666666667,1.66666666667,1.67872139368e-43,1.7076800034e-88
332.3,0.166666666667,1.66666666667,1.63114533644e-43,1.60823246192e-88
332.4,0.166666666667,1.66666666667,1.58491761563e-43,1.51457629439e-88
332.5,0.166666666667,1.66666666667,1.54000001853e-43,1.42637423747e-88
332.6,0.166666666667,1.66666666667,1.49635541538e-43,1.34330866847e-88
332.7,0.166666666667,1.66666666667,1.45394772869e-43,1.26508046162e-88
332.8,0.166666666667,1.66666666667,1.41274190346e-43,1.19140791088e-88
332.9,0.166666666667,1.66666666667,1.37270387813e-43,1.1220257155e-88
333,0.166666666667,1.66666666667,1.33380055652e-43,1.05668402463e-88
333.1,0.166666666667,1.66666666667,1.29599978037e-43,9.95147537602e-89
333.2,0.166666666667,1.66666666667,1.25927030282e-43,9.37194656598e-89
333.3,0.166666666667,1.66666666667,1.22358176258e-43,8.82616688649e-89
333.4,0.166666666667,1.66666666667,1.1889046588e-43,8.3121709412e-89
333.5,0.166666666667,1.66666666667,1.15521032673e-43,7.82810778952e-89
333.6,0.166666666667,1.66666666667,1.12247091396e-43,7.37223428124e-89
333.7,0.166666666667,1.66666666667,1.09065935746e-43,6.94290877935e-89
333.8,0.166666666667,1.66666666667,1.05974936119e-43,6.53858524831e-89
333.9,0.166666666667,1.66666666667,1.02971537434e-43,6.15780768668e-89
334,0.166666666667,1.66666666667,1.00053257022e-43,5.79920488395e-89
334.1,0.166666666667,1.66666666667,9.7217682578e-44,5.4614854827e-89
334.2,0.166666666667,1.66666666667,9.44624701593e-44,5.14343332829e-89
334.3,0.166666666667,1.66666666667,9.17853422545e-44,4.84390308945e-89
334.4,0.166666666667,1.66666666667,8.91840858974e-44,4.56181613376e-89
334.5,0.166666666667,1.66666666667,8.66565508391e-44,4.29615664351e-89
334.6,0.166666666667,1.66666666667,8.42006477699e-44,4.04596795758e-89
334.7,0.166666666667,1.66666666667,8.18143465926e-44,3.81034912647e-89
334.8,0.166666666667,1.66666666667,7.94956747442e-44,3.58845166789e-89
334.9,0.166666666667,1.66666666667,7.72427155657e-44,3.3794765113e-89
335,0.166666666667,1.66666666667,7.50536067171e-44,3.18267112043e-89
335.1,0.166666666667,1.66666666667,7.29265386385e-44,2.99732678328e-89
335.2,0.166666666667,1.66666666667,7.0859753054e-44,2.82277606006e-89
335.3,0.166666666667,1.66666666667,6.88515415187e-44,2.65839037962e-89
335.4,0.166666666667,1.66666666667,6.69002440057e-44,2.50357777595e-89
335.5,0.166666666667,1.66666666667,6.50042475346e-44,2.35778075646e-89
335.6,0.166666666667,1.66666666667,6.3161984838e-44,2.2204742944e-89
335.7,0.166666666667,1.66666666667,6.13719330656e-44,2.0911639382e-89
335.8,0.166666666667,1.66666666667,5.96326125258e-44,1.96938403091e-89
335.9,0.166666666667,1.66666666667,5.79425854625e-44,1.85469603332e-89
336,0.166666666667,1.66666666667,5.63004548665e-44,1.74668694476e-89
336.1,0.166666666667,1.66666666667,5.47048633208e-44,1.64496781585e-89
336.2,0.166666666667,1.66666666667,5.31544918782e-44,1.54917234786e-89
336.3,0.166666666667,1.66666666667,5.16480589717e-44,1.45895557362e-89
336.4,0.166666666667,1.66666666667,5.01843193546e-44,1.37399261531e-89
336.5,0.166666666667,1.66666666667,4.87620630712e-44,1.29397751451e-89
336.6,0.166666666667,1.66666666667,4.73801144568e-44,1.21862213042e-89
336.7,0.166666666667,1.66666666667,4.60373311659e-44,1.14765510227e-89
336.8,0.166666666667,1.66666666667,4.47326032277e-44,1.08082087211e-89
336.9,0.166666666667,1.66666666667,4.34648521287e-44,1.01787876451e-89
337,0.166666666667,1.66666666667,4.22330299212e-44,9.58602119905e-90
337.1,0.166666666667,1.66666666667,4.10361183571e-44,9.02777478346e-90
337.2,0.166666666667,1.66666666667,3.9873128046e-44,8.50203810825e-90
337.3,0.166666666667,1.66666666667,3.87430976374e-44,8.00691795354e-90
337.4,0.166666666667,1.66666666667,3.76450930264e-44,7.54063135197e-90
337.5,0.166666666667,1.66666666667,3.65782065809e-44,7.10149916812e-90
337.6,0.166666666667,1.66666666667,3.55415563919e-44,6.68794005182e-90
337.7,0.166666666667,1.66666666667,3.45342855441e-44,6.29846474355e-90
337.8,0.166666666667,1.66666666667,3.3555561408e-44,5.93167071151e-90
337.9,0.166666666667,1.66666666667,3.2604574951e-44,5.586237101e-90
338,0.166666666667,1.66666666667,3.16805400695e-44,5.26091997792e-90
338.1,0.166666666667,1.66666666667,3.0782692938e-44,4.95454784923e-90
338.2,0.166666666667,1.66666666667,2.99102913788e-44,4.66601744436e-90
338.3,0.166666666667,1.66666666667,2.90626142478e-44,4.39428974218e-90
338.4,0.166666666667,1.66666666667,2.82389608386e-44,4.13838622948e-90
338.5,0.166666666667,1.66666666667,2.74386503032e-44,3.8973853772e-90
338.6,0.166666666667,1.66666666667,2.66610210895e-44,3.67041932196e-90
338.7,0.166666666667,1.66666666667,2.59054303939e-44,3.45667074081e-90
338.8,0.166666666667,1.66666666667,2.51712536306e-44,3.25536990797e-90
338.9,0.166666666667,1.66666666667,2.44578839148e-44,3.06579192303e-90
339,0.166666666667,1.66666666667,2.37647315612e-44,2.88725410046e-90
339.1,0.166666666667,1.66666666667,2.30912235965e-44,2.71911351126e-90
339.2,0.166666666667,1.66666666667,2.2436803286e-44,2.5607646677e-90
339.3,0.166666666667,1.66666666667,2.18009296733e-44,2.41163734289e-90
339.4,0.166666666667,1.66666666667,2.11830771327e-44,2.27119451741e-90
339.5,0.166666666667,1.66666666667,2.05827349353e-44,2.13893044537e-90
339.6,0.166666666667,1.66666666667,1.99994068267e-44,2.01436883325e-90
339.7,0.166666666667,1.66666666667,1.94326106164e-44,1.89706112471e-90
339.8,0.166666666667,1.66666666667,1.88818777798e-44,1.7865848853e-90
339.9,0.166666666667,1.66666666667,1.83467530703e-44,1.68254228121e-90
340,0.166666666667,1.66666666667,1.78267941435e-44,1.5845586467e-90
340.1,0.166666666667,1.66666666667,1.73215711912e-44,1.49228113485e-90
340.2,0.166666666667,1.66666666667,1.68306665863e-44,1.40537744694e-90
340.3,0.166666666667,1.66666666667,1.63536745375e-44,1.32353463583e-90
340.4,0.166666666667,1.66666666667,1.58902007539e-44,1.24645797899e-90
340.5,0.166666666667,1.66666666667,1.54398621191e-44,1.17386991722e-90
340.6,0.166666666667,1.66666666667,1.50022863744e-44,1.10550905508e-90
340.7,0.166666666667,1.66666666667,1.45771118112e-44,1.04112921963e-90
340.8,0.166666666667,1.66666666667,1.41639869719e-44,9.80498573928e-91
340.9,0.166666666667,1.66666666667,1.37625703596e-44,9.23398782156e-91
341,0.166666666667,1.66666666667,1.33725301554e-44,8.6962422339e-91
341.1,0.166666666667,1.66666666667,1.29935439445e-44,8.18981251135e-91
341.2,0.166666666667,1.66666666667,1.26252984495e-44,7.7128749599e-91
341.3,0.166666666667,1.66666666667,1.22674892717e-44,7.2637120892e-91
341.4,0.166666666667,1.66666666667,1.19198206389e-44,6.84070642778e-91
341.5,0.166666666667,1.66666666667,1.15820051615e-44,6.44233469835e-91
341.6,0.166666666667,1.66666666667,1.12537635946e-44,6.06716233239e-91
341.7,0.166666666667,1.66666666667,1.09348246075e-44,5.71383830415e-91
341.8,0.166666666667,1.66666666667,1.06249245589e-44,5.38109026549e-91
341.9,0.166666666667,1.66666666667,1.03238072795e-44,5.06771996405e-91
342,0.166666666667,1.66666666667,1.00312238598e-44,4.77259892829e-91
342.1,0.166666666667,1.66666666667,9.74693244469e-45,4.49466440368e-91
342.2,0.166666666667,1.66666666667,9.47069803339e-45,4.23291552576e-91
342.3,0.166666666667,1.66666666667,9.20229228515e-45,3.98640971582e-91
342.4,0.166666666667,1.66666666667,8.94149333056e-45,3.7542592867e-91
342.5,0.166666666667,1.66666666667,8.68808558814e-45,3.53562824609e-91
342.6,0.166666666667,1.66666666667,8.44185958613e-45,3.32972928611e-91
342.7,0.166666666667,1.66666666667,8.20261178932e-45,3.1358209481e-91
342.8,0.166666666667,1.66666666667,7.97014443083e-45,2.95320495259e-91
342.9,0.166666666667,1.66666666667,7.74426534864e-45,2.78122368476e-91
343,0.166666666667,1.66666666667,7.52478782669e-45,2.61925782627e-91
343.1,0.166666666667,1.66666666667,7.31153044061e-45,2.4667241251e-91
343.2,0.166666666667,1.66666666667,7.10431690769e-45,2.32307329515e-91
343.3,0.166666666667,1.66666666667,6.90297594121e-45,2.18778803829e-91
343.4,0.166666666667,1.66666666667,6.70734110879e-45,2.06038118147e-91
343.5,0.166666666667,1.66666666667,6.5172506949e-45,1.94039392237e-91
343.6,0.166666666667,1.66666666667,6.3325475671e-45,1.82739417727e-91
343.7,0.166666666667,1.66666666667,6.15307904619e-45,1.72097502503e-91
343.8,0.166666666667,1.66666666667,5.97869678001e-45,1.62075324176e-91
343.9,0.166666666667,1.66666666667,5.80925662079e-45,1.52636792078e-91
344,0.166666666667,1.66666666667,5.64461850599e-45,1.437479173e-91
344.1,0.166666666667,1.66666666667,5.48464634256e-45,1.3537669029e-91
344.2,0.166666666667,1.66666666667,5.32920789439e-45,1.27492965589e-91
344.3,0.166666666667,1.66666666667,5.17817467304e-45,1.20068353273e-91
344.4,0.166666666667,1.66666666667,5.03142183151e-45,1.13076116719e-91
344.5,0.166666666667,1.66666666667,4.88882806106e-45,1.06491076321e-91
344.6,0.166666666667,1.66666666667,4.7502754909e-45,1.00289518822e-91
344.7,0.166666666667,1.66666666667,4.61564959078e-45,9.44491119172e-92
344.8,0.166666666667,1.66666666667,4.48483907633e-45,8.89488238322e-92
344.9,0.166666666667,1.66666666667,4.35773581701e-45,8.37688475893e-92
345,0.166666666667,1.66666666667,4.23423474682e-45,7.88905296789e-92
345.1,0.166666666667,1.66666666667,4.11423377736e-45,7.42963028873e-92
345.2,0.166666666667,1.66666666667,3.99763371351e-45,6.99696230357e-92
345.3,0.166666666667,1.66666666667,3.88433817137e-45,6.58949094033e-92
345.4,0.166666666667,1.66666666667,3.77425349867e-45,6.20574886198e-92
345.5,0.166666666667,1.66666666667,3.66728869726e-45,5.84435418255e-92
345.6,0.166666666667,1.66666666667,3.56335534796e-45,5.50400549084e-92
345.7,0.166666666667,1.66666666667,3.46236753745e-45,5.18347716393e-92
345.8,0.166666666667,1.66666666667,3.36424178724e-45,4.88161495363e-92
345.9,0.166666666667,1.66666666667,3.26889698467e-45,4.59733182995e-92
346,0.166666666667,1.66666666667,3.17625431588e-45,4.32960406657e-92
346.1,0.166666666667,1.66666666667,3.08623720064e-45,4.07746755436e-92
346.2,0.166666666667,1.66666666667,2.99877122906e-45,3.84001432954e-92
346.3,0.166666666667,1.66666666667,2.91378410005e-45,3.61638930401e-92
346.4,0.166666666667,1.66666666667,2.83120556162e-45,3.40578718616e-92
346.5,0.166666666667,1.66666666667,2.75096735272e-45,3.20744958086e-92
346.6,0.166666666667,1.66666666667,2.6730031469e-45,3.02066225852e-92
346.7,0.166666666667,1.66666666667,2.59724849744e-45,2.84475258301e-92
346.8,0.166666666667,1.66666666667,2.52364078406e-45,2.6790870895e-92
346.9,0.166666666667,1.66666666667,2.45211916121e-45,2.52306920328e-92
347,0.166666666667,1.66666666667,2.38262450771e-45,2.37613709143e-92
347.1,0.166666666667,1.66666666667,2.31509937793e-45,2.23776163964e-92
347.2,0.166666666667,1.66666666667,2.2494879543e-45,2.10744454683e-92
347.3,0.166666666667,1.66666666667,2.18573600113e-45,1.9847165307e-92
347.4,0.166666666667,1.66666666667,2.12379081981e-45,1.86913563783e-92
347.5,0.166666666667,1.66666666667,2.06360120527e-45,1.76028565217e-92
347.6,0.166666666667,1.66666666667,2.00511740359e-45,1.65777459619e-92
347.7,0.166666666667,1.66666666667,1.94829107092e-45,1.56123331937e-92
347.8,0.166666666667,1.66666666667,1.89307523352e-45,1.47031416884e-92
347.9,0.166666666667,1.66666666667,1.8394242489e-45,1.38468973744e-92
348,0.166666666667,1.66666666667,1.78729376812e-45,1.30405168474e-92
348.1,0.166666666667,1.66666666667,1.7366406991e-45,1.22810962665e-92
348.2,0.166666666667,1.66666666667,1.68742317103e-45,1.15659008973e-92
348.3,0.166666666667,1.66666666667,1.63960049975e-45,1.0892355264e-92
348.4,0.166666666667,1.66666666667,1.59313315411e-45,1.02580338749e-92
348.5,0.166666666667,1.66666666667,1.54798272331e-45,9.66065248768e-93
348.6,0.166666666667,1.66666666667,1.5041118851e-45,9.09805988418e-93
348.7,0.166666666667,1.66666666667,1.46148437501e-45,8.56823012336e-93
348.8,0.166666666667,1.66666666667,1.42006495631e-45,8.06925524577e-93
348.9,0.166666666667,1.66666666667,1.37981939091e-45,7.59933840291e-93
349,0.166666666667,1.66666666667,1.34071441103e-45,7.15678738657e-93
349.1,0.166666666667,1.66666666667,1.30271769173e-45,6.74000853508e-93
349.2,0.166666666667,1.66666666667,1.26579782421e-45,6.3475009944e-93
349.3,0.166666666667,1.66666666667,1.22992428976e-45,5.97785131342e-93
349.4,0.166666666667,1.66666666667,1.19506743464e-45,5.62972835402e-93
349.5,0.166666666667,1.66666666667,1.16119844548e-45,5.30187849753e-93
349.6,0.166666666667,1.66666666667,1.12828932553e-45,4.99312113035e-93
349.7,0.166666666667,1.66666666667,1.09631287146e-45,4.70234439246e-93
349.8,0.166666666667,1.66666666667,1.06524265092e-45,4.42850117352e-93
349.9,0.166666666667,1.66666666667,1.03505298066e-45,4.17060534216e-93
350,0.166666666667,1.66666666667,1.00571890531e-45,3.92772819483e-93
350.1,0.166666666667,1.66666666667,9.7721617675e-46,3.69899511145e-93
350.2,0.166666666667,1.66666666667,9.49521234077e-46,3.48358240587e-93
350.3,0.166666666667,1.66666666667,9.22611184109e-46,3.28071435966e-93
350.4,0.166666666667,1.66666666667,8.96463782478e-46,3.08966042875e-93
350.5,0.166666666667,1.66666666667,8.71057415233e-46,2.90973261262e-93
350.6,0.166666666667,1.66666666667,8.46371080977e-46,2.74028297678e-93
350.7,0.166666666667,1.66666666667,8.22384373505e-46,2.58070131952e-93
350.8,0.166666666667,1.66666666667,7.9907746494e-46,2.4304129745e-93
350.9,0.166666666667,1.66666666667,7.76431089338e-46,2.28887674135e-93
351,0.166666666667,1.66666666667,7.54426526764e-46,2.15558293675e-93
351.1,0.166666666667,1.66666666667,7.3304558782e-46,2.03005155903e-93
351.2,0.166666666667,1.66666666667,7.12270598606e-46,1.91183055964e-93
351.3,0.166666666667,1.66666666667,6.92084386112e-46,1.8004942153e-93
351.4,0.166666666667,1.66666666667,6.72470264023e-46,1.69564159489e-93
351.5,0.166666666667,1.66666666667,6.53412018923e-46,1.59689511574e-93
351.6,0.166666666667,1.66666666667,6.34893896898e-46,1.50389918386e-93
351.7,0.166666666667,1.66666666667,6.16900590507e-46,1.41631891345e-93
351.8,0.166666666667,1.66666666667,5.99417226134e-46,1.33383892093e-93
351.9,0.166666666667,1.66666666667,5.8242935169e-46,1.25616218925e-93
352,0.166666666667,1.66666666667,5.65922924668e-46,1.18300899826e-93
352.1,0.166666666667,1.66666666667,5.49884300534e-46,1.11411591747e-93
352.2,0.166666666667,1.66666666667,5.34300221451e-46,1.04923485738e-93
352.3,0.166666666667,1.66666666667,5.19157805314e-46,9.88132176081e-94
352.4,0.166666666667,1.66666666667,5.0444453511e-46,9.30587837927e-94
352.5,0.166666666667,1.66666666667,4.90148248562e-46,8.76394621145e-94
352.6,0.166666666667,1.66666666667,4.76257128083e-46,8.25357371619e-94
352.7,0.166666666667,1.66666666667,4.62759691002e-46,7.77292300124e-94
352.8,0.166666666667,1.66666666667,4.49644780076e-46,7.32026320485e-94
352.9,0.166666666667,1.66666666667,4.36901554264e-46,6.89396426284e-94
353,0.166666666667,1.66666666667,4.24519479768e-46,6.49249103854e-94
353.1,0.166666666667,1.66666666667,4.12488321324e-46,6.11439779471e-94
353.2,0.166666666667,1.66666666667,4.00798133744e-46,5.75832298729e-94
353.3,0.166666666667,1.66666666667,3.89439253691e-46,5.42298436236e-94
353.4,0.166666666667,1.66666666667,3.78402291694e-46,5.10717433865e-94
353.5,0.166666666667,1.66666666667,3.67678124385e-46,4.80975565898e-94
353.6,0.166666666667,1.66666666667,3.5725788696e-46,4.52965729484e-94
353.7,0.166666666667,1.66666666667,3.47132965848e-46,4.26587058957e-94
353.8,0.166666666667,1.66666666667,3.37294991593e-46,4.01744562612e-94
353.9,0.166666666667,1.66666666667,3.27735831932e-46,3.78348780629e-94
354,0.166666666667,1.66666666667,3.1844758508e-46,3.56315462921e-94
354.1,0.166666666667,1.66666666667,3.09422573191e-46,3.35565265747e-94
354.2,0.166666666667,1.66666666667,3.00653336015e-46,3.16023465983e-94
354.3,0.166666666667,1.66666666667,2.9213262473e-46,2.97619692044e-94
354.4,0.166666666667,1.66666666667,2.83853395949e-46,2.80287670463e-94
354.5,0.166666666667,1.66666666667,2.75808805903e-46,2.63964987243e-94
354.6,0.166666666667,1.66666666667,2.67992204776e-46,2.48592863094e-94
354.7,0.166666666667,1.66666666667,2.60397131215e-46,2.34115941764e-94
354.8,0.166666666667,1.66666666667,2.53017306982e-46,2.204820907e-94
354.9,0.166666666667,1.66666666667,2.45846631774e-46,2.07642213312e-94
355,0.166666666667,1.66666666667,2.38879178169e-46,1.95550072173e-94
355.1,0.166666666667,1.66666666667,2.32109186735e-46,1.84162122512e-94
355.2,0.166666666667,1.66666666667,2.25531061267e-46,1.73437355412e-94
355.3,0.166666666667,1.66666666667,2.19139364156e-46,1.63337150125e-94
355.4,0.166666666667,1.66666666667,2.12928811904e-46,1.53825135005e-94
355.5,0.166666666667,1.66666666667,2.06894270746e-46,1.44867056522e-94
355.6,0.166666666667,1.66666666667,2.01030752412e-46,1.36430655917e-94
355.7,0.166666666667,1.66666666667,1.95333410006e-46,1.28485553036e-94
355.8,0.166666666667,1.66666666667,1.89797533993e-46,1.21003136928e-94
355.9,0.166666666667,1.66666666667,1.84418548311e-46,1.13956462811e-94
356,0.166666666667,1.66666666667,1.79192006585e-46,1.07320155048e-94
356.1,0.166666666667,1.66666666667,1.74113588454e-46,1.01070315763e-94
356.2,0.166666666667,1.66666666667,1.69179095999e-46,9.51844387839e-95
356.3,0.166666666667,1.66666666667,1.64384450273e-46,8.96413285958e-95
356.4,0.166666666667,1.66666666667,1.59725687928e-46,8.4421024015e-95
356.5,0.166666666667,1.66666666667,1.55198957942e-46,7.95047263062e-95
356.6,0.166666666667,1.66666666667,1.5080051843e-46,7.48747314876e-95
356.7,0.166666666667,1.66666666667,1.46526733558e-46,7.05143665767e-95
356.8,0.166666666667,1.66666666667,1.42374070531e-46,6.64079295501e-95
356.9,0.166666666667,1.66666666667,1.38339096679e-46,6.25406327991e-95
357,0.166666666667,1.66666666667,1.34418476612e-46,5.88985498782e-95
357.1,0.166666666667,1.66666666667,1.30608969471e-46,5.54685653548e-95
357.2,0.166666666667,1.66666666667,1.26907426242e-46,5.223832758e-95
357.3,0.166666666667,1.66666666667,1.23310787158e-46,4.91962042086e-95
357.4,0.166666666667,1.66666666667,1.19816079168e-46,4.63312403107e-95
357.5,0.166666666667,1.66666666667,1.16420413477e-46,4.36331189216e-95
357.6,0.166666666667,1.66666666667,1.13120983162e-46,4.10921238901e-95
357.7,0.166666666667,1.66666666667,1.09915060851e-46,3.86991048893e-95
357.8,0.166666666667,1.66666666667,1.06799996466e-46,3.64454444663e-95
357.9,0.166666666667,1.66666666667,1.03773215033e-46,3.43230270091e-95
358,0.166666666667,1.66666666667,1.00832214556e-46,3.23242095224e-95
358.1,0.166666666667,1.66666666667,9.79745639483e-47,3.04417941044e-95
358.2,0.166666666667,1.66666666667,9.51979010189e-47,2.86690020262e-95
358.3,0.166666666667,1.66666666667,9.24999305247e-47,2.69994493215e-95
358.4,0.166666666667,1.66666666667,8.98784222708e-47,2.54271237973e-95
358.5,0.166666666667,1.66666666667,8.73312092676e-47,2.39463633834e-95
358.6,0.166666666667,1.66666666667,8.48561859392e-47,2.25518357428e-95
358.7,0.166666666667,1.66666666667,8.24513063834e-47,2.12385190698e-95
358.8,0.166666666667,1.66666666667,8.01145826799e-47,2.00016840058e-95
358.9,0.166666666667,1.66666666667,7.78440832475e-47,1.88368766087e-95
359,0.166666666667,1.66666666667,7.56379312473e-47,1.77399023136e-95
359.1,0.166666666667,1.66666666667,7.34943030311e-47,1.67068108282e-95
359.2,0.166666666667,1.66666666667,7.14114266341e-47,1.57338819073e-95
359.3,0.166666666667,1.66666666667,6.93875803103e-47,1.48176119559e-95
359.4,0.166666666667,1.66666666667,6.7421091109e-47,1.39547014125e-95
359.5,0.166666666667,1.66666666667,6.55103334919e-47,1.3142042867e-95
359.6,0.166666666667,1.66666666667,6.36537279897e-47,1.2376709871e-95
359.7,0.166666666667,1.66666666667,6.18497398963e-47,1.1655946399e-95
359.8,0.166666666667,1.66666666667,6.00968779998e-47,1.09771569239e-95
359.9,0.166666666667,1.66666666667,5.83936933508e-47,1.03378970706e-95
360,0.166666666667,1.66666666667,5.67387780635e-47,9.73586481291e-96
360.1,0.166666666667,1.66666666667,5.5130764153e-47,9.16889218458e-96
360.2,0.166666666667,1.66666666667,5.35683224035e-47,8.6349374717e-96
360.3,0.166666666667,1.66666666667,5.20501612705e-47,8.13207786057e-96
360.4,0.166666666667,1.66666666667,5.05750258125e-47,7.65850251343e-96
360.5,0.166666666667,1.66666666667,4.91416966537e-47,7.21250604752e-96
360.6,0.166666666667,1.66666666667,4.77489889764e-47,6.79248239382e-96
360.7,0.166666666667,1.66666666667,4.63957515415e-47,6.3969190135e-96
360.8,0.166666666667,1.66666666667,4.50808657365e-47,6.02439145113e-96
360.9,0.166666666667,1.66666666667,4.38032446512e-47,5.67355820511e-96
361,0.166666666667,1.66666666667,4.25618321794e-47,5.3431558968e-96
361.1,0.166666666667,1.66666666667,4.13556021452e-47,5.03199472102e-96
361.2,0.166666666667,1.66666666667,4.01835574555e-47,4.73895416144e-96
361.3,0.166666666667,1.66666666667,3.90447292754e-47,4.46297895553e-96
361.4,0.166666666667,1.66666666667,3.79381762273e-47,4.20307529446e-96
361.5,0.166666666667,1.66666666667,3.68629836131e-47,3.95830724431e-96
361.6,0.166666666667,1.66666666667,3.58182626576e-47,3.72779337572e-96
361.7,0.166666666667,1.66666666667,3.48031497741e-47,3.51070358978e-96
361.8,0.166666666667,1.66666666667,3.38168058506e-47,3.30625612879e-96
361.9,0.166666666667,1.66666666667,3.28584155561e-47,3.11371476104e-96
362,0.166666666667,1.66666666667,3.19271866665e-47,2.93238612965e-96
362.1,0.166666666667,1.66666666667,3.10223494099e-47,2.76161725568e-96
362.2,0.166666666667,1.66666666667,3.01431558303e-47,2.60079318673e-96
362.3,0.166666666667,1.66666666667,2.92888791691e-47,2.44933478245e-96
362.4,0.166666666667,1.66666666667,2.84588132647e-47,2.30669662899e-96
362.5,0.166666666667,1.66666666667,2.76522719685e-47,2.17236507492e-96
362.6,0.166666666667,1.66666666667,2.68685885776e-47,2.04585638156e-96
362.7,0.166666666667,1.66666666667,2.61071152843e-47,1.92671498096e-96
362.8,0.166666666667,1.66666666667,2.53672226399e-47,1.8145118354e-96
362.9,0.166666666667,1.66666666667,2.46482990348e-47,1.70884289235e-96
363,0.166666666667,1.66666666667,2.39497501927e-47,1.60932762948e-96
363.1,0.166666666667,1.66666666667,2.32709986795e-47,1.51560768436e-96
363.2,0.166666666667,1.66666666667,2.26114834262e-47,1.42734556396e-96
363.3,0.166666666667,1.66666666667,2.19706592645e-47,1.34422342931e-96
363.4,0.166666666667,1.66666666667,2.13479964768e-47,1.26594195094e-96
363.5,0.166666666667,1.66666666667,2.07429803578e-47,1.19221923097e-96
363.6,0.166666666667,1.66666666667,2.01551107896e-47,1.12278978799e-96
363.7,0.166666666667,1.66666666667,1.95839018277e-47,1.057403601e-96
363.8,0.166666666667,1.66666666667,1.90288812996e-47,9.95825209103e-97
363.9,0.166666666667,1.66666666667,1.84895904147e-47,9.37832863583e-97
364,0.166666666667,1.66666666667,1.79655833846e-47,8.83217729353e-97
364.1,0.166666666667,1.66666666667,1.74564270548e-47,8.31783132938e-97
364.2,0.166666666667,1.66666666667,1.69617005469e-47,7.83343854235e-97
364.3,0.166666666667,1.66666666667,1.64809949104e-47,7.3772545952e-97
364.4,0.166666666667,1.66666666667,1.60139127845e-47,6.94763673299e-97
364.5,0.166666666667,1.66666666667,1.55600680702e-47,6.54303786736e-97
364.6,0.166666666667,1.66666666667,1.51190856106e-47,6.16200100538e-97
364.7,0.166666666667,1.66666666667,1.4690600881e-47,5.80315400278e-97
364.8,0.166666666667,1.66666666667,1.42742596876e-47,5.46520462275e-97
364.9,0.166666666667,1.66666666667,1.38697178747e-47,5.14693588249e-97
365,0.166666666667,1.66666666667,1.34766410401e-47,4.84720167077e-97
365.1,0.166666666667,1.66666666667,1.3094704259e-47,4.56492262066e-97
365.2,0.166666666667,1.66666666667,1.27235918149e-47,4.2990822227e-97
365.3,0.166666666667,1.66666666667,1.2362996939e-47,4.0487231643e-97
365.4,0.166666666667,1.66666666667,1.20126215568e-47,3.81294388244e-97
365.5,0.166666666667,1.66666666667,1.16721760409e-47,3.59089531703e-97
365.6,0.166666666667,1.66666666667,1.13413789727e-47,3.3817778534e-97
365.7,0.166666666667,1.66666666667,1.10199569087e-47,3.18483844279e-97
365.8,0.166666666667,1.66666666667,1.07076441553e-47,2.99936789062e-97
365.9,0.166666666667,1.66666666667,1.04041825486e-47,2.82469830256e-97
366,0.166666666667,1.66666666667,1.01093212415e-47,2.66020067943e-97
366.1,0.166666666667,1.66666666667,9.82281649572e-48,2.5052826521e-97
366.2,0.166666666667,1.66666666667,9.544431481e-48,2.35938634836e-97
366.3,0.166666666667,1.66666666667,9.27393607885e-48,2.22198638391e-97
366.4,0.166666666667,1.66666666667,9.01110669251e-48,2.09258797047e-97
366.5,0.166666666667,1.66666666667,8.75572606209e-48,1.970725134e-97
366.6,0.166666666667,1.66666666667,8.50758308501e-48,1.85595903664e-97
366.7,0.166666666667,1.66666666667,8.26647264145e-48,1.7478763965e-97
366.8,0.166666666667,1.66666666667,8.03219542484e-48,1.64608799931e-97
366.9,0.166666666667,1.66666666667,7.80455777707e-48,1.55022729691e-97
367,0.166666666667,1.66666666667,7.58337152845e-48,1.45994908722e-97
367.1,0.166666666667,1.66666666667,7.36845384212e-48,1.37492827119e-97
367.2,0.166666666667,1.66666666667,7.15962706294e-48,1.29485868203e-97
367.3,0.166666666667,1.66666666667,6.95671857065e-48,1.21945198274e-97
367.4,0.166666666667,1.66666666667,6.75956063713e-48,1.14843662775e-97
367.5,0.166666666667,1.66666666667,6.56799028781e-48,1.08155688509e-97
367.6,0.166666666667,1.66666666667,6.38184916691e-48,1.01857191543e-97
367.7,0.166666666667,1.66666666667,6.20098340656e-48,9.59254904857e-98
367.8,0.166666666667,1.66666666667,6.02524349962e-48,9.03392248062e-98
367.9,0.166666666667,1.66666666667,5.85448417606e-48,8.5078277914e-98
368,0.166666666667,1.66666666667,5.6885642829e-48,8.01237047179e-98
368.1,0.166666666667,1.66666666667,5.52734666754e-48,7.54576634027e-98
368.2,0.166666666667,1.66666666667,5.37069806436e-48,7.10633511799e-98
368.3,0.166666666667,1.66666666667,5.21848898458e-48,6.69249437789e-98
368.4,0.166666666667,1.66666666667,5.07059360922e-48,6.30275384631e-98
368.5,0.166666666667,1.66666666667,4.92688968508e-48,5.93571003637e-98
368.6,0.166666666667,1.66666666667,4.78725842371e-48,5.5900411939e-98
368.7,0.166666666667,1.66666666667,4.6515844032e-48,5.26450253769e-98
368.8,0.166666666667,1.66666666667,4.51975547277e-48,4.95792177697e-98
368.9,0.166666666667,1.66666666667,4.39166266004e-48,4.66919488984e-98
369,0.166666666667,1.66666666667,4.26720008103e-48,4.39728214764e-98
369.1,0.166666666667,1.66666666667,4.14626485254e-48,4.14120437082e-98
369.2,0.166666666667,1.66666666667,4.02875700716e-48,3.90003940276e-98
369.3,0.166666666667,1.66666666667,3.91457941062e-48,3.6729187891e-98
369.4,0.166666666667,1.66666666667,3.80363768151e-48,3.45902465032e-98
369.5,0.166666666667,1.66666666667,3.69584011323e-48,3.25758673646e-98
369.6,0.166666666667,1.66666666667,3.59109759821e-48,3.06787965348e-98
369.7,0.166666666667,1.66666666667,3.48932355427e-48,2.88922025095e-98
369.8,0.166666666667,1.66666666667,3.39043385299e-48,2.72096516206e-98
369.9,0.166666666667,1.66666666667,3.29434675022e-48,2.56250848675e-98
370,0.166666666667,1.66666666667,3.20098281851e-48,2.41327960983e-98
370.1,0.166666666667,1.66666666667,3.11026488141e-48,2.27274114616e-98
370.2,0.166666666667,1.66666666667,3.02211794971e-48,2.14038700547e-98
370.3,0.166666666667,1.66666666667,2.93646915944e-48,2.0157405699e-98
370.4,0.166666666667,1.66666666667,2.85324771165e-48,1.89835297764e-98
370.5,0.166666666667,1.66666666667,2.77238481387e-48,1.78780150657e-98
370.6,0.166666666667,1.66666666667,2.69381362326e-48,1.68368805198e-98
370.7,0.166666666667,1.66666666667,2.61746919135e-48,1.58563769297e-98
370.8,0.166666666667,1.66666666667,2.54328841034e-48,1.49329734236e-98
370.9,0.166666666667,1.66666666667,2.47120996097e-48,1.40633447513e-98
371,0.166666666667,1.66666666667,2.40117426177e-48,1.32443593103e-98
371.1,0.166666666667,1.66666666667,2.33312341989e-48,1.24730678685e-98
371.2,0.166666666667,1.66666666667,2.26700118317e-48,1.17466929436e-98
371.3,0.166666666667,1.66666666667,2.20275289369e-48,1.10626188012e-98
371.4,0.166666666667,1.66666666667,2.14032544256e-48,1.04183820355e-98
371.5,0.166666666667,1.66666666667,2.07966722605e-48,9.81166269837e-99
371.6,0.166666666667,1.66666666667,2.02072810287e-48,9.24027594483e-99
371.7,0.166666666667,1.66666666667,1.96345935283e-48,8.70216416538e-99
371.8,0.166666666667,1.66666666667,1.90781363644e-48,8.19538957638e-99
371.9,0.166666666667,1.66666666667,1.85374495589e-48,7.71812724195e-99
372,0.166666666667,1.66666666667,1.80120861694e-48,7.26865850216e-99
372.1,0.166666666667,1.66666666667,1.75016119205e-48,6.84536478408e-99
372.2,0.166666666667,1.66666666667,1.70056048441e-48,6.44672177309e-99
372.3,0.166666666667,1.66666666667,1.65236549312e-48,6.07129392379e-99
372.4,0.166666666667,1.66666666667,1.60553637926e-48,5.71772929039e-99
372.5,0.166666666667,1.66666666667,1.56003443297e-48,5.38475465833e-99
372.6,0.166666666667,1.66666666667,1.51582204147e-48,5.07117095927e-99
372.7,0.166666666667,1.66666666667,1.47286265793e-48,4.77584895319e-99
372.8,0.166666666667,1.66666666667,1.43112077128e-48,4.49772516187e-99
372.9,0.166666666667,1.66666666667,1.39056187688e-48,4.23579803926e-99
373,0.166666666667,1.66666666667,1.35115244795e-48,3.98912436481e-99
373.1,0.166666666667,1.66666666667,1.3128599079e-48,3.75681584683e-99
373.2,0.166666666667,1.66666666667,1.27565260336e-48,3.53803592376e-99
373.3,0.166666666667,1.66666666667,1.23949977806e-48,3.33199675154e-99
373.4,0.166666666667,1.66666666667,1.20437154736e-48,3.13795636662e-99
373.5,0.166666666667,1.66666666667,1.17023887359e-48,2.95521601402e-99
373.6,0.166666666667,1.66666666667,1.13707354202e-48,2.78311763109e-99
373.7,0.166666666667,1.66666666667,1.10484813754e-48,2.62104147775e-99
373.8,0.166666666667,1.66666666667,1.073536022e-48,2.4684039048e-99
373.9,0.166666666667,1.66666666667,1.04311131221e-48,2.32465525211e-99
374,0.166666666667,1.66666666667,1.01354885849e-48,2.18927786925e-99
374.1,0.166666666667,1.66666666667,9.84824223963e-49,2.06178425142e-99
374.2,0.166666666667,1.66666666667,9.56913664278e-49,1.94171528389e-99
374.3,0.166666666667,1.66666666667,9.29794108026e-49,1.82863858869e-99
374.4,0.166666666667,1.66666666667,9.03443137655e-49,1.72214696757e-99
374.5,0.166666666667,1.66666666667,8.7783897094e-49,1.62185693568e-99
374.6,0.166666666667,1.66666666667,8.5296044298e-49,1.52740734057e-99
374.7,0.166666666667,1.66666666667,8.28786988699e-49,1.43845806169e-99
374.8,0.166666666667,1.66666666667,8.05298625851e-49,1.35468878555e-99
374.9,0.166666666667,1.66666666667,7.82475938498e-49,1.27579785227e-99
375,0.166666666667,1.66666666667,7.60300060964e-49,1.20150116929e-99
375.1,0.166666666667,1.66666666667,7.38752662237e-49,1.1315311883e-99
375.2,0.166666666667,1.66666666667,7.17815930818e-49,1.06563594179e-99
375.3,0.166666666667,1.66666666667,6.97472559999e-49,1.00357813569e-99
375.4,0.166666666667,1.66666666667,6.77705733553e-49,9.45134294873e-100
375.5,0.166666666667,1.66666666667,6.58499111839e-49,8.90093958386e-100
375.6,0.166666666667,1.66666666667,6.39836818288e-49,8.38258921566e-100
375.7,0.166666666667,1.66666666667,6.21703426287e-49,7.89442522292e-100
375.8,0.166666666667,1.66666666667,6.04083946421e-49,7.43468968798e-100
375.9,0.166666666667,1.66666666667,5.86963814086e-49,7.00172706635e-100
376,0.166666666667,1.66666666667,5.70328877447e-49,6.59397822493e-100
376.1,0.166666666667,1.66666666667,5.54165385743e-49,6.20997482747e-100
376.2,0.166666666667,1.66666666667,5.38459977917e-49,5.84833404697e-100
376.3,0.166666666667,1.66666666667,5.23199671575e-49,5.50775358599e-100
376.4,0.166666666667,1.66666666667,5.08371852249e-49,5.18700698701e-100
376.5,0.166666666667,1.66666666667,4.93964262977e-49,4.88493921582e-100
376.6,0.166666666667,1.66666666667,4.79964994164e-49,4.60046250218e-100
376.7,0.166666666667,1.66666666667,4.66362473745e-49,4.33255242264e-100
376.8,0.166666666667,1.66666666667,4.5314545761e-49,4.08024421154e-100
376.9,0.166666666667,1.66666666667,4.40303020317e-49,3.84262928679e-100
377,0.166666666667,1.66666666667,4.27824546059e-49,3.61885197802e-100
377.1,0.166666666667,1.66666666667,4.15699719885e-49,3.40810644519e-100
377.2,0.166666666667,1.66666666667,4.03918519179e-49,3.20963377676e-100
377.3,0.166666666667,1.66666666667,3.92471205371e-49,3.02271925675e-100
377.4,0.166666666667,1.66666666667,3.81348315889e-49,2.84668979099e-100
377.5,0.166666666667,1.66666666667,3.70540656337e-49,2.68091148327e-100
377.6,0.166666666667,1.66666666667,3.60039292893e-49,2.52478735263e-100
377.7,0.166666666667,1.66666666667,3.49835544926e-49,2.37775518355e-100
377.8,0.166666666667,1.66666666667,3.39920977819e-49,2.23928550141e-100
377.9,0.166666666667,1.66666666667,3.30287396e-49,2.1088796658e-100
378,0.166666666667,1.66666666667,3.20926836161e-49,1.98606807485e-100
378.1,0.166666666667,1.66666666667,3.11831560682e-49,1.87040847418e-100
378.2,0.166666666667,1.66666666667,3.02994051232e-49,1.7614843643e-100
378.3,0.166666666667,1.66666666667,2.94407002553e-49,1.65890350076e-100
378.4,0.166666666667,1.66666666667,2.86063316425e-49,1.56229648166e-100
378.5,0.166666666667,1.66666666667,2.77956095794e-49,1.47131541737e-100
378.6,0.166666666667,1.66666666667,2.70078639073e-49,1.38563267779e-100
378.7,0.166666666667,1.66666666667,2.62424434605e-49,1.30493971252e-100
378.8,0.166666666667,1.66666666667,2.54987155275e-49,1.22894593972e-100
378.9,0.166666666667,1.66666666667,2.47760653283e-49,1.15737769972e-100
379,0.166666666667,1.66666666667,2.40738955062e-49,1.08997726956e-100
379.1,0.166666666667,1.66666666667,2.33916256341e-49,1.02650193488e-100
379.2,0.166666666667,1.66666666667,2.27286917343e-49,9.66723115931e-101
379.3,0.166666666667,1.66666666667,2.20845458129e-49,9.1042554438e-101
379.4,0.166666666667,1.66666666667,2.14586554062e-49,8.57406488167e-101
379.5,0.166666666667,1.66666666667,2.08505031412e-49,8.07475021421e-101
379.6,0.166666666667,1.66666666667,2.02595863073e-49,7.6045133693e-101
379.7,0.166666666667,1.66666666667,1.96854164412e-49,7.16166098638e-101
379.8,0.166666666667,1.66666666667,1.91275189229e-49,6.74459831853e-101
379.9,0.166666666667,1.66666666667,1.85854325835e-49,6.35182348967e-101
380,0.166666666667,1.66666666667,1.80587093239e-49,5.98192208616e-101
380.1,0.166666666667,1.66666666667,1.75469137444e-49,5.63356206342e-101
380.2,0.166666666667,1.66666666667,1.70496227848e-49,5.30548894907e-101
380.3,0.166666666667,1.66666666667,1.65664253748e-49,4.99652132556e-101
380.4,0.166666666667,1.66666666667,1.60969220939e-49,4.70554657572e-101
380.5,0.166666666667,1.66666666667,1.56407248418e-49,4.43151687614e-101
380.6,0.166666666667,1.66666666667,1.51974565167e-49,4.17344542393e-101
380.7,0.166666666667,1.66666666667,1.47667507046e-49,3.93040288311e-101
380.8,0.166666666667,1.66666666667,1.43482513756e-49,3.70151403802e-101
380.9,0.166666666667,1.66666666667,1.39416125901e-49,3.48595464157e-101
381,0.166666666667,1.66666666667,1.35464982125e-49,3.28294844712e-101
381.1,0.166666666667,1.66666666667,1.31625816336e-49,3.09176441308e-101
381.2,0.166666666667,1.66666666667,1.27895455005e-49,2.91171407044e-101
381.3,0.166666666667,1.66666666667,1.24270814543e-49,2.74214904348e-101
381.4,0.166666666667,1.66666666667,1.20748898751e-49,2.58245871495e-101
381.5,0.166666666667,1.66666666667,1.17326796346e-49,2.43206802719e-101
381.6,0.166666666667,1.66666666667,1.14001678551e-49,2.29043541127e-101
381.7,0.166666666667,1.66666666667,1.10770796759e-49,2.1570508368e-101
381.8,0.166666666667,1.66666666667,1.07631480261e-49,2.03143397524e-101
381.9,0.166666666667,1.66666666667,1.04581134036e-49,1.9131324702e-101
382,0.166666666667,1.66666666667,1.01617236609e-49,1.80172030849e-101
382.1,0.166666666667,1.66666666667,9.87373379649e-50,1.69679628597e-101
382.2,0.166666666667,1.66666666667,9.59390575232e-50,1.59798256285e-101
382.3,0.166666666667,1.66666666667,9.32200821711e-50,1.50492330298e-101
382.4,0.166666666667,1.66666666667,9.05781643507e-50,1.41728339251e-101
382.5,0.166666666667,1.66666666667,8.80111202014e-50,1.3347472331e-101
382.6,0.166666666667,1.66666666667,8.55168277545e-50,1.25701760544e-101
382.7,0.166666666667,1.66666666667,8.30932251796e-50,1.18381459889e-101
382.8,0.166666666667,1.66666666667,8.07383090795e-50,1.11487460358e-101
382.9,0.166666666667,1.66666666667,7.84501328348e-50,1.04994936104e-101
383,0.166666666667,1.66666666667,7.62268049947e-50,9.8880507029e-102
383.1,0.166666666667,1.66666666667,7.40664877131e-50,9.31221545828e-102
383.2,0.166666666667,1.66666666667,7.19673952297e-50,8.76991424771e-102
383.3,0.166666666667,1.66666666667,6.9927792394e-50,8.25919420107e-102
383.4,0.166666666667,1.66666666667,6.79459932305e-50,7.77821617456e-102
383.5,0.166666666667,1.66666666667,6.60203595455e-50,7.32524812776e-102
383.6,0.166666666667,1.66666666667,6.41492995729e-50,6.89865888643e-102
383.7,0.166666666667,1.66666666667,6.23312666581e-50,6.49691226854e-102
383.8,0.166666666667,1.66666666667,6.05647579798e-50,6.11856155232e-102
383.9,0.166666666667,1.66666666667,5.88483133075e-50,5.76224426653e-102
384,0.166666666667,1.66666666667,5.71805137947e-50,5.42667728408e-102
384.1,0.166666666667,1.66666666667,5.55599808059e-50,5.11065220135e-102
384.2,0.166666666667,1.66666666667,5.39853747771e-50,4.81303098672e-102
384.3,0.166666666667,1.66666666667,5.24553941083e-50,4.53274188234e-102
384.4,0.166666666667,1.66666666667,5.09687740878e-50,4.26877554468e-102
384.5,0.166666666667,1.66666666667,4.95242858465e-50,4.02018140982e-102
384.6,0.166666666667,1.66666666667,4.81207353424e-50,3.78606427034e-102
384.7,0.166666666667,1.66666666667,4.67569623734e-50,3.56558105168e-102
384.8,0.166666666667,1.66666666667,4.54318396183e-50,3.35793777609e-102
384.9,0.166666666667,1.66666666667,4.41442717047e-50,3.16238670351e-102
385,0.166666666667,1.66666666667,4.28931943041e-50,2.97822363885e-102
385.1,0.166666666667,1.66666666667,4.16775732516e-50,2.80478539615e-102
385.2,0.166666666667,1.66666666667,4.04964036911e-50,2.64144741041e-102
385.3,0.166666666667,1.66666666667,3.9348709245e-50,2.48762148845e-102
385.4,0.166666666667,1.66666666667,3.82335412067e-50,2.34275369081e-102
385.5,0.166666666667,1.66666666667,3.71499777567e-50,2.20632233693e-102
385.6,0.166666666667,1.66666666667,3.60971232003e-50,2.07783612658e-102
385.7,0.166666666667,1.66666666667,3.50741072274e-50,1.95683237061e-102
385.8,0.166666666667,1.66666666667,3.40800841933e-50,1.84287532481e-102
385.9,0.166666666667,1.66666666667,3.31142324192e-50,1.73555462073e-102
386,0.166666666667,1.66666666667,3.21757535131e-50,1.6344837879e-102
386.1,0.166666666667,1.66666666667,3.12638717103e-50,1.53929886216e-102
386.2,0.166666666667,1.66666666667,3.03778332314e-50,1.44965707497e-102
386.3,0.166666666667,1.66666666667,2.95169056599e-50,1.36523561907e-102
386.4,0.166666666667,1.66666666667,2.86803773363e-50,1.28573048603e-102
386.5,0.166666666667,1.66666666667,2.786755677e-50,1.21085537149e-102
386.6,0.166666666667,1.66666666667,2.70777720678e-50,1.14034064417e-102
386.7,0.166666666667,1.66666666667,2.63103703782e-50,1.07393237488e-102
386.8,0.166666666667,1.66666666667,2.55647173521e-50,1.01139142213e-102
386.9,0.166666666667,1.66666666667,2.48401966182e-50,9.52492570938e-103
387,0.166666666667,1.66666666667,2.41362092736e-50,8.97023721813e-103
387.1,0.166666666667,1.66666666667,2.34521733887e-50,8.44785126987e-103
387.2,0.166666666667,1.66666666667,2.27875235262e-50,7.95588671097e-103
387.3,0.166666666667,1.66666666667,2.21417102734e-50,7.49257193761e-103
387.4,0.166666666667,1.66666666667,2.15141997888e-50,7.05623851617e-103
387.5,0.166666666667,1.66666666667,2.09044733598e-50,6.64531517505e-103
387.6,0.166666666667,1.66666666667,2.03120269747e-50,6.25832214635e-103
387.7,0.166666666667,1.66666666667,1.97363709059e-50,5.89386583718e-103
387.8,0.166666666667,1.66666666667,1.9177029305e-50,5.55063381117e-103
387.9,0.166666666667,1.66666666667,1.86335398091e-50,5.22739006227e-103
388,0.166666666667,1.66666666667,1.81054531594e-50,4.92297056386e-103
388.1,0.166666666667,1.66666666667,1.75923328291e-50,4.63627907693e-103
388.2,0.166666666667,1.66666666667,1.70937546631e-50,4.36628320245e-103
388.3,0.166666666667,1.66666666667,1.6609306527e-50,4.11201066366e-103
388.4,0.166666666667,1.66666666667,1.61385879664e-50,3.87254580476e-103
388.5,0.166666666667,1.66666666667,1.56812098762e-50,3.6470262936e-103
388.6,0.166666666667,1.66666666667,1.5236794179e-50,3.43464001637e-103
388.7,0.166666666667,1.66666666667,1.48049735119e-50,3.23462215304e-103
388.8,0.166666666667,1.66666666667,1.43853909237e-50,3.04625242328e-103
388.9,0.166666666667,1.66666666667,1.39776995792e-50,2.8688524926e-103
389,0.166666666667,1.66666666667,1.35815624728e-50,2.70178352961e-103
389.1,0.166666666667,1.66666666667,1.319665215e-50,2.54444390561e-103
389.2,0.166666666667,1.66666666667,1.28226504362e-50,2.396267028e-103
389.3,0.166666666667,1.66666666667,1.24592481746e-50,2.25671929997e-103
389.4,0.166666666667,1.66666666667,1.21061449696e-50,2.12529819897e-103
389.5,0.166666666667,1.66666666667,1.17630489394e-50,2.00153046708e-103
389.6,0.166666666667,1.66666666667,1.1429676474e-50,1.88497040679e-103
389.7,0.166666666667,1.66666666667,1.11057520014e-50,1.77519827597e-103
389.8,0.166666666667,1.66666666667,1.07910077592e-50,1.67181877639e-103
389.9,0.166666666667,1.66666666667,1.04851835737e-50,1.57445963018e-103
390,0.166666666667,1.66666666667,1.01880266447e-50,1.48277023927e-103
390.1,0.166666666667,1.66666666667,9.89929133664e-51,1.3964204228e-103
390.2,0.166666666667,1.66666666667,9.61873897515e-51,1.31509922817e-103
390.3,0.166666666667,1.66666666667,9.34613765023e-51,1.23851381123e-103
390.4,0.166666666667,1.66666666667,9.08126202435e-51,1.16638838177e-103
390.5,0.166666666667,1.66666666667,8.82389314615e-51,1.09846321034e-103
390.6,0.166666666667,1.66666666667,8.57381826952e-51,1.03449369294e-103
390.7,0.166666666667,1.66666666667,8.33083067771e-51,9.74249470233e-104
390.8,0.166666666667,1.66666666667,8.09472951245e-51,9.17513597929e-104
390.9,0.166666666667,1.66666666667,7.86531960793e-51,8.64081765611e-104
391,0.166666666667,1.66666666667,7.64241132946e-51,8.1376156097e-104
391.1,0.166666666667,1.66666666667,7.42582041673e-51,7.66371776916e-104
391.2,0.166666666667,1.66666666667,7.21536783148e-51,7.2174175904e-104
391.3,0.166666666667,1.66666666667,7.01087960952e-51,6.79710791071e-104
391.4,0.166666666667,1.66666666667,6.81218671689e-51,6.40127516126e-104
391.5,0.166666666667,1.66666666667,6.61912491021e-51,6.02849391659e-104
391.6,0.166666666667,1.66666666667,6.43153460082e-51,5.67742176158e-104
391.7,0.166666666667,1.66666666667,6.24926072293e-51,5.34679445726e-104
391.8,0.166666666667,1.66666666667,6.07215260541e-51,5.03542138821e-104
391.9,0.166666666667,1.66666666667,5.90006384725e-51,4.74218127507e-104
392,0.166666666667,1.66666666667,5.73285219654e-51,4.46601813669e-104
392.1,0.166666666667,1.66666666667,5.57037943287e-51,4.20593748748e-104
392.2,0.166666666667,1.66666666667,5.4125112531e-51,3.96100275619e-104
392.3,0.166666666667,1.66666666667,5.25911716033e-51,3.73033191321e-104
392.4,0.166666666667,1.66666666667,5.11007035601e-51,3.51309429436e-104
392.5,0.166666666667,1.66666666667,4.96524763517e-51,3.30850760957e-104
392.6,0.166666666667,1.66666666667,4.82452928453e-51,3.11583512579e-104
392.7,0.166666666667,1.66666666667,4.68779898356e-51,2.93438301396e-104
392.8,0.166666666667,1.66666666667,4.55494370833e-51,2.76349785051e-104
392.9,0.166666666667,1.66666666667,4.42585363811e-51,2.60256426424e-104
393,0.166666666667,1.66666666667,4.30042206452e-51,2.45100272044e-104
393.1,0.166666666667,1.66666666667,4.17854530338e-51,2.30826743383e-104
393.2,0.166666666667,1.66666666667,4.06012260901e-51,2.17384440321e-104
393.3,0.166666666667,1.66666666667,3.9450560909e-51,2.04724956048e-104
393.4,0.166666666667,1.66666666667,3.83325063282e-51,1.92802702745e-104
393.5,0.166666666667,1.66666666667,3.72461381422e-51,1.81574747425e-104
393.6,0.166666666667,1.66666666667,3.61905583378e-51,1.71000657319e-104
393.7,0.166666666667,1.66666666667,3.51648943524e-51,1.61042354283e-104
393.8,0.166666666667,1.66666666667,3.4168298352e-51,1.51663977669e-104
393.9,0.166666666667,1.66666666667,3.31999465312e-51,1.42831755191e-104
394,0.166666666667,1.66666666667,3.22590384314e-51,1.34513881308e-104
394.1,0.166666666667,1.66666666667,3.13447962798e-51,1.26680402691e-104
394.2,0.166666666667,1.66666666667,3.04564643459e-51,1.19303110355e-104
394.3,0.166666666667,1.66666666667,2.95933083174e-51,1.12355438078e-104
394.4,0.166666666667,1.66666666667,2.87546146928e-51,1.05812366738e-104
394.5,0.166666666667,1.66666666667,2.79396901914e-51,9.96503342082e-105
394.6,0.166666666667,1.66666666667,2.71478611811e-51,9.38471505172e-105
394.7,0.166666666667,1.66666666667,2.63784731204e-51,8.83819179351e-105
394.8,0.166666666667,1.66666666667,2.56308900182e-51,8.32349557215e-105
394.9,0.166666666667,1.66666666667,2.49044939079e-51,7.8387729253e-105
395,0.166666666667,1.66666666667,2.41986843363e-51,7.38227832787e-105
395.1,0.166666666667,1.66666666667,2.35128778674e-51,6.95236790624e-105
395.2,0.166666666667,1.66666666667,2.28465076004e-51,6.54749351853e-105
395.3,0.166666666667,1.66666666667,2.21990227006e-51,6.16619717963e-105
395.4,0.166666666667,1.66666666667,2.15698879445e-51,5.80710581087e-105
395.5,0.166666666667,1.66666666667,2.09585832769e-51,5.46892629545e-105
395.6,0.166666666667,1.66666666667,2.03646033815e-51,5.15044082184e-105
395.7,0.166666666667,1.66666666667,1.97874572632e-51,4.85050249834e-105
395.8,0.166666666667,1.66666666667,1.92266678416e-51,4.568031223e-105
395.9,0.166666666667,1.66666666667,1.86817715572e-51,4.30200979413e-105
396,0.166666666667,1.66666666667,1.81523179884e-51,4.05148024725e-105
396.1,0.166666666667,1.66666666667,1.76378694784e-51,3.81554040538e-105
396.2,0.166666666667,1.66666666667,1.71380007741e-51,3.59334063024e-105
396.3,0.166666666667,1.66666666667,1.66522986743e-51,3.38408076265e-105
396.4,0.166666666667,1.66666666667,1.61803616883e-51,3.18700724105e-105
396.5,0.166666666667,1.66666666667,1.57217997037e-51,3.0014103879e-105
396.6,0.166666666667,1.66666666667,1.52762336643e-51,2.82662185406e-105
396.7,0.166666666667,1.66666666667,1.48432952565e-51,2.66201221201e-105
396.8,0.166666666667,1.66666666667,1.44226266051e-51,2.50698868924e-105
396.9,0.166666666667,1.66666666667,1.40138799772e-51,2.36099303362e-105
397,0.166666666667,1.66666666667,1.36167174948e-51,2.22349950311e-105
397.1,0.166666666667,1.66666666667,1.32308108557e-51,2.09401297247e-105
397.2,0.166666666667,1.66666666667,1.2855841062e-51,1.97206715034e-105
397.3,0.166666666667,1.66666666667,1.24914981564e-51,1.85722290004e-105
397.4,0.166666666667,1.66666666667,1.2137480966e-51,1.74906665822e-105
397.5,0.166666666667,1.66666666667,1.17934968532e-51,1.64720894559e-105
397.6,0.166666666667,1.66666666667,1.14592614741e-51,1.55128296436e-105
397.7,0.166666666667,1.66666666667,1.11344985433e-51,1.46094327738e-105
397.8,0.166666666667,1.66666666667,1.08189396054e-51,1.37586456422e-105
397.9,0.166666666667,1.66666666667,1.05123238132e-51,1.2957404496e-105
398,0.166666666667,1.66666666667,1.02143977122e-51,1.22028240016e-105
398.1,0.166666666667,1.66666666667,9.92491503088e-52,1.14921868543e-105
398.2,0.166666666667,1.66666666667,9.64363647721e-52,1.08229339927e-105
398.3,0.166666666667,1.66666666667,9.37032954088e-52,1.01926553837e-105
398.4,0.166666666667,1.66666666667,9.10476830106e-52,9.5990813434e-106
398.5,0.166666666667,1.66666666667,8.84673323968e-52,9.04007436421e-106
398.6,0.166666666667,1.66666666667,8.59601105993e-52,8.51362141718e-106
398.7,0.166666666667,1.66666666667,8.35239450999e-52,8.01782670307e-106
398.8,0.166666666667,1.66666666667,8.11568221168e-52,7.55090482538e-106
398.9,0.166666666667,1.66666666667,7.88567849402e-52,7.11117436102e-106
399,0.166666666667,1.66666666667,7.66219323147e-52,6.69705180535e-106
399.1,0.166666666667,1.66666666667,7.44504168676e-52,6.30704586986e-106
399.2,0.166666666667,1.66666666667,7.2340443582e-52,5.93975211192e-106
399.3,0.166666666667,1.66666666667,7.02902683131e-52,5.5938478773e-106
399.4,0.166666666667,1.66666666667,6.8298196346e-52,5.26808753711e-106
399.5,0.166666666667,1.66666666667,6.63625809955e-52,4.96129800227e-106
399.6,0.166666666667,1.66666666667,6.44818222442e-52,4.67237449908e-106
399.7,0.166666666667,1.66666666667,6.26543654204e-52,4.40027659086e-106
399.8,0.166666666667,1.66666666667,6.08786999128e-52,4.14402443124e-106
399.9,0.166666666667,1.66666666667,5.91533579217e-52,3.90269523565e-106
400,0.166666666667,1.66666666667,5.74769132459e-52,3.67541995832e-106
400.1,0.166666666667,1.66666666667,5.58479801037e-52,3.46138016278e-106
400.2,0.166666666667,1.66666666667,5.42652119873e-52,3.25980507456e-106
400.3,0.166666666667,1.66666666667,5.27273005498e-52,3.06996880562e-106
400.4,0.166666666667,1.66666666667,5.12329745237e-52,2.89118774034e-106
400.5,0.166666666667,1.66666666667,4.978099867e-52,2.72281807379e-106
400.6,0.166666666667,1.66666666667,4.83701727574e-52,2.5642534933e-106
400.7,0.166666666667,1.66666666667,4.69993305697e-52,2.41492299511e-106
400.8,0.166666666667,1.66666666667,4.56673389421e-52,2.27428882814e-106
400.9,0.166666666667,1.66666666667,4.43730968244e-52,2.14184455747e-106
401,0.166666666667,1.66666666667,4.31155343709e-52,2.01711324067e-106
401.1,0.166666666667,1.66666666667,4.18936120561e-52,1.89964571029e-106
401.2,0.166666666667,1.66666666667,4.07063198153e-52,1.78901895633e-106
401.3,0.166666666667,1.66666666667,3.95526762095e-52,1.68483460298e-106
401.4,0.166666666667,1.66666666667,3.84317276147e-52,1.58671747404e-106
401.5,0.166666666667,1.66666666667,3.73425474328e-52,1.49431424187e-106
401.6,0.166666666667,1.66666666667,3.62842353264e-52,1.40729215503e-106
401.7,0.166666666667,1.66666666667,3.52559164741e-52,1.32533784e-106
401.8,0.166666666667,1.66666666667,3.42567408476e-52,1.24815617273e-106
401.9,0.166666666667,1.66666666667,3.32858825088e-52,1.17546921585e-106
402,0.166666666667,1.66666666667,3.23425389275e-52,1.10701521781e-106
402.1,0.166666666667,1.66666666667,3.14259303174e-52,1.04254767027e-106
402.2,0.166666666667,1.66666666667,3.05352989921e-52,9.81834420432e-107
402.3,0.166666666667,1.66666666667,2.96699087384e-52,9.24656835016e-107
402.4,0.166666666667,1.66666666667,2.88290442079e-52,8.70809012955e-107
402.5,0.166666666667,1.66666666667,2.80120103257e-52,8.20097043927e-107
402.6,0.166666666667,1.66666666667,2.72181317156e-52,7.72338310068e-107
402.7,0.166666666667,1.66666666667,2.64467521422e-52,7.27360828351e-107
402.8,0.166666666667,1.66666666667,2.56972339682e-52,6.8500263126e-107
402.9,0.166666666667,1.66666666667,2.49689576271e-52,6.45111183533e-107
403,0.166666666667,1.66666666667,2.42613211117e-52,6.0754283287e-107
403.1,0.166666666667,1.66666666667,2.35737394759e-52,5.72162292631e-107
403.2,0.166666666667,1.66666666667,2.29056443513e-52,5.38842154654e-107
403.3,0.166666666667,1.66666666667,2.22564834775e-52,5.07462430454e-107
403.4,0.166666666667,1.66666666667,2.16257202454e-52,4.77910119128e-107
403.5,0.166666666667,1.66666666667,2.10128332541e-52,4.50078800436e-107
403.6,0.166666666667,1.66666666667,2.04173158791e-52,4.23868251569e-107
403.7,0.166666666667,1.66666666667,1.98386758542e-52,3.99184086241e-107
403.8,0.166666666667,1.66666666667,1.92764348644e-52,3.75937414793e-107
403.9,0.166666666667,1.66666666667,1.87301281503e-52,3.54044524099e-107
404,0.166666666667,1.66666666667,1.81993041241e-52,3.33426576107e-107
404.1,0.166666666667,1.66666666667,1.76835239964e-52,3.14009323932e-107
404.2,0.166666666667,1.66666666667,1.71823614133e-52,2.95722844494e-107
404.3,0.166666666667,1.66666666667,1.66954021042e-52,2.78501286715e-107
404.4,0.166666666667,1.66666666667,1.62222435389e-52,2.62282634386e-107
404.5,0.166666666667,1.66666666667,1.57624945954e-52,2.4700848284e-107
404.6,0.166666666667,1.66666666667,1.53157752362e-52,2.32623828634e-107
404.7,0.166666666667,1.66666666667,1.48817161946e-52,2.19076871474e-107
404.8,0.166666666667,1.66666666667,1.44599586688e-52,2.06318827683e-107
404.9,0.166666666667,1.66666666667,1.40501540258e-52,1.94303754522e-107
405,0.166666666667,1.66666666667,1.36519635133e-52,1.82988384752e-107
405.1,0.166666666667,1.66666666667,1.32650579791e-52,1.72331970817e-107
405.2,0.166666666667,1.66666666667,1.28891175996e-52,1.62296138118e-107
405.3,0.166666666667,1.66666666667,1.25238316153e-52,1.52844746818e-107
405.4,0.166666666667,1.66666666667,1.21688980736e-52,1.43943761698e-107
405.5,0.166666666667,1.66666666667,1.18240235795e-52,1.35561129598e-107
405.6,0.166666666667,1.66666666667,1.14889230531e-52,1.27666663988e-107
405.7,0.166666666667,1.66666666667,1.11633194939e-52,1.20231936265e-107
405.8,0.166666666667,1.66666666667,1.08469437514e-52,1.13230173378e-107
405.9,0.166666666667,1.66666666667,1.05395343035e-52,1.06636161419e-107
406,0.166666666667,1.66666666667,1.02408370395e-52,1.00426154822e-107
406.1,0.166666666667,1.66666666667,9.95060505044e-53,9.4577790856e-108
406.2,0.166666666667,1.66666666667,9.66859842489e-53,8.9070009093e-108
406.3,0.166666666667,1.66666666667,9.39458405071e-53,8.38829755699e-108
406.4,0.166666666667,1.66666666667,9.1283354223e-53,7.89980113633e-108
406.5,0.166666666667,1.66666666667,8.86963245335e-53,7.43975253257e-108
406.6,0.166666666667,1.66666666667,8.61826129498e-53,7.00649507382e-108
406.7,0.166666666667,1.66666666667,8.37401415889e-53,6.59846856526e-108
406.8,0.166666666667,1.66666666667,8.13668914566e-53,6.21420367074e-108
406.9,0.166666666667,1.66666666667,7.90609007782e-53,5.85231662157e-108
407,0.166666666667,1.66666666667,7.68202633769e-53,5.51150423351e-108
407.1,0.166666666667,1.66666666667,7.46431270983e-53,5.19053921382e-108
407.2,0.166666666667,1.66666666667,7.25276922794e-53,4.88826574176e-108
407.3,0.166666666667,1.66666666667,7.04722102604e-53,4.60359530632e-108
407.4,0.166666666667,1.66666666667,6.84749819402e-53,4.33550278647e-108
407.5,0.166666666667,1.66666666667,6.65343563708e-53,4.08302275956e-108
407.6,0.166666666667,1.66666666667,6.46487293935e-53,3.84524602477e-108
407.7,0.166666666667,1.66666666667,6.28165423124e-53,3.62131632904e-108
407.8,0.166666666667,1.66666666667,6.10362806061e-53,3.41042728358e-108
407.9,0.166666666667,1.66666666667,5.93064726756e-53,3.21181946005e-108
408,0.166666666667,1.66666666667,5.7625688628e-53,3.02477765575e-108
408.1,0.166666666667,1.66666666667,5.59925390946e-53,2.84862831817e-108
408.2,0.166666666667,1.66666666667,5.44056740823e-53,2.68273711941e-108
408.3,0.166666666667,1.66666666667,5.28637818575e-53,2.526506672e-108
408.4,0.166666666667,1.66666666667,5.13655878623e-53,2.37937437755e-108
408.5,0.166666666667,1.66666666667,4.99098536603e-53,2.2408104009e-108
408.6,0.166666666667,1.66666666667,4.84953759134e-53,2.11031576205e-108
408.7,0.166666666667,1.66666666667,4.71209853867e-53,1.98742053937e-108
408.8,0.166666666667,1.66666666667,4.57855459823e-53,1.87168217729e-108
408.9,0.166666666667,1.66666666667,4.44879538002e-53,1.76268389272e-108
409,0.166666666667,1.66666666667,4.32271362252e-53,1.66003317408e-108
409.1,0.166666666667,1.66666666667,4.20020510412e-53,1.56336036793e-108
409.2,0.166666666667,1.66666666667,4.08116855689e-53,1.47231734772e-108
409.3,0.166666666667,1.66666666667,3.96550558291e-53,1.38657626027e-108
409.4,0.166666666667,1.66666666667,3.85312057292e-53,1.30582834503e-108
409.5,0.166666666667,1.66666666667,3.74392062728e-53,1.2297828223e-108
409.6,0.166666666667,1.66666666667,3.63781547919e-53,1.15816584606e-108
409.7,0.166666666667,1.66666666667,3.53471742008e-53,1.09071951782e-108
409.8,0.166666666667,1.66666666667,3.43454122709e-53,1.02720095798e-108
409.9,0.166666666667,1.66666666667,3.33720409263e-53,9.67381431086e-109
410,0.166666666667,1.66666666667,3.24262555593e-53,9.11045522245e-109
410.1,0.166666666667,1.66666666667,3.15072743654e-53,8.57990361332e-109
410.2,0.166666666667,1.66666666667,3.06143376968e-53,8.0802489246e-109
410.3,0.166666666667,1.66666666667,2.97467074348e-53,7.60969185972e-109
410.4,0.166666666667,1.66666666667,2.89036663793e-53,7.166537905e-109
410.5,0.166666666667,1.66666666667,2.80845176561e-53,6.74919122752e-109
410.6,0.166666666667,1.66666666667,2.72885841411e-53,6.35614892846e-109
410.7,0.166666666667,1.66666666667,2.65152079001e-53,5.98599563101e-109
410.8,0.166666666667,1.66666666667,2.57637496453e-53,5.63739838348e-109
410.9,0.166666666667,1.66666666667,2.50335882066e-53,5.30910185925e-109
411,0.166666666667,1.66666666667,2.43241200185e-53,4.99992383623e-109
411.1,0.166666666667,1.66666666667,2.36347586208e-53,4.70875093958e-109
411.2,0.166666666667,1.66666666667,2.29649341739e-53,4.43453463238e-109
411.3,0.166666666667,1.66666666667,2.23140929879e-53,4.17628743973e-109
411.4,0.166666666667,1.66666666667,2.16816970648e-53,3.9330793928e-109
411.5,0.166666666667,1.66666666667,2.1067223654e-53,3.70403467991e-109
411.6,0.166666666667,1.66666666667,2.04701648196e-53,3.48832849271e-109
411.7,0.166666666667,1.66666666667,1.98900270214e-53,3.28518405593e-109
411.8,0.166666666667,1.66666666667,1.9326330706e-53,3.09386983017e-109
411.9,0.166666666667,1.66666666667,1.87786099113e-53,2.91369687758e-109
412,0.166666666667,1.66666666667,1.82464118804e-53,2.74401638092e-109
412.1,0.166666666667,1.66666666667,1.77292966883e-53,2.58421730713e-109
412.2,0.166666666667,1.66666666667,1.72268368773e-53,2.43372420693e-109
412.3,0.166666666667,1.66666666667,1.67386171045e-53,2.29199514261e-109
412.4,0.166666666667,1.66666666667,1.6264233798e-53,2.15851973646e-109
412.5,0.166666666667,1.66666666667,1.58032948232e-53,2.03281733284e-109
412.6,0.166666666667,1.66666666667,1.5355419159e-53,1.91443526733e-109
412.7,0.166666666667,1.66666666667,1.49202365828e-53,1.80294723661e-109
412.8,0.166666666667,1.66666666667,1.44973873641e-53,1.69795176337e-109
412.9,0.166666666667,1.66666666667,1.40865219676e-53,1.59907075048e-109
413,0.166666666667,1.66666666667,1.36873007639e-53,1.50594811949e-109
413.1,0.166666666667,1.66666666667,1.3299393749e-53,1.41824852836e-109
413.2,0.166666666667,1.66666666667,1.29224802715e-53,1.33565616382e-109
413.3,0.166666666667,1.66666666667,1.25562487673e-53,1.25787360415e-109
413.4,0.166666666667,1.66666666667,1.22003965024e-53,1.18462074812e-109
413.5,0.166666666667,1.66666666667,1.18546293223e-53,1.11563380633e-109
413.6,0.166666666667,1.66666666667,1.15186614093e-53,1.05066435127e-109
413.7,0.166666666667,1.66666666667,1.11922150456e-53,9.89478422724e-110
413.8,0.166666666667,1.66666666667,1.08750203845e-53,9.31855685269e-110
413.9,0.166666666667,1.66666666667,1.05668152265e-53,8.77588634806e-110
414,0.166666666667,1.66666666667,1.02673448034e-53,8.26481851337e-110
414.1,0.166666666667,1.66666666667,9.97636156701e-54,7.78351295241e-110
414.2,0.166666666667,1.66666666667,9.69362498501e-54,7.33023644528e-110
414.3,0.166666666667,1.66666666667,9.41890134182e-54,6.90335670695e-110
414.4,0.166666666667,1.66666666667,9.15196354555e-54,6.50133650929e-110
414.5,0.166666666667,1.66666666667,8.89259094021e-54,6.12272814535e-110
414.6,0.166666666667,1.66666666667,8.64056912337e-54,5.76616821607e-110
414.7,0.166666666667,1.66666666667,8.3956897689e-54,5.43037272058e-110
414.8,0.166666666667,1.66666666667,8.15775045477e-54,5.11413243239e-110
414.9,0.166666666667,1.66666666667,7.92655449571e-54,4.81630854488e-110
415,0.166666666667,1.66666666667,7.70191078066e-54,4.53582857037e-110
415.1,0.166666666667,1.66666666667,7.48363361474e-54,4.271682478e-110
415.2,0.166666666667,1.66666666667,7.27154256582e-54,4.02291905651e-110
415.3,0.166666666667,1.66666666667,7.06546231531e-54,3.78864248891e-110
415.4,0.166666666667,1.66666666667,6.86522251327e-54,3.56800912649e-110
415.5,0.166666666667,1.66666666667,6.67065763759e-54,3.36022445083e-110
415.6,0.166666666667,1.66666666667,6.48160685715e-54,3.16454021268e-110
415.7,0.166666666667,1.66666666667,6.29791389892e-54,2.9802517374e-110
415.8,0.166666666667,1.66666666667,6.11942691872e-54,2.80669538744e-110
415.9,0.166666666667,1.66666666667,5.94599837574e-54,2.64324617247e-110
416,0.166666666667,1.66666666667,5.77748491058e-54,2.48931549876e-110
416.1,0.166666666667,1.66666666667,5.61374722674e-54,2.34434904964e-110
416.2,0.166666666667,1.66666666667,5.45464997546e-54,2.20782478929e-110
416.3,0.166666666667,1.66666666667,5.30006164386e-54,2.07925108293e-110
416.4,0.166666666667,1.66666666667,5.14985444622e-54,1.95816492632e-110
416.5,0.166666666667,1.66666666667,5.00390421836e-54,1.84413027852e-110
416.6,0.166666666667,1.66666666667,4.86209031498e-54,1.73673649162e-110
416.7,0.166666666667,1.66666666667,4.72429550995e-54,1.63559683199e-110
416.8,0.166666666667,1.66666666667,4.59040589941e-54,1.54034708761e-110
416.9,0.166666666667,1.66666666667,4.4603108076e-54,1.45064425652e-110
417,0.166666666667,1.66666666667,4.33390269539e-54,1.36616531164e-110
417.1,0.166666666667,1.66666666667,4.21107707138e-54,1.28660603752e-110
417.2,0.166666666667,1.66666666667,4.09173240553e-54,1.21167993483e-110
417.3,0.166666666667,1.66666666667,3.9757700452e-54,1.14111718868e-110
417.4,0.166666666667,1.66666666667,3.86309413366e-54,1.07466369696e-110
417.5,0.166666666667,1.66666666667,3.75361153081e-54,1.01208015533e-110
417.6,0.166666666667,1.66666666667,3.64723173621e-54,9.53141195434e-111
417.7,0.166666666667,1.66666666667,3.54386681425e-54,8.97634573359e-111
417.8,0.166666666667,1.66666666667,3.44343132147e-54,8.45360405309e-111
417.9,0.166666666667,1.66666666667,3.34584223595e-54,7.96130447817e-111
418,0.166666666667,1.66666666667,3.25101888864e-54,7.49767419861e-111
418.1,0.166666666667,1.66666666667,3.15888289674e-54,7.06104364462e-111
418.2,0.166666666667,1.66666666667,3.06935809883e-54,6.6498404746e-111
418.3,0.166666666667,1.66666666667,2.98237049198e-54,6.26258391298e-111
418.4,0.166666666667,1.66666666667,2.89784817054e-54,5.89787941784e-111
418.5,0.166666666667,1.66666666667,2.81572126672e-54,5.55441365908e-111
418.6,0.166666666667,1.66666666667,2.73592189282e-54,5.23094978898e-111
418.7,0.166666666667,1.66666666667,2.65838408514e-54,4.92632298823e-111
418.8,0.166666666667,1.66666666667,2.5830437494e-54,4.6394362713e-111
418.9,0.166666666667,1.66666666667,2.50983860783e-54,4.36925653613e-111
419,0.166666666667,1.66666666667,2.43870814763e-54,4.11481084387e-111
419.1,0.166666666667,1.66666666667,2.36959357099e-54,3.87518291516e-111
419.2,0.166666666667,1.66666666667,2.30243774645e-54,3.64950983065e-111
419.3,0.166666666667,1.66666666667,2.23718516169e-54,3.43697892348e-111
419.4,0.166666666667,1.66666666667,2.17378187767e-54,3.23682485281e-111
419.5,0.166666666667,1.66666666667,2.112175484e-54,3.0483268478e-111
419.6,0.166666666667,1.66666666667,2.05231505563e-54,2.87080611204e-111
419.7,0.166666666667,1.66666666667,1.99415111078e-54,2.70362337911e-111
419.8,0.166666666667,1.66666666667,1.93763556999e-54,2.54617661062e-111
419.9,0.166666666667,1.66666666667,1.88272171643e-54,2.39789882813e-111
420,0.166666666667,1.66666666667,1.82936415722e-54,2.25825607145e-111
420.1,0.166666666667,1.66666666667,1.77751878599e-54,2.12674547585e-111
420.2,0.166666666667,1.66666666667,1.72714274632e-54,2.00289346112e-111
420.3,0.166666666667,1.66666666667,1.67819439642e-54,1.88625402623e-111
420.4,0.166666666667,1.66666666667,1.63063327463e-54,1.77640714323e-111
420.5,0.166666666667,1.66666666667,1.58442006599e-54,1.6729572447e-111
420.6,0.166666666667,1.66666666667,1.53951656977e-54,1.57553179927e-111
420.7,0.166666666667,1.66666666667,1.49588566786e-54,1.48377997008e-111
420.8,0.166666666667,1.66666666667,1.45349129413e-54,1.39737135147e-111
420.9,0.166666666667,1.66666666667,1.41229840455e-54,1.31599477906e-111
421,0.166666666667,1.66666666667,1.37227294827e-54,1.2393572093e-111
421.1,0.166666666667,1.66666666667,1.33338183949e-54,1.16718266416e-111
421.2,0.166666666667,1.66666666667,1.29559293005e-54,1.09921123732e-111
421.3,0.166666666667,1.66666666667,1.25887498291e-54,1.03519815823e-111
421.4,0.166666666667,1.66666666667,1.22319764629e-54,9.74912910653e-112
421.5,0.166666666667,1.66666666667,1.18853142862e-54,9.18138402587e-112
421.6,0.166666666667,1.66666666667,1.15484767413e-54,8.64670184479e-112
421.7,0.166666666667,1.66666666667,1.12211853917e-54,8.1431571299e-112
421.8,0.166666666667,1.66666666667,1.09031696921e-54,7.66893657635e-112
421.9,0.166666666667,1.66666666667,1.05941667644e-54,7.22233247792e-112
422,0.166666666667,1.66666666667,1.02939211809e-54,6.80173657746e-112
422.1,0.166666666667,1.66666666667,1.00021847527e-54,6.40563427544e-112
422.2,0.166666666667,1.66666666667,9.71871632481e-55,6.03259917573e-112
422.3,0.166666666667,1.66666666667,9.44328157672e-55,5.68128794903e-112
422.4,0.166666666667,1.66666666667,9.17565282871e-55,5.35043549548e-112
422.5,0.166666666667,1.66666666667,8.91560885366e-55,5.03885038888e-112
422.6,0.166666666667,1.66666666667,8.66293469417e-55,4.74541058629e-112
422.7,0.166666666667,1.66666666667,8.41742148486e-55,4.46905938746e-112
422.8,0.166666666667,1.66666666667,8.17886627975e-55,4.2088016296e-112
422.9,0.166666666667,1.66666666667,7.94707188447e-55,3.96370010365e-112
423,0.166666666667,1.66666666667,7.72184669326e-55,3.73287217938e-112
423.1,0.166666666667,1.66666666667,7.5030045306e-55,3.51548662695e-112
423.2,0.166666666667,1.66666666667,7.29036449731e-55,3.31076062355e-112
423.3,0.166666666667,1.66666666667,7.08375082101e-55,3.11795693445e-112
423.4,0.166666666667,1.66666666667,6.88299271081e-55,2.93638125811e-112
423.5,0.166666666667,1.66666666667,6.68792421616e-55,2.76537972597e-112
423.6,0.166666666667,1.66666666667,6.49838408965e-55,2.60433654781e-112
423.7,0.166666666667,1.66666666667,6.31421565372e-55,2.45267179425e-112
423.8,0.166666666667,1.66666666667,6.13526667117e-55,2.30983930835e-112
423.9,0.166666666667,1.66666666667,5.9613892193e-55,2.17532473888e-112
424,0.166666666667,1.66666666667,5.79243956761e-55,2.04864368811e-112
424.1,0.166666666667,1.66666666667,5.62827805905e-55,1.92933996741e-112
424.2,0.166666666667,1.66666666667,5.46876899453e-55,1.81698395454e-112
424.3,0.166666666667,1.66666666667,5.31378052073e-55,1.71117104648e-112
424.4,0.166666666667,1.66666666667,5.1631845212e-55,1.61152020247e-112
424.5,0.166666666667,1.66666666667,5.01685651033e-55,1.51767257184e-112
424.6,0.166666666667,1.66666666667,4.87467553057e-55,1.42929020176e-112
424.7,0.166666666667,1.66666666667,4.73652405233e-55,1.34605482021e-112
424.8,0.166666666667,1.66666666667,4.60228787694e-55,1.26766668994e-112
424.9,0.166666666667,1.66666666667,4.47185604215e-55,1.19384352899e-112
425,0.166666666667,1.66666666667,4.34512073048e-55,1.12431949425e-112
425.1,0.166666666667,1.66666666667,4.22197718005e-55,1.05884422411e-112
425.2,0.166666666667,1.66666666667,4.10232359802e-55,9.97181936854e-113
425.3,0.166666666667,1.66666666667,3.9860610764e-55,9.3911058166e-113
425.4,0.166666666667,1.66666666667,3.87309351034e-55,8.84421038922e-113
425.5,0.166666666667,1.66666666667,3.76332751865e-55,8.32916367213e-113
425.6,0.166666666667,1.66666666667,3.65667236662e-55,7.84411094083e-113
425.7,0.166666666667,1.66666666667,3.55303989105e-55,7.38730548158e-113
425.8,0.166666666667,1.66666666667,3.4523444273e-55,6.95710230131e-113
425.9,0.166666666667,1.66666666667,3.35450273855e-55,6.5519522039e-113
426,0.166666666667,1.66666666667,3.25943394697e-55,6.17039621137e-113
426.1,0.166666666667,1.66666666667,3.16705946683e-55,5.81106031004e-113
426.2,0.166666666667,1.66666666667,3.0773029396e-55,5.47265050252e-113
426.3,0.166666666667,1.66666666667,2.99009017079e-55,5.15394814798e-113
426.4,0.166666666667,1.66666666667,2.90534906863e-55,4.8538055737e-113
426.5,0.166666666667,1.66666666667,2.82300958447e-55,4.57114194223e-113
426.6,0.166666666667,1.66666666667,2.74300365491e-55,4.30493935917e-113
426.7,0.166666666667,1.66666666667,2.66526514547e-55,4.0542392077e-113
426.8,0.166666666667,1.66666666667,2.58972979601e-55,3.81813869648e-113
426.9,0.166666666667,1.66666666667,2.51633516752e-55,3.59578760865e-113
427,0.166666666667,1.66666666667,2.4450205906e-55,3.38638524013e-113
427.1,0.166666666667,1.66666666667,2.37572711521e-55,3.18917751621e-113
427.2,0.166666666667,1.66666666667,2.30839746203e-55,3.00345427608e-113
427.3,0.166666666667,1.66666666667,2.24297597505e-55,2.82854671545e-113
427.4,0.166666666667,1.66666666667,2.17940857561e-55,2.6638249782e-113
427.5,0.166666666667,1.66666666667,2.11764271766e-55,2.50869588815e-113
427.6,0.166666666667,1.66666666667,2.05762734433e-55,2.36260081301e-113
427.7,0.166666666667,1.66666666667,1.99931284576e-55,2.22501365271e-113
427.8,0.166666666667,1.66666666667,1.94265101804e-55,2.09543894486e-113
427.9,0.166666666667,1.66666666667,1.88759502341e-55,1.97341008056e-113
428,0.166666666667,1.66666666667,1.83409935151e-55,1.85848762409e-113
428.1,0.166666666667,1.66666666667,1.78211978179e-55,1.75025773048e-113
428.2,0.166666666667,1.66666666667,1.73161334691e-55,1.6483306552e-113
428.3,0.166666666667,1.66666666667,1.68253829728e-55,1.55233935069e-113
428.4,0.166666666667,1.66666666667,1.6348540665e-55,1.46193814456e-113
428.5,0.166666666667,1.66666666667,1.58852123787e-55,1.37680149485e-113
428.6,0.166666666667,1.66666666667,1.54350151177e-55,1.29662281763e-113
428.7,0.166666666667,1.66666666667,1.49975767402e-55,1.22111338308e-113
428.8,0.166666666667,1.66666666667,1.45725356511e-55,1.15000127567e-113
428.9,0.166666666667,1.66666666667,1.41595405032e-55,1.08303041501e-113
429,0.166666666667,1.66666666667,1.37582499066e-55,1.01995963365e-113
429.1,0.166666666667,1.66666666667,1.33683321468e-55,9.60561808657e-114
429.2,0.166666666667,1.66666666667,1.29894649102e-55,9.04623043709e-114
429.3,0.166666666667,1.66666666667,1.26213350178e-55,8.51941898829e-114
429.4,0.166666666667,1.66666666667,1.22636381662e-55,8.02328664992e-114
429.5,0.166666666667,1.66666666667,1.19160786762e-55,7.55604680968e-114
429.6,0.166666666667,1.66666666667,1.15783692485e-55,7.11601689946e-114
429.7,0.166666666667,1.66666666667,1.12502307258e-55,6.7016123363e-114
429.8,0.166666666667,1.66666666667,1.09313918624e-55,6.31134081617e-114
429.9,0.166666666667,1.66666666667,1.06215891001e-55,5.94379694003e-114
430,0.166666666667,1.66666666667,1.03205663497e-55,5.59765715295e-114
430.1,0.166666666667,1.66666666667,1.00280747801e-55,5.27167497782e-114
430.2,0.166666666667,1.66666666667,9.74387261197e-56,4.9646765267e-114
430.3,0.166666666667,1.66666666667,9.46772491832e-56,4.67555627356e-114
430.4,0.166666666667,1.66666666667,9.19940343009e-56,4.40327307322e-114
430.5,0.166666666667,1.66666666667,8.93868634754e-56,4.14684641205e-114
430.6,0.166666666667,1.66666666667,8.68535815685e-56,3.90535287709e-114
430.7,0.166666666667,1.66666666667,8.43920945201e-56,3.67792283078e-114
430.8,0.166666666667,1.66666666667,8.20003676173e-56,3.46373727929e-114
430.9,0.166666666667,1.66666666667,7.9676423812e-56,3.26202492329e-114
431,0.166666666667,1.66666666667,7.74183420872e-56,3.07205938042e-114
431.1,0.166666666667,1.66666666667,7.52242558686e-56,2.89315656955e-114
431.2,0.166666666667,1.66666666667,7.30923514819e-56,2.72467224731e-114
431.3,0.166666666667,1.66666666667,7.10208666536e-56,2.56599968816e-114
431.4,0.166666666667,1.66666666667,6.90080890539e-56,2.4165674995e-114
431.5,0.166666666667,1.66666666667,6.70523548819e-56,2.27583756404e-114
431.6,0.166666666667,1.66666666667,6.51520474895e-56,2.14330310202e-114
431.7,0.166666666667,1.66666666667,6.33055960459e-56,2.0184868462e-114
431.8,0.166666666667,1.66666666667,6.15114742384e-56,1.90093932326e-114
431.9,0.166666666667,1.66666666667,5.97681990109e-56,1.79023723514e-114
432,0.166666666667,1.66666666667,5.80743293384e-56,1.68598193476e-114
432.1,0.166666666667,1.66666666667,5.64284650352e-56,1.58779799042e-114
432.2,0.166666666667,1.66666666667,5.48292455979e-56,1.49533183388e-114
432.3,0.166666666667,1.66666666667,5.32753490806e-56,1.40825048709e-114
432.4,0.166666666667,1.66666666667,5.17654910023e-56,1.32624036314e-114
432.5,0.166666666667,1.66666666667,5.0298423285e-56,1.24900613701e-114
432.6,0.166666666667,1.66666666667,4.88729332219e-56,1.17626968207e-114
432.7,0.166666666667,1.66666666667,4.74878424753e-56,1.1077690685e-114
432.8,0.166666666667,1.66666666667,4.61420061022e-56,1.04325762012e-114
432.9,0.166666666667,1.66666666667,4.48343116082e-56,9.82503026021e-115
433,0.166666666667,1.66666666667,4.35636780274e-56,9.25286504047e-115
433.1,0.166666666667,1.66666666667,4.23290550297e-56,8.71402012916e-115
433.2,0.166666666667,1.66666666667,4.11294220515e-56,8.20655510259e-115
433.3,0.166666666667,1.66666666667,3.99637874529e-56,7.72864253852e-115
433.4,0.166666666667,1.66666666667,3.88311876977e-56,7.27856143554e-115
433.5,0.166666666667,1.66666666667,3.7730686557e-56,6.85469101551e-115
433.6,0.166666666667,1.66666666667,3.66613743351e-56,6.45550488709e-115
433.7,0.166666666667,1.66666666667,3.56223671178e-56,6.07956554904e-115
433.8,0.166666666667,1.66666666667,3.46128060414e-56,5.72551921369e-115
433.9,0.166666666667,1.66666666667,3.36318565833e-56,5.39209093182e-115
434,0.166666666667,1.66666666667,3.26787078714e-56,5.07808000145e-115
434.1,0.166666666667,1.66666666667,3.17525720146e-56,4.78235564407e-115
434.2,0.166666666667,1.66666666667,3.0852683451e-56,4.50385293257e-115
434.3,0.166666666667,1.66666666667,2.99782983151e-56,4.24156895638e-115
434.4,0.166666666667,1.66666666667,2.91286938232e-56,3.99455920987e-115
434.5,0.166666666667,1.66666666667,2.83031676758e-56,3.76193419116e-115
434.6,0.166666666667,1.66666666667,2.75010374769e-56,3.54285619892e-115
434.7,0.166666666667,1.66666666667,2.672164017e-56,3.33653631573e-115
434.8,0.166666666667,1.66666666667,2.59643314902e-56,3.14223156718e-115
434.9,0.166666666667,1.66666666667,2.52284854315e-56,2.95924224628e-115
435,0.166666666667,1.66666666667,2.45134937292e-56,2.78690939383e-115
435.1,0.166666666667,1.66666666667,2.38187653572e-56,2.62461242542e-115
435.2,0.166666666667,1.66666666667,2.31437260396e-56,2.47176689667e-115
435.3,0.166666666667,1.66666666667,2.24878177757e-56,2.32782239857e-115
435.4,0.166666666667,1.66666666667,2.18504983791e-56,2.19226057546e-115
435.5,0.166666666667,1.66666666667,2.12312410291e-56,2.06459325834e-115
435.6,0.166666666667,1.66666666667,2.06295338355e-56,1.94436070699e-115
435.7,0.166666666667,1.66666666667,2.00448794156e-56,1.83112995434e-115
435.8,0.166666666667,1.66666666667,1.94767944826e-56,1.72449324738e-115
435.9,0.166666666667,1.66666666667,1.89248094464e-56,1.62406657879e-115
436,0.166666666667,1.66666666667,1.83884680256e-56,1.52948830408e-115
436.1,0.166666666667,1.66666666667,1.78673268698e-56,1.44041783932e-115
436.2,0.166666666667,1.66666666667,1.73609551936e-56,1.35653443461e-115
436.3,0.166666666667,1.66666666667,1.68689344204e-56,1.27753601911e-115
436.4,0.166666666667,1.66666666667,1.63908578363e-56,1.20313811317e-115
436.5,0.166666666667,1.66666666667,1.59263302538e-56,1.13307280399e-115
436.6,0.166666666667,1.66666666667,1.54749676855e-56,1.06708778077e-115
436.7,0.166666666667,1.66666666667,1.50363970262e-56,1.00494542615e-115
436.8,0.166666666667,1.66666666667,1.46102557449e-56,9.46421960533e-116
436.9,0.166666666667,1.66666666667,1.41961915849e-56,8.91306636236e-116
437,0.166666666667,1.66666666667,1.37938622729e-56,8.39400978556e-116
437.1,0.166666666667,1.66666666667,1.34029352355e-56,7.90518071061e-116
437.2,0.166666666667,1.66666666667,1.30230873248e-56,7.44481882483e-116
437.3,0.166666666667,1.66666666667,1.26540045512e-56,7.01126632819e-116
437.4,0.166666666667,1.66666666667,1.22953818238e-56,6.6029619634e-116
437.5,0.166666666667,1.66666666667,1.19469226979e-56,6.21843539374e-116
437.6,0.166666666667,1.66666666667,1.16083391305e-56,5.85630190822e-116
437.7,0.166666666667,1.66666666667,1.12793512418e-56,5.51525743512e-116
437.8,0.166666666667,1.66666666667,1.09596870841e-56,5.19407384599e-116
437.9,0.166666666667,1.66666666667,1.06490824168e-56,4.89159453297e-116
438,0.166666666667,1.66666666667,1.03472804879e-56,4.60673024383e-116
438.1,0.166666666667,1.66666666667,1.00540318222e-56,4.33845515943e-116
438.2,0.166666666667,1.66666666667,9.76909401459e-57,4.0858031997e-116
438.3,0.166666666667,1.66666666667,9.49223152997e-57,3.84786454469e-116
438.4,0.166666666667,1.66666666667,9.22321550842e-57,3.62378235823e-116
438.5,0.166666666667,1.66666666667,8.96182357606e-57,3.41274970241e-116
438.6,0.166666666667,1.66666666667,8.70783966125e-57,3.21400663173e-116
438.7,0.166666666667,1.66666666667,8.46105381594e-57,3.02683745647e-116
438.8,0.166666666667,1.66666666667,8.22126204216e-57,2.85056816543e-116
438.9,0.166666666667,1.66666666667,7.98826612337e-57,2.68456399877e-116
439,0.166666666667,1.66666666667,7.76187346061e-57,2.52822716218e-116
439.1,0.166666666667,1.66666666667,7.54189691331e-57,2.38099467419e-116
439.2,0.166666666667,1.66666666667,7.32815464457e-57,2.2423363388e-116
439.3,0.166666666667,1.66666666667,7.12046997089e-57,2.11175283625e-116
439.4,0.166666666667,1.66666666667,6.91867121608e-57,1.98877392488e-116
439.5,0.166666666667,1.66666666667,6.72259156936e-57,1.87295674777e-116
439.6,0.166666666667,1.66666666667,6.53206894748e-57,1.76388423799e-116
439.7,0.166666666667,1.66666666667,6.34694586076e-57,1.66116361669e-116
439.8,0.166666666667,1.66666666667,6.16706928283e-57,1.56442497868e-116
439.9,0.166666666667,1.66666666667,5.99229052424e-57,1.47331996037e-116
440,0.166666666667,1.66666666667,5.82246510945e-57,1.3875204853e-116
440.1,0.166666666667,1.66666666667,5.65745265749e-57,1.30671758268e-116
440.2,0.166666666667,1.66666666667,5.49711676585e-57,1.23062027478e-116
440.3,0.166666666667,1.66666666667,5.34132489776e-57,1.1589545291e-116
440.4,0.166666666667,1.66666666667,5.18994827265e-57,1.09146227154e-116
440.5,0.166666666667,1.66666666667,5.04286175964e-57,1.02790045708e-116
440.6,0.166666666667,1.66666666667,4.89994377418e-57,9.68040194537e-117
440.7,0.166666666667,1.66666666667,4.76107617747e-57,9.116659223e-117
440.8,0.166666666667,1.66666666667,4.62614417886e-57,8.585746321e-117
440.9,0.166666666667,1.66666666667,4.49503624095e-57,8.08575137947e-117
441,0.166666666667,1.66666666667,4.36764398735e-57,7.61487387657e-117
441.1,0.166666666667,1.66666666667,4.24386211316e-57,7.17141814468e-117
441.2,0.166666666667,1.66666666667,4.12358829787e-57,6.75378726416e-117
441.3,0.166666666667,1.66666666667,4.00672312081e-57,6.36047731277e-117
441.4,0.166666666667,1.66666666667,3.89316997896e-57,5.99007194983e-117
441.5,0.166666666667,1.66666666667,3.78283500708e-57,5.64123731598e-117
441.6,0.166666666667,1.66666666667,3.67562700013e-57,5.31271722972e-117
441.7,0.166666666667,1.66666666667,3.5714573379e-57,5.00332866392e-117
441.8,0.166666666667,1.66666666667,3.47023991172e-57,4.71195748555e-117
441.9,0.166666666667,1.66666666667,3.3718910533e-57,4.43755444365e-117
442,0.166666666667,1.66666666667,3.27632946555e-57,4.17913139088e-117
442.1,0.166666666667,1.66666666667,3.18347615541e-57,3.93575772512e-117
442.2,0.166666666667,1.66666666667,3.09325436854e-57,3.7065570383e-117
442.3,0.166666666667,1.66666666667,3.00558952585e-57,3.49070396038e-117
442.4,0.166666666667,1.66666666667,2.92040916187e-57,3.28742118713e-117
442.5,0.166666666667,1.66666666667,2.83764286487e-57,3.095976681e-117
442.6,0.166666666667,1.66666666667,2.75722221861e-57,2.91568103497e-117
442.7,0.166666666667,1.66666666667,2.67908074582e-57,2.74588498998e-117
442.8,0.166666666667,1.66666666667,2.60315385325e-57,2.58597709686e-117
442.9,0.166666666667,1.66666666667,2.52937877825e-57,2.43538151449e-117
443,0.166666666667,1.66666666667,2.4576945369e-57,2.29355593609e-117
443.1,0.166666666667,1.66666666667,2.38804187362e-57,2.15998963641e-117
443.2,0.166666666667,1.66666666667,2.32036321217e-57,2.03420163248e-117
443.3,0.166666666667,1.66666666667,2.25460260804e-57,1.91573895163e-117
443.4,0.166666666667,1.66666666667,2.19070570226e-57,1.80417500025e-117
443.5,0.166666666667,1.66666666667,2.12861967638e-57,1.69910802762e-117
443.6,0.166666666667,1.66666666667,2.06829320889e-57,1.60015967914e-117
443.7,0.166666666667,1.66666666667,2.00967643278e-57,1.50697363389e-117
443.8,0.166666666667,1.66666666667,1.95272089425e-57,1.41921432144e-117
443.9,0.166666666667,1.66666666667,1.89737951278e-57,1.33656571349e-117
444,0.166666666667,1.66666666667,1.84360654208e-57,1.25873018577e-117
444.1,0.166666666667,1.66666666667,1.79135753238e-57,1.18542744631e-117
444.2,0.166666666667,1.66666666667,1.74058929364e-57,1.11639352607e-117
444.3,0.166666666667,1.66666666667,1.69125985983e-57,1.05137982838e-117
444.4,0.166666666667,1.66666666667,1.6433284543e-57,9.90152233694e-118
444.5,0.166666666667,1.66666666667,1.596755456e-57,9.32490256543e-118
444.6,0.166666666667,1.66666666667,1.5515023668e-57,8.78186251526e-118
444.7,0.166666666667,1.66666666667,1.5075317796e-57,8.27044665569e-118
444.8,0.166666666667,1.66666666667,1.46480734748e-57,7.78881333723e-118
444.9,0.166666666667,1.66666666667,1.42329375358e-57,7.33522815972e-118
445,0.166666666667,1.66666666667,1.38295668195e-57,6.90805772658e-118
445.1,0.166666666667,1.66666666667,1.3437627892e-57,6.50576376285e-118
445.2,0.166666666667,1.66666666667,1.30567967689e-57,6.12689757573e-118
445.3,0.166666666667,1.66666666667,1.26867586477e-57,5.77009483773e-118
445.4,0.166666666667,1.66666666667,1.23272076478e-57,5.4340706736e-118
445.5,0.166666666667,1.66666666667,1.19778465574e-57,5.11761503339e-118
445.6,0.166666666667,1.66666666667,1.16383865877e-57,4.81958833498e-118
445.7,0.166666666667,1.66666666667,1.13085471345e-57,4.53891736037e-118
445.8,0.166666666667,1.66666666667,1.09880555462e-57,4.27459139087e-118
445.9,0.166666666667,1.66666666667,1.06766468981e-57,4.02565856748e-118
446,0.166666666667,1.66666666667,1.03740637739e-57,3.79122246318e-118
446.1,0.166666666667,1.66666666667,1.00800560525e-57,3.57043885475e-118
446.2,0.166666666667,1.66666666667,9.79438070124e-58,3.36251268274e-118
446.3,0.166666666667,1.66666666667,9.51680157545e-58,3.16669518833e-118
446.4,0.166666666667,1.66666666667,9.24708922282e-58,2.98228121705e-118
446.5,0.166666666667,1.66666666667,8.98502069385e-58,2.80860667939e-118
446.6,0.166666666667,1.66666666667,8.73037935762e-58,2.64504615944e-118
446.7,0.166666666667,1.66666666667,8.48295472264e-58,2.49101066265e-118
446.8,0.166666666667,1.66666666667,8.2425422629e-58,2.34594549487e-118
446.9,0.166666666667,1.66666666667,8.0089432488e-58,2.20932826479e-118
447,0.166666666667,1.66666666667,7.78196458284e-58,2.08066700283e-118
447.1,0.166666666667,1.66666666667,7.56141864006e-58,1.95949838946e-118
447.2,0.166666666667,1.66666666667,7.34712311287e-58,1.84538608681e-118
447.3,0.166666666667,1.66666666667,7.13890086045e-58,1.73791916733e-118
447.4,0.166666666667,1.66666666667,6.93657976223e-58,1.63671063403e-118
447.5,0.166666666667,1.66666666667,6.73999257565e-58,1.54139602687e-118
447.6,0.166666666667,1.66666666667,6.54897679793e-58,1.45163211032e-118
447.7,0.166666666667,1.66666666667,6.36337453172e-58,1.36709563731e-118
447.8,0.166666666667,1.66666666667,6.18303235456e-58,1.28748218524e-118
447.9,0.166666666667,1.66666666667,6.00780119212e-58,1.21250505968e-118
448,0.166666666667,1.66666666667,5.83753619491e-58,1.141894262e-118
448.1,0.166666666667,1.66666666667,5.67209661857e-58,1.07539551705e-118
448.2,0.166666666667,1.66666666667,5.51134570754e-58,1.01276935754e-118
448.3,0.166666666667,1.66666666667,5.35515058198e-58,9.53790261628e-119
448.4,0.166666666667,1.66666666667,5.20338212797e-58,8.9824584088e-119
448.5,0.166666666667,1.66666666667,5.05591489076e-58,8.45936075381e-119
448.6,0.166666666667,1.66666666667,4.91262697106e-58,7.96672593474e-119
448.7,0.166666666667,1.66666666667,4.7733999243e-58,7.50277993413e-119
448.8,0.166666666667,1.66666666667,4.63811866268e-58,7.06585204525e-119
448.9,0.166666666667,1.66666666667,4.5066713601e-58,6.65436885578e-119
449,0.166666666667,1.66666666667,4.37894935965e-58,6.26684858176e-119
449.1,0.166666666667,1.66666666667,4.25484708385e-58,5.90189573165e-119
449.2,0.166666666667,1.66666666667,4.13426194734e-58,5.55819608099e-119
449.3,0.166666666667,1.66666666667,4.01709427211e-58,5.23451193978e-119
449.4,0.166666666667,1.66666666667,3.90324720508e-58,4.92967769551e-119
449.5,0.166666666667,1.66666666667,3.79262663804e-58,4.64259561564e-119
449.6,0.166666666667,1.66666666667,3.6851411299e-58,4.37223189459e-119
449.7,0.166666666667,1.66666666667,3.58070183104e-58,4.11761293093e-119
449.8,0.166666666667,1.66666666667,3.4792224099e-58,3.87782182138e-119
449.9,0.166666666667,1.66666666667,3.38061898163e-58,3.65199505894e-119
450,0.166666666667,1.66666666667,3.28481003871e-58,3.43931942333e-119
450.1,0.166666666667,1.66666666667,3.19171638361e-58,3.23902905257e-119
450.2,0.166666666667,1.66666666667,3.10126106331e-58,3.05040268496e-119
450.3,0.166666666667,1.66666666667,3.01336930568e-58,2.87276106184e-119
450.4,0.166666666667,1.66666666667,2.92796845767e-58,2.70546448151e-119
450.5,0.166666666667,1.66666666667,2.84498792531e-58,2.54791049556e-119
450.6,0.166666666667,1.66666666667,2.76435911525e-58,2.39953173947e-119
450.7,0.166666666667,1.66666666667,2.68601537817e-58,2.25979388944e-119
450.8,0.166666666667,1.66666666667,2.6098919536e-58,2.12819373829e-119
450.9,0.166666666667,1.66666666667,2.53592591644e-58,2.00425738332e-119
451,0.166666666667,1.66666666667,2.46405612494e-58,1.88753851978e-119
451.1,0.166666666667,1.66666666667,2.39422317011e-58,1.77761683371e-119
451.2,0.166666666667,1.66666666667,2.32636932669e-58,1.67409648829e-119
451.3,0.166666666667,1.66666666667,2.26043850537e-58,1.57660469847e-119
451.4,0.166666666667,1.66666666667,2.19637620645e-58,1.4847903885e-119
451.5,0.166666666667,1.66666666667,2.13412947479e-58,1.3983229277e-119
451.6,0.166666666667,1.66666666667,2.07364685604e-58,1.3168909398e-119
451.7,0.166666666667,1.66666666667,2.01487835407e-58,1.24020118171e-119
451.8,0.166666666667,1.66666666667,1.95777538972e-58,1.16797748744e-119
451.9,0.166666666667,1.66666666667,1.90229076055e-58,1.0999597737e-119
452,0.166666666667,1.66666666667,1.84837860189e-58,1.03590310324e-119
452.1,0.166666666667,1.66666666667,1.79599434891e-58,9.75576802861e-120
452.2,0.166666666667,1.66666666667,1.74509469977e-58,9.18763632722e-120
452.3,0.166666666667,1.66666666667,1.69563757982e-58,8.65259004046e-120
452.4,0.166666666667,1.66666666667,1.64758210685e-58,8.14870242375e-120
452.5,0.166666666667,1.66666666667,1.60088855727e-58,7.67415893743e-120
452.6,0.166666666667,1.66666666667,1.55551833328e-58,7.22725071236e-120
452.7,0.166666666667,1.66666666667,1.51143393099e-58,6.80636839623e-120
452.8,0.166666666667,1.66666666667,1.46859890935e-58,6.40999635808e-120
452.9,0.166666666667,1.66666666667,1.42697786012e-58,6.03670723045e-120
453,0.166666666667,1.66666666667,1.38653637852e-58,5.68515676927e-120
453.1,0.166666666667,1.66666666667,1.34724103483e-58,5.35407901317e-120
453.2,0.166666666667,1.66666666667,1.30905934677e-58,5.04228172461e-120
453.3,0.166666666667,1.66666666667,1.27195975261e-58,4.74864209658e-120
453.4,0.166666666667,1.66666666667,1.2359115851e-58,4.47210270925e-120
453.5,0.166666666667,1.66666666667,1.20088504613e-58,4.21166772212e-120
453.6,0.166666666667,1.66666666667,1.16685118208e-58,3.96639928794e-120
453.7,0.166666666667,1.66666666667,1.13378185989e-58,3.73541417542e-120
453.8,0.166666666667,1.66666666667,1.10164974382e-58,3.51788058866e-120
453.9,0.166666666667,1.66666666667,1.07042827285e-58,3.31301517178e-120
454,0.166666666667,1.66666666667,1.04009163868e-58,3.12008018802e-120
454.1,0.166666666667,1.66666666667,1.01061476448e-58,2.93838086301e-120
454.2,0.166666666667,1.66666666667,9.81973284088e-59,2.76726288295e-120
454.3,0.166666666667,1.66666666667,9.54143521896e-59,2.60611003827e-120
454.4,0.166666666667,1.66666666667,9.27102473282e-59,2.45434200466e-120
454.5,0.166666666667,1.66666666667,9.00827785592e-59,2.31141225328e-120
454.6,0.166666666667,1.66666666667,8.75297739657e-59,2.17680608263e-120
454.7,0.166666666667,1.66666666667,8.50491231846e-59,2.05003876511e-120
454.8,0.166666666667,1.66666666667,8.26387756616e-59,1.93065380146e-120
454.9,0.166666666667,1.66666666667,8.02967389567e-59,1.81822127684e-120
455,0.166666666667,1.66666666667,7.80210770969e-59,1.71233631274e-120
455.1,0.166666666667,1.66666666667,7.58099089757e-59,1.61261760891e-120
455.2,0.166666666667,1.66666666667,7.36614067987e-59,1.5187060703e-120
455.3,0.166666666667,1.66666666667,7.15737945722e-59,1.43026351395e-120
455.4,0.166666666667,1.66666666667,6.95453466353e-59,1.34697145112e-120
455.5,0.166666666667,1.66666666667,6.75743862336e-59,1.26852994042e-120
455.6,0.166666666667,1.66666666667,6.56592841329e-59,1.19465650768e-120
455.7,0.166666666667,1.66666666667,6.37984572726e-59,1.12508512874e-120
455.8,0.166666666667,1.66666666667,6.1990367457e-59,1.05956527152e-120
455.9,0.166666666667,1.66666666667,6.02335200839e-59,9.97860993732e-121
456,0.166666666667,1.66666666667,5.85264629092e-59,9.39750093344e-121
456.1,0.166666666667,1.66666666667,5.68677848463e-59,8.85023308345e-121
456.2,0.166666666667,1.66666666667,5.52561147995e-59,8.33483563195e-121
456.3,0.166666666667,1.66666666667,5.36901205311e-59,7.84945259143e-121
456.4,0.166666666667,1.66666666667,5.21685075599e-59,7.39233605866e-121
456.5,0.166666666667,1.66666666667,5.06900180909e-59,6.96183992039e-121
456.6,0.166666666667,1.66666666667,4.92534299761e-59,6.55641392552e-121
456.7,0.166666666667,1.66666666667,4.78575557037e-59,6.17459810256e-121
456.8,0.166666666667,1.66666666667,4.65012414171e-59,5.81501750213e-121
456.9,0.166666666667,1.66666666667,4.51833659603e-59,5.47637724568e-121
457,0.166666666667,1.66666666667,4.3902839952e-59,5.15745786251e-121
457.1,0.166666666667,1.66666666667,4.26586048845e-59,4.85711089837e-121
457.2,0.166666666667,1.66666666667,4.14496322488e-59,4.57425477978e-121
457.3,0.166666666667,1.66666666667,4.02749226848e-59,4.30787091917e-121
457.4,0.166666666667,1.66666666667,3.91335051546e-59,4.05700004694e-121
457.5,0.166666666667,1.66666666667,3.80244361403e-59,3.82073875696e-121
457.6,0.166666666667,1.66666666667,3.6946798864e-59,3.5982362534e-121
457.7,0.166666666667,1.66666666667,3.58997025297e-59,3.38869128691e-121
457.8,0.166666666667,1.66666666667,3.48822815872e-59,3.19134926928e-121
457.9,0.166666666667,1.66666666667,3.38936950166e-59,3.00549955609e-121
458,0.166666666667,1.66666666667,3.29331256331e-59,2.83047288763e-121
458.1,0.166666666667,1.66666666667,3.19997794113e-59,2.66563897884e-121
458.2,0.166666666667,1.66666666667,3.1092884829e-59,2.51040424962e-121
458.3,0.166666666667,1.66666666667,3.02116922297e-59,2.36420968725e-121
458.4,0.166666666667,1.66666666667,2.93554732024e-59,2.22652883341e-121
458.5,0.166666666667,1.66666666667,2.85235199797e-59,2.09686588831e-121
458.6,0.166666666667,1.66666666667,2.7715144853e-59,1.97475392529e-121
458.7,0.166666666667,1.66666666667,2.69296796037e-59,1.8597532094e-121
458.8,0.166666666667,1.66666666667,2.6166474951e-59,1.75144961383e-121
458.9,0.166666666667,1.66666666667,2.5424900015e-59,1.64945312867e-121
459,0.166666666667,1.66666666667,2.47043417954e-59,1.55339645639e-121
459.1,0.166666666667,1.66666666667,2.4004204665e-59,1.46293368922e-121
459.2,0.166666666667,1.66666666667,2.33239098767e-59,1.3777390635e-121
459.3,0.166666666667,1.66666666667,2.26628950855e-59,1.29750578654e-121
459.4,0.166666666667,1.66666666667,2.2020613884e-59,1.22194493188e-121
459.5,0.166666666667,1.66666666667,2.13965353498e-59,1.15078439884e-121
459.6,0.166666666667,1.66666666667,2.07901436076e-59,1.08376793263e-121
459.7,0.166666666667,1.66666666667,2.02009374022e-59,1.02065420159e-121
459.8,0.166666666667,1.66666666667,1.96284296842e-59,9.6121592811e-122
459.9,0.166666666667,1.66666666667,1.90721472077e-59,9.0523907021e-122
460,0.166666666667,1.66666666667,1.85316301388e-59,8.5252205074e-122
460.1,0.166666666667,1.66666666667,1.80064316755e-59,8.02875031486e-122
460.2,0.166666666667,1.66666666667,1.74961176786e-59,7.56119229554e-122
460.3,0.166666666667,1.66666666667,1.70002663126e-59,7.12086273555e-122
460.4,0.166666666667,1.66666666667,1.65184676971e-59,6.70617597287e-122
460.5,0.166666666667,1.66666666667,1.60503235681e-59,6.31563868723e-122
460.6,0.166666666667,1.66666666667,1.55954469485e-59,5.94784452257e-122
460.7,0.166666666667,1.66666666667,1.51534618284e-59,5.60146902263e-122
460.8,0.166666666667,1.66666666667,1.47240028544e-59,5.27526486149e-122
460.9,0.166666666667,1.66666666667,1.43067150273e-59,4.96805735182e-122
461,0.166666666667,1.66666666667,1.3901253409e-59,4.67874021476e-122
461.1,0.166666666667,1.66666666667,1.35072828368e-59,4.40627159611e-122
461.2,0.166666666667,1.66666666667,1.31244776472e-59,4.14967031456e-122
461.3,0.166666666667,1.66666666667,1.27525214059e-59,3.90801232833e-122
461.4,0.166666666667,1.66666666667,1.23911066466e-59,3.68042740763e-122
461.5,0.166666666667,1.66666666667,1.20399346169e-59,3.46609600094e-122
461.6,0.166666666667,1.66666666667,1.16987150312e-59,3.26424628368e-122
461.7,0.166666666667,1.66666666667,1.13671658307e-59,3.07415137886e-122
461.8,0.166666666667,1.66666666667,1.10450129503e-59,2.89512673948e-122
461.9,0.166666666667,1.66666666667,1.07319900924e-59,2.72652768348e-122
462,0.166666666667,1.66666666667,1.0427838506e-59,2.56774707214e-122
462.1,0.166666666667,1.66666666667,1.01323067736e-59,2.41821312375e-122
462.2,0.166666666667,1.66666666667,9.84515060295e-60,2.2773873546e-122
462.3,0.166666666667,1.66666666667,9.5661326251e-60,2.1447626398e-122
462.4,0.166666666667,1.66666666667,9.2950221984e-60,2.01986138712e-122
462.5,0.166666666667,1.66666666667,9.03159521769e-60,1.90223381715e-122
462.6,0.166666666667,1.66666666667,8.77563392913e-60,1.79145634357e-122
462.7,0.166666666667,1.66666666667,8.52692675014e-60,1.68713004784e-122
462.8,0.166666666667,1.66666666667,8.28526809451e-60,1.5888792426e-122
462.9,0.166666666667,1.66666666667,8.05045820252e-60,1.49635011883e-122
463,0.166666666667,1.66666666667,7.82230297575e-60,1.40920947174e-122
463.1,0.166666666667,1.66666666667,7.60061381664e-60,1.32714350088e-122
463.2,0.166666666667,1.66666666667,7.38520747264e-60,1.24985668011e-122
463.3,0.166666666667,1.66666666667,7.17590588467e-60,1.17707069339e-122
463.4,0.166666666667,1.66666666667,6.97253603997e-60,1.10852343256e-122
463.5,0.166666666667,1.66666666667,6.77492982907e-60,1.04396805343e-122
463.6,0.166666666667,1.66666666667,6.58292390684e-60,9.83172086915e-123
463.7,0.166666666667,1.66666666667,6.39635955746e-60,9.25916601867e-123
463.8,0.166666666667,1.66666666667,6.2150825632e-60,8.71995416696e-123
463.9,0.166666666667,1.66666666667,6.03894307698e-60,8.21214356892e-123
464,0.166666666667,1.66666666667,5.86779549847e-60,7.73390555792e-123
464.1,0.166666666667,1.66666666667,5.70149835377e-60,7.28351796054e-123
464.2,0.166666666667,1.66666666667,5.53991417842e-60,6.85935889497e-123
464.3,0.166666666667,1.66666666667,5.3829094038e-60,6.45990093041e-123
464.4,0.166666666667,1.66666666667,5.23035424671e-60,6.08370558673e-123
464.5,0.166666666667,1.66666666667,5.08212260209e-60,5.72941815436e-123
464.6,0.166666666667,1.66666666667,4.93809193879e-60,5.39576281585e-123
464.7,0.166666666667,1.66666666667,4.79814319826e-60,5.0815380516e-123
464.8,0.166666666667,1.66666666667,4.66216069615e-60,4.78561231306e-123
464.9,0.166666666667,1.66666666667,4.53003202669e-60,4.50691994793e-123
465,0.166666666667,1.66666666667,4.40164796974e-60,4.24445736267e-123
465.1,0.166666666667,1.66666666667,4.27690240055e-60,3.99727940847e-123
465.2,0.166666666667,1.66666666667,4.15569220201e-60,3.76449597773e-123
465.3,0.166666666667,1.66666666667,4.0379171794e-60,3.54526879865e-123
465.4,0.166666666667,1.66666666667,3.92347997762e-60,3.33880841659e-123
465.5,0.166666666667,1.66666666667,3.81228600064e-60,3.14437135118e-123
465.6,0.166666666667,1.66666666667,3.70424333337e-60,2.96125741896e-123
465.7,0.166666666667,1.66666666667,3.59926266562e-60,2.78880721199e-123
465.8,0.166666666667,1.66666666667,3.49725721835e-60,2.62639972326e-123
465.9,0.166666666667,1.66666666667,3.39814267186e-60,2.47345011038e-123
466,0.166666666667,1.66666666667,3.30183709616e-60,2.32940758955e-123
466.1,0.166666666667,1.66666666667,3.20826088316e-60,2.1937534521e-123
466.2,0.166666666667,1.66666666667,3.11733668097e-60,2.06599919662e-123
466.3,0.166666666667,1.66666666667,3.02898932986e-60,1.94568476979e-123
466.4,0.166666666667,1.66666666667,2.94314580021e-60,1.83237690973e-123
466.5,0.166666666667,1.66666666667,2.85973513207e-60,1.72566758574e-123
466.6,0.166666666667,1.66666666667,2.77868837658e-60,1.62517252901e-123
466.7,0.166666666667,1.66666666667,2.6999385389e-60,1.53052984877e-123
466.8,0.166666666667,1.66666666667,2.62342052289e-60,1.44139872917e-123
466.9,0.166666666667,1.66666666667,2.54907107727e-60,1.35745820189e-123
467,0.166666666667,1.66666666667,2.47682874335e-60,1.27840599036e-123
467.1,0.166666666667,1.66666666667,2.4066338042e-60,1.20395742124e-123
467.2,0.166666666667,1.66666666667,2.33842823533e-60,1.13384439927e-123
467.3,0.166666666667,1.66666666667,2.27215565669e-60,1.06781444184e-123
467.4,0.166666666667,1.66666666667,2.20776128608e-60,1.00562976977e-123
467.5,0.166666666667,1.66666666667,2.14519189385e-60,9.4706645109e-124
467.6,0.166666666667,1.66666666667,2.08439575893e-60,8.91913594585e-124
467.7,0.166666666667,1.66666666667,2.02532262606e-60,8.39972590402e-124
467.8,0.166666666667,1.66666666667,1.96792366424e-60,7.91056394824e-124
467.9,0.166666666667,1.66666666667,1.91215142636e-60,7.44988856711e-124
468,0.166666666667,1.66666666667,1.85795981001e-60,7.01604083166e-124
468.1,0.166666666667,1.66666666667,1.80530401936e-60,6.60745842144e-124
468.2,0.166666666667,1.66666666667,1.75414052809e-60,6.22266999845e-124
468.3,0.166666666667,1.66666666667,1.70442704348e-60,5.86028990875e-124
468.4,0.166666666667,1.66666666667,1.65612247139e-60,5.51901319258e-124
468.5,0.166666666667,1.66666666667,1.60918688232e-60,5.19761088516e-124
468.6,0.166666666667,1.66666666667,1.5635814784e-60,4.89492559102e-124
468.7,0.166666666667,1.66666666667,1.51926856132e-60,4.60986731616e-124
468.8,0.166666666667,1.66666666667,1.47621150116e-60,4.34140954289e-124
468.9,0.166666666667,1.66666666667,1.43437470612e-60,4.08858553326e-124
469,0.166666666667,1.66666666667,1.39372359308e-60,3.85048484775e-124
469.1,0.166666666667,1.66666666667,1.35422455906e-60,3.62625006672e-124
469.2,0.166666666667,1.66666666667,1.31584495338e-60,3.41507370275e-124
469.3,0.166666666667,1.66666666667,1.27855305071e-60,3.21619529282e-124
469.4,0.166666666667,1.66666666667,1.24231802484e-60,3.02889865986e-124
469.5,0.166666666667,1.66666666667,1.20710992319e-60,2.85250933368e-124
469.6,0.166666666667,1.66666666667,1.17289964207e-60,2.68639212218e-124
469.7,0.166666666667,1.66666666667,1.13965890259e-60,2.52994882397e-124
469.8,0.166666666667,1.66666666667,1.10736022731e-60,2.3826160742e-124
469.9,0.166666666667,1.66666666667,1.07597691751e-60,2.24386331583e-124
470,0.166666666667,1.66666666667,1.04548303114e-60,2.11319088906e-124
470.1,0.166666666667,1.66666666667,1.01585336137e-60,1.99012823202e-124
470.2,0.166666666667,1.66666666667,9.8706341573e-61,1.8742321862e-124
470.3,0.166666666667,1.66666666667,9.59089395893e-61,1.76508540066e-124
470.4,0.166666666667,1.66666666667,9.3190817799e-61,1.66229482909e-124
470.5,0.166666666667,1.66666666667,9.054972935e-61,1.5654903144e-124
470.6,0.166666666667,1.66666666667,8.79834910671e-61,1.47432325577e-124
470.7,0.166666666667,1.66666666667,8.54899816479e-61,1.38846535333e-124
470.8,0.166666666667,1.66666666667,8.3067139909e-61,1.30760742588e-124
470.9,0.166666666667,1.66666666667,8.07129630825e-61,1.23145829754e-124
471,0.166666666667,1.66666666667,7.84255051599e-61,1.15974374921e-124
471.1,0.166666666667,1.66666666667,7.62028752841e-61,1.09220553106e-124
471.2,0.166666666667,1.66666666667,7.40432361861e-61,1.02860043253e-124
471.3,0.166666666667,1.66666666667,7.19448026661e-61,9.68699406591e-125
471.4,0.166666666667,1.66666666667,6.99058401183e-61,9.12286744832e-125
471.5,0.166666666667,1.66666666667,6.79246630966e-61,8.59159300742e-125
471.6,0.166666666667,1.66666666667,6.59996339216e-61,8.09125758139e-125
471.7,0.166666666667,1.66666666667,6.41291613267e-61,7.62005942225e-125
471.8,0.166666666667,1.66666666667,6.23116991429e-61,7.17630170768e-125
471.9,0.166666666667,1.66666666667,6.05457450206e-61,6.7583864306e-125
472,0.166666666667,1.66666666667,5.88298391879e-61,6.3648086446e-125
472.1,0.166666666667,1.66666666667,5.71625632437e-61,5.99415104454e-125
472.2,0.166666666667,1.66666666667,5.55425389853e-61,5.6450788627e-125
472.3,0.166666666667,1.66666666667,5.3968427269e-61,5.31633506218e-125
472.4,0.166666666667,1.66666666667,5.24389269036e-61,5.00673581021e-125
472.5,0.166666666667,1.66666666667,5.09527735744e-61,4.71516621509e-125
472.6,0.166666666667,1.66666666667,4.95087387981e-61,4.44057631133e-125
472.7,0.166666666667,1.66666666667,4.81056289075e-61,4.18197727869e-125
472.8,0.166666666667,1.66666666667,4.67422840647e-61,3.93843788132e-125
472.9,0.166666666667,1.66666666667,4.54175773024e-61,3.70908111436e-125
473,0.166666666667,1.66666666667,4.41304135921e-61,3.49308104569e-125
473.1,0.166666666667,1.66666666667,4.28797289395e-61,3.28965984177e-125
473.2,0.166666666667,1.66666666667,4.16644895042e-61,3.09808496654e-125
473.3,0.166666666667,1.66666666667,4.04836907456e-61,2.91766654352e-125
473.4,0.166666666667,1.66666666667,3.93363565926e-61,2.74775487151e-125
473.5,0.166666666667,1.66666666667,3.82215386366e-61,2.58773808497e-125
473.6,0.166666666667,1.66666666667,3.71383153472e-61,2.43703995064e-125
473.7,0.166666666667,1.66666666667,3.6085791311e-61,2.29511779244e-125
473.8,0.166666666667,1.66666666667,3.50630964913e-61,2.16146053732e-125
473.9,0.166666666667,1.66666666667,3.40693855087e-61,2.03558687479e-125
474,0.166666666667,1.66666666667,3.31038369422e-61,1.91704352371e-125
474.1,0.166666666667,1.66666666667,3.21656526507e-61,1.80540359997e-125
474.2,0.166666666667,1.66666666667,3.12540571129e-61,1.70026507925e-125
474.3,0.166666666667,1.66666666667,3.03682967861e-61,1.60124934933e-125
474.4,0.166666666667,1.66666666667,2.95076394837e-61,1.50799984663e-125
474.5,0.166666666667,1.66666666667,2.86713737695e-61,1.42018077221e-125
474.6,0.166666666667,1.66666666667,2.78588083702e-61,1.33747588254e-125
474.7,0.166666666667,1.66666666667,2.70692716033e-61,1.2595873507e-125
474.8,0.166666666667,1.66666666667,2.63021108224e-61,1.18623469385e-125
474.9,0.166666666667,1.66666666667,2.55566918775e-61,1.11715376317e-125
475,0.166666666667,1.66666666667,2.48323985908e-61,1.05209579272e-125
475.1,0.166666666667,1.66666666667,2.41286322474e-61,9.90826503514e-126
475.2,0.166666666667,1.66666666667,2.34448111003e-61,9.33125259945e-126
475.3,0.166666666667,1.66666666667,2.27803698898e-61,8.78784275209e-126
475.4,0.166666666667,1.66666666667,2.21347593758e-61,8.27607863064e-126
475.5,0.166666666667,1.66666666667,2.15074458841e-61,7.79411733149e-126
475.6,0.166666666667,1.66666666667,2.08979108651e-61,7.3402232734e-126
475.7,0.166666666667,1.66666666667,2.03056504655e-61,6.91276194748e-126
475.8,0.166666666667,1.66666666667,1.97301751111e-61,6.51019403125e-126
475.9,0.166666666667,1.66666666667,1.9171009103e-61,6.13106984539e-126
476,0.166666666667,1.66666666667,1.86276902236e-61,5.77402413332e-126
476.1,0.166666666667,1.66666666667,1.80997693549e-61,5.43777114482e-126
476.2,0.166666666667,1.66666666667,1.75868101074e-61,5.12110000595e-126
476.3,0.166666666667,1.66666666667,1.70883884589e-61,4.82287035854e-126
476.4,0.166666666667,1.66666666667,1.66040924045e-61,4.54200825375e-126
476.5,0.166666666667,1.66666666667,1.61335216155e-61,4.27750228463e-126
476.6,0.166666666667,1.66666666667,1.56762871091e-61,4.028399944e-126
476.7,0.166666666667,1.66666666667,1.52320109262e-61,3.79380419435e-126
476.8,0.166666666667,1.66666666667,1.48003258197e-61,3.5728702376e-126
476.9,0.166666666667,1.66666666667,1.43808749501e-61,3.36480247288e-126
477,0.166666666667,1.66666666667,1.39733115912e-61,3.16885163147e-126
477.1,0.166666666667,1.66666666667,1.35772988433e-61,2.98431207871e-126
477.2,0.166666666667,1.66666666667,1.31925093544e-61,2.81051927288e-126
477.3,0.166666666667,1.66666666667,1.28186250502e-61,2.64684737216e-126
477.4,0.166666666667,1.66666666667,1.24553368706e-61,2.49270698091e-126
477.5,0.166666666667,1.66666666667,1.21023445146e-61,2.34754302724e-126
477.6,0.166666666667,1.66666666667,1.17593561917e-61,2.21083276412e-126
477.7,0.166666666667,1.66666666667,1.14260883812e-61,2.08208388694e-126
477.8,0.166666666667,1.66666666667,1.11022655974e-61,1.96083276066e-126
477.9,0.166666666667,1.66666666667,1.07876201622e-61,1.84664275028e-126
478,0.166666666667,1.66666666667,1.04818919834e-61,1.73910264842e-126
478.1,0.166666666667,1.66666666667,1.01848283403e-61,1.63782519455e-126
478.2,0.166666666667,1.66666666667,9.89618367423e-62,1.54244568043e-126
478.3,0.166666666667,1.66666666667,9.61571938591e-62,1.45262063681e-126
478.4,0.166666666667,1.66666666667,9.34320363812e-62,1.36802659651e-126
478.5,0.166666666667,1.66666666667,9.07841116405e-62,1.28835892959e-126
478.6,0.166666666667,1.66666666667,8.82112308109e-62,1.21333074641e-126
478.7,0.166666666667,1.66666666667,8.57112670991e-62,1.14267186448e-126
478.8,0.166666666667,1.66666666667,8.32821539865e-62,1.07612783549e-126
478.9,0.166666666667,1.66666666667,8.0921883521e-62,1.01345902907e-126
479,0.166666666667,1.66666666667,7.86285046572e-62,9.54439769821e-127
479.1,0.166666666667,1.66666666667,7.64001216435e-62,8.9885752466e-127
479.2,0.166666666667,1.66666666667,7.42348924552e-62,8.46512137471e-127
479.3,0.166666666667,1.66666666667,7.21310272718e-62,7.97215108319e-127
479.4,0.166666666667,1.66666666667,7.00867869975e-62,7.50788914653e-127
479.5,0.166666666667,1.66666666667,6.81004818234e-62,7.07066372029e-127
479.6,0.166666666667,1.66666666667,6.61704698311e-62,6.65890032067e-127
479.7,0.166666666667,1.66666666667,6.42951556353e-62,6.27111615469e-127
479.8,0.166666666667,1.66666666667,6.24729890647e-62,5.90591478048e-127
479.9,0.166666666667,1.66666666667,6.07024638811e-62,5.56198107863e-127
480,0.166666666667,1.66666666667,5.89821165339e-62,5.23807651632e-127
480.1,0.166666666667,1.66666666667,5.73105249506e-62,4.93303468727e-127
480.2,0.166666666667,1.66666666667,5.5686307361e-62,4.64575711142e-127
480.3,0.166666666667,1.66666666667,5.41081211554e-62,4.37520927918e-127
480.4,0.166666666667,1.66666666667,5.25746617743e-62,4.12041692615e-127
480.5,0.166666666667,1.66666666667,5.10846616305e-62,3.88046252463e-127
480.6,0.166666666667,1.66666666667,4.96368890608e-62,3.6544819796e-127
480.7,0.166666666667,1.66666666667,4.82301473083e-62,3.44166151701e-127
480.8,0.166666666667,1.66666666667,4.6863273533e-62,3.24123475333e-127
480.9,0.166666666667,1.66666666667,4.55351378503e-62,3.0524799357e-127
481,0.166666666667,1.66666666667,4.42446423976e-62,2.87471734293e-127
481.1,0.166666666667,1.66666666667,4.29907204263e-62,2.70730683765e-127
481.2,0.166666666667,1.66666666667,4.17723354199e-62,2.54964556123e-127
481.3,0.166666666667,1.66666666667,4.05884802379e-62,2.40116576278e-127
481.4,0.166666666667,1.66666666667,3.94381762825e-62,2.26133275464e-127
481.5,0.166666666667,1.66666666667,3.83204726901e-62,2.12964298696e-127
481.6,0.166666666667,1.66666666667,3.72344455452e-62,2.00562223431e-127
481.7,0.166666666667,1.66666666667,3.61791971167e-62,1.88882388805e-127
481.8,0.166666666667,1.66666666667,3.51538551157e-62,1.77882734795e-127
481.9,0.166666666667,1.66666666667,3.41575719745e-62,1.67523650767e-127
482,0.166666666667,1.66666666667,3.31895241462e-62,1.57767832829e-127
482.1,0.166666666667,1.66666666667,3.22489114236e-62,1.48580149499e-127
482.2,0.166666666667,1.66666666667,3.13349562779e-62,1.39927515193e-127
482.3,0.166666666667,1.66666666667,3.04469032161e-62,1.31778771081e-127
482.4,0.166666666667,1.66666666667,2.95840181563e-62,1.24104572884e-127
482.5,0.166666666667,1.66666666667,2.87455878208e-62,1.16877285198e-127
482.6,0.166666666667,1.66666666667,2.79309191469e-62,1.10070881981e-127
482.7,0.166666666667,1.66666666667,2.71393387137e-62,1.0366085283e-127
482.8,0.166666666667,1.66666666667,2.63701921852e-62,9.76241147163e-128
482.9,0.166666666667,1.66666666667,2.56228437702e-62,9.19389288624e-128
483,0.166666666667,1.66666666667,2.48966756958e-62,8.65848224584e-128
483.1,0.166666666667,1.66666666667,2.41910876974e-62,8.15425149381e-128
483.2,0.166666666667,1.66666666667,2.35054965222e-62,7.6793848548e-128
483.3,0.166666666667,1.66666666667,2.28393354474e-62,7.232172296e-128
483.4,0.166666666667,1.66666666667,2.2192053811e-62,6.81100336915e-128
483.5,0.166666666667,1.66666666667,2.15631165577e-62,6.41436141119e-128
483.6,0.166666666667,1.66666666667,2.09520037956e-62,6.04081808265e-128
483.7,0.166666666667,1.66666666667,2.03582103671e-62,5.68902822408e-128
483.8,0.166666666667,1.66666666667,1.97812454309e-62,5.357725012e-128
483.9,0.166666666667,1.66666666667,1.92206320567e-62,5.04571539701e-128
484,0.166666666667,1.66666666667,1.86759068304e-62,4.75187580746e-128
484.1,0.166666666667,1.66666666667,1.81466194718e-62,4.47514810347e-128
484.2,0.166666666667,1.66666666667,1.76323324614e-62,4.21453576639e-128
484.3,0.166666666667,1.66666666667,1.71326206798e-62,3.96910031031e-128
484.4,0.166666666667,1.66666666667,1.66470710554e-62,3.73795790249e-128
484.5,0.166666666667,1.66666666667,1.61752822235e-62,3.5202761806e-128
484.6,0.166666666667,1.66666666667,1.57168641942e-62,3.31527125531e-128
484.7,0.166666666667,1.66666666667,1.52714380304e-62,3.12220488746e-128
484.8,0.166666666667,1.66666666667,1.4838635534e-62,2.9403818296e-128
484.9,0.166666666667,1.66666666667,1.44180989422e-62,2.76914732231e-128
485,0.166666666667,1.66666666667,1.40094806311e-62,2.60788473643e-128
485.1,0.166666666667,1.66666666667,1.36124428291e-62,2.45601335244e-128
485.2,0.166666666667,1.66666666667,1.32266573368e-62,2.31298626934e-128
485.3,0.166666666667,1.66666666667,1.28518052565e-62,2.17828843514e-128
485.4,0.166666666667,1.66666666667,1.24875767283e-62,2.05143479213e-128
485.5,0.166666666667,1.66666666667,1.21336706737e-62,1.93196853019e-128
485.6,0.166666666667,1.66666666667,1.17897945471e-62,1.81945944173e-128
485.7,0.166666666667,1.66666666667,1.14556640938e-62,1.71350237252e-128
485.8,0.166666666667,1.66666666667,1.11310031151e-62,1.61371576265e-128
485.9,0.166666666667,1.66666666667,1.08155432398e-62,1.51974027255e-128
486,0.166666666667,1.66666666667,1.05090237029e-62,1.43123748895e-128
486.1,0.166666666667,1.66666666667,1.02111911292e-62,1.34788870623e-128
486.2,0.166666666667,1.66666666667,9.92179932448e-63,1.26939377875e-128
486.3,0.166666666667,1.66666666667,9.64060907196e-63,1.19547003998e-128
486.4,0.166666666667,1.66666666667,9.36738793426e-63,1.12585128462e-128
486.5,0.166666666667,1.66666666667,9.10191006149e-63,1.06028680994e-128
486.6,0.166666666667,1.66666666667,8.84395600448e-63,9.98540513031e-129
486.7,0.166666666667,1.66666666667,8.59331253338e-63,9.4039004052e-129
486.8,0.166666666667,1.66666666667,8.34977246144e-63,8.85625987899e-129
486.9,0.166666666667,1.66666666667,8.1131344737e-63,8.34051145424e-129
487,0.166666666667,1.66666666667,7.88320296059e-63,7.85479787956e-129
487.1,0.166666666667,1.66666666667,7.65978785627e-63,7.39737006145e-129
487.2,0.166666666667,1.66666666667,7.44270448146e-63,6.96658076567e-129
487.3,0.166666666667,1.66666666667,7.23177339082e-63,6.56087868547e-129
487.4,0.166666666667,1.66666666667,7.02682022462e-63,6.17880285513e-129
487.5,0.166666666667,1.66666666667,6.82767556459e-63,5.81897738897e-129
487.6,0.166666666667,1.66666666667,6.63417479387e-63,5.48010652666e-129
487.7,0.166666666667,1.66666666667,6.44615796098e-63,5.16096996708e-129
487.8,0.166666666667,1.66666666667,6.26346964755e-63,4.86041847389e-129
487.9,0.166666666667,1.66666666667,6.08595883985e-63,4.57736973709e-129
488,0.166666666667,1.66666666667,5.91347880402e-63,4.3108044755e-129
488.1,0.166666666667,1.66666666667,5.7458869647e-63,4.05976276624e-129
488.2,0.166666666667,1.66666666667,5.58304478721e-63,3.82334058802e-129
488.3,0.166666666667,1.66666666667,5.42481766306e-63,3.60068656561e-129
488.4,0.166666666667,1.66666666667,5.27107479861e-63,3.39099890405e-129
488.5,0.166666666667,1.66666666667,5.12168910705e-63,3.19352250126e-129
488.6,0.166666666667,1.66666666667,4.97653710324e-63,3.00754622889e-129
488.7,0.166666666667,1.66666666667,4.83549880172e-63,2.83240037148e-129
488.8,0.166666666667,1.66666666667,4.69845761749e-63,2.66745421478e-129
488.9,0.166666666667,1.66666666667,4.56530026964e-63,2.51211377444e-129
489,0.166666666667,1.66666666667,4.43591668772e-63,2.36581965709e-129
489.1,0.166666666667,1.66666666667,4.31019992075e-63,2.22804504591e-129
489.2,0.166666666667,1.66666666667,4.18804604881e-63,2.09829380347e-129
489.3,0.166666666667,1.66666666667,4.06935409712e-63,1.97609868515e-129
489.4,0.166666666667,1.66666666667,3.95402595263e-63,1.86101965653e-129
489.5,0.166666666667,1.66666666667,3.84196628283e-63,1.75264230883e-129
489.6,0.166666666667,1.66666666667,3.73308245703e-63,1.65057636651e-129
489.7,0.166666666667,1.66666666667,3.62728446975e-63,1.55445428196e-129
489.8,0.166666666667,1.66666666667,3.5244848663e-63,1.46392991183e-129
489.9,0.166666666667,1.66666666667,3.42459867055e-63,1.37867727061e-129
490,0.166666666667,1.66666666667,3.32754331461e-63,1.29838935672e-129
490.1,0.166666666667,1.66666666667,3.23323857065e-63,1.22277704694e-129
490.2,0.166666666667,1.66666666667,3.14160648453e-63,1.15156805529e-129
490.3,0.166666666667,1.66666666667,3.05257131139e-63,1.08450595249e-129
490.4,0.166666666667,1.66666666667,2.96605945303e-63,1.02134924251e-129
490.5,0.166666666667,1.66666666667,2.88199939705e-63,9.61870493002e-130
490.6,0.166666666667,1.66666666667,2.80032165779e-63,9.05855516211e-130
490.7,0.166666666667,1.66666666667,2.72095871884e-63,8.5310259772e-130
490.8,0.166666666667,1.66666666667,2.64384497724e-63,8.03421770042e-130
490.9,0.166666666667,1.66666666667,2.56891668929e-63,7.56634128535e-130
491,0.166666666667,1.66666666667,2.4961119178e-63,7.12571187154e-130
491.1,0.166666666667,1.66666666667,2.42537048094e-63,6.71074271716e-130
491.2,0.166666666667,1.66666666667,2.35663390245e-63,6.31993948504e-130
491.3,0.166666666667,1.66666666667,2.28984536335e-63,5.95189486141e-130
491.4,0.166666666667,1.66666666667,2.22494965493e-63,5.6052834881e-130
491.5,0.166666666667,1.66666666667,2.16189313314e-63,5.27885718978e-130
491.6,0.166666666667,1.66666666667,2.10062367423e-63,4.9714404792e-130
491.7,0.166666666667,1.66666666667,2.04109063167e-63,4.68192632414e-130
491.8,0.166666666667,1.66666666667,1.9832447943e-63,4.40927216093e-130
491.9,0.166666666667,1.66666666667,1.92703834563e-63,4.15249614009e-130
492,0.166666666667,1.66666666667,1.8724248243e-63,3.91067359058e-130
492.1,0.166666666667,1.66666666667,1.81935908572e-63,3.68293369004e-130
492.2,0.166666666667,1.66666666667,1.76779726472e-63,3.46845632882e-130
492.3,0.166666666667,1.66666666667,1.7176967393e-63,3.26646915677e-130
492.4,0.166666666667,1.66666666667,1.66901609539e-63,3.0762448019e-130
492.5,0.166666666667,1.66666666667,1.62171509262e-63,2.89709825105e-130
492.6,0.166666666667,1.66666666667,1.57575463106e-63,2.72838438315e-130
492.7,0.166666666667,1.66666666667,1.53109671891e-63,2.56949564604e-130
492.8,0.166666666667,1.66666666667,1.48770444107e-63,2.41985986864e-130
492.9,0.166666666667,1.66666666667,1.44554192862e-63,2.27893820053e-130
493,0.166666666667,1.66666666667,1.40457432924e-63,2.14622317149e-130
493.1,0.166666666667,1.66666666667,1.36476777829e-63,2.02123686407e-130
493.2,0.166666666667,1.66666666667,1.32608937091e-63,1.90352919255e-130
493.3,0.166666666667,1.66666666667,1.28850713477e-63,1.79267628219e-130
493.4,0.166666666667,1.66666666667,1.25199000368e-63,1.68827894277e-130
493.5,0.166666666667,1.66666666667,1.21650779186e-63,1.58996123109e-130
493.6,0.166666666667,1.66666666667,1.18203116902e-63,1.49736909722e-130
493.7,0.166666666667,1.66666666667,1.14853163612e-63,1.41016910945e-130
493.8,0.166666666667,1.66666666667,1.11598150179e-63,1.32804725363e-130
493.9,0.166666666667,1.66666666667,1.08435385946e-63,1.2507078024e-130
494,0.166666666667,1.66666666667,1.05362256511e-63,1.17787225018e-130
494.1,0.166666666667,1.66666666667,1.02376221564e-63,1.10927831031e-130
494.2,0.166666666667,1.66666666667,9.94748127923e-64,1.04467897052e-130
494.3,0.166666666667,1.66666666667,9.66556318339e-64,9.83841603422e-131
494.4,0.166666666667,1.66666666667,9.39163482993e-64,9.26547128768e-131
494.5,0.166666666667,1.66666666667,9.12546978435e-64,8.72589224569e-131
494.6,0.166666666667,1.66666666667,8.86684802946e-64,8.21773584087e-131
494.7,0.166666666667,1.66666666667,8.61555578347e-64,7.7391721613e-131
494.8,0.166666666667,1.66666666667,8.37138532334e-64,7.28847786082e-131
494.9,0.166666666667,1.66666666667,8.13413481302e-64,6.86402995314e-131
495,0.166666666667,1.66666666667,7.90360813662e-64,6.46429996733e-131
495.1,0.166666666667,1.66666666667,7.67961473633e-64,6.08784844369e-131
495.2,0.166666666667,1.66666666667,7.46196945482e-64,5.73331975011e-131
495.3,0.166666666667,1.66666666667,7.2504923823e-64,5.39943720035e-131
495.4,0.166666666667,1.66666666667,7.04500870769e-64,5.08499845661e-131
495.5,0.166666666667,1.66666666667,6.84534857421e-64,4.78887119977e-131
495.6,0.166666666667,1.66666666667,6.6513469389e-64,4.50998905185e-131
495.7,0.166666666667,1.66666666667,6.46284343624e-64,4.24734773589e-131
495.8,0.166666666667,1.66666666667,6.27968224557e-64,4.00000145946e-131
495.9,0.166666666667,1.66666666667,6.10171196229e-64,3.76705950881e-131
496,0.166666666667,1.66666666667,5.92878547271e-64,3.5476830413e-131
496.1,0.166666666667,1.66666666667,5.76075983243e-64,3.34108206469e-131
496.2,0.166666666667,1.66666666667,5.59749614819e-64,3.14651259233e-131
496.3,0.166666666667,1.66666666667,5.43885946306e-64,2.96327396393e-131
496.4,0.166666666667,1.66666666667,5.28471864486e-64,2.79070632253e-131
496.5,0.166666666667,1.66666666667,5.13494627781e-64,2.62818823821e-131
496.6,0.166666666667,1.66666666667,4.98941855715e-64,2.47513447033e-131
496.7,0.166666666667,1.66666666667,4.84801518684e-64,2.33099386001e-131
496.8,0.166666666667,1.66666666667,4.7106192801e-64,2.19524734536e-131
496.9,0.166666666667,1.66666666667,4.57711726282e-64,2.06740609231e-131
497,0.166666666667,1.66666666667,4.44739877962e-64,1.94700973425e-131
497.1,0.166666666667,1.66666666667,4.32135660269e-64,1.83362471426e-131
497.2,0.166666666667,1.66666666667,4.19888654312e-64,1.7268427238e-131
497.3,0.166666666667,1.66666666667,4.07988736477e-64,1.62627923235e-131
497.4,0.166666666667,1.66666666667,3.96426070061e-64,1.53157210273e-131
497.5,0.166666666667,1.66666666667,3.85191097139e-64,1.44238028698e-131
497.6,0.166666666667,1.66666666667,3.74274530664e-64,1.35838259822e-131
497.7,0.166666666667,1.66666666667,3.63667346791e-64,1.27927655404e-131
497.8,0.166666666667,1.66666666667,3.53360777414e-64,1.20477728725e-131
497.9,0.166666666667,1.66666666667,3.43346302924e-64,1.13461652e-131
498,0.166666666667,1.66666666667,3.33615645161e-64,1.06854159775e-131
498.1,0.166666666667,1.66666666667,3.24160760574e-64,1.00631457942e-131
498.2,0.166666666667,1.66666666667,3.14973833572e-64,9.4771138053e-132
498.3,0.166666666667,1.66666666667,3.06047270062e-64,8.92520966258e-132
498.4,0.166666666667,1.66666666667,2.97373691174e-64,8.40544591502e-132
498.5,0.166666666667,1.66666666667,2.88945927159e-64,7.91595085174e-132
498.6,0.166666666667,1.66666666667,2.80757011462e-64,7.45496176177e-132
498.7,0.166666666667,1.66666666667,2.72800174968e-64,7.02081858646e-132
498.8,0.166666666667,1.66666666667,2.65068840401e-64,6.61195794146e-132
498.9,0.166666666667,1.66666666667,2.57556616889e-64,6.22690748682e-132
499,0.166666666667,1.66666666667,2.50257294682e-64,5.86428062501e-132
499.1,0.166666666667,1.66666666667,2.43164840019e-64,5.52277150762e-132
499.2,0.166666666667,1.66666666667,2.36273390138e-64,5.20115033297e-132
499.3,0.166666666667,1.66666666667,2.29577248434e-64,4.89825891743e-132
499.4,0.166666666667,1.66666666667,2.23070879745e-64,4.61300652475e-132
499.5,0.166666666667,1.66666666667,2.16748905781e-64,4.34436593821e-132
499.6,0.166666666667,1.66666666667,2.10606100675e-64,4.09136976152e-132
499.7,0.166666666667,1.66666666667,2.04637386665e-64,3.85310693518e-132
499.8,0.166666666667,1.66666666667,1.98837829896e-64,3.62871945566e-132
499.9,0.166666666667,1.66666666667,1.93202636342e-64,3.41739928567e-132
500,0.166666666667,1.66666666667,1.87727147842e-64,3.21838544434e-132
