t,S,x,y,z
0,0.5,0.2,0.1,0.05
0.1,0.52793387596,0.207111290223,0.0981781336219,0.0468302928815
0.2,0.551986640283,0.215088416008,0.0965024810756,0.0438583464325
0.3,0.57249938778,0.223906905886,0.0949755647011,0.041072270512
0.4,0.589772014857,0.233552995594,0.0935993699987,0.0384608501253
0.5,0.604069639141,0.244020326061,0.0923755770215,0.0360135093049
0.6,0.6156277721,0.255307500707,0.0913057357804,0.0337202772107
0.7,0.624656614991,0.267416188287,0.0903914019566,0.0315717561371
0.8,0.631344718491,0.280349574468,0.0896342439803,0.0295590912077
0.9,0.635862167173,0.294111035626,0.0890361291225,0.0276739415939
1,0.638363399599,0.308702952403,0.0885991939672,0.0259084531352
1.1,0.638989741388,0.32412560931,0.0883259030676,0.0242552322668
1.2,0.637871705388,0.34037614652,0.0882190984927,0.0227073211782
1.3,0.635131095994,0.357447544484,0.0882820421884,0.0212581741415
1.4,0.630882941441,0.375327633416,0.0885184525014,0.0199016349553
1.5,0.625237266958,0.393998129263,0.0889325357937,0.0186319154579
1.6,0.618300712371,0.413433706315,0.0895290137556,0.0174435750685
1.7,0.610177989352,0.433601124499,0.0903131467885,0.0163315013152
1.8,0.60097316618,0.454458436747,0.0912907536525,0.0152908913144
1.9,0.590790761387,0.475954308467,0.0924682274466,0.0143172341667
2,0.579736622525,0.498027486794,0.0938525479084,0.0134062942326
2.1,0.567918562861,0.520606461363,0.0954512899696,0.0125540952579
2.2,0.555446727684,0.543609360094,0.0972726284975,0.0117569053134
2.3,0.542433663832,0.566944122185,0.0993253391645,0.0110112225187
2.4,0.52899407163,0.590508985275,0.101618795433,0.0103137615185
2.5,0.515244228189,0.614193313931,0.104162961702,0.00966144068012
2.6,0.501301085172,0.637878781797,0.106968382714,0.00905136998262
2.7,0.487281062273,0.661440900243,0.110046169411,0.00848083956774
2.8,0.473298578889,0.684750862791,0.113407981417,0.0079473089239
2.9,0.459464388937,0.707677648967,0.117066006366,0.00744839667466
3,0.445883805057,0.73009030584,0.121032936195,0.00698187094399
3.1,0.432654915544,0.751860303682,0.125321940421,0.00654564027112
3.2,0.419866907237,0.772863847193,0.129946636193,0.00613774504826
3.3,0.407598607723,0.792984018603,0.134921054603,0.00575634945536
3.4,0.395917349162,0.812112635598,0.140259602432,0.00539973386633
3.5,0.384878233956,0.83015172578,0.145977018032,0.00506628770225
3.6,0.374523851459,0.847014548607,0.152088319678,0.00475450270738
3.7,0.364884458435,0.862626132156,0.158608744257,0.00446296662487
3.8,0.355978598816,0.876923331045,0.165553673818,0.00419035724999
3.9,0.347814105067,0.889854448329,0.172938547185,0.00393543683914
4,0.340389398372,0.901378493941,0.180778753627,0.00369704685456
4.1,0.333694990143,0.911464172084,0.189089505451,0.00347410302512
4.2,0.327715083923,0.92008869875,0.197885686374,0.00326559070498
4.3,0.322429183335,0.927236548859,0.207181672578,0.00307056051262
4.4,0.317813626023,0.932898222197,0.216991123526,0.00288812423423
4.5,0.313842982434,0.937069101375,0.22732673981,0.00271745097594
4.6,0.310491278816,0.939748456253,0.238199985634,0.00255776355066
4.7,0.307733023235,0.940938630349,0.249620773884,0.00240833508606
4.8,0.305544030139,0.940644427634,0.261597112234,0.0022684858409
4.9,0.303902051776,0.938872703944,0.274134709319,0.00213758021791
5,0.302787233605,0.935632156508,0.287236540786,0.0020150239619
5.1,0.302182415803,0.930933297667,0.300902375951,0.00190026153237
5.2,0.302073304824,0.92478859426,0.315128267008,0.00179277364069
5.3,0.302448538372,0.917212751743,0.329906004191,0.00169207494209
5.4,0.303299664918,0.908223121195,0.345222542075,0.00159771187352
5.5,0.30462105568,0.897840207232,0.361059404362,0.00150926062861
5.6,0.306409763303,0.886088255095,0.377392077024,0.00142632526167
5.7,0.308665337743,0.872995895225,0.394189402574,0.0013485359127
5.8,0.311389606384,0.858596823408,0.411412991524,0.00127554714626
5.9,0.314586422308,0.842930493725,0.429016670654,0.00120703639697
6,0.318261382077,0.826042800211,0.446945991497,0.00114270251506
6.1,0.322421512386,0.807986721224,0.465137826235,0.00108226440565
6.2,0.327074923633,0.788822898371,0.483520081803,0.00102545975577
6.3,0.332230427747,0.768620119459,0.502011566072,0.000972043843586
6.4,0.337897117674,0.747455672906,0.520522042086,0.000921788424413
6.5,0.344083906758,0.725415539584,0.53895250707,0.000874480688541
6.6,0.350799027809,0.702594387721,0.557195731637,0.000829922286216
6.7,0.358049494097,0.679095337835,0.575137090815,0.000787928415254
6.8,0.365840527678,0.65502946816,0.592655711587,0.000748326967126
6.9,0.374174964314,0.630515037266,0.609625951187,0.000710957727503
7,0.383052648619,0.605676409833,0.625919206195,0.000675671627489
7.1,0.392469837591,0.580642684045,0.641406034647,0.000642330041939
7.2,0.402418635029,0.555546034643,0.655958552585,0.000610804131383
7.3,0.412886482945,0.530519803604,0.669453043792,0.000580974224276
7.4,0.423855738398,0.505696389733,0.681772698662,0.000552729236364
7.5,0.435303364604,0.481205007424,0.692810377571,0.000525966124141
7.6,0.44720076329,0.457169401513,0.702471278192,0.000500589369486
7.7,0.459513770782,0.433705617315,0.710675377689,0.000476510492741
7.8,0.472202833144,0.410919930539,0.717359521644,0.000453647591696
7.9,0.485223366386,0.388907039156,0.722479043428,0.000431924904161
8,0.498526296848,0.367748607907,0.72600882036,0.000411272392082
8.1,0.51205876544,0.34751223627,0.72794370521,0.000391625345469
8.2,0.52576496872,0.328250894066,0.728298310328,0.000372924004715
8.3,0.539587100812,0.310002838208,0.727106163181,0.000355113200224
8.4,0.553466354062,0.292791992612,0.724418291732,0.000338142008627
8.5,0.567343933623,0.276628744616,0.720301331739,0.00032196342511
8.6,0.581162042004,0.261511088175,0.714835272369,0.0003065340517
8.7,0.594864793841,0.247426028892,0.708110969501,0.00029181380148
8.8,0.608399027982,0.234351159203,0.700227557488,0.000277765618904
8.9,0.621714992567,0.222256313617,0.691289881119,0.000264355216367
9,0.634766888132,0.211105222315,0.681406052334,0.000251550827229
9.1,0.647513262915,0.200857094715,0.670685213943,0.000239322975385
9.2,0.659917262751,0.191468080635,0.659235568031,0.000227644261391
9.3,0.671946744659,0.182892573336,0.647162702705,0.000216489164996
9.4,0.683574268241,0.175084334382,0.634568229264,0.000205833863803
9.5,0.694776982194,0.16799743376,0.621548724074,0.000195656067611
9.6,0.705536424858,0.16158700945,0.608194955994,0.000185934867866
9.7,0.715838257882,0.155809858431,0.594591371028,0.000176650601537
9.8,0.725671951239,0.150624876214,0.580815800669,0.000167784728635
9.9,0.735030436194,0.145993364665,0.56693935836,0.000159319722502
10,0.743909740726,0.141879228718,0.553026488962,0.00015123897201
10.1,0.752308619633,0.138249082043,0.539135138336,0.000143526694714
10.2,0.760228189202,0.135072280219,0.525317013404,0.000136167860076
10.3,0.767671574162,0.132320897975,0.511617906936,0.000129148121833
10.4,0.774643572594,0.129969664772,0.498078065297,0.000122453758656
10.5,0.781150342782,0.127995870724,0.484732581299,0.00011607162225
10.6,0.78719911449,0.126379252637,0.47161179787,0.000109989092119
10.7,0.792797925949,0.125101868015,0.458741711452,0.000104194036254
10.8,0.797955386928,0.124147963079,0.446144366784,9.8674777052e-05
10.9,0.802680467495,0.123503839427,0.43383823701,9.34200618551e-05
11,0.806982311575,0.123157722672,0.421838584965,8.8419037506e-05
11.1,0.810870074045,0.123099635414,0.410157802981,8.36612284141e-05
11.2,0.814352779857,0.123321276085,0.39880572974,7.91365176461e-05
11.3,0.817439203588,0.123815904567,0.387789943635,7.48351306152e-05
11.4,0.82013776774,0.12457823498,0.377116032745,7.07476209856e-05
11.5,0.82245645816,0.125604335669,0.366787842047,6.68648584479e-05
11.6,0.824402755027,0.12689153612,0.356807698829,6.31780180638e-05
11.7,0.825983577919,0.128438340325,0.347176617475,5.9678570912e-05
11.8,0.827205243644,0.130244345967,0.337894484959,5.63582758008e-05
11.9,0.828073435631,0.132310168675,0.328960228427,5.32091718424e-05
12,0.828593183838,0.134637370506,0.320371966271,5.02235717134e-05
12.1,0.82876885427,0.137228391784,0.312127144082,4.73940554487e-05
12.2,0.828604147368,0.140086485345,0.304222656822,4.47134646405e-05
12.3,0.828102104664,0.143215652233,0.296654958473,4.21748969323e-05
12.4,0.827265123233,0.146620577857,0.289420160381,3.97717007188e-05
12.5,0.826094977622,0.150306567603,0.282514119391,3.74974699766e-05
12.6,0.824592849036,0.154279480871,0.275932516817,3.53460391657e-05
12.7,0.822759361692,0.158545662516,0.26967092919,3.33114781542e-05
12.8,0.820594626358,0.163111870635,0.263724891644,3.13880871314e-05
12.9,0.818098291157,0.167985199655,0.25808995474,2.95703914801e-05
13,0.815269599844,0.173172997671,0.252761735409,2.78531365932e-05
13.1,0.81210745776,0.178682776997,0.247735962684,2.62312826198e-05
13.2,0.808610505789,0.18452211689,0.243008518757,2.46999991381e-05
13.3,0.804777202604,0.190698557464,0.238575475883,2.32546597539e-05
13.4,0.800605915537,0.197219483842,0.23443312956,2.18908366279e-05
13.5,0.796095020378,0.204091999673,0.230578028377,2.06042949395e-05
13.6,0.79124301035,0.211322789222,0.227007000847,1.93909872968e-05
13.7,0.786048614445,0.21891796741,0.223717179512,1.82470481031e-05
13.8,0.78051092518,0.226882917293,0.220706022534,1.71687878941e-05
13.9,0.774629535679,0.235222114732,0.217971332954,1.61526876583e-05
14,0.768404685793,0.243938940257,0.21551127575,1.51953931564e-05
14.1,0.761837416706,0.253035478425,0.213324392776,1.42937092517e-05
14.2,0.75492973319,0.262512305404,0.21140961562,1.34445942684e-05
14.3,0.747684772313,0.272368265927,0.209766276387,1.26451543894e-05
14.4,0.740106976977,0.282600241304,0.208394116348,1.18926381085e-05
14.5,0.732202272232,0.293202910763,0.207293292388,1.11844307482e-05
14.6,0.723978241781,0.304168509053,0.206464381104,1.05180490565e-05
14.7,0.715444301543,0.315486583947,0.205908380407,9.89113589152e-06
14.8,0.706611866596,0.327143758045,0.205626708419,9.30145500555e-06
14.9,0.697494507222,0.33912350005,0.205621199426,8.74688593656e-06
15,0.688108089251,0.351405911448,0.205894096625,8.22541901494e-06
15.1,0.678470893396,0.363967535262,0.206448041364,7.73515049273e-06
15.2,0.668603707908,0.376781194168,0.207286058558,7.2742778009e-06
15.3,0.658529888613,0.38981586573,0.208411537937,6.84109493968e-06
15.4,0.648275380367,0.403036602812,0.209828210776,6.43398800592e-06
15.5,0.637868694181,0.416404507189,0.211540121739,6.05143086052e-06
15.6,0.627340834777,0.429876764072,0.213551595479,5.69198093829e-06
15.7,0.616725174208,0.443406744493,0.215867197626,5.35427520164e-06
15.8,0.606057268438,0.456944181323,0.218491689819,5.03702623896e-06
15.9,0.595374615388,0.470435423047,0.221429978448,4.73901850774e-06
16,0.584716354999,0.483823767289,0.224687056788,4.45910472198e-06
16.1,0.574122914176,0.497049873518,0.22826794025,4.19620238276e-06
16.2,0.563635602026,0.510052251526,0.232177594483,3.9492904505e-06
16.3,0.553296163486,0.522767819116,0.236420856102,3.71740615677e-06
16.4,0.543146301963,0.535132519357,0.241002345855,3.49964195333e-06
16.5,0.533227183961,0.547081984765,0.245926374057,3.2951425956e-06
16.6,0.523578940484,0.558552233269,0.251196838167,3.10310235736e-06
16.7,0.514240181162,0.569480378817,0.256817112422,2.92276237344e-06
16.8,0.505247537395,0.579805338444,0.262789929471,2.75340810678e-06
16.9,0.496635250208,0.589468517448,0.269117254004,2.59436693601e-06
17,0.488434816927,0.598414455214,0.275800148461,2.44500585969e-06
17.1,0.480674708309,0.606591416191,0.282838630958,2.30472931317e-06
17.2,0.473380164544,0.613951913291,0.290231525719,2.17297709392e-06
17.3,0.466573074698,0.620453154521,0.297976306436,2.04922239129e-06
17.4,0.460271940191,0.626057407572,0.306068933201,1.93296991633e-06
17.5,0.454491918828,0.630732281103,0.314503683912,1.82375412778e-06
17.6,0.44924494228,0.634450925262,0.323272981359,1.72113754998e-06
17.7,0.444539896796,0.637192157275,0.332367217609,1.62470917866e-06
17.8,0.440382854649,0.638940520469,0.341774577731,1.53408297079e-06
17.9,0.436777342366,0.639686286778,0.35148086543,1.4488964145e-06
18,0.4337246313,0.639425413491,0.361469333719,1.36880917542e-06
18.1,0.431224036366,0.638159464825,0.371720524355,1.29350181581e-06
18.2,0.429273209833,0.635895507913,0.382212120406,1.22267458294e-06
18.3,0.427868418581,0.632645991171,0.392918816932,1.1560462634e-06
18.4,0.427004795209,0.628428610919,0.403812215372,1.09335310011e-06
18.5,0.426676555503,0.62326616978,0.414860747754,1.03434776879e-06
18.6,0.426877176935,0.617186428,0.426029637284,9.78798411129e-07
18.7,0.427599534993,0.610221946521,0.437280902139,9.26487721485e-07
18.8,0.428835996074,0.602409918628,0.448573409368,8.77212084647e-07
18.9,0.43057846739,0.593791985325,0.459862985619,8.30780761801e-07
19,0.432818405871,0.58441402842,0.471102590938,7.87015122273e-07
19.1,0.435546789292,0.57432593462,0.482242561,7.45747918587e-07
19.2,0.438754053965,0.56358132384,0.493230921929,7.06822602503e-07
19.3,0.442430004171,0.552237235405,0.504013780167,6.70092679817e-07
19.4,0.446563699286,0.540353766846,0.514535787759,6.35421101768e-07
19.5,0.451143325086,0.527993661578,0.524740680916,6.02679691015e-07
19.6,0.456156056182,0.515221843812,0.534571886881,5.71748600224e-07
19.7,0.461587916797,0.502104901486,0.543973190974,5.42515801387e-07
19.8,0.46742364724,0.488710520801,0.552889452523,5.14876604103e-07
19.9,0.473646583338,0.475106878823,0.561267355146,4.88733201115e-07
20,0.480238555813,0.46136200353,0.569056173981,4.63994239485e-07
20.1,0.487179816044,0.447543113404,0.576208539967,4.40574415896e-07
20.2,0.494448993861,0.433715950971,0.58268117956,4.18394094632e-07
20.3,0.502023091945,0.419944126449,0.588435607379,3.97378946891e-07
20.4,0.509877520115,0.406288488654,0.59343874953,3.77459610164e-07
20.5,0.517986171228,0.392806540465,0.597663476668,3.58571366522e-07
20.6,0.526321538792,0.379551915286,0.601089028429,3.40653838712e-07
20.7,0.534854874606,0.366573929253,0.603701314451,3.23650703096e-07
20.8,0.54355638308,0.353917221285,0.605493081743,3.07509418498e-07
20.9,0.552395447296,0.341621489762,0.606463943315,2.92180970175e-07
21,0.561340880502,0.329721330851,0.606620268469,2.77619628146e-07
21.1,0.570361195763,0.318246179418,0.605974940581,2.63782719227e-07
21.2,0.579424885754,0.307220349515,0.604546993262,2.50630412167e-07
21.3,0.58850070451,0.296663167756,0.602361140085,2.38125515346e-07
21.4,0.597557943062,0.286589189753,0.599447216425,2.26233286527e-07
21.5,0.606566691462,0.277008487373,0.595839554176,2.14921254229e-07
21.6,0.615498080551,0.267926992979,0.591576311146,2.04159050257e-07
21.7,0.624324497981,0.259346886032,0.586698776775,1.93918253009e-07
21.8,0.633019774253,0.251267007481,0.581250674718,1.84172241129e-07
21.9,0.641559335944,0.24368328807,0.575277480772,1.74896057138e-07
22,0.649920324595,0.236589177995,0.568825772056,1.66066280616e-07
22.1,0.658081681078,0.229976067004,0.56194262033,1.57660910555e-07
22.2,0.66602419631,0.223833685966,0.554675039173,1.49659256447e-07
22.3,0.673730530219,0.218150482931,0.547069491663,1.42041837714e-07
22.4,0.681185201547,0.212913968663,0.539171462282,1.34790291026e-07
22.5,0.68837455167,0.208111028464,0.531025094191,1.27887285099e-07
22.6,0.695286685935,0.203728198692,0.522672890874,1.2131644252e-07
22.7,0.701911396197,0.199751907746,0.514155479378,1.15062268172e-07
22.8,0.70824006822,0.196168682394,0.505511431081,1.09110083818e-07
22.9,0.71426557753,0.192965321128,0.496777134996,1.03445968428e-07
23,0.719982177049,0.190129036825,0.487986718074,9.80567038202e-08
23.1,0.725385379596,0.187647571362,0.479172006732,9.29297252103e-08
23.2,0.730471837969,0.185509285037,0.470362523796,8.80530762849e-08
23.3,0.73523922501,0.183703223656,0.461585515291,8.34153684128e-08
23.4,0.739686115678,0.182219166127,0.452866001798,7.90057436412e-08
23.5,0.743811872831,0.18104765521,0.444226849547,7.4813841136e-08
23.6,0.747616538055,0.180180013883,0.435688856879,7.08297667468e-08
23.7,0.751100728653,0.17960834955,0.427270852214,6.70440653975e-08
23.8,0.754265541561,0.179325548042,0.418989800182,6.34476960247e-08
23.9,0.75711246481,0.179325259122,0.410860913019,6.00320088047e-08
24,0.75964329689,0.179601874934,0.402897764827,5.67887244325e-08
24.1,0.761860074255,0.180150502613,0.395112406678,5.37099152333e-08
24.2,0.763765007068,0.18096693203,0.387515480935,5.07879879074e-08
24.3,0.765360423154,0.182047599482,0.380116333486,4.80156677267e-08
24.4,0.766648720093,0.183389547897,0.372923122879,4.53859840185e-08
24.5,0.767632325285,0.184990384039,0.365942925583,4.2892256787e-08
24.6,0.768313663824,0.186848232993,0.359181836822,4.05280843409e-08
24.7,0.768695133927,0.18896169014,0.3526450666,3.82873318056e-08
24.8,0.768779089737,0.191329770707,0.346337030666,3.61641204157e-08
24.9,0.768567831228,0.193951856901,0.340261436306,3.41528174924e-08
25,0.768063600999,0.196827642577,0.334421362924,3.22480270227e-08
25.1,0.767268587729,0.199957075333,0.328819337457,3.04445807675e-08
25.2,0.766184936066,0.203340295883,0.323457404719,2.87375298352e-08
25.3,0.764814762744,0.206977574556,0.318337192811,2.71221366643e-08
25.4,0.763160178708,0.210869244728,0.313459973763,2.55938673678e-08
25.5,0.761223317049,0.215015633028,0.308826719583,2.41483843982e-08
25.6,0.759006366528,0.219416986159,0.304438153917,2.27815394968e-08
25.7,0.756511610461,0.224073394208,0.300294799496,2.14893668989e-08
25.8,0.753741470728,0.228984710347,0.29639702158,2.02680767689e-08
25.9,0.750698556615,0.234150466927,0.292745067556,1.91140488439e-08
26,0.747385718191,0.239569787982,0.289339102884,1.80238262698e-08
26.1,0.743806103847,0.245241298279,0.286179243523,1.69941096139e-08
26.2,0.73996322157,0.251163029165,0.283265584992,1.60217510438e-08
26.3,0.735861003453,0.257332321536,0.280598228174,1.51037486626e-08
26.4,0.731503872864,0.263745726421,0.278177301967,1.42372409937e-08
26.5,0.726896813581,0.270398903813,0.276002982862,1.34195016082e-08
26.6,0.722045440115,0.277286520532,0.274075511499,1.26479338926e-08
26.7,0.716956068322,0.284402148087,0.272395206251,1.19200659513e-08
26.8,0.711635785276,0.291738161679,0.270962473833,1.12335456432e-08
26.9,0.706092517264,0.299285641685,0.269777816955,1.05861357497e-08
27,0.700335094646,0.307034279142,0.26884183898,9.9757092732e-09
27.1,0.694373312181,0.314972286953,0.268155245552,9.40024486564e-09
27.2,0.688217983358,0.323086318679,0.26771884314,8.85782238531e-09
27.3,0.681880987147,0.33136139699,0.267533534419,8.34661858287e-09
27.4,0.675375305566,0.339780853909,0.267600310414,7.86490291527e-09
27.5,0.66871505039,0.348326285147,0.2679202393,7.41103348738e-09
27.6,0.6619154774,0.3569775208,0.268494451779,6.98345312101e-09
27.7,0.654992986598,0.365712614719,0.2693241229,6.58068555054e-09
27.8,0.647965106958,0.374507854737,0.270410450241,6.20133174456e-09
27.9,0.640850464486,0.383337795814,0.271754628342,5.8440663525e-09
28,0.633668732591,0.392175317868,0.273357819292,5.50763427542e-09
28.1,0.626440564132,0.400991709779,0.275221119394,5.19084735939e-09
28.2,0.619187504877,0.409756780571,0.277345521838,4.8925812103e-09
28.3,0.611931888575,0.418438998322,0.279731875336,4.6117721282e-09
28.4,0.604696714344,0.427005656715,0.282380838709,4.3474141596e-09
28.5,0.597505507624,0.435423068539,0.285292831428,4.09855626542e-09
28.6,0.590382166484,0.443656784726,0.288467980166,3.8642996027e-09
28.7,0.583350795619,0.451671836819,0.29190606146,3.64379491747e-09
28.8,0.576435530886,0.459433000077,0.295606440606,3.43624004653e-09
28.9,0.56966035764,0.466905073751,0.299568007008,3.24087752528e-09
29,0.563048926507,0.474053174521,0.30378910622,3.0569922991e-09
29.1,0.556624370413,0.480843038602,0.308267469012,2.88390953531e-09
29.2,0.550409126795,0.487241327701,0.31300013787,2.72099253279e-09
29.3,0.544424768838,0.493215933835,0.317983391404,2.56764072647e-09
29.4,0.538691849325,0.498736278026,0.323212667249,2.42328778339e-09
29.5,0.533229760324,0.503773598044,0.328682484139,2.28739978753e-09
29.6,0.52805661137,0.508301220696,0.334386363933,2.15947351017e-09
29.7,0.52318912816,0.512294814644,0.340316754515,2.03903476279e-09
29.8,0.518642573054,0.515732620308,0.346464954585,1.92563682941e-09
29.9,0.514430687856,0.518595654069,0.352821041525,1.81885897531e-09
30,0.510565658597,0.52086788471,0.359373803623,1.71830502914e-09
30.1,0.507058101271,0.522536380703,0.366110678118,1.62360203541e-09
30.2,0.503917066795,0.523591427623,0.373017696636,1.53439897455e-09
30.3,0.501150062915,0.52402661555,0.380079439722,1.45036554747e-09
30.4,0.498763090318,0.523838896795,0.387279002293,1.37119102203e-09
30.5,0.496760689945,0.52302861465,0.394597971928,1.29658313861e-09
30.6,0.495145998356,0.521599504119,0.402016421962,1.2262670721e-09
30.7,0.493920808005,0.519558665682,0.409512921386,1.15998444775e-09
30.8,0.493085629469,0.516916513227,0.417064563511,1.0974924085e-09
30.9,0.492639752907,0.513686697162,0.42464701527,1.0385627312e-09
31,0.492581306452,0.509886003675,0.432234588889,9.82980989537e-10
31.1,0.492907309643,0.505534230948,0.439800337371,9.30545761344e-10
31.2,0.493613720549,0.500654043032,0.44731617497,8.81067878215e-10
31.3,0.49469547572,0.495270801998,0.454753023376,8.34369715268e-10
31.4,0.496146522666,0.489412378965,0.462080983846,7.90284519107e-10
31.5,0.497959845032,0.483108944687,0.469269534911,7.48655772072e-10
31.6,0.50012748114,0.476392740496,0.476287754639,7.09336590928e-10
31.7,0.502640536953,0.469297830702,0.483104565692,6.72189158242e-10
31.8,0.505489194895,0.461859837852,0.489689000632,6.37084184781e-10
31.9,0.508662720199,0.454115662703,0.496010484163,6.03900401307e-10
32,0.512149466677,0.44610319123,0.502039128208,5.72524078261e-10
32.1,0.515936883898,0.437860991531,0.507746035004,5.4284857186e-10
32.2,0.520011527746,0.429428003983,0.513103602774,5.14773895234e-10
32.3,0.524359076311,0.420843228514,0.518085828011,4.88206313277e-10
32.4,0.528964352831,0.412145413255,0.522668598115,4.63057959971e-10
32.5,0.533811357228,0.403372749168,0.526829967945,4.3924647699e-10
32.6,0.53888330741,0.3945625754,0.530550413949,4.16694672478e-10
32.7,0.544162691185,0.385751100159,0.533813059869,3.9533019894e-10
32.8,0.549631329177,0.37697314175,0.536603868545,3.75085249253e-10
32.9,0.555270448749,0.368261894053,0.538911795145,3.55896269863e-10
33,0.561060768425,0.359648720265,0.540728898111,3.37703690291e-10
33.1,0.566982591954,0.351162978037,0.542050405263,3.20451668116e-10
33.2,0.573015910688,0.342831878359,0.542874733732,3.04087848669e-10
33.3,0.579140512675,0.334680379689,0.54320346371,2.88563138704e-10
33.4,0.585336096543,0.326731117863,0.543041267293,2.73831493356e-10
33.5,0.591582388075,0.319004371427,0.542395794913,2.59849715752e-10
33.6,0.597859257294,0.311518061109,0.541277522969,2.46577268654e-10
33.7,0.604146833796,0.304287781369,0.539699567187,2.33976097565e-10
33.8,0.61042561821,0.297326861232,0.537677466991,2.22010464737e-10
33.9,0.616676587739,0.290646451062,0.53522894664,2.10646793573e-10
34,0.622881294003,0.284255631554,0.532373659181,1.99853522906e-10
34.1,0.629021951635,0.278161540908,0.529132919293,1.89600970678e-10
34.2,0.635081516403,0.272369516139,0.525529430918,1.79861206557e-10
34.3,0.641043751951,0.26688324446,0.521587015246,1.70607933027e-10
34.4,0.646893284604,0.261704920901,0.51733034407,1.61816374533e-10
34.5,0.652615645969,0.256835408586,0.512784682951,1.53463174233e-10
34.6,0.658197303416,0.252274398454,0.507975647912,1.45526297957e-10
34.7,0.663625678779,0.248020565636,0.502928978659,1.37984944964e-10
34.8,0.668889155851,0.244071720125,0.497670330597,1.30819465103e-10
34.9,0.67397707746,0.240424949832,0.492225087202,1.24011281994e-10
35,0.678879733065,0.237076754551,0.486618193658,1.17542821864e-10
35.1,0.683588337921,0.234023169779,0.480874012083,1.11397447671e-10
35.2,0.688095004939,0.231259879686,0.475016198135,1.05559398177e-10
35.3,0.69239271039,0.228782318872,0.469067598406,1.00013731622e-10
35.4,0.696475254621,0.226585762824,0.46305016761,9.4746273699e-11
35.5,0.700337218915,0.224665407205,0.456984904363,8.97435695014e-11
35.6,0.703973919567,0.223016436303,0.450891804117,8.49928391615e-11
35.7,0.707381360214,0.221634081092,0.444789827736,8.04819368997e-11
35.8,0.710556183331,0.220513667466,0.438696884084,7.61993132197e-11
35.9,0.713495621762,0.219650655249,0.432629825041,7.21339800003e-11
36,0.716197451043,0.219040668648,0.426604451342,6.82754782503e-11
36.1,0.718659943173,0.218679518789,0.420635527724,6.46138483072e-11
36.2,0.720881822418,0.218563218996,0.414736805923,6.11396022736e-11
36.3,0.722862223628,0.218687993419,0.408921054195,5.78436985017e-11
36.4,0.724600653483,0.219050279605,0.4032000921,5.47175179473e-11
36.5,0.726096954985,0.219646725539,0.397584829443,5.17528422298e-11
36.6,0.727351275464,0.220474181661,0.39208530836,4.89418332478e-11
36.7,0.728364038286,0.221529688289,0.386710747646,4.62770142089e-11
36.8,0.729135918417,0.22281045885,0.381469588564,4.37512519491e-11
36.9,0.729667821914,0.224313859255,0.376369541414,4.13577404222e-11
37,0.729960869406,0.226037383746,0.371417632318,3.90899852553e-11
37.1,0.730016383557,0.227978627455,0.366620249691,3.69417892714e-11
37.2,0.729835880497,0.230135255934,0.361983189983,3.49072388937e-11
37.3,0.729421065147,0.232504971851,0.35751170236,3.29806913506e-11
37.4,0.728773830353,0.235085479048,0.353210532003,3.115676261e-11
37.5,0.727896259725,0.237874444136,0.34908396182,2.94303159795e-11
37.6,0.726790634023,0.240869455796,0.345135852372,2.7796451314e-11
37.7,0.725459440933,0.244067981954,0.341369679853,2.62504947779e-11
37.8,0.723905388045,0.247467325014,0.337788572034,2.47879891178e-11
37.9,0.722131418806,0.251064575336,0.334395342059,2.34046844027e-11
38,0.720140731216,0.254856563173,0.33119252005,2.20965291949e-11
38.1,0.717936798984,0.258839809314,0.328182382452,2.08596621201e-11
38.2,0.715523394844,0.263010474701,0.325366979112,1.96904038064e-11
38.3,0.712904615702,0.267364309335,0.322748158038,1.85852491669e-11
38.4,0.710084909239,0.271896600845,0.320327587856,1.7540860004e-11
38.5,0.707069101561,0.276602123111,0.318106777934,1.65540579128e-11
38.6,0.703862425476,0.281475085425,0.316087096171,1.56218174684e-11
38.7,0.70047054889,0.286509082694,0.314269784452,1.47412596797e-11
38.8,0.696899602845,0.291697047279,0.312655971758,1.39096456953e-11
38.9,0.693156208621,0.297031203099,0.311246684934,1.31243707506e-11
39,0.689247503343,0.302503022685,0.310042857095,1.23829583429e-11
39.1,0.685181163477,0.308103187959,0.309045333673,1.16830546258e-11
39.2,0.680965425599,0.313821555486,0.308254876099,1.10224230136e-11
39.3,0.676609103783,0.319647127068,0.30767216309,1.03989389875e-11
39.4,0.672121602974,0.325568026513,0.307297789557,9.81058509585e-12
39.5,0.667512927708,0.331571483456,0.307132263097,9.25544614246e-12
39.6,0.662793685566,0.337643825099,0.307175998085,8.73170455579e-12
39.7,0.657975084773,0.343770476707,0.307429307335,8.23763593406e-12
39.8,0.65306892543,0.349935971677,0.307892391354,7.77160476018e-12
39.9,0.64808758392,0.35612397189,0.308565325173,7.33206028181e-12
40,0.64304399011,0.362317299026,0.309448042782,6.91753255136e-12
40.1,0.637951597099,0.368497977332,0.310540319185,6.52662862147e-12
40.2,0.632824343375,0.374647288262,0.311841750116,6.15802889127e-12
40.3,0.627676607372,0.380745837202,0.31335172947,5.81048359919e-12
40.4,0.622523154588,0.386773632313,0.315069424513,5.48280945801e-12
40.5,0.617379077574,0.392710175327,0.31699374897,5.17388642788e-12
40.6,0.612259729271,0.398534563911,0.3191233341,4.88265462339e-12
40.7,0.607180650346,0.404225604977,0.321456497898,4.60811135044e-12
40.8,0.602157491321,0.409761938088,0.323991212604,4.34930826915e-12
40.9,0.597205930453,0.415122167882,0.326725070709,4.10534867866e-12
41,0.592341588443,0.420285004228,0.329655249701,3.87538492012e-12
41.1,0.587579941151,0.425229408604,0.332778475825,3.65861589381e-12
41.2,0.582936231586,0.429934745058,0.33609098717,3.45428468682e-12
41.3,0.578425382451,0.434380933927,0.33958849644,3.26167630736e-12
41.4,0.57406191055,0.438548606432,0.343266153805,3.08011552202e-12
41.5,0.569859844317,0.442419258169,0.347118510285,2.90896479237e-12
41.6,0.565832645635,0.445975399529,0.351139482142,2.74762230724e-12
41.7,0.561993137026,0.449200701107,0.355322316837,2.59552010706e-12
41.8,0.558353435112,0.452080132202,0.359659561121,2.45212229698e-12
41.9,0.554924891108,0.454600090661,0.364143031884,2.31692334503e-12
42,0.551718038867,0.456748522437,0.368763790442,2.18944646227e-12
42.1,0.54874255084,0.458515029412,0.373512120947,2.06924206138e-12
42.2,0.54600720205,0.459890964225,0.378377513665,1.95588629065e-12
42.3,0.543519842021,0.460869511044,0.383348653871,1.84897964016e-12
42.4,0.541287374364,0.461445751441,0.388413417119,1.74814561711e-12
42.5,0.539315743603,0.46161671473,0.39355887166,1.65302948734e-12
42.6,0.537609928637,0.461381412308,0.398771288749,1.56329708009e-12
42.7,0.536173942153,0.460740855769,0.404036161555,1.47863365338e-12
42.8,0.535010835224,0.459698058676,0.409338233324,1.3987428171e-12
42.9,0.534122706303,0.458258022093,0.414661535396,1.32334551126e-12
43,0.533510713807,0.456427704063,0.41998943555,1.25217903697e-12
43.1,0.533175091536,0.454215973401,0.425304697035,1.18499613758e-12
43.2,0.533115166247,0.451633548228,0.430589548518,1.12156412767e-12
43.3,0.533329376775,0.44869291985,0.435825764971,1.06166406769e-12
43.4,0.533815294233,0.44540826264,0.440994759359,1.00508998199e-12
43.5,0.534569642919,0.441795330715,0.44607768475,9.51648118141e-13
43.6,0.53558832172,0.437871342309,0.451055546243,9.01156245713e-13
43.7,0.536866425919,0.433654852858,0.455909321865,8.53442992325e-13
43.8,0.538398269431,0.429165617943,0.460620091333,8.08347215348e-13
43.9,0.540177407641,0.424424447347,0.46516917133,7.65717407391e-13
44,0.54219666106,0.419453051633,0.469538255703,7.25411133917e-13
44.1,0.544448140147,0.414273882771,0.473709558769,6.87294501376e-13
44.2,0.546923271661,0.408909970455,0.477665959723,6.51241654327e-13
44.3,0.549612826937,0.403384755873,0.481391145987,6.17134300078e-13
44.4,0.552506952498,0.397721924774,0.484869753233,5.84861259465e-13
44.5,0.555595203363,0.391945241749,0.48808749976,5.54318042427e-13
44.6,0.558866579387,0.386078387658,0.491031312901,5.25406447126e-13
44.7,0.562309564855,0.380144802143,0.493689445215,4.98034181422e-13
44.8,0.565912171509,0.37416753311,0.496051578365,4.72114505539e-13
44.9,0.569661985041,0.368169094973,0.498108912749,4.47565894864e-13
45,0.573546214977,0.362171337313,0.499854241245,4.24311721849e-13
45.1,0.577551747781,0.356195325425,0.501282005727,4.02279956029e-13
45.2,0.58166520284,0.350261234003,0.502388335357,3.81402881245e-13
45.3,0.585872990933,0.344388254966,0.503171066066,3.61616829191e-13
45.4,0.590161374641,0.338594520149,0.503629741011,3.42861928452e-13
45.5,0.594516530084,0.332897039285,0.503765592232,3.2508186824e-13
45.6,0.598924609319,0.327311653405,0.503581504118,3.08223676084e-13
45.7,0.603371802657,0.321853003499,0.50308195965,2.92237508743e-13
45.8,0.607844400154,0.316534513986,0.502272970755,2.77076455688e-13
45.9,0.612328851536,0.311368390279,0.501161994371,2.62696354473e-13
46,0.616811823825,0.306365629524,0.49975783606,2.49055617401e-13
46.1,0.621280255982,0.301536043375,0.498070543187,2.3611506888e-13
46.2,0.625721409972,0.296888291534,0.49611128978,2.23837792913e-13
46.3,0.630122917689,0.292429924659,0.493892255242,2.12188990169e-13
46.4,0.634472823317,0.288167435196,0.491426499081,2.01135844126e-13
46.5,0.638759620774,0.284106314652,0.488727833713,1.90647395792e-13
46.6,0.642972286007,0.28025111584,0.485810697344,1.80694426513e-13
46.7,0.647100303995,0.276605518682,0.482690028714,1.71249348426e-13
46.8,0.651133690443,0.273172398226,0.479381145345,1.6228610211e-13
46.9,0.655063008226,0.269953893628,0.475899626705,1.53780061015e-13
47,0.658879378734,0.266951476975,0.472261203469,1.45707942267e-13
47.1,0.662574488375,0.264166020953,0.46848165387,1.38047723463e-13
47.2,0.666140590515,0.261597864473,0.464576707854,1.30778565086e-13
47.3,0.669570503233,0.259246875546,0.460561959583,1.23880738185e-13
47.4,0.672857603283,0.257112510784,0.456452788602,1.1733555698e-13
47.5,0.675995816708,0.255193871072,0.452264289821,1.11125316083e-13
47.6,0.678979606556,0.253489753031,0.448011212272,1.0523323201e-13
47.7,0.681803958152,0.251998696032,0.443707906501,9.9643388706e-14
47.8,0.684464362413,0.250719024614,0.439368280284,9.43406868127e-14
47.9,0.686956797638,0.2496488862,0.435005762313,8.93107963981e-14
48,0.68927771022,0.248786284144,0.430633273372,8.45401129235e-14
48.1,0.691423994702,0.248129106132,0.42626320451,8.00157162038e-14
48.2,0.693392973555,0.247675148064,0.421907401639,7.57253321463e-14
48.3,0.695182377049,0.247422133531,0.417577156005,7.16572970654e-14
48.4,0.696790323536,0.247367729075,0.413283199931,6.78005243789e-14
48.5,0.698215300447,0.247509555411,0.409035707262,6.41444735094e-14
48.6,0.699456146248,0.247845194811,0.404844297938,6.0679120823e-14
48.7,0.700512033599,0.24837219486,0.400718046154,5.73949324512e-14
48.8,0.701382453881,0.2490880688,0.396665491575,5.42828388506e-14
48.9,0.702067203272,0.249990292681,0.392694653128,5.13342109687e-14
49,0.702566370472,0.251076299525,0.388813044891,4.85408378911e-14
49.1,0.702880326192,0.252343470713,0.385027693674,4.58949058568e-14
49.2,0.703009714447,0.253789124823,0.381345157888,4.33889785366e-14
49.3,0.702955445706,0.255410504093,0.377771547349,4.10159784772e-14
49.4,0.702718691895,0.257204758745,0.374312543697,3.87691696237e-14
49.5,0.702300883236,0.259168929356,0.370973421142,3.66421408371e-14
49.6,0.701703706882,0.261299927473,0.367759067271,3.46287903344e-14
49.7,0.700929107272,0.2635945147,0.364674003696,3.27233109807e-14
49.8,0.699979288129,0.266049280454,0.361722406324,3.09201763729e-14
49.9,0.69885671597,0.2686606186,0.358908125091,2.92141276568e-14
50,0.697564125015,0.271424703215,0.356234702988,2.76001610263e-14
50.1,0.696104523321,0.274337463691,0.353705394241,2.60735158571e-14
50.2,0.694481199982,0.277394559447,0.351323181545,2.46296634311e-14
50.3,0.692697733189,0.280591354504,0.349090792221,2.32642962138e-14
50.4,0.690757998947,0.283922892205,0.347010713234,2.1973317647e-14
50.5,0.688666180213,0.287383870377,0.345085204981,2.0752832426e-14
50.6,0.686426776212,0.290968617248,0.343316313792,1.95991372299e-14
50.7,0.68404461167,0.294671068448,0.341705883079,1.85087118793e-14
50.8,0.681524845687,0.298484745451,0.340255563103,1.74782108957e-14
50.9,0.678872979966,0.302402735802,0.338966819307,1.65044554411e-14
51,0.676094866114,0.306417675528,0.337840939189,1.5584425616e-14
51.1,0.673196711692,0.310521734098,0.336879037693,1.47152530975e-14
51.2,0.670185084752,0.314706602347,0.336082061095,1.38942141002e-14
51.3,0.667066916521,0.318963483734,0.335450789382,1.31187226439e-14
51.4,0.663849501977,0.323283089351,0.334985837102,1.23863241127e-14
51.5,0.660540498022,0.327655637053,0.334687652701,1.16946890936e-14
51.6,0.657147918988,0.332070855072,0.334556516346,1.10416074792e-14
51.7,0.653680129257,0.336517990472,0.334592536255,1.04249828259e-14
51.8,0.650145832767,0.340985822743,0.334795643539,9.84282695401e-15
51.9,0.646554059246,0.345462682806,0.335165585611,9.2932547809e-15
52,0.642914147043,0.349936477661,0.335701918178,8.77447937752e-15
52.1,0.639235722462,0.354394720824,0.336403995883,8.28480723838e-15
52.2,0.635528675579,0.358824568664,0.337270961637,7.82263375713e-15
52.3,0.631803132561,0.363212862656,0.338301734733,7.38643889931e-15
52.4,0.62806942457,0.367546177493,0.339494997816,6.97478306455e-15
52.5,0.624338053401,0.371810874917,0.340849182801,6.58630313074e-15
52.6,0.620619654055,0.37599316303,0.342362455867,6.21970867326e-15
52.7,0.616924954523,0.380079160762,0.344032701647,5.87377835232e-15
52.8,0.613264733096,0.384054967078,0.345857506757,5.54735646197e-15
52.9,0.609649773591,0.387906734412,0.347834142838,5.23934963458e-15
53,0.606090818912,0.391620745723,0.349959549278,4.94872369455e-15
53.1,0.602598523416,0.395183494518,0.352230315831,4.6745006557e-15
53.2,0.599183404579,0.398581767067,0.354642665338,4.41575585643e-15
53.3,0.595855794475,0.401802726014,0.357192436797,4.17161522743e-15
53.4,0.592625791595,0.404833994521,0.359875069038,3.94125268653e-15
53.5,0.589503213527,0.407663740048,0.362685585271,3.72388765566e-15
53.6,0.58649755099,0.410280756853,0.365618578813,3.51878269495e-15
53.7,0.583617923707,0.41267454629,0.368668200291,3.32524124925e-15
53.8,0.580873038551,0.414835393989,0.371828146645,3.14260550231e-15
53.9,0.578271150342,0.416754443041,0.375091652267,2.97025433435e-15
54,0.575820025645,0.418423762332,0.378451482616,2.80760137845e-15
54.1,0.573526909813,0.419836409222,0.381899930647,2.65409317173e-15
54.2,0.571398497495,0.420986485865,0.385428816414,2.50920739718e-15
54.3,0.56944090674,0.421869188479,0.389029490161,2.3724512123e-15
54.4,0.567659656758,0.422480849014,0.392692839256,2.24335966059e-15
54.5,0.56605964935,0.422818968727,0.396409299254,2.12149416247e-15
54.6,0.564645153955,0.422882243258,0.400168869389,2.00644108186e-15
54.7,0.563419796196,0.422670578922,0.403961132732,1.89781036517e-15
54.8,0.562386549806,0.422185100011,0.407775281237,1.79523424942e-15
54.9,0.561547731728,0.42142814699,0.411600145827,1.69836603616e-15
55,0.560905000211,0.42040326559,0.415424231628,1.60687892841e-15
55.1,0.560459355677,0.419115186876,0.419235758383,1.52046492744e-15
55.2,0.560211144149,0.417569798455,0.423022706007,1.43883378677e-15
55.3,0.56016006304,0.415774107097,0.426772865176,1.36171202057e-15
55.4,0.560305169097,0.41373619311,0.430473892726,1.28884196398e-15
55.5,0.560644888346,0.4114651569,0.434113371579,1.2199808827e-15
55.6,0.56117702787,0.408971058223,0.437678874804,1.15490012969e-15
55.7,0.561898789331,0.406264848706,0.44115803331,1.0933843465e-15
55.8,0.562806784122,0.403358298302,0.444538606614,1.03523070718e-15
55.9,0.563897050108,0.400263916387,0.447808555988,9.80248202617e-16
56,0.56516506991,0.396994868275,0.450956119254,9.28256963312e-16
56.1,0.566605790733,0.393564888004,0.45396988638,8.7908761874e-16
56.2,0.568213645731,0.389988188237,0.456838874996,8.325806914e-16
56.3,0.569982576932,0.386279368224,0.459552604899,7.88586023879e-16
56.4,0.571906059744,0.382453320733,0.462101170576,7.46962237232e-16
56.5,0.573977129051,0.378525138934,0.464475310766,7.07576219131e-16
56.6,0.576188406903,0.374510024145,0.466666474115,6.70302640252e-16
56.7,0.578532131806,0.370423195423,0.468666879965,6.35023497485e-16
56.8,0.581000189547,0.366279801858,0.470469573429,6.0162768259e-16
56.9,0.583584145522,0.362094838477,0.472068473923,5.70010575002e-16
57,0.586275278451,0.357883066528,0.473458416463,5.40073657554e-16
57.1,0.589064615367,0.353658938886,0.474635185131,5.11724153925e-16
57.2,0.591942967709,0.349436531224,0.475595538222,4.84874686711e-16
57.3,0.594900968325,0.34522947949,0.476337224774,4.59442955036e-16
57.4,0.59792910917,0.341050924132,0.476858992269,4.35351430703e-16
57.5,0.601017779429,0.336913461393,0.477160585492,4.12527071903e-16
57.6,0.604157303799,0.332829101884,0.477242736656,3.90901053574e-16
57.7,0.607337980644,0.328809236529,0.477107147064,3.70408513537e-16
57.8,0.610550119704,0.324864609857,0.476756460707,3.50988313561e-16
57.9,0.613784079061,0.321005300496,0.476194230319,3.32582814577e-16
58,0.61703030107,0.317240708649,0.475424876538,3.15137665284e-16
58.1,0.620279346944,0.3135795502,0.474453640894,2.9860160341e-16
58.2,0.623521929733,0.310029857045,0.473286533415,2.82926268972e-16
58.3,0.626748945453,0.306598983167,0.471930275736,2.68066028839e-16
58.4,0.629951502126,0.303293615912,0.470392240555,2.53977812018e-16
58.5,0.633120946562,0.300119791888,0.468680388371,2.40620955029e-16
58.6,0.636248888729,0.297082916879,0.466803202369,2.27957056824e-16
58.7,0.639327223593,0.294187789162,0.464769622317,2.15949842704e-16
58.8,0.642348150363,0.2914386256,0.46258897831,2.04565036716e-16
58.9,0.645304189107,0.288839089907,0.46027092511,1.93770242028e-16
59,0.648188194747,0.286392322498,0.457825377793,1.83534828842e-16
59.1,0.650993368474,0.284100971371,0.455262449328,1.73829829362e-16
59.2,0.653713266666,0.281967223492,0.452592390625,1.6462783942e-16
59.3,0.656341807411,0.279992836225,0.449825533536,1.55902926348e-16
59.4,0.658873274774,0.278179168353,0.446972237167,1.47630542702e-16
59.5,0.661302320963,0.276527210329,0.444042837814,1.39787445492e-16
59.6,0.663623966576,0.275037613408,0.441047602739,1.32351620558e-16
59.7,0.665833599115,0.273710717384,0.437996687923,1.25302211768e-16
59.8,0.667926969964,0.272546576694,0.434900099884,1.18619454736e-16
59.9,0.669900190054,0.27154498469,0.431767661555,1.12284614753e-16
60,0.671749724396,0.270705495937,0.428608982194,1.06279928672e-16
60.1,0.673472385718,0.270027446425,0.425433431225,1.00588550464e-16
60.2,0.675065327387,0.269509971621,0.422250115872,9.51945002262e-17
60.3,0.676526035828,0.269152022306,0.419067862427,9.00826163868e-17
60.4,0.677852322607,0.26895237821,0.415895200951,8.52385109078e-17
60.5,0.679042316367,0.268909659434,0.412740353189,8.06485272715e-17
60.6,0.680094454773,0.269022335696,0.409611223466,7.62997010648e-17
60.7,0.681007476605,0.26928873347,0.406515392329,7.21797229832e-17
60.8,0.681780414136,0.269707041072,0.403460112674,6.82769040866e-17
60.9,0.682412585906,0.270275311776,0.400452308128,6.45801431526e-17
61,0.682903589987,0.270991465074,0.397498573413,6.1078895982e-17
61.1,0.683253297815,0.271853286164,0.394605176477,5.77631465229e-17
61.2,0.683461848661,0.272858423798,0.391778062139,5.46233796861e-17
61.3,0.683529644774,0.27400438661,0.38902285703,5.16505557378e-17
61.4,0.68345734723,0.275288538042,0.38634487562,4.88360861597e-17
61.5,0.683245872494,0.276708090031,0.383749127119,4.6171810878e-17
61.6,0.682896389699,0.278260095573,0.381240323066,4.36499767673e-17
61.7,0.682410318609,0.279941440333,0.378822885437,4.12632173445e-17
61.8,0.681789328234,0.28174883345,0.376500955093,3.90045335722e-17
61.9,0.681035336058,0.283678797695,0.374278400425,3.68672757004e-17
62,0.680150507796,0.285727659159,0.372158826061,3.4845126076e-17
62.1,0.679137257616,0.287891536636,0.370145581497,3.29320828594e-17
62.2,0.677998248738,0.29016633088,0.368241769546,3.11224445899e-17
62.3,0.676736394299,0.292547713934,0.3664502545,2.94107955463e-17
62.4,0.675354858379,0.295031118706,0.364773669907,2.77919918532e-17
62.5,0.673857057068,0.297611729001,0.363214425889,2.62611482883e-17
62.6,0.672246659446,0.300284470202,0.36177471592,2.48136257482e-17
62.7,0.670527588338,0.303044000809,0.360456523001,2.34450193333e-17
62.8,0.668704020704,0.305884705047,0.359261625188,2.21511470171e-17
62.9,0.666780387522,0.308800686743,0.35819160041,2.09280388657e-17
63,0.66476137302,0.311785764693,0.357247830545,1.97719267766e-17
63.1,0.662651913106,0.314833469714,0.356431504732,1.86792347103e-17
63.2,0.660457192865,0.3179370436,0.355743621882,1.76465693843e-17
63.3,0.65818264296,0.321089440157,0.355184992375,1.667071141e-17
63.4,0.655833934842,0.324283328529,0.354756238941,1.57486068445e-17
63.5,0.653416974611,0.327511098965,0.354457796715,1.48773591406e-17
63.6,0.650937895435,0.330764871205,0.354289912477,1.40542214713e-17
63.7,0.648403048435,0.334036505617,0.354252643081,1.32765894134e-17
63.8,0.645818991938,0.337317617204,0.354345853105,1.25419939704e-17
63.9,0.643192479054,0.340599592569,0.354569211739,1.18480949199e-17
64,0.640530443521,0.343873609913,0.354922188951,1.11926744696e-17
64.1,0.637839983817,0.347130662084,0.355404050974,1.05736312077e-17
64.2,0.635128345523,0.350361582689,0.356013855163,9.98897433398e-18
64.3,0.632402901996,0.353557075207,0.356750444285,9.43681815899e-18
64.4,0.629671133374,0.356707745047,0.357612440305,8.91537685895e-18
64.5,0.626940604037,0.359804134413,0.358598237757,8.42295947512e-18
64.6,0.6242189386,0.362836759822,0.359705996768,7.95796514667e-18
64.7,0.621513796589,0.365796152059,0.360933635854,7.51887856664e-18
64.8,0.618832845957,0.368672898344,0.362278824565,7.10426565132e-18
64.9,0.616183735621,0.371457686405,0.363738976122,6.71276941348e-18
65,0.613574067212,0.374141350138,0.365311240145,6.3431060306e-18
65.1,0.61101136626,0.376714916508,0.366992495622,5.99406109964e-18
65.2,0.608503053042,0.379169653284,0.368779344241,5.66448606998e-18
65.3,0.606056413324,0.381497117208,0.370668104249,5.35329484689e-18
65.4,0.603678569242,0.383689202147,0.372654804987,5.05946055805e-18
65.5,0.601376450557,0.385738186791,0.374735182251,4.78201247576e-18
65.6,0.599156766526,0.38763678142,0.376904674664,4.52003308831e-18
65.7,0.597025978616,0.389378173287,0.379158421206,4.27265531353e-18
65.8,0.594990274267,0.390956070148,0.381491260094,4.03905984857e-18
65.9,0.593055541917,0.392364741487,0.383897729159,3.81847264956e-18
66,0.591227347459,0.393599057002,0.386372067913,3.61016253555e-18
66.1,0.589510912291,0.394654521944,0.388908221438,3.41343891097e-18
66.2,0.587911093097,0.395527308909,0.391499846287,3.22764960134e-18
66.3,0.586432363469,0.396214285748,0.394140318514,3.05217879716e-18
66.4,0.585078797453,0.396713039259,0.396822743982,2.88644510087e-18
66.5,0.58385405508,0.397021894414,0.399539971056,2.72989967223e-18
66.6,0.582761369933,0.397139928871,0.402284605784,2.58202446764e-18
66.7,0.581803538742,0.397066982598,0.405049029638,2.44233056894e-18
66.8,0.580982913032,0.396803662493,0.407825419856,2.31035659754e-18
66.9,0.580301392778,0.396351341893,0.410605772416,2.18566720993e-18
67,0.579760422047,0.395712154976,0.413381927618,2.06785167057e-18
67.1,0.579360986572,0.394888986062,0.41614559823,1.95652249876e-18
67.2,0.579103613208,0.393885453897,0.418888400108,1.85131418562e-18
67.3,0.578988371203,0.392705891049,0.421601885177,1.75188197814e-18
67.4,0.57901487522,0.391355318595,0.424277576592,1.65790072678e-18
67.5,0.57918229004,0.389839416322,0.426907005891,1.56906379378e-18
67.6,0.579489336893,0.388164488711,0.429481751874,1.48508201906e-18
67.7,0.579934301335,0.386337427028,0.431993480951,1.40568274094e-18
67.8,0.58051504262,0.384365667853,0.434433988606,1.33060886901e-18
67.9,0.581229004512,0.382257148464,0.43679524165,1.25961800654e-18
68,0.582073227474,0.380020259459,0.439069420855,1.19248161996e-18
68.1,0.583044362188,0.377663795094,0.441248963569,1.12898425312e-18
68.2,0.584138684353,0.375196901779,0.443326605882,1.06892278401e-18
68.3,0.585352110715,0.372629025231,0.445295423889,1.01210572187e-18
68.4,0.586680216269,0.369969856757,0.44714887361,9.5835254259e-19
68.5,0.588118252592,0.367229279183,0.448880829122,9.07493060559e-19
68.6,0.589661167237,0.36441731291,0.450485618446,8.59366834963e-19
68.7,0.591303624131,0.361544062576,0.451958056797,8.13822608901e-19
68.8,0.593040024899,0.35861966481,0.45329347678,7.70717779572e-19
68.9,0.594864531048,0.355654237507,0.454487755186,7.29917897941e-19
69,0.596771086894,0.35265783105,0.455537336069,6.91296196376e-19
69.1,0.59875344317,0.349640381864,0.456439249824,6.54733142788e-19
69.2,0.600805181164,0.346611668647,0.457191128068,6.20116019901e-19
69.3,0.602919737307,0.343581271579,0.457791214142,5.87338528337e-19
69.4,0.605090428049,0.340558534761,0.458238369152,5.56300412266e-19
69.5,0.60731047491,0.337552532108,0.458532073511,5.26907106424e-19
69.6,0.609573029558,0.334572036821,0.458672423995,4.99069403374e-19
69.7,0.611871198761,0.331625494565,0.458660126423,4.7270313993e-19
69.8,0.614198069068,0.328721000399,0.458496484086,4.47728901711e-19
69.9,0.616546731084,0.325866279442,0.458183382139,4.24071744862e-19
70,0.618910303168,0.323068671251,0.457723268212,4.01660934003e-19
70.1,0.621281954441,0.320335117796,0.457119129517,3.80429695523e-19
70.2,0.623654926948,0.31767215491,0.456374466815,3.60314985389e-19
70.3,0.626022556872,0.315085907038,0.455493265576,3.41257270655e-19
70.4,0.628378294669,0.312582085076,0.454479964743,3.23200323928e-19
70.5,0.630715724044,0.310165987077,0.453339423492,3.06091030047e-19
70.6,0.633028579668,0.307842501568,0.45207688639,2.89879204312e-19
70.7,0.63531076359,0.305616113206,0.45069794738,2.74517421588e-19
70.8,0.63755636027,0.303490910501,0.449208512972,2.59960855674e-19
70.9,0.639759650219,0.301470595318,0.44761476505,2.46167128349e-19
71,0.641915122221,0.299558493878,0.445923123645,2.3309616752e-19
71.1,0.644017484141,0.297757568966,0.444140210032,2.20710073962e-19
71.2,0.646061672335,0.296070433092,0.442272810476,2.08972996129e-19
71.3,0.648042859688,0.294499362324,0.440327840891,1.97851012554e-19
71.4,0.649956462341,0.293046310569,0.43831231269,1.87312021407e-19
71.5,0.651798145142,0.291712924043,0.436233300042,1.77325636754e-19
71.6,0.653563825916,0.290500555743,0.43409790871,1.67863091127e-19
71.7,0.655249678608,0.289410279724,0.431913246636,1.58897144015e-19
71.8,0.656852135398,0.288442904989,0.429686396389,1.50401995915e-19
71.9,0.658367887883,0.287598988874,0.427424389551,1.4235320759e-19
72,0.659793887399,0.286878849766,0.425134183111,1.34727624226e-19
72.1,0.66112734461,0.286282579067,0.422822637883,1.27503304164e-19
72.2,0.662365728436,0.285810052301,0.420496498961,1.20659451934e-19
72.3,0.66350676443,0.285460939297,0.418162378173,1.14176355308e-19
72.4,0.664548432699,0.2852347134,0.415826738505,1.08035326126e-19
72.5,0.665488965446,0.285130659663,0.413495880429,1.02218644647e-19
72.6,0.666326844242,0.285147882014,0.411175930059,9.67095072084e-20
72.7,0.667060797081,0.285285309383,0.408872829046,9.14919769728e-20
72.8,0.667689795314,0.285541700803,0.40659232612,8.65509375708e-20
72.9,0.668213050516,0.285915649505,0.404339970157,8.18720494528e-20
73,0.668630011346,0.286405586039,0.402121104678,7.74417087741e-20
73.1,0.668940360452,0.28700978047,0.39994086365,7.32470086526e-20
73.2,0.669144011459,0.287726343696,0.397804168477,6.9275702646e-20
73.3,0.669241106075,0.288553227952,0.395715726062,6.55161703071e-20
73.4,0.669232011334,0.289488226575,0.393680027815,6.19573846849e-20
73.5,0.669117316999,0.290528973098,0.391701349511,5.85888816468e-20
73.6,0.668897833109,0.291672939766,0.38978375186,5.54007309084e-20
73.7,0.668574587698,0.292917435564,0.387931081698,5.23835086612e-20
73.8,0.668148824642,0.29425960384,0.386146973691,4.95282716998e-20
73.9,0.667622001637,0.295696419643,0.38443485245,4.68265329553e-20
74,0.66699578826,0.297224686867,0.382797934959,4.42702383463e-20
74.1,0.666272064099,0.298841035311,0.381239233249,4.18517448693e-20
74.2,0.665452916888,0.300541917779,0.379761557202,3.95637998506e-20
74.3,0.664540640617,0.302323607319,0.378367517444,3.7399521292e-20
74.4,0.663537733548,0.304182194725,0.377059528231,3.53523792432e-20
74.5,0.66244689609,0.306113586433,0.375839810284,3.34161781416e-20
74.6,0.661271028466,0.308113502904,0.374710393496,3.15850400618e-20
74.7,0.660013228103,0.310177477638,0.373673119482,2.98533888235e-20
74.8,0.658676786688,0.312300856927,0.37272964391,2.82159349075e-20
74.9,0.657265186808,0.314478800459,0.371881438579,2.66676611346e-20
75,0.655782098123,0.316706282895,0.371129793221,2.52038090651e-20
75.1,0.654231372987,0.318978096521,0.370475816977,2.38198660784e-20
75.2,0.652617041464,0.321288855083,0.369920439557,2.25115530967e-20
75.3,0.650943305679,0.323632998891,0.369464412041,2.1274812916e-20
75.4,0.649214533437,0.326004801292,0.369108307327,2.01057991146e-20
75.5,0.64743525107,0.328398376585,0.36885252022,1.9000865507e-20
75.6,0.645610135459,0.330807689436,0.368697267162,1.79565561143e-20
75.7,0.643744005209,0.333226565854,0.368642585607,1.69695956266e-20
75.8,0.641841810928,0.335648705775,0.368688333064,1.603688033e-20
75.9,0.639908624614,0.338067697251,0.368834185823,1.51554694761e-20
76,0.637949628132,0.340477032284,0.369079637382,1.43225770711e-20
76.1,0.635970100791,0.342870124265,0.369423996614,1.35355640643e-20
76.2,0.633975406029,0.345240327005,0.369866385707,1.27919309159e-20
76.3,0.631970977242,0.347580955298,0.370405737922,1.20893105254e-20
76.4,0.629962302804,0.349885306952,0.371040795202,1.1425461504e-20
76.5,0.627954910308,0.352146686191,0.371770105708,1.07982617733e-20
76.6,0.625954350118,0.354358428324,0.372592021315,1.02057024756e-20
76.7,0.623966178291,0.356513925538,0.373504695146,9.64588217981e-21
76.8,0.621995938962,0.358606653674,0.374506079208,9.11700137072e-21
76.9,0.620049146286,0.360630199817,0.375593922197,8.61735720627e-21
77,0.61813126604,0.362578290501,0.376765767552,8.14533853153e-21
77.1,0.616247696996,0.364444820344,0.378018951836,7.69942113677e-21
77.2,0.614403752182,0.366223880882,0.379350603529,7.27816324823e-21
77.3,0.612604640152,0.367909789384,0.380757642308,6.88020124084e-21
77.4,0.61085544638,0.369497117413,0.38223677892,6.50424556222e-21
77.5,0.609161114915,0.370980718884,0.383784515711,6.14907685838e-21
77.6,0.607526430405,0.37235575738,0.385397147922,5.81354229145e-21
77.7,0.605956000606,0.373617732483,0.387070765821,5.49655204049e-21
77.8,0.604454239514,0.374762504864,0.388801257769,5.19707597688e-21
77.9,0.603025351191,0.375786319918,0.39058431429,4.914140506e-21
78,0.601673314421,0.376685829693,0.392415433237,4.64682556739e-21
78.1,0.600401868259,0.377458112909,0.394289926111,4.39426178595e-21
78.2,0.59921449858,0.378100692869,0.396202925608,4.15562776703e-21
78.3,0.598114425685,0.378611553069,0.398149394442,3.93014752853e-21
78.4,0.597104593025,0.378989150342,0.400124135506,3.71708806364e-21
78.5,0.596187657117,0.379232425404,0.402121803385,3.51575702785e-21
78.6,0.595365978661,0.37934081067,0.40413691726,3.32550054434e-21
78.7,0.594641614917,0.379314235252,0.406163875207,3.14570112209e-21
78.8,0.594016313349,0.379153127072,0.40819696988,2.97577568132e-21
78.9,0.593491506555,0.378858412044,0.410230405564,2.81517368095e-21
79,0.593068308479,0.378431510316,0.412258316552,2.6633753433e-21
79.1,0.592747511913,0.377874329586,0.414274786785,2.5198899711e-21
79.2,0.592529587267,0.377189255534,0.416273870687,2.38425435255e-21
79.3,0.592414682596,0.376379139446,0.418249615094,2.25603124989e-21
79.4,0.592402624871,0.375447283113,0.420196082167,2.13480796753e-21
79.5,0.59249292244,0.374397421151,0.422107373144,2.02019499565e-21
79.6,0.592684768689,0.373233700862,0.423977652809,1.91182472577e-21
79.7,0.592977046835,0.371960659833,0.425801174472,1.80935023444e-21
79.8,0.593368335838,0.370583201446,0.427572305321,1.71244413185e-21
79.9,0.593856917378,0.369106568511,0.429285551913,1.62079747202e-21
80,0.594440783873,0.367536315257,0.430935585629,1.5341187215e-21
80.1,0.595117647481,0.365878277915,0.432517267857,1.45213278356e-21
80.2,0.59588495005,0.36413854414,0.434025674693,1.37458007523e-21
80.3,0.596739873969,0.362323421537,0.43545612094,1.30121565425e-21
80.4,0.597679353865,0.360439405549,0.436804183168,1.23180839364e-21
80.5,0.598700089101,0.358493146985,0.438065721634,1.16614020124e-21
80.6,0.599798557015,0.356491419426,0.43923690084,1.10400528212e-21
80.7,0.600971026848,0.354441086802,0.440314208526,1.04520944138e-21
80.8,0.602213574292,0.352349071362,0.44129447292,9.8956942555e-22
80.9,0.603522096597,0.350222322296,0.442174878071,9.36912300308e-22
81,0.604892328173,0.348067785232,0.442952977102,8.87074862855e-22
81.1,0.606319856607,0.345892372816,0.443626703284,8.39903086957e-22
81.2,0.607800139029,0.343702936573,0.444194378794,7.95251599037e-22
81.3,0.609328518737,0.341506240221,0.444654721105,7.52983183641e-22
81.4,0.610900242017,0.339308934585,0.445006846948,7.1296831673e-22
81.5,0.612510475065,0.337117534248,0.445250273825,6.75084725327e-22
81.6,0.614154320927,0.334938396028,0.445384919077,6.39216972086e-22
81.7,0.615826836378,0.332777699372,0.445411096553,6.05256063484e-22
81.8,0.61752304866,0.330641428716,0.445329510927,5.73099080322e-22
81.9,0.619237971986,0.328535357839,0.445141249762,5.42648829367e-22
82,0.620966623741,0.326465036217,0.444847773429,5.13813514948e-22
82.1,0.622704040295,0.324435777361,0.444450903008,4.86506429452e-22
82.2,0.624445292368,0.3224526491,0.443952806331,4.60645661654e-22
82.3,0.626185499857,0.320520465749,0.443355982335,4.36153821915e-22
82.4,0.627919846094,0.318643782087,0.442663243896,4.129577833e-22
82.5,0.629643591448,0.316826889052,0.441877699349,3.90988437744e-22
82.6,0.63135208625,0.315073811052,0.441002732884,3.70180466407e-22
82.7,0.633040782977,0.313388304771,0.440041984013,3.50472123429e-22
82.8,0.63470524768,0.311773859346,0.438999326329,3.31805032324e-22
82.9,0.63634117062,0.310233697784,0.437878845738,3.14123994296e-22
83,0.6379443761,0.308770779489,0.43668481837,2.97376807787e-22
83.1,0.639510831486,0.30738780375,0.435421688346,2.8151409862e-22
83.2,0.6410366554,0.306087214062,0.43409404559,2.66489160119e-22
83.3,0.642518125125,0.304871203142,0.43270660385,2.52257802632e-22
83.4,0.643951683193,0.303741718506,0.431264179066,2.38778211897e-22
83.5,0.645333943214,0.302700468484,0.429771668249,2.26010815747e-22
83.6,0.646661694942,0.301748928546,0.428234028974,2.13918158645e-22
83.7,0.647931908634,0.300888347837,0.426656259612,2.02464783598e-22
83.8,0.649141738717,0.3001197558,0.425043380374,1.91617121012e-22
83.9,0.650288526812,0.299443968809,0.42340041527,1.8134338406e-22
84,0.651369804161,0.298861596713,0.421732375027,1.71613470184e-22
84.1,0.652383293486,0.298373049222,0.420044241011,1.62398868358e-22
84.2,0.653326910346,0.297978542061,0.418340950208,1.53672571769e-22
84.3,0.654198764014,0.29767810284,0.416627381254,1.45408995574e-22
84.4,0.654997157943,0.297471576605,0.414908341547,1.37583899445e-22
84.5,0.655720589849,0.297358631002,0.413188555419,1.30174314591e-22
84.6,0.65636775146,0.297338761067,0.411472653368,1.23158475004e-22
84.7,0.656937527973,0.297411293588,0.409765162313,1.16515752646e-22
84.8,0.657428997258,0.297575391058,0.408070496849,1.10226596367e-22
84.9,0.657841428837,0.297830055197,0.406392951463,1.04272474301e-22
85,0.658174282678,0.29817413006,0.404736693663,9.86358195385e-23
85.1,0.658427207831,0.298606304753,0.403105757974,9.32999788734e-23
85.2,0.658600040923,0.299125115758,0.401504040747,8.82491644422e-23
85.3,0.658692804537,0.299728948915,0.399935295723,8.3468408069e-23
85.4,0.658705705487,0.300416041085,0.398403130301,7.89435181613e-23
85.5,0.658639133009,0.301184481535,0.396911002447,7.46610389972e-23
85.6,0.658493656853,0.302032213086,0.395462218177,7.06082122616e-23
85.7,0.658270025303,0.302957033086,0.394059929578,6.67729406951e-23
85.8,0.657969163097,0.303956594241,0.392707133276,6.31437537293e-23
85.9,0.657592169266,0.305028405377,0.391406669326,5.97097749904e-23
86,0.657140314854,0.306169832183,0.390161220449,5.64606915591e-23
86.1,0.656615040529,0.307378098,0.388973311572,5.33867248841e-23
86.2,0.656017954047,0.308650284722,0.387845309613,5.04786032513e-23
86.3,0.655350827559,0.309983333866,0.386779423478,4.77275357187e-23
86.4,0.654615594739,0.311374047887,0.385777704204,4.5125187431e-23
86.5,0.653814347697,0.312819091795,0.384842045234,4.26636562352e-23
86.6,0.652949333659,0.314314995148,0.383974182756,4.0335450522e-23
86.7,0.652022951377,0.315858154475,0.383175696101,3.81334682246e-23
86.8,0.651037747255,0.317444836205,0.382448008148,3.60509769076e-23
86.9,0.649996411134,0.319071180149,0.381792385721,3.40815948873e-23
87,0.648901771743,0.320733203604,0.38120993995,3.22192733242e-23
87.1,0.647756791754,0.322426806124,0.380701626578,3.04582792353e-23
87.2,0.64656456244,0.324147775013,0.380268246203,2.8793179375e-23
87.3,0.645328297894,0.325891791577,0.379910444434,2.72188249386e-23
87.4,0.644051328805,0.327654438184,0.379628711968,2.57303370425e-23
87.5,0.642737095758,0.329431206147,0.379423384565,2.43230929412e-23
87.6,0.641389142048,0.331217504471,0.379294642946,2.29927129409e-23
87.7,0.640011106014,0.333008669464,0.379242512594,2.17350479732e-23
87.8,0.638606712857,0.334799975231,0.379266863479,2.05461677953e-23
87.9,0.637179765975,0.336586645037,0.379367409721,1.94223497822e-23
88,0.635734137798,0.338363863542,0.379543709198,1.83600682827e-23
88.1,0.63427376015,0.340126789869,0.37979516312,1.73559845083e-23
88.2,0.63280261414,0.341870571479,0.380121015596,1.64069369291e-23
88.3,0.63132471962,0.343590358823,0.380520353216,1.550993215e-23
88.4,0.62984412423,0.345281320688,0.380992104675,1.46621362442e-23
88.5,0.628364892069,0.346938660205,0.381535040473,1.38608665201e-23
88.6,0.626891092031,0.348557631418,0.382147772731,1.31035836996e-23
88.7,0.625426785847,0.350133556348,0.382828755143,1.23878844888e-23
88.8,0.623976015899,0.351661842447,0.383576283129,1.17114945203e-23
88.9,0.622542792839,0.353138000344,0.384388494204,1.10722616491e-23
89,0.621131083091,0.354557661775,0.385263368623,1.04681495851e-23
89.1,0.619744796282,0.355916597569,0.386198730343,9.89723184516e-24
89.2,0.618387772687,0.357210735583,0.387192248342,9.35768600907e-24
89.3,0.617063770729,0.35843617844,0.388241438345,8.84778826488e-24
89.4,0.615776454616,0.359589220955,0.389343665,8.3659082292e-24
89.5,0.614529382192,0.360666367105,0.390496144547,7.91050402898e-24
89.6,0.61332599304,0.36166434641,0.391695948034,7.48011763228e-24
89.7,0.612169596933,0.362580129602,0.392940005105,7.07337041553e-24
89.8,0.611063362683,0.363410943431,0.394225108412,6.68895895603e-24
89.9,0.610010307441,0.364154284505,0.395547918677,6.32565103853e-24
90,0.609013286531,0.364807932029,0.396904970455,5.98228186548e-24
90.1,0.608074983841,0.365369959328,0.398292678595,5.65775046106e-24
90.2,0.607197902853,0.365838744056,0.399707345459,5.3510162594e-24
90.3,0.606384358328,0.366212976983,0.401145168877,5.06109586798e-24
90.4,0.605636468711,0.366491669296,0.402602250886,4.78705999781e-24
90.5,0.604956149278,0.366674158306,0.40407460723,4.52803055187e-24
90.6,0.604345106056,0.366760111536,0.405558177625,4.28317786428e-24
90.7,0.603804830553,0.366749529119,0.407048836783,4.05171808274e-24
90.8,0.6033365953,0.366642744485,0.40854240617,3.83291068698e-24
90.9,0.602941450237,0.366440423304,0.410034666461,3.62605613672e-24
91,0.602620219943,0.366143560705,0.411521370669,3.43049364255e-24
91.1,0.60237350172,0.36575347676,0.41299825789,3.24559905366e-24
91.2,0.602201664529,0.365271810269,0.414461067604,3.07078285669e-24
91.3,0.602104848778,0.364700510895,0.415905554482,2.90548827992e-24
91.4,0.602082966951,0.364041829686,0.417327503603,2.74918949776e-24
91.5,0.60213570507,0.363298308077,0.418722746015,2.6013899304e-24
91.6,0.602262524976,0.362472765429,0.420087174544,2.4616206337e-24
91.7,0.602462667407,0.361568285228,0.421416759747,2.32943877504e-24
91.8,0.602735155855,0.360588200024,0.422707565913,2.20442619049e-24
91.9,0.603078801178,0.359536075246,0.423955767001,2.08618801935e-24
92,0.603492206946,0.358415692002,0.425157662403,1.97435141202e-24
92.1,0.603973775478,0.357231029011,0.426309692403,1.86856430754e-24
92.2,0.604521714556,0.355986243794,0.427408453243,1.76849427706e-24
92.3,0.60513404477,0.354685653264,0.428450711649,1.67382743011e-24
92.4,0.605808607459,0.353333713878,0.429433418718,1.5842673802e-24
92.5,0.606543073222,0.351935001474,0.430353723054,1.49953426673e-24
92.6,0.607334950942,0.350494190951,0.431208983038,1.4193638304e-24
92.7,0.608181597294,0.349016035936,0.431996778138,1.34350653922e-24
92.8,0.609080226684,0.347505348572,0.432714919157,1.27172676249e-24
92.9,0.610027921582,0.345966979568,0.433361457346,1.20380199032e-24
93,0.611021643195,0.344405798633,0.433934692292,1.13952209613e-24
93.1,0.612058242429,0.342826675419,0.434433178536,1.07868864012e-24
93.2,0.613134471106,0.341234461082,0.434855730849,1.02111421124e-24
93.3,0.614246993359,0.339633970564,0.435201428148,9.66621805848e-25
93.4,0.615392397182,0.338029965684,0.435469616011,9.15044241032e-25
93.5,0.616567206059,0.336427139126,0.435659907785,8.66223600671e-25
93.6,0.617767890634,0.334830099376,0.435772184296,8.20010712591e-25
93.7,0.61899088037,0.33324335668,0.435806592165,7.76264655067e-25
93.8,0.620232575138,0.331671310054,0.435763540764,7.34852291114e-25
93.9,0.621489356696,0.330118235376,0.435643697858,6.95647829051e-25
94,0.622757600004,0.328588274595,0.435447983981,6.58532407918e-25
94.1,0.624033684327,0.327085426037,0.43517756561,6.23393706373e-25
94.2,0.625314004096,0.325613535821,0.434833847214,5.90125573795e-25
94.3,0.626594979468,0.324176290372,0.434418462258,5.58627682366e-25
94.4,0.627873066558,0.32277720999,0.433933263257,5.28805198966e-25
94.5,0.629144767308,0.321419643456,0.433380310972,5.0056847579e-25
94.6,0.630406638963,0.320106763623,0.432761862845,4.73832758647e-25
94.7,0.631655303116,0.31884156395,0.432080360785,4.48517911936e-25
94.8,0.63288745432,0.317626855921,0.43133841841,4.24548159385e-25
94.9,0.634099868231,0.316465267285,0.430538807838,4.01851839646e-25
95,0.635289409267,0.315359241062,0.429684446149,3.80361175917e-25
95.1,0.636453037789,0.314311035249,0.428778381609,3.60012058792e-25
95.2,0.637587816783,0.313322723141,0.427823779764,3.40743841582e-25
95.3,0.638690918039,0.312396194228,0.426823909487,3.224991474e-25
95.4,0.639759627838,0.311533155573,0.425782129086,3.05223687331e-25
95.5,0.64079135215,0.310735133617,0.424701872534,2.88866089047e-25
95.6,0.641783621341,0.31000347635,0.423586635927,2.73377735273e-25
95.7,0.64273409441,0.30933935577,0.422439964208,2.5871261152e-25
95.8,0.643640562765,0.308743770589,0.421265438256,2.44827162559e-25
95.9,0.644500953558,0.308217549118,0.420066662363,2.31680157119e-25
96,0.645313332584,0.307761352282,0.418847252171,2.19232560337e-25
96.1,0.646075906779,0.307375676722,0.417610823096,2.07447413493e-25
96.2,0.646787026328,0.307060857937,0.416360979283,1.96289720618e-25
96.3,0.647445186404,0.306817073437,0.41510130311,1.85726341561e-25
96.4,0.64804902856,0.306644345859,0.41383534526,1.75725891141e-25
96.5,0.648597341793,0.306542546041,0.412566615382,1.66258644022e-25
96.6,0.649089063309,0.306511396012,0.411298573339,1.57296444975e-25
96.7,0.649523278997,0.30655047189,0.410034621049,1.4881262421e-25
96.8,0.649899223635,0.306659206687,0.40877809491,1.40781917476e-25
96.9,0.650216280856,0.306836892988,0.407532258805,1.33180390657e-25
97,0.650473982875,0.307082685531,0.406300297671,1.25985368578e-25
97.1,0.650672009998,0.307395603671,0.40508531161,1.19175367806e-25
97.2,0.65081018993,0.307774533744,0.403890310537,1.12730033173e-25
97.3,0.650888496889,0.308218231336,0.402718209318,1.0663007783e-25
97.4,0.650907050533,0.308725323479,0.4015718234,1.00857226617e-25
97.5,0.650866114715,0.309294310786,0.400453864884,9.53941625458e-26
97.6,0.650766096054,0.309923569546,0.399366939024,9.02244762284e-26
97.7,0.650607542351,0.31061135381,0.398313541125,8.53326180646e-26
97.8,0.650391140823,0.311355797489,0.397296053798,8.07038530406e-26
97.9,0.650117716175,0.312154916489,0.396316744563,7.63242179795e-26
98,0.649788228491,0.313006610923,0.395377763746,7.21804811054e-26
98.1,0.649403770955,0.313908667426,0.394481142663,6.8260103786e-26
98.2,0.64896556738,0.314858761607,0.393628792053,6.45512043313e-26
98.3,0.648474969547,0.315854460669,0.392822500737,6.10425237284e-26
98.4,0.647933454348,0.316893226238,0.392063934467,5.77233932035e-26
98.5,0.647342620709,0.317972417426,0.39135463496,5.45837035085e-26
98.6,0.646704186303,0.319089294167,0.39069601908,5.16138758331e-26
98.7,0.646019984018,0.320241020855,0.390089378154,4.88048342534e-26
98.8,0.645291958199,0.321424670316,0.3895358774,4.61479796293e-26
98.9,0.644522160622,0.322637228143,0.389036555454,4.36351648722e-26
99,0.643712746218,0.323875597421,0.388592323983,4.12586715057e-26
99.1,0.642865968515,0.32513660386,0.388203967364,3.90111874497e-26
99.2,0.641984174808,0.326417001369,0.387872142431,3.68857859596e-26
99.3,0.641069801039,0.327713478074,0.387597378275,3.48759056597e-26
99.4,0.640125366386,0.329022662801,0.387380076093,3.29753316093e-26
99.5,0.639153467558,0.33034113204,0.387220509084,3.11781773484e-26
99.6,0.638156772793,0.331665417376,0.387118822393,2.94788678688e-26
99.7,0.637138015565,0.332992013405,0.387075033102,2.78721234619e-26
99.8,0.636099988,0.334317386118,0.387089030281,2.63529443974e-26
99.9,0.635045534006,0.335637981752,0.387160575085,2.49165963876e-26
100,0.633977542135,0.336950236083,0.387289300933,2.35585967979e-26
100.1,0.632898938176,0.338250584139,0.387474713759,2.22747015628e-26
100.2,0.631812677511,0.339535470321,0.387716192351,2.10608927721e-26
100.3,0.630721737235,0.340801358875,0.388012988806,1.99133668916e-26
100.4,0.629629108079,0.342044744699,0.388364229093,1.88285235858e-26
100.5,0.628537786141,0.343262164422,0.38876891377,1.78029551121e-26
100.6,0.627450764469,0.344450207723,0.389225918845,1.68334362565e-26
100.7,0.626371024514,0.345605528824,0.389733996826,1.59169147836e-26
100.8,0.625301527494,0.346724858103,0.390291777968,1.50505023746e-26
100.9,0.624245205687,0.347805013761,0.390897771734,1.42314660283e-26
101,0.623204953713,0.348842913485,0.391550368513,1.34572199018e-26
101.1,0.622183619813,0.349835586025,0.392247841591,1.2725317569e-26
101.2,0.621183997192,0.350780182624,0.392988349422,1.20334446747e-26
101.3,0.620208815439,0.351673988224,0.393769938201,1.1379411966e-26
101.4,0.619260732085,0.352514432366,0.394590544776,1.07611486804e-26
101.5,0.61834232432,0.353299099723,0.395447999911,1.01766962733e-26
101.6,0.617456080926,0.354025740176,0.396340031921,9.62420246897e-27
101.7,0.616604394451,0.354692278371,0.397264270699,9.10191561608e-27
101.8,0.615789553666,0.355296822679,0.398218252146,8.6081793355e-27
101.9,0.615013736344,0.35583767349,0.399199423024,8.14142744354e-27
102,0.614279002393,0.35631333078,0.400205146238,7.70017913788e-27
102.1,0.613587287378,0.356722500883,0.401232706552,7.28303443267e-27
102.2,0.612940396458,0.357064102422,0.402279316753,6.88866983026e-27
102.3,0.612339998769,0.357337271329,0.403342124254,6.5158342179e-27
102.4,0.611787622288,0.357541364937,0.404418218138,6.16334497785e-27
102.5,0.611284649181,0.357675965078,0.405504636633,5.83008430027e-27
102.6,0.610832311675,0.357740880173,0.40659837501,5.51499568882e-27
102.7,0.610431688462,0.357736146294,0.407696393885,5.21708064893e-27
102.8,0.610083701647,0.35766202716,0.408795627903,4.93539554987e-27
102.9,0.60978911426,0.357519013089,0.409892994785,4.66904865163e-27
103,0.609548528335,0.357307818885,0.410985404698,4.41719728828e-27
103.1,0.60936238356,0.35702938068,0.412069769921,4.17904519995e-27
103.2,0.60923095651,0.356684851746,0.413143014766,3.95384000591e-27
103.3,0.609154360448,0.356275597296,0.414202085706,3.7408708114e-27
103.4,0.609132545709,0.355803188322,0.415243961669,3.53946594157e-27
103.5,0.609165300645,0.355269394496,0.416265664438,3.34899079601e-27
103.6,0.609252253133,0.354676176188,0.417264269108,3.16884581759e-27
103.7,0.609392872641,0.354025675658,0.418236914543,2.99846456989e-27
103.8,0.609586472816,0.353320207476,0.419180813765,2.83731191754e-27
103.9,0.609832214612,0.352562248242,0.420093264215,2.68488230424e-27
104,0.610129109912,0.351754425673,0.420971657831,2.54069812337e-27
104.1,0.610476025644,0.350899507136,0.421813490863,2.40430817639e-27
104.2,0.61087168836,0.350000387694,0.422616373373,2.27528621461e-27
104.3,0.611314689262,0.349060077762,0.423378038352,2.15322955977e-27
104.4,0.611803489644,0.348081690441,0.424096350391,2.0377577995e-27
104.5,0.612336426727,0.347068428616,0.424769313844,1.92851155375e-27
104.6,0.61291171987,0.346023571906,0.425395080433,1.82515130837e-27
104.7,0.613527477106,0.344950463543,0.425971956235,1.72735631233e-27
104.8,0.614181701996,0.343852497257,0.426498408005,1.6348235354e-27
104.9,0.614872300757,0.342733104255,0.426973068789,1.5472666828e-27
105,0.615597089632,0.341595740353,0.427394742788,1.46441526415e-27
105.1,0.616353802486,0.340443873349,0.427762409448,1.38601371354e-27
105.2,0.617140098568,0.339280970692,0.428075226732,1.31182055816e-27
105.3,0.617953570428,0.338110487505,0.428332533575,1.24160763292e-27
105.4,0.618791751947,0.336935855033,0.428533851493,1.17515933847e-27
105.5,0.619652126447,0.335760469552,0.428678885348,1.11227194043e-27
105.6,0.620532134849,0.334587681785,0.428767523266,1.05275290752e-27
105.7,0.621429183837,0.333420786873,0.428799835721,9.9642028654e-28
105.8,0.622340654017,0.332263014918,0.428776073793,9.43102112199e-28
105.9,0.623263908013,0.331117522133,0.428696666624,8.92635849868e-28
106,0.62419629849,0.329987382616,0.428562218105,8.44867869522e-28
106.1,0.625135176063,0.328875580753,0.428373502812,7.99652949132e-28
106.2,0.62607789707,0.327785004269,0.428131461251,7.56853805897e-28
106.3,0.627021831181,0.326718437911,0.427837194434,7.163406538e-28
106.4,0.627964368816,0.325678557782,0.427491957846,6.77990786034e-28
106.5,0.628902928352,0.324667926282,0.427097154851,6.41688180921e-28
106.6,0.629834963099,0.323688987675,0.426654329588,6.07323130032e-28
106.7,0.630757968022,0.322744064245,0.426165159415,5.74791887262e-28
106.8,0.631669486196,0.321835353018,0.425631446958,5.43996337712e-28
106.9,0.632567114984,0.320964923028,0.425055111824,5.1484368525e-28
107,0.633448511911,0.320134713107,0.424438182032,4.87246157726e-28
107.1,0.634311400244,0.319346530148,0.423782785225,4.61120728834e-28
107.2,0.635153574251,0.318602047828,0.423091139719,4.36388855694e-28
107.3,0.635972904154,0.31790280575,0.422365545441,4.12976231266e-28
107.4,0.636767340751,0.317250208969,0.421608374811,3.90812550747e-28
107.5,0.637534919719,0.316645527866,0.420822063623,3.69831291176e-28
107.6,0.638273765598,0.316089898346,0.420009101965,3.49969503483e-28
107.7,0.638982095452,0.31558432232,0.419172025231,3.31167616275e-28
107.8,0.639658222215,0.315129668432,0.418313405256,3.13369250698e-28
107.9,0.640300557724,0.314726673014,0.417435841632,2.96521045737e-28
108,0.640907615444,0.314375941238,0.416541953208,2.80572493349e-28
108.1,0.641478012903,0.314077948421,0.415634369836,2.65475782883e-28
108.2,0.642010473827,0.313833041487,0.414715724371,2.51185654239e-28
108.3,0.642503829998,0.313641440532,0.41378864495,2.37659259268e-28
108.4,0.642957022834,0.313503240502,0.412855747573,2.24856030949e-28
108.5,0.643369104714,0.313418412944,0.411919629001,2.12737559875e-28
108.6,0.643739240034,0.313386807821,0.410982859976,2.01267477652e-28
108.7,0.644066706035,0.313408155393,0.410047978785,1.90411346794e-28
108.8,0.644350893377,0.313482068127,0.409117485151,1.80136556746e-28
108.9,0.644591306497,0.31360804266,0.408193834482,1.70412225688e-28
109,0.644787563744,0.313785461789,0.40727943245,1.61209107779e-28
109.1,0.644939397298,0.314013596489,0.406376629917,1.52499505531e-28
109.2,0.64504665289,0.314291607972,0.40548771819,1.44257187021e-28
109.3,0.645109289318,0.314618549778,0.404614924607,1.3645730766e-28
109.4,0.645127377769,0.314993369906,0.403760408439,1.29076336257e-28
109.5,0.645101100959,0.315414912995,0.402926257097,1.22091985138e-28
109.6,0.645030752075,0.315881922561,0.402114482646,1.15483144078e-28
109.7,0.644916733545,0.316393043299,0.401327018588,1.09229817843e-28
109.8,0.644759555623,0.316946823468,0.400565716928,1.03313067116e-28
109.9,0.64455983479,0.317541717367,0.399832345493,9.77149526377e-29
110,0.644318291983,0.318176087914,0.399128585491,9.2418482365e-29
110.1,0.644035750638,0.318848209351,0.39845602931,8.74075614766e-29
110.2,0.643713134557,0.31955627008,0.397816178516,8.26669450741e-29
110.3,0.643351465589,0.320298375652,0.397210442073,7.81821934196e-29
110.4,0.642951861127,0.321072551928,0.396640134735,7.39396295704e-29
110.5,0.642515531427,0.321876748413,0.396106475622,6.99262992763e-29
110.6,0.642043776724,0.322708841794,0.395610586964,6.61299330142e-29
110.7,0.641537984173,0.323566639686,0.395153492992,6.25389100411e-29
110.8,0.640999624588,0.324447884603,0.394736118974,5.91422243527e-29
110.9,0.64043024899,0.325350258159,0.394359290391,5.59294524449e-29
111,0.63983148496,0.326271385523,0.394023732234,5.28907227772e-29
111.1,0.639205032795,0.327208840124,0.393730068425,5.00166868459e-29
111.2,0.638552661468,0.32816014861,0.393478821347,4.72984917789e-29
111.3,0.637876204391,0.329122796083,0.393270411492,4.47277543701e-29
111.4,0.637177554989,0.330094231596,0.39310515721,4.22965364744e-29
111.5,0.636458662076,0.331071873908,0.392983274566,3.99973216911e-29
111.6,0.635721525053,0.332053117517,0.392904877305,3.78229932659e-29
111.7,0.634968188915,0.333035338938,0.392869976912,3.57668131462e-29
111.8,0.634200739096,0.334015903234,0.392878482793,3.3822402128e-29
111.9,0.633421296131,0.334992170782,0.392930202561,3.19837210376e-29
112,0.632632010179,0.335961504259,0.393024842432,3.02450528911e-29
112.1,0.631835055391,0.336921275835,0.393162007752,2.86009859821e-29
112.2,0.631032624143,0.337868874542,0.393341203642,2.70463978479e-29
112.3,0.630226921159,0.338801713806,0.39356183578,2.5576440067e-29
112.4,0.629420157526,0.339717239111,0.393823211332,2.41865238469e-29
112.5,0.628614544624,0.340612935755,0.394124540018,2.2872306358e-29
112.6,0.627812287991,0.341486336692,0.394464935357,2.16296777775e-29
112.7,0.627015581134,0.342335030392,0.39484341607,2.04547490034e-29
112.8,0.626226599326,0.343156668707,0.395258907669,1.93438400071e-29
112.9,0.625447493385,0.343948974696,0.395710244233,1.82934687893e-29
113,0.624680383475,0.344709750369,0.396196170391,1.73003409079e-29
113.1,0.623927352954,0.345436884301,0.396715343511,1.63613395509e-29
113.2,0.623190442279,0.34612835909,0.397266336116,1.54735161226e-29
113.3,0.622471643001,0.346782258599,0.397847638524,1.463408132e-29
113.4,0.621772891878,0.347396774948,0.398457661735,1.38403966723e-29
113.5,0.621096065122,0.347970215211,0.399094740563,1.30899665205e-29
113.6,0.620442972807,0.348501007773,0.399757137019,1.23804304136e-29
113.7,0.619815353463,0.348987708307,0.400443043964,1.1709555902e-29
113.8,0.619214868881,0.349429005334,0.401150589013,1.10752317056e-29
113.9,0.618643099144,0.34982372532,0.401877838722,1.04754612385e-29
114,0.618101537912,0.350170837282,0.402622803027,9.9083564725e-30
114.1,0.617591587979,0.350469456865,0.403383439966,9.37213212058e-30
114.2,0.617114557126,0.350718849858,0.404157660655,8.86510012576e-30
114.3,0.616671654271,0.35091843513,0.404943334527,8.38566443831e-30
114.4,0.61626398596,0.351067786953,0.405738294824,7.93231606733e-30
114.5,0.615892553186,0.351166636694,0.406540344329,7.5036283923e-30
114.6,0.615558248564,0.351214873872,0.40734726133,7.09825272151e-30
114.7,0.615261853876,0.351212546545,0.408156805797,6.71491408448e-30
114.8,0.615004037985,0.351159861051,0.408966725762,6.35240724657e-30
114.9,0.614785355129,0.351057181069,0.409774763872,6.00959293423e-30
115,0.614606243609,0.350905026032,0.410578664101,5.68539426012e-30
115.1,0.614467024868,0.350704068874,0.411376178593,5.37879333781e-30
115.2,0.614367902957,0.350455133136,0.412165074615,5.08882807633e-30
115.3,0.61430896441,0.350159189451,0.412943141578,4.81458914516e-30
115.4,0.614290178497,0.349817351412,0.413708198107,4.55521710103e-30
115.5,0.614311397882,0.349430870865,0.414458099133,4.30989966804e-30
115.6,0.614372359658,0.349001132642,0.415190742947,4.07786916321e-30
115.7,0.614472686765,0.348529648779,0.415904078212,3.85840005988e-30
115.8,0.614611889781,0.348018052238,0.416596110877,3.65080668187e-30
115.9,0.614789369074,0.347468090188,0.417264910963,3.45444102145e-30
116,0.615004417308,0.346881616879,0.417908619181,3.26869067484e-30
116.1,0.615256222283,0.346260586147,0.418525453346,3.09297688899e-30
116.2,0.615543870103,0.345607043606,0.419113714558,2.92675271385e-30
116.3,0.615866348663,0.344923118565,0.419671793096,2.76950125455e-30
116.4,0.616222551413,0.344211015723,0.420198174008,2.62073401835e-30
116.5,0.616611281418,0.34347300669,0.420691442358,2.47998935129e-30
116.6,0.617031255664,0.34271142137,0.421150288093,2.3468309598e-30
116.7,0.617481109612,0.341928639283,0.421573510505,2.22084651287e-30
116.8,0.617959401966,0.341127080834,0.421960022266,2.10164632038e-30
116.9,0.618464619652,0.340309198612,0.422308853007,1.9888620837e-30
117,0.618995182963,0.339477468738,0.42261915241,1.88214571461e-30
117.1,0.619549450871,0.33863438232,0.422890192822,1.7811682189e-30
117.2,0.620125726471,0.33778243704,0.423121371348,1.68561864131e-30
117.3,0.620722262541,0.336924128931,0.423312211429,1.59520306841e-30
117.4,0.621337267192,0.336061944364,0.423462363893,1.50964368627e-30
117.5,0.621968909585,0.335198352277,0.423571607477,1.42867789023e-30
117.6,0.622615325707,0.334335796688,0.423639848822,1.35205744363e-30
117.7,0.623274624153,0.333476689502,0.423667121937,1.27954768307e-30
117.8,0.623944891935,0.332623403646,0.423653587152,1.21092676769e-30
117.9,0.624624200257,0.331778266546,0.423599529566,1.14598496992e-30
118,0.625310610264,0.330943553961,0.423505356995,1.08452400563e-30
118.1,0.626002178727,0.330121484186,0.42337159746,1.0263564014e-30
118.2,0.626696963661,0.329314212642,0.423198896215,9.7130489696e-31
118.3,0.627393029847,0.328523826837,0.422988012345,9.19201880837e-31
118.4,0.62808845424,0.327752341729,0.42273981497,8.69888857432e-31
118.5,0.628781331258,0.327001695465,0.422455279065,8.23215943739e-31
118.6,0.62946977793,0.32627374551,0.422135480942,7.7904139411e-31
118.7,0.630151938888,0.32557026515,0.421781593411,7.37231151527e-31
118.8,0.630825991194,0.324892940371,0.421394880671,6.97658423891e-31
118.9,0.631490148991,0.324243367091,0.420976692939,6.60203283953e-31
119,0.632142667971,0.323623048744,0.420528460876,6.24752291574e-31
119.1,0.632781849639,0.323033394205,0.420051689824,5.91198137075e-31
119.2,0.633406045384,0.322475716026,0.419547953897,5.59439304496e-31
119.3,0.634013660338,0.321951228983,0.419018889959,5.2937975365e-31
119.4,0.63460315702,0.321461048916,0.418466191518,5.00928619936e-31
119.5,0.635173058768,0.321006191832,0.417891602563,4.73999930899e-31
119.6,0.635721952946,0.320587573277,0.417296911391,4.48512338604e-31
119.7,0.636248493932,0.320206007937,0.416683944427,4.24388866944e-31
119.8,0.63675140589,0.319862209462,0.416054560088,4.01556673028e-31
119.9,0.637229485309,0.319556790505,0.415410642696,3.79946821866e-31
120,0.637681603333,0.319290262947,0.414754096485,3.59494073601e-31
120.1,0.638106707861,0.319063038289,0.414086839699,3.40136682569e-31
120.2,0.638503825441,0.318875428226,0.413410798819,3.21816207542e-31
120.3,0.638872062945,0.318727645349,0.41272790293,3.04477332493e-31
120.4,0.639210609028,0.318619803999,0.412040078244,2.88067697315e-31
120.5,0.639518735391,0.318551921241,0.411349242788,2.7253773791e-31
120.6,0.639795797833,0.318523917957,0.410657301273,2.57840535136e-31
120.7,0.640041237102,0.318535620043,0.409966140159,2.43931672095e-31
120.8,0.640254579556,0.318586759723,0.409277622908,2.30769099301e-31
120.9,0.640435437629,0.318676976936,0.408593585449,2.18313007275e-31
121,0.640583510111,0.318805820842,0.40791583184,2.06525706156e-31
121.1,0.640698582238,0.318972751397,0.40724613015,1.95371511918e-31
121.2,0.640780525614,0.319177141025,0.406586208547,1.84816638836e-31
121.3,0.640829297941,0.319418276382,0.4059377516,1.74829097836e-31
121.4,0.640844942587,0.319695360197,0.405302396783,1.653786004e-31
121.5,0.64082758798,0.320007513212,0.404681731203,1.56436467717e-31
121.6,0.640777446829,0.320353776211,0.404077288512,1.47975544782e-31
121.7,0.640694815186,0.320733112149,0.403490546035,1.39970119163e-31
121.8,0.640580071343,0.321144408373,0.402922922088,1.32395844181e-31
121.9,0.640433674562,0.321586478955,0.402375773488,1.2522966625e-31
122,0.640256163651,0.322058067136,0.401850393243,1.18449756138e-31
122.1,0.640048155383,0.322557847878,0.401348008432,1.12035443953e-31
122.2,0.639810342747,0.323084430544,0.400869778245,1.05967157616e-31
122.3,0.639543493057,0.323636361702,0.400416792204,1.00226364654e-31
122.4,0.639248445897,0.324212128063,0.399990068536,9.47955171125e-32
122.5,0.638926110912,0.324810159556,0.399590552705,8.96579994193e-32
122.6,0.638577465454,0.325428832547,0.399219116093,8.47980790403e-32
122.7,0.638203552071,0.326066473203,0.398876554826,8.0200859768e-32
122.8,0.637805475847,0.326721361009,0.398563588743,7.58522375021e-32
122.9,0.637384401595,0.327391732441,0.398280860494,7.17388583829e-32
123,0.636941550907,0.328075784789,0.398028934777,6.78480791511e-32
123.1,0.636478199055,0.328771680148,0.397808297695,6.41679296104e-32
123.2,0.635995671763,0.32947754955,0.397619356245,6.06870770807e-32
123.3,0.635495341829,0.33019149727,0.397462437923,5.73947927322e-32
123.4,0.634978625626,0.330911605268,0.397337790459,5.42809196995e-32
123.5,0.634446979472,0.33163593779,0.397245581662,5.13358428791e-32
123.6,0.633901895877,0.332362546107,0.397185899393,4.85504603204e-32
123.7,0.633344899676,0.333089473388,0.397158751648,4.59161561238e-32
123.8,0.632777544055,0.333814759706,0.397164066775,4.34247747659e-32
123.9,0.632201406473,0.334536447146,0.397201693799,4.10685967746e-32
124,0.631618084494,0.33525258503,0.397271402876,3.88403156829e-32
124.1,0.631029191539,0.33596123522,0.397372885879,3.6733016194e-32
124.2,0.630436352556,0.336660477502,0.397505757099,3.47401534908e-32
124.3,0.629841199645,0.337348415022,0.39766955409,3.28555336328e-32
124.4,0.629245367612,0.338023179758,0.397863738647,3.10732949798e-32
124.5,0.628650489505,0.338682938016,0.398087697913,2.938789059e-32
124.6,0.628058192112,0.339325895914,0.398340745645,2.77940715407e-32
124.7,0.627470091454,0.339950304846,0.398622123615,2.62868711233e-32
124.8,0.626887788281,0.340554466897,0.398931003166,2.48615898656e-32
124.9,0.626312863583,0.341136740174,0.399266486926,2.35137813404e-32
125,0.625746874138,0.341695544054,0.399627610676,2.22392387163e-32
125.1,0.625191348103,0.342229364294,0.400013345385,2.10339820149e-32
125.2,0.624647780672,0.342736757998,0.40042259941,1.9894246035e-32
125.3,0.624117629813,0.343216358408,0.400854220865,1.88164689108e-32
125.4,0.623602312098,0.343666879486,0.401307000159,1.77972812698e-32
125.5,0.623103198645,0.344087120284,0.401779672712,1.68334959605e-32
125.6,0.622621611182,0.344475969047,0.402270921843,1.59220983187e-32
125.7,0.622158818256,0.344832407047,0.402779381826,1.50602369465e-32
125.8,0.621716031594,0.345155512123,0.403303641131,1.42452149748e-32
125.9,0.621294402636,0.345444461893,0.403842245829,1.34744817864e-32
126,0.620895019243,0.34569853663,0.404393703163,1.2745625175e-32
126.1,0.620518902611,0.345917121779,0.404956485293,1.20563639167e-32
126.2,0.620167004386,0.346099710098,0.405529033192,1.14045407344e-32
126.3,0.619840203996,0.346245903409,0.406109760698,1.07881156324e-32
126.4,0.619539306222,0.346355413947,0.406697058713,1.02051595844e-32
126.5,0.61926503899,0.346428065293,0.407289299533,9.65384855489e-33
126.6,0.61901805143,0.346463792889,0.407884841308,9.13245783674e-33
126.7,0.618798912173,0.346462644131,0.408482032612,8.63935668968e-33
126.8,0.618608107917,0.346424778022,0.409079217117,8.17300326285e-33
126.9,0.618446042257,0.346350464407,0.40967473835,7.73193978718e-33
127,0.61831303478,0.34624008278,0.410266944519,7.31478802361e-33
127.1,0.618209320436,0.34609412066,0.410854193397,6.92024495354e-33
127.2,0.618135049185,0.34591317157,0.411434857235,6.54707869915e-33
127.3,0.618090285909,0.3456979326,0.412007327697,6.1941246615e-33
127.4,0.618075010611,0.345449201582,0.412570020786,5.860281865e-33
127.5,0.618089118871,0.345167873897,0.413121381752,5.54450949752e-33
127.6,0.618132422579,0.344854938918,0.413659889942,5.24582363595e-33
127.7,0.618204650934,0.344511476115,0.414184063601,4.96329414733e-33
127.8,0.618305451695,0.344138650845,0.414692464564,4.69604175654e-33
127.9,0.618434392689,0.343737709851,0.415183702847,4.44323527173e-33
128,0.618590963569,0.343309976486,0.415656441105,4.20408895909e-33
128.1,0.618774577801,0.342856845698,0.416109398923,3.97786005929e-33
128.2,0.618984574885,0.342379778801,0.416541356945,3.76384643799e-33
128.3,0.619220222795,0.341880298053,0.416951160788,3.56138436337e-33
128.4,0.619480720629,0.341359981075,0.417337724749,3.36984640401e-33
128.5,0.619765201446,0.340820455149,0.41770003527,3.18863944065e-33
128.6,0.620072735302,0.340263391399,0.418037154142,3.01720278594e-33
128.7,0.620402332446,0.339690498915,0.418348221451,2.85500640626e-33
128.8,0.620752946682,0.339103518822,0.418632458215,2.70154924038e-33
128.9,0.621123478874,0.33850421834,0.418889168741,2.55635760962e-33
129,0.621512780582,0.337894384853,0.41911774265,2.41898371475e-33
129.1,0.621919657817,0.33727582002,0.419317656597,2.28900421493e-33
129.2,0.622342874893,0.336650333942,0.419488475642,2.16601888434e-33
129.3,0.622781158377,0.33601973943,0.4196298543,2.04964934228e-33
129.4,0.6232332011,0.335385846367,0.419741537238,1.93953785286e-33
129.5,0.623697666231,0.334750456218,0.419823359638,1.83534619046e-33
129.6,0.624173191402,0.334115356679,0.41987524721,1.73675456745e-33
129.7,0.624658392847,0.333482316499,0.419897215873,1.64346062089e-33
129.8,0.625151869565,0.33285308049,0.419889371094,1.55517845483e-33
129.9,0.625652207483,0.33222936473,0.419851906901,1.47163773538e-33
130,0.6261579836,0.331612851978,0.419785104577,1.39258283556e-33
130.1,0.626667770112,0.331005187314,0.419689331039,1.31777202735e-33
130.2,0.627180138486,0.330407974005,0.419565036922,1.24697671822e-33
130.3,0.627693663492,0.329822769604,0.419412754376,1.17998072981e-33
130.4,0.628206927165,0.329251082299,0.419233094593,1.11657961648e-33
130.5,0.628718522693,0.328694367495,0.41902674508,1.05658002143e-33
130.6,0.629227058221,0.328154024651,0.418794466697,9.99799068466e-34
130.7,0.629731160554,0.327631394356,0.418537090468,9.46063787336e-34
130.8,0.630229478761,0.327127755653,0.418255514201,8.95210570908e-34
130.9,0.63072068766,0.326644323602,0.417950698923,8.47084662328e-34
131,0.631203491186,0.326182247082,0.417623665154,8.01539670566e-34
131.1,0.631676625626,0.325742606827,0.417275489038,7.58437112772e-34
131.2,0.632138862726,0.325326413688,0.416907298361,7.17645981952e-34
131.3,0.63258901265,0.324934607113,0.416520268458,6.79042338562e-34
131.4,0.633025926802,0.324568053849,0.416115618045,6.42508924706e-34
131.5,0.633448500492,0.324227546839,0.415694604991,6.0793479967e-34
131.6,0.633855675451,0.323913804331,0.415258522043,5.7521499561e-34
131.7,0.634246442197,0.32362746916,0.414808692529,5.44250192285e-34
131.8,0.634619842233,0.323369108229,0.414346466053,5.14946409754e-34
131.9,0.634974970095,0.323139212154,0.413873214204,4.87214718056e-34
132,0.635310975232,0.322938195077,0.413390326286,4.60970962921e-34
132.1,0.635627063734,0.322766394637,0.412899205092,4.36135506603e-34
132.2,0.635922499886,0.322624072091,0.412401262726,4.1263298302e-34
132.3,0.636196607575,0.322511412579,0.411897916506,3.90392066371e-34
132.4,0.636448771524,0.322428525525,0.411390584929,3.69345252507e-34
132.5,0.636678438379,0.322375445165,0.410880683741,3.49428652312e-34
132.6,0.636885117625,0.322352131205,0.410369622094,3.30581796457e-34
132.7,0.63706838235,0.322358469592,0.409858798817,3.12747450865e-34
132.8,0.63722786986,0.322394273402,0.409349598802,2.95871442295e-34
132.9,0.637363282127,0.322459283841,0.408843389506,2.79902493496e-34
133,0.637474386095,0.322553171345,0.408341517587,2.64792067371e-34
133.1,0.637561013831,0.322675536793,0.407845305666,2.50494219667e-34
133.2,0.637623062529,0.322825912817,0.407356049221,2.36965459709e-34
133.3,0.637660494368,0.323003765212,0.406875013626,2.24164618726e-34
133.4,0.637673336221,0.323208494446,0.406403431323,2.12052725356e-34
133.5,0.63766167923,0.323439437268,0.405942499135,2.00592887919e-34
133.6,0.637625678231,0.323695868413,0.405493375722,1.89750183088e-34
133.7,0.637565551048,0.323977002408,0.405057179175,1.79491550603e-34
133.8,0.637481577643,0.324281995469,0.404634984751,1.69785693685e-34
133.9,0.63737409914,0.32460994751,0.404227822753,1.6060298485e-34
134,0.637243516705,0.324959904236,0.403836676535,1.51915376803e-34
134.1,0.63709029031,0.325330859346,0.403462480657,1.43696318146e-34
134.2,0.63691493735,0.325721756842,0.403106119168,1.35920673637e-34
134.3,0.636718031151,0.326131493425,0.402768424023,1.28564648727e-34
134.4,0.636500199341,0.326558921012,0.402450173628,1.21605718168e-34
134.5,0.636262122104,0.327002849345,0.402152091517,1.15022558449e-34
134.6,0.636004530316,0.327462048707,0.401874845158,1.08794983858e-34
134.7,0.635728203557,0.327935252744,0.40161904487,1.02903885964e-34
134.8,0.635433968015,0.32842116139,0.40138524288,9.73311763446e-35
134.9,0.635122694277,0.328918443891,0.401173932487,9.20597323696e-35
135,0.63479529501,0.329425741934,0.400985547349,8.70733458792e-35
135.1,0.634452722538,0.329941672873,0.400820460891,8.2356674601e-35
135.2,0.634095966322,0.330464833046,0.400678985817,7.78951961538e-35
135.3,0.633726050337,0.330993801197,0.400561373752,7.36751645004e-35
135.4,0.633344030363,0.331527141967,0.400467814986,6.9683568715e-35
135.5,0.632950991185,0.332063409481,0.400398438335,6.5908093942e-35
135.6,0.632548043717,0.332601151006,0.400353311116,6.23370844266e-35
135.7,0.632136322042,0.333138910678,0.400332439231,5.89595085066e-35
135.8,0.63171698039,0.333675233286,0.400335767368,5.57649254605e-35
135.9,0.631291190051,0.33420866812,0.400363179311,5.27434541103e-35
136,0.63086013623,0.334737772845,0.400414498368,4.98857430882e-35
136.1,0.630425014857,0.335261117418,0.400489487905,4.71829426752e-35
136.2,0.629987029353,0.335777288023,0.400587852007,4.46266781299e-35
136.3,0.629547387371,0.336284891013,0.400709236245,4.22090244272e-35
136.4,0.629107297503,0.336782556847,0.400853228562,3.99224823318e-35
136.5,0.628667965984,0.33726894401,0.401019360283,3.77599557366e-35
136.6,0.628230593381,0.337742742901,0.401207107237,3.57147301972e-35
136.7,0.627796371297,0.338202679671,0.401415891003,3.3780452601e-35
136.8,0.627366479079,0.338647520003,0.401645080276,3.19511119097e-35
136.9,0.626942080559,0.33907607281,0.401893992357,3.02210209185e-35
137,0.626524320827,0.339487193846,0.402161894764,2.85847989793e-35
137.1,0.626114323046,0.339879789197,0.402448006966,2.70373556359e-35
137.2,0.62571318533,0.34025281866,0.402751502243,2.55738751238e-35
137.3,0.625321977679,0.340605298969,0.403071509662,2.41898016891e-35
137.4,0.624941738999,0.340936306878,0.403407116187,2.28808256832e-35
137.5,0.624573474203,0.341244982057,0.403757368898,2.16428703922e-35
137.6,0.624218151408,0.341530529818,0.404121277338,2.0472079564e-35
137.7,0.623876699243,0.341792223627,0.404497815973,1.93648055937e-35
137.8,0.623550004269,0.342029407415,0.40488592677,1.83175983356e-35
137.9,0.623238908524,0.342241497652,0.405284521883,1.73271945072e-35
138,0.622944207204,0.342427985192,0.405692486448,1.63905076545e-35
138.1,0.622666646482,0.342588436867,0.406108681483,1.55046186498e-35
138.2,0.622406921481,0.342722496825,0.40653194688,1.46667666928e-35
138.3,0.622165674402,0.342829887598,0.406961104492,1.38743407904e-35
138.4,0.621943492813,0.342910410908,0.407394961305,1.31248716884e-35
138.5,0.621740908115,0.342963948184,0.40783231268,1.24160242321e-35
138.6,0.621558394169,0.34299046081,0.408271945672,1.17455901338e-35
138.7,0.621396366124,0.342989990077,0.408712642403,1.11114811254e-35
138.8,0.621255179404,0.342962656862,0.409153183482,1.0511722475e-35
138.9,0.621135128903,0.342908661016,0.40959235147,9.94444685034e-36
139,0.621036448358,0.342828280472,0.410028934366,9.4078885094e-36
139.1,0.620959309912,0.34272187008,0.410461729118,8.90037780115e-36
139.2,0.620903823881,0.342589860163,0.410889545123,8.4203359607e-36
139.3,0.620870038696,0.342432754809,0.411311207735,7.96627018289e-36
139.4,0.620857941054,0.342251129913,0.411725561739,7.53676895982e-36
139.5,0.620867456249,0.342045630959,0.412131474795,7.13049766845e-36
139.6,0.620898448693,0.341816970578,0.412527840828,6.74619439502e-36
139.7,0.620950722627,0.34156592587,0.412913583362,6.38266598377e-36
139.8,0.62102402301,0.341293335522,0.413287658771,6.03878429828e-36
139.9,0.621118036589,0.341000096731,0.413649059442,5.71348268394e-36
140,0.621232393141,0.340687161935,0.413996816837,5.40575262115e-36
140.1,0.621366666885,0.340355535389,0.414330004427,5.11464055898e-36
140.2,0.621520378052,0.340006269585,0.41464774051,4.83924491981e-36
140.3,0.621692994613,0.339640461546,0.414949190869,4.57871326587e-36
140.4,0.621883934159,0.339259248999,0.415233571294,4.33223961896e-36
140.5,0.622092565914,0.338863806457,0.415500149917,4.09906192546e-36
140.6,0.622318212883,0.33845534122,0.415748249384,3.87845965855e-36
140.7,0.622560154132,0.338035089319,0.415977248835,3.66975155066e-36
140.8,0.622817627167,0.337604311411,0.416186585687,3.47229344894e-36
140.9,0.623089830437,0.337164288659,0.416375757212,3.28547628732e-36
141,0.62337592592,0.336716318596,0.416544321908,3.10872416885e-36
141.1,0.623675041802,0.336261711003,0.416691900651,2.94149255249e-36
141.2,0.623986275235,0.335801783814,0.416818177625,2.78326653863e-36
141.3,0.624308695153,0.335337859062,0.416922901028,2.63355924812e-36
141.4,0.624641345154,0.334871258876,0.41700588355,2.49191028978e-36
141.5,0.62498324643,0.334403301558,0.417067002625,2.35788431157e-36
141.6,0.625333400721,0.333935297739,0.417106200456,2.23106963095e-36
141.7,0.625690793311,0.33346854663,0.417123483806,2.11107694017e-36
141.8,0.626054396034,0.333004332384,0.41711892358,1.99753808238e-36
141.9,0.626423170282,0.33254392057,0.417092654168,1.89010489474e-36
142,0.626796070024,0.332088554783,0.417044872594,1.78844811495e-36
142.1,0.627172044798,0.331639453378,0.416975837437,1.69225634775e-36
142.2,0.627550042691,0.331197806357,0.416885867563,1.60123508799e-36
142.3,0.627929013293,0.330764772395,0.416775340656,1.51510579743e-36
142.4,0.628307910597,0.330341476023,0.416644691567,1.43360503214e-36
142.5,0.628685695872,0.32992900497,0.416494410488,1.35648361784e-36
142.6,0.629061340469,0.329528407663,0.416325040956,1.28350587052e-36
142.7,0.629433828569,0.329140690888,0.416137177706,1.21444885991e-36
142.8,0.629802159867,0.328766817619,0.415931464384,1.14910171338e-36
142.9,0.630165352173,0.328407705006,0.41570859112,1.08726495817e-36
143,0.630522443938,0.328064222532,0.415469291989,1.02874989968e-36
143.1,0.630872496694,0.327737190327,0.415214342363,9.73378034042e-37
143.2,0.631214597402,0.327427377654,0.414944556168,9.20980492903e-37
143.3,0.631547860698,0.327135501536,0.414660783062,8.71397518765e-37
143.4,0.631871431047,0.326862225564,0.414363905537,8.24477969159e-37
143.5,0.632184484786,0.326608158836,0.414054835976,7.80078848067e-37
143.6,0.632486232066,0.326373855061,0.41373451365,7.38064863088e-37
143.7,0.632775918676,0.326159811804,0.413403901697,6.98308006933e-37
143.8,0.633052827758,0.325966469876,0.41306398407,6.60687161901e-37
143.9,0.633316281406,0.325794212863,0.412715762481,6.2508772607e-37
144,0.633565642151,0.32564336679,0.412360253341,5.91401259999e-37
144.1,0.633800314319,0.325514199916,0.411998484717,5.59525152808e-37
144.2,0.634019745274,0.325406922656,0.411631493305,5.29362306568e-37
144.3,0.634223426548,0.32532168763,0.411260321436,5.00820837982e-37
144.4,0.634410894833,0.325258589824,0.410886014118,4.73813796401e-37
144.5,0.634581732867,0.325217666876,0.410509616134,4.48258897277e-37
144.6,0.634735570189,0.325198899466,0.410132169178,4.24078270187e-37
144.7,0.63487208378,0.325202211822,0.409754709071,4.01198220638e-37
144.8,0.634990998574,0.325227472326,0.409378263029,3.7954900487e-37
144.9,0.635092087856,0.325274494229,0.409003847013,3.59064616953e-37
145,0.63517517354,0.325343036462,0.408632463158,3.39682587495e-37
145.1,0.635240126322,0.325432804547,0.408265097274,3.21343793313e-37
145.2,0.63528686572,0.325543451601,0.407902716451,3.03992277465e-37
145.3,0.635315360001,0.325674579443,0.407546266736,2.8757507907e-37
145.4,0.63532562598,0.325825739778,0.407196670914,2.72042072377e-37
145.5,0.635317728719,0.325996435486,0.406854826384,2.57345814571e-37
145.6,0.635291781107,0.326186121994,0.406521603127,2.43441401826e-37
145.7,0.635247943324,0.326394208732,0.40619784178,2.30286333169e-37
145.8,0.635186422206,0.326620060682,0.405884351801,2.17840381707e-37
145.9,0.635107470495,0.326863000012,0.405581909745,2.0606547282e-37
146,0.635011385981,0.327122307788,0.40529125764,1.94925568934e-37
146.1,0.63489851055,0.327397225775,0.405013101455,1.84386560517e-37
146.2,0.634769229121,0.327686958321,0.404748109689,1.74416162952e-37
146.3,0.634623968484,0.327990674315,0.404496912042,1.64983818963e-37
146.4,0.634463196045,0.32830750923,0.404260098208,1.56060606302e-37
146.5,0.634287418477,0.328636567242,0.404038216752,1.47619150389e-37
146.6,0.634097180266,0.328976923426,0.403831774102,1.39633541653e-37
146.7,0.633893062187,0.329327626025,0.403641233638,1.32079257313e-37
146.8,0.633675679676,0.329687698789,0.403467014876,1.24933087345e-37
146.9,0.633445681126,0.330056143386,0.403309492761,1.18173064425e-37
147,0.633203746106,0.33043194188,0.403168997056,1.1177839762e-37
147.1,0.632950583494,0.330814059267,0.403045811825,1.05729409626e-37
147.2,0.632686929545,0.331201446072,0.402940175027,1.00007477364e-37
147.3,0.632413545886,0.331593041006,0.402852278192,9.45949757498e-38
147.4,0.632131217445,0.331987773666,0.402782266212,8.94752244637e-38
147.5,0.631840750327,0.332384567283,0.402730237214,8.46324375619e-38
147.6,0.631542969623,0.332782341509,0.402696242539,8.00516757756e-38
147.7,0.631238717174,0.333180015241,0.402680286821,7.57188013508e-38
147.8,0.630928849294,0.333576509466,0.40268232815,7.1620435295e-38
147.9,0.63061423444,0.333970750131,0.402702278345,6.77439168988e-38
148,0.630295750864,0.334361671023,0.402740003317,6.40772654129e-38
148.1,0.629974284218,0.334748216656,0.402795323527,6.0609143763e-38
148.2,0.629650725151,0.335129345152,0.402868014546,5.73288241944e-38
148.3,0.629325966882,0.335504031111,0.402957807708,5.42261557432e-38
148.4,0.629000902766,0.335871268461,0.403064390855,5.12915334359e-38
148.5,0.628676423854,0.336230073275,0.403187409188,4.8515869126e-38
148.6,0.628353416457,0.336579486553,0.403326466203,4.58905638799e-38
148.7,0.628032759725,0.336918576947,0.40348112473,4.34074818291e-38
148.8,0.627715323237,0.337246443429,0.403650908062,4.10589254121e-38
148.9,0.627401964618,0.337562217899,0.40383530118,3.88376119307e-38
149,0.627093527189,0.337865067694,0.404033752072,3.67366513516e-38
149.1,0.626790837656,0.338154198025,0.404245673142,3.4749525287e-38
149.2,0.626494703838,0.338428854306,0.404470442713,3.28700670918e-38
149.3,0.62620591246,0.338688324374,0.404707406618,3.10924430186e-38
149.4,0.625925226995,0.33893194059,0.404955879874,2.94111343733e-38
149.5,0.625653385579,0.339159081815,0.405215148453,2.78209206197e-38
149.6,0.625391098999,0.339369175245,0.405484471121,2.6316863382e-38
149.7,0.625139048756,0.339561698103,0.405763081371,2.48942912979e-38
149.8,0.624897885224,0.339736179175,0.406050189424,2.35487856779e-38
149.9,0.624668225889,0.339892200189,0.406344984309,2.22761669271e-38
150,0.6244506537,0.340029397022,0.406646636006,2.10724816904e-38
150.1,0.624245715512,0.340147460738,0.406954297662,1.99339906817e-38
150.2,0.624053920643,0.340246138446,0.407267107859,1.88571571619e-38
150.3,0.623875739548,0.340325233968,0.407584192948,1.78386360317e-38
150.4,0.623711602603,0.340384608334,0.407904669417,1.68752635044e-38
150.5,0.623561899016,0.340424180074,0.408227646319,1.5964047332e-38
150.6,0.623426975864,0.340443925324,0.408552227724,1.51021575515e-38
150.7,0.623307137255,0.340443877742,0.408877515211,1.4286917726e-38
150.8,0.623202643623,0.340424128226,0.409202610373,1.35157966548e-38
150.9,0.623113711159,0.34038482444,0.409526617345,1.27864005257e-38
151,0.623040511368,0.340326170159,0.409848645338,1.2096465488e-38
151.1,0.622983170775,0.340248424414,0.410167811171,1.14438506237e-38
151.2,0.622941770751,0.340151900467,0.410483241792,1.08265312944e-38
151.3,0.622916347493,0.34003696459,0.410794076788,1.02425928462e-38
151.4,0.622906892126,0.339904034692,0.411099470862,9.69022465125e-39
151.5,0.622913350949,0.339753578757,0.411398596279,9.16771447035e-39
151.6,0.622935625808,0.339586113138,0.411690645265,8.67344311809e-39
151.7,0.62297357461,0.33940220069,0.411974832353,8.20587941495e-39
151.8,0.623027011955,0.339202448766,0.412250396674,7.76357541123e-39
151.9,0.623095709905,0.338987507064,0.412516604165,7.34516186814e-39
152,0.623179398872,0.338758065369,0.412772749708,6.94934398257e-39
152.1,0.623277768622,0.338514851163,0.413018159177,6.57489734245e-39
152.2,0.623390469406,0.338258627139,0.413252191389,6.2206641005e-39
152.3,0.623517113188,0.33799018862,0.413474239952,5.88554935463e-39
152.4,0.623657274988,0.337710360891,0.413683735002,5.56851772408e-39
152.5,0.623810494329,0.337419996469,0.413880144821,5.26859011078e-39
152.6,0.623976276768,0.337119972304,0.414062977329,4.98484063604e-39
152.7,0.624154095528,0.336811186937,0.414231781451,4.71639374324e-39
152.8,0.624343393212,0.336494557625,0.414386148342,4.46242145755e-39
152.9,0.624543583586,0.33617101743,0.414525712469,4.22214079435e-39
153,0.624754053445,0.335841512305,0.414650152558,3.99481130834e-39
153.1,0.624974164534,0.335506998175,0.414759192383,3.77973277573e-39
153.2,0.625203255536,0.335168438022,0.414852601408,3.57624300249e-39
153.3,0.6254406441,0.334826798989,0.414930195274,3.38371575176e-39
153.4,0.625685628921,0.334483049521,0.414991836133,3.20155878406e-39
153.5,0.625937491854,0.334138156534,0.415037432825,3.02921200419e-39
153.6,0.62619550006,0.333793082632,0.4150669409,2.86614570911e-39
153.7,0.626458908174,0.333448783392,0.415080362491,2.71185893129e-39
153.8,0.626726960483,0.333106204692,0.415077746023,2.56587787245e-39
153.9,0.626998893126,0.332766280135,0.415059185787,2.42775442266e-39
154,0.627273936286,0.332429928526,0.41502482135,2.29706476035e-39
154.1,0.627551316381,0.332098051455,0.414974836839,2.17340802872e-39
154.2,0.627830258245,0.331771530957,0.414909460069,2.05640508446e-39
154.3,0.628109987292,0.331451227271,0.41482896155,1.94569731478e-39
154.4,0.628389731657,0.331137976698,0.414733653355,1.84094551917e-39
154.5,0.628668724305,0.330832589565,0.414623887875,1.74182885226e-39
154.6,0.628946205112,0.330535848293,0.414500056443,1.64804382444e-39
154.7,0.6292214229,0.330248505575,0.414362587866,1.55930335722e-39
154.8,0.629493637425,0.329971282664,0.414211946837,1.47533589015e-39
154.9,0.629762121326,0.329704867778,0.414048632263,1.39588453671e-39
155,0.630026162004,0.329449914616,0.413873175501,1.32070628628e-39
155.1,0.630285063454,0.329207040991,0.413686138511,1.24957124981e-39
155.2,0.630538148027,0.328976827576,0.413488111945,1.18226194679e-39
155.3,0.630784758127,0.328759816766,0.413279713164,1.11857263115e-39
155.4,0.631024257837,0.32855651166,0.413061584202,1.05830865411e-39
155.5,0.631256034472,0.328367375146,0.412834389686,1.00128586182e-39
155.6,0.631479500052,0.328192829111,0.412598814709,9.47330025979e-40
155.7,0.631694092701,0.328033253754,0.412355562678,8.96276305574e-40
155.8,0.631899277957,0.327888987011,0.412105353132,8.47968738033e-40
155.9,0.632094550007,0.327760324094,0.411848919552,8.02259758199e-40
156,0.632279432824,0.327647517127,0.411587007154,7.59009743574e-40
156.1,0.632453481229,0.327550774899,0.411320370683,7.18086584404e-40
156.2,0.632616281858,0.327470262704,0.411049772213,6.79365277234e-40
156.3,0.632767454034,0.327406102297,0.410775978962,6.42727540644e-40
156.4,0.632906650561,0.327358371941,0.410499761118,6.08061451943e-40
156.5,0.633033558411,0.327327106551,0.410221889693,5.75261103674e-40
156.6,0.633147899333,0.327312297931,0.409943134412,5.44226278843e-40
156.7,0.633249430359,0.327313895109,0.409664261625,5.14862143825e-40
156.8,0.633337944224,0.327331804754,0.409386032273,4.87078958004e-40
156.9,0.633413269687,0.32736589169,0.409109199889,4.60791799197e-40
157,0.633475271769,0.327415979489,0.408834508655,4.35920304017e-40
157.1,0.63352385189,0.327481851152,0.408562691501,4.12388422345e-40
157.2,0.633558947917,0.327563249871,0.408294468279,3.90124185129e-40
157.3,0.633580534126,0.327659879873,0.40803054398,3.69059484797e-40
157.4,0.633588621068,0.327771407341,0.407771607019,3.49129867569e-40
157.5,0.633583255348,0.327897461415,0.407518327593,3.30274337037e-40
157.6,0.633564519321,0.328037635263,0.407271356097,3.12435168374e-40
157.7,0.633532530687,0.328191487231,0.407031321614,2.95557732606e-40
157.8,0.633487442022,0.328358542061,0.40679883048,2.7959033039e-40
157.9,0.633429440203,0.328538292183,0.406574464918,2.64484034773e-40
158,0.633358745767,0.32873019907,0.406358781748,2.50192542446e-40
158.1,0.63327561218,0.328933694666,0.406152311177,2.3667203303e-40
158.2,0.633180325032,0.32914818287,0.405955555658,2.23881035948e-40
158.3,0.633073201151,0.329373041091,0.405768988837,2.11780304475e-40
158.4,0.632954587646,0.329607621859,0.405593054571,2.00332696579e-40
158.5,0.632824860872,0.329851254493,0.405428166027,1.8950306216e-40
158.6,0.632684425332,0.330103246827,0.405274704866,1.79258136378e-40
158.7,0.632533712504,0.33036288699,0.405133020495,1.69566438695e-40
158.8,0.632373179609,0.330629445233,0.405003429412,1.60398177353e-40
158.9,0.632203308309,0.330902175805,0.404886214625,1.51725158981e-40
159,0.63202460335,0.331180318875,0.404781625148,1.43520703046e-40
159.1,0.631837591153,0.331463102492,0.404689875585,1.35759560898e-40
159.2,0.63164281834,0.331749744583,0.404611145791,1.28417839155e-40
159.3,0.63144085022,0.332039454986,0.40454558061,1.21472927188e-40
159.4,0.631232269227,0.332331437508,0.404493289695,1.14903428493e-40
159.5,0.631017673307,0.332624892013,0.404454347412,1.08689095733e-40
159.6,0.630797674279,0.332919016528,0.404428792821,1.02810769259e-40
159.7,0.630572896151,0.333213009361,0.40441662973,9.72503189177e-41
159.8,0.630343973409,0.333506071234,0.404417826839,9.1990588964e-41
159.9,0.630111549279,0.333797407418,0.404432317956,8.7015345927e-41
160,0.629876273965,0.334086229869,0.404460002294,8.23092292534e-41
160.1,0.629638802875,0.334371759353,0.404500744845,7.78577045896e-41
160.2,0.629399794825,0.334653227565,0.40455437683,7.36470195573e-41
160.3,0.629159910242,0.334929879222,0.404620696231,6.96641618901e-41
160.4,0.628919809362,0.335200974136,0.404699468394,6.58968198031e-41
160.5,0.628680150423,0.335465789256,0.404790426709,6.23333444785e-41
160.6,0.628441587876,0.335723620663,0.40489327337,5.89627145507e-41
160.7,0.628204770597,0.335973785533,0.405007680198,5.57745024874e-41
160.8,0.627970340121,0.336215624038,0.405133289549,5.27588427629e-41
160.9,0.627738928894,0.336448501195,0.405269715285,4.99064017295e-41
161,0.627511158554,0.336671808649,0.405416543818,4.72083490951e-41
161.1,0.627287638244,0.336884966382,0.405573335224,4.46563309231e-41
161.2,0.627068962959,0.337087424348,0.405739624423,4.22424440718e-41
161.3,0.626855711937,0.337278664026,0.405914922421,3.99592119973e-41
161.4,0.626648447092,0.337458199875,0.406098717622,3.77995618475e-41
161.5,0.626447711505,0.337625580704,0.406290477195,3.57568027787e-41
161.6,0.626254027966,0.337780390932,0.406489648499,3.38246054287e-41
161.7,0.626067897574,0.33792225175,0.406695660569,3.19969824862e-41
161.8,0.625889798409,0.338050822164,0.406907925647,3.02682702973e-41
161.9,0.625720184262,0.338165799928,0.407125840769,2.86331114544e-41
162,0.625559483449,0.338266922358,0.407348789395,2.70864383156e-41
162.1,0.625408097693,0.338353967019,0.407576143077,2.56234574037e-41
162.2,0.625266401087,0.33842675229,0.407807263175,2.42396346407e-41
162.3,0.62513473914,0.338485137796,0.408041502596,2.29306813704e-41
162.4,0.625013427913,0.338529024716,0.40827820757,2.16925411299e-41
162.5,0.624902753234,0.338558355953,0.408516719448,2.05213771281e-41
162.6,0.624802970016,0.338573116175,0.408756376522,1.94135603953e-41
162.7,0.624714301654,0.33857333172,0.408996515855,1.83656585669e-41
162.8,0.624636939524,0.338559070371,0.409236475126,1.73744252687e-41
162.9,0.624571042581,0.338530440994,0.40947559448,1.6436790071e-41
163,0.624516737045,0.338487593053,0.409713218369,1.55498489814e-41
163.1,0.624474116188,0.338430715989,0.409948697394,1.47108554479e-41
163.2,0.624443240222,0.338360038476,0.410181390133,1.39172118452e-41
163.3,0.624424136281,0.338275827555,0.410410664942,1.31664614181e-41
163.4,0.6244167985,0.338178387646,0.410635901747,1.24562806581e-41
163.5,0.624421188195,0.33806805945,0.410856493787,1.17844720898e-41
163.6,0.624437234132,0.33794521873,0.411071849337,1.11489574454e-41
163.7,0.624464832896,0.337810275,0.411281393376,1.05477712068e-41
163.8,0.624503849355,0.337663670105,0.411484569215,9.97905449549e-42
163.9,0.624554117203,0.337505876708,0.411680840064,9.44104929158e-42
164,0.624615439608,0.337337396695,0.411869690547,8.93209296464e-42
164.1,0.62468758993,0.337158759488,0.412050628144,8.45061309969e-42
164.2,0.624770312536,0.3369705203,0.412223184569,7.99512260236e-42
164.3,0.624863323685,0.336773258306,0.412386917069,7.56421506849e-42
164.4,0.624966312495,0.336567574762,0.412541409641,7.15656040395e-42
164.5,0.625078941982,0.336354091078,0.412686274173,6.77090068121e-42
164.6,0.625200850166,0.336133446832,0.412821151484,6.40604622021e-42
164.7,0.625331651251,0.335906297757,0.412945712285,6.06087188116e-42
164.8,0.625470936852,0.335673313697,0.413059658031,5.73431355828e-42
164.9,0.625618277291,0.335435176537,0.413162721683,5.42536486335e-42
165,0.625773222942,0.335192578123,0.413254668366,5.13307398915e-42
165.1,0.625935305621,0.334946218171,0.413335295927,4.85654074291e-42
165.2,0.626104040025,0.334696802178,0.413404435376,4.59491374078e-42
165.3,0.626278925199,0.334445039341,0.413461951237,4.34738775455e-42
165.4,0.626459446051,0.334191640489,0.413507741778,4.11320120244e-42
165.5,0.626645074883,0.333937316033,0.413541739143,3.89163377624e-42
165.6,0.626835272953,0.333682773947,0.413563909368,3.68200419741e-42
165.7,0.627029492051,0.333428717785,0.413574252296,3.48366809513e-42
165.8,0.627227176096,0.333175844723,0.413572801386,3.29601599976e-42
165.9,0.627427762731,0.332924843663,0.413559623413,3.11847144556e-42
166,0.627630684936,0.332676393376,0.41353481807,2.95048917649e-42
166.1,0.627835372629,0.332431160699,0.413498517467,2.79155344984e-42
166.2,0.628041254267,0.332189798793,0.413450885533,2.64117643216e-42
166.3,0.628247758436,0.331952945467,0.413392117327,2.4988966825e-42
166.4,0.628454315429,0.331721221557,0.413322438248,2.36427771839e-42
166.5,0.628660358802,0.33149522939,0.413242103173,2.23690665987e-42
166.6,0.628865326911,0.331275551304,0.413151395497,2.11639294742e-42
166.7,0.629068664418,0.331062748258,0.413050626102,2.00236712978e-42
166.8,0.629269823773,0.330857358505,0.41294013225,1.89447971782e-42
166.9,0.629468266651,0.330659896358,0.412820276406,1.79240010096e-42
167,0.629663465363,0.330470851023,0.412691444998,1.69581552251e-42
167.1,0.629854904219,0.330290685526,0.412554047112,1.60443011102e-42
167.2,0.630042080846,0.330119835714,0.412408513142,1.51796396434e-42
167.3,0.630224507463,0.329958709343,0.412255293381,1.43615228365e-42
167.4,0.630401712099,0.329807685253,0.412094856576,1.35874455467e-42
167.5,0.630573239769,0.329667112619,0.411927688438,1.28550377352e-42
167.6,0.630738653579,0.329537310298,0.41175429013,1.21620571476e-42
167.7,0.63089753579,0.329418566246,0.411575176711,1.15063823925e-42
167.8,0.631049488811,0.329311137032,0.411390875575,1.08860063985e-42
167.9,0.631194136134,0.329215247426,0.411201924864,1.02990302265e-42
168,0.631331123209,0.329131090073,0.411008871868,9.74365721899e-43
168.1,0.631460118246,0.329058825248,0.410812271423,9.21818746856e-43
168.2,0.631580812962,0.328998580693,0.410612684307,8.72101258688e-43
168.3,0.631692923255,0.328950451527,0.410410675636,8.25061075847e-43
168.4,0.631796189807,0.328914500248,0.410206813272,7.80554206358e-43
168.5,0.631890378623,0.328890756795,0.410001666237,7.38444405529e-43
168.6,0.631975281503,0.328879218699,0.409795803149,6.9860275771e-43
168.7,0.632050716436,0.328879851306,0.40958979068,6.60907280772e-43
168.8,0.63211652793,0.328892588065,0.409384192029,6.25242552068e-43
168.9,0.632172587272,0.3289173309,0.409179565433,5.91499354708e-43
169,0.632218792713,0.328953950643,0.408976462706,5.59574343016e-43
169.1,0.632255069586,0.329002287543,0.40877542781,5.2936972615e-43
169.2,0.632281370355,0.329062151833,0.408576995468,5.00792968862e-43
169.3,0.632297674594,0.329133324373,0.408381689813,4.73756508483e-43
169.4,0.632303988893,0.329215557353,0.408190023088,4.48177487235e-43
169.5,0.632300346701,0.329308575052,0.408002494382,4.23977499035e-43
169.6,0.632286808101,0.329412074671,0.40781958842,4.01082350004e-43
169.7,0.632263459513,0.329525727216,0.407641774401,3.79421831925e-43
169.8,0.632230413336,0.329649178438,0.407469504891,3.58929507949e-43
169.9,0.63218780753,0.329782049836,0.407303214763,3.39542509884e-43
170,0.632135805122,0.329923939704,0.407143320198,3.21201346424e-43
170.1,0.632074593661,0.33007442424,0.40699021774,3.03849721737e-43
170.2,0.632004384612,0.330233058696,0.406844283407,2.87434363833e-43
170.3,0.631925412686,0.330399378583,0.406705871867,2.71904862193e-43
170.4,0.631837935114,0.330572900914,0.406575315665,2.57213514145e-43
170.5,0.631742230873,0.3307531255,0.406452924517,2.43315179519e-43
170.6,0.631638599849,0.330939536276,0.406338984661,2.30167143125e-43
170.7,0.631527361955,0.331131602674,0.406233758275,2.17728984635e-43
170.8,0.6314088562,0.331328781026,0.406137482953,2.05962455461e-43
170.9,0.631283439706,0.331530516006,0.40605037124,1.94831362259e-43
171,0.631151486689,0.331736242097,0.405972610245,1.84301456688e-43
171.1,0.631013387391,0.331945385084,0.405904361298,1.74340331095e-43
171.2,0.630869546978,0.332157363577,0.405845759682,1.64917319804e-43
171.3,0.630720384395,0.332371590549,0.405796914429,1.56003405695e-43
171.4,0.630566331198,0.332587474897,0.405757908175,1.4757113181e-43
171.5,0.630407830344,0.332804423006,0.405728797079,1.39594517686e-43
171.6,0.630245334963,0.333021840336,0.405709610806,1.32048980187e-43
171.7,0.630079307097,0.333239133005,0.405700352576,1.24911258571e-43
171.8,0.629910216422,0.333455709381,0.405700999269,1.18159343578e-43
171.9,0.629738538957,0.333670981664,0.405711501602,1.11772410315e-43
172,0.629564755747,0.33388436747,0.405731784356,1.05730754737e-43
172.1,0.629389351544,0.334095291401,0.405761746677,1.00015733529e-43
172.2,0.629212813476,0.334303186596,0.405801262429,9.46097072087e-44
172.3,0.629035629714,0.334507496271,0.405850180606,8.94959862685e-44
172.4,0.628858288139,0.334707675228,0.405908325817,8.46587802101e-44
172.5,0.628681275005,0.33490319134,0.405975498809,8.00831492986e-44
172.6,0.628505073621,0.335093526999,0.406051477068,7.57549589022e-44
172.7,0.628330163033,0.335278180531,0.406136015457,7.16608362729e-44
172.8,0.628157016724,0.335456667566,0.406228846931,6.77881296413e-44
172.9,0.62798610133,0.335628522366,0.406329683281,6.4124869499e-44
173,0.627817875381,0.335793299091,0.406438215956,6.0659731952e-44
173.1,0.627652788064,0.335950573028,0.406554116915,5.73820040356e-44
173.2,0.627491278013,0.33609994174,0.406677039543,5.42815508848e-44
173.3,0.627333772135,0.336241026171,0.406806619602,5.13487846608e-44
173.4,0.627180684467,0.336373471669,0.406942476243,4.8574635141e-44
173.5,0.627032415075,0.33649694895,0.407084213046,4.59505218822e-44
173.6,0.626889348995,0.336611154973,0.40723141911,4.34683278743e-44
173.7,0.626751855212,0.336715813756,0.40738367018,4.11203746041e-44
173.8,0.6266202857,0.336810677094,0.40754052981,3.88993984538e-44
173.9,0.626494974498,0.336895525206,0.407701550561,3.67985283642e-44
174,0.626376236851,0.336970167289,0.407866275227,3.48112646937e-44
174.1,0.626264368403,0.337034441988,0.408034238089,3.29314592097e-44
174.2,0.626159644442,0.337088217774,0.408204966198,3.11532961528e-44
174.3,0.626062319219,0.337131393231,0.408377980675,2.94712743156e-44
174.4,0.625972625317,0.337163897254,0.408552798031,2.78801900822e-44
174.5,0.625890773089,0.33718568915,0.408728931497,2.63751213779e-44
174.6,0.625816950162,0.337196758645,0.408905892376,2.49514124791e-44
174.7,0.625751321012,0.337197125803,0.409083191387,2.36046596392e-44
174.8,0.625694026597,0.337186840848,0.409260340025,2.23306974854e-44
174.9,0.625645184067,0.337165983891,0.409436851913,2.11255861469e-44
175,0.625604886545,0.33713466457,0.409612244154,1.99855990736e-44
175.1,0.625573202972,0.337093021601,0.409786038667,1.89072115101e-44
175.2,0.625550178029,0.337041222235,0.409957763522,1.78870895891e-44
175.3,0.625535832124,0.336979461637,0.410126954245,1.69220800113e-44
175.4,0.62553016145,0.336907962173,0.410293155114,1.60092002808e-44
175.5,0.625533138121,0.336826972624,0.41045592042,1.51456294658e-44
175.6,0.625544710362,0.336736767317,0.410614815702,1.43286994568e-44
175.7,0.625564802781,0.336637645189,0.410769418957,1.35558866958e-44
175.8,0.625593316702,0.336529928768,0.410919321797,1.28248043515e-44
175.9,0.625630130561,0.336413963105,0.411064130582,1.21331949155e-44
176,0.625675100373,0.336290114628,0.411203467495,1.14789231988e-44
176.1,0.625728060251,0.336158769947,0.411336971575,1.08599697052e-44
176.2,0.625788823,0.336020334605,0.4114642997,1.02744243633e-44
176.3,0.625857180752,0.335875231776,0.41158512751,9.72048059665e-45
176.4,0.625932905671,0.335723900924,0.411699150275,9.19642971352e-45
176.5,0.626015750701,0.335566796426,0.411806083702,8.70065560105e-45
176.6,0.626105450373,0.335404386148,0.411905664677,8.23162970543e-45
176.7,0.626201721652,0.335237150012,0.411997651945,7.78790628385e-45
176.8,0.626304264837,0.335065578522,0.412081826714,7.36811791333e-45
176.9,0.626412764494,0.334890171283,0.412157993195,6.9709712426e-45
177,0.626526890434,0.3347114355,0.41222597907,6.59524297399e-45
177.1,0.626646298726,0.334529884476,0.412285635887,6.23977606299e-45
177.2,0.626770632739,0.334346036099,0.412336839374,5.90347612371e-45
177.3,0.626899524217,0.334160411336,0.412379489688,5.58530802916e-45
177.4,0.627032594374,0.333973532731,0.41241351158,5.28429269583e-45
177.5,0.627169455016,0.333785922918,0.412438854492,4.99950404268e-45
177.6,0.62730970968,0.333598103142,0.412455492569,4.73006611513e-45
177.7,0.627452954787,0.33341059181,0.412463424605,4.47515036505e-45
177.8,0.627598780805,0.333223903058,0.412462673907,4.2339730784e-45
177.9,0.627746773426,0.333038545348,0.41245328809,4.00579294258e-45
178,0.627896514739,0.332855020103,0.412435338799,3.78990874585e-45
178.1,0.628047584411,0.332673820365,0.412408921355,3.58565720163e-45
178.2,0.628199560865,0.332495429508,0.412374154338,3.39241089116e-45
178.3,0.628352022446,0.332320319974,0.412331179104,3.20957631775e-45
178.4,0.628504548586,0.332148952074,0.412280159226,3.03659206694e-45
178.5,0.628656720953,0.331981772818,0.412221279886,2.87292706655e-45
178.6,0.628808124587,0.331819214808,0.412154747198,2.7180789413e-45
178.7,0.628958349012,0.331661695176,0.412080787478,2.57157245697e-45
178.8,0.629106989337,0.331509614578,0.411999646459,2.43295804904e-45
178.9,0.629253647324,0.331363356246,0.411911588456,2.30181043138e-45
179,0.629397932435,0.331223285093,0.411816895478,2.17772728054e-45
179.1,0.629539462844,0.331089746882,0.411715866308,2.06032799168e-45
179.2,0.629677866427,0.330963067448,0.411608815527,1.94925250197e-45
179.3,0.629812781708,0.330843551987,0.411496072512,1.84416017812e-45
179.4,0.629943858775,0.330731484407,0.411377980397,1.74472876431e-45
179.5,0.630070760157,0.330627126732,0.411254895004,1.65065338731e-45
179.6,0.630193161658,0.330530718581,0.411127183747,1.5616456157e-45
179.7,0.630310753152,0.330442476699,0.410995224515,1.47743257022e-45
179.8,0.630423239337,0.330362594562,0.410859404537,1.39775608248e-45
179.9,0.630530340434,0.33029124203,0.410720119232,1.32237189933e-45
180,0.630631792853,0.330228565081,0.410577771042,1.2510489305e-45
180.1,0.630727349802,0.330174685588,0.410432768266,1.1835685371e-45
180.2,0.630816781846,0.330129701177,0.410285523887,1.11972385876e-45
180.3,0.630899877428,0.330093685131,0.41013645439,1.05931917728e-45
180.4,0.630976443324,0.330066686364,0.409985978599,1.00216931482e-45
180.5,0.631046305056,0.330048729452,0.409834516501,9.48099064809e-46
180.6,0.631109307254,0.330039814724,0.409682488096,8.96942653632e-46
180.7,0.63116531396,0.330039918411,0.409530312246,8.485432316e-46
180.8,0.631214208881,0.330048992856,0.409378405548,8.02752391471e-46
180.9,0.631255895591,0.330066966773,0.40922718122,7.59429713088e-46
181,0.63129029768,0.330093745572,0.409077048009,7.18442332682e-46
181.1,0.631317358846,0.330129211731,0.408928409122,6.7966453552e-46
181.2,0.631337042941,0.33017322522,0.408781661183,6.42977370599e-46
181.3,0.631349333954,0.330225623987,0.408637193217,6.08268286204e-46
181.4,0.631354235954,0.330286224483,0.408495385666,5.75430785185e-46
181.5,0.631351772971,0.330354822242,0.408356609434,5.44364098887e-46
181.6,0.631341988831,0.330431192512,0.40822122497,5.14972878703e-46
181.7,0.63132494694,0.330515090924,0.408089581381,4.87166904313e-46
181.8,0.631300730016,0.330606254217,0.407962015588,4.60860807675e-46
181.9,0.631269439774,0.330704400993,0.407838851521,4.35973811935e-46
182,0.631231196564,0.330809232526,0.407720399349,4.12429484431e-46
182.1,0.631186138959,0.330920433603,0.407606954757,3.90155503029e-46
182.2,0.631134423298,0.331037673408,0.407498798262,3.69083435063e-46
182.3,0.63107622319,0.331160606439,0.407396194578,3.49148528207e-46
182.4,0.631011728967,0.331288873459,0.407299392022,3.30289512614e-46
182.5,0.630941147102,0.33142210248,0.407208621964,3.12448413722e-46
182.6,0.630864699583,0.331559909782,0.407124098329,2.95570375146e-46
182.7,0.63078262325,0.331701900949,0.407046017143,2.79603491109e-46
182.8,0.630695169096,0.331847671942,0.406974556124,2.64498647895e-46
182.9,0.630602601536,0.331996810189,0.40690987433,2.50209373835e-46
183,0.630505197634,0.332148895694,0.406852111844,2.36691697363e-46
183.1,0.630403246311,0.332303502172,0.406801389517,2.23904012713e-46
183.2,0.630297047515,0.332460198194,0.406757808759,2.11806952831e-46
183.3,0.630186911372,0.332618548344,0.406721451371,2.00363269124e-46
183.4,0.630073157303,0.332778114389,0.406692379437,1.89537717666e-46
183.5,0.629956113128,0.332938456458,0.406670635261,1.79296951525e-46
183.6,0.629836114147,0.333099134223,0.406656241352,1.69609418872e-46
183.7,0.629713502202,0.333259708078,0.406649200457,1.60445266553e-46
183.8,0.629588624726,0.333419740326,0.406649495648,1.51776248853e-46
183.9,0.629461833778,0.333578796353,0.406657090452,1.43575641149e-46
184,0.629333485069,0.333736445797,0.406671929033,1.35818158195e-46
184.1,0.629203936982,0.333892263707,0.406693936417,1.28479876799e-46
184.2,0.629073549587,0.334045831688,0.406723018769,1.21538162643e-46
184.3,0.628942683649,0.334196739028,0.406759063712,1.14971601034e-46
184.4,0.628811699645,0.334344583804,0.406801940697,1.08759931363e-46
184.5,0.628680956778,0.334488973963,0.406851501407,1.02883985086e-46
184.6,0.628550812,0.334629528385,0.406907580219,9.73256270265e-47
184.7,0.628421619041,0.334765877901,0.4069699947,9.20676998282e-47
184.8,0.628293727454,0.334897666291,0.407038546141,8.70939713839e-47
184.9,0.628167481668,0.335024551241,0.407113020145,8.23890850863e-47
185,0.628043220066,0.335146205258,0.407193187241,7.7938512745e-47
185.1,0.627921274069,0.335262316548,0.40727880354,7.37285100278e-47
185.2,0.627801967257,0.335372589846,0.407369611433,6.97460742924e-47
185.3,0.627685614504,0.335476747199,0.407465340314,6.59789046791e-47
185.4,0.627572521145,0.335574528701,0.407565707345,6.2415364343e-47
185.5,0.627462982165,0.335665693171,0.407670418247,5.9044444713e-47
185.6,0.627357281429,0.335750018783,0.40777916812,5.58557316668e-47
185.7,0.627255690937,0.335827303631,0.407891642297,5.28393735209e-47
185.8,0.627158470124,0.33589736624,0.408007517216,4.99860507384e-47
185.9,0.627065865182,0.335960046021,0.408126461316,4.72869472608e-47
186,0.626978108441,0.336015203651,0.408248135964,4.473372338e-47
186.1,0.626895417774,0.336062721404,0.408372196384,4.2318490065e-47
186.2,0.626817996059,0.336102503406,0.408498292617,4.0033784668e-47
186.3,0.626746030671,0.336134475836,0.408626070489,3.78725479336e-47
186.4,0.626679693032,0.336158587048,0.408755172587,3.58281022444e-47
186.5,0.626619138204,0.336174807639,0.408885239249,3.38941310335e-47
186.6,0.626564504525,0.336183130443,0.40901590956,3.20646593043e-47
186.7,0.6265159133,0.33618357046,0.409146822343,3.03340351971e-47
186.8,0.626473468542,0.336176164722,0.409277617163,2.86969125457e-47
186.9,0.626437256757,0.336160972087,0.409407935317,2.71482343731e-47
187,0.626407346785,0.336138072978,0.409537420824,2.5683217274e-47
187.1,0.626383789693,0.336107569051,0.409665721407,2.42973366383e-47
187.2,0.626366618713,0.336069582798,0.409792489464,2.29863126683e-47
187.3,0.626355849239,0.336024257102,0.409917383018,2.17460971507e-47
187.4,0.626351478867,0.33597175472,0.410040066663,2.05728609387e-47
187.5,0.626353487493,0.335912257713,0.410160212479,1.94629821101e-47
187.6,0.626361837454,0.335845966823,0.410277500927,1.8413034762e-47
187.7,0.626376473726,0.335773100801,0.410391621724,1.74197784101e-47
187.8,0.626397324162,0.33569389567,0.410502274682,1.64801479598e-47
187.9,0.626424299787,0.33560860396,0.410609170522,1.55912442169e-47
188,0.626457295129,0.335517493886,0.410712031652,1.47503249116e-47
188.1,0.626496188604,0.335420848486,0.410810592912,1.39547962055e-47
188.2,0.626540842941,0.335318964726,0.410904602278,1.32022046583e-47
188.3,0.62659110565,0.335212152563,0.410993821528,1.24902296271e-47
188.4,0.62664680953,0.33510073398,0.411078026862,1.18166760766e-47
188.5,0.626707773215,0.334985041992,0.411157009485,1.11794677782e-47
188.6,0.62677380176,0.334865419627,0.411230576138,1.05766408757e-47
188.7,0.626844687259,0.334742218884,0.411298549582,1.00063377997e-47
188.8,0.626920209498,0.334615799676,0.411360769035,9.46680151028e-48
188.9,0.627000136639,0.334486528753,0.411417090559,8.95637005146e-48
189,0.627084225929,0.33435477862,0.411467387395,8.47347140031e-48
189.1,0.62717222444,0.334220926444,0.411511550241,8.0166185946e-48
189.2,0.627263869831,0.334085352957,0.411549487488,7.58440512424e-48
189.3,0.627358891129,0.333948441361,0.411581125388,7.17550057222e-48
189.4,0.627457009535,0.333810576232,0.411606408184,6.78864649164e-48
189.5,0.627557939241,0.333672142434,0.411625298171,6.42265250601e-48
189.6,0.627661388265,0.333533524038,0.411637775716,6.07639262085e-48
189.7,0.627767059294,0.333395103256,0.411643839213,5.74880173513e-48
189.8,0.627874650539,0.333257259391,0.411643504993,5.43887234182e-48
189.9,0.627983856598,0.333120367804,0.411636807179,5.14565140722e-48
190,0.628094369316,0.332984798903,0.411623797489,4.86823741959e-48
190.1,0.628205878657,0.33285091715,0.411604544983,4.60577759771e-48
190.2,0.628318073566,0.332719080108,0.411579135774,4.35746525086e-48
190.3,0.628430642832,0.332589637499,0.411547672675,4.12253728203e-48
190.4,0.628543275947,0.332462930306,0.411510274811,3.90027182651e-48
190.5,0.628655663951,0.332339289903,0.411467077176,3.68998601864e-48
190.6,0.628767500274,0.332219037221,0.41141823016,3.49103387966e-48
190.7,0.628878481559,0.332102481946,0.411363899018,3.3028043202e-48
190.8,0.628988308475,0.331989921766,0.411304263315,3.1247192512e-48
190.9,0.629096686512,0.331881641643,0.411239516321,2.95623179721e-48
191,0.629203326755,0.331777913142,0.411169864381,2.79682460679e-48
191.1,0.629307946641,0.331678993788,0.411095526246,2.6460082545e-48
191.2,0.629410270687,0.331585126479,0.411016732377,2.50331972962e-48
191.3,0.629510031204,0.331496538929,0.410933724218,2.36832100691e-48
191.4,0.629606968976,0.331413443176,0.410846753446,2.24059769489e-48
191.5,0.629700833913,0.331336035113,0.410756081199,2.11975775747e-48
191.6,0.629791385677,0.331264494084,0.41066197728,2.00543030493e-48
191.7,0.629878394277,0.331198982517,0.410564719347,1.8972644505e-48
191.8,0.629961640635,0.331139645605,0.410464592085,1.79492822899e-48
191.9,0.630040917106,0.331086611039,0.410361886371,1.69810757399e-48
192,0.630116027985,0.331039988784,0.410256898419,1.60650535063e-48
192.1,0.630186789958,0.330999870902,0.410149928928,1.51984044071e-48
192.2,0.630253032533,0.330966331424,0.410041282223,1.43784687752e-48
192.3,0.63031459842,0.33093942627,0.409931265386,1.36027302747e-48
192.4,0.630371343889,0.330919193214,0.409820187397,1.28688081612e-48
192.5,0.630423139074,0.330905651896,0.409708358273,1.21744499613e-48
192.6,0.630469868248,0.330898803875,0.409596088212,1.15175245491e-48
192.7,0.630511430058,0.330898632738,0.409483686747,1.08960155972e-48
192.8,0.630547737717,0.330905104243,0.409371461904,1.03080153828e-48
192.9,0.63057871916,0.330918166511,0.409259719376,9.75171892859e-49
193,0.630604317155,0.330937750258,0.409148761712,9.22541846157e-49
193.1,0.63062448938,0.330963769077,0.409038887516,8.72749817105e-49
193.2,0.630639208461,0.330996119749,0.408930390669,8.2564292506e-49
193.3,0.630648461958,0.331034682605,0.408823559568,7.81076520813e-49
193.4,0.63065225233,0.331079321923,0.408718676385,7.38913742954e-49
193.5,0.630650596848,0.331129886361,0.408616016352,6.99025098223e-49
193.6,0.630643527472,0.331186209433,0.408515847069,6.6128806454e-49
193.7,0.630631090692,0.331248110015,0.408418427834,6.2558671549e-49
193.8,0.630613347332,0.33131539289,0.408324009006,5.91811365086e-49
193.9,0.630590372313,0.33138784932,0.408232831397,5.59858231718e-49
194,0.630562254385,0.331465257661,0.408145125683,5.29629120245e-49
194.1,0.630529095821,0.331547383994,0.408061111861,5.01031121252e-49
194.2,0.630491012076,0.331633982798,0.407980998726,4.7397632652e-49
194.3,0.630448131416,0.331724797641,0.407904983387,4.48381559864e-49
194.4,0.630400594508,0.3318195619,0.407833250813,4.24168122469e-49
194.5,0.630348553991,0.331917999507,0.407765973418,4.0126155197e-49
194.6,0.630292174003,0.332019825716,0.407703310673,3.7959139451e-49
194.7,0.63023162969,0.332124747885,0.407645408766,3.59090989089e-49
194.8,0.630167106682,0.332232466286,0.407592400283,3.39697263518e-49
194.9,0.630098800547,0.332342674924,0.407544403941,3.21350541382e-49
195,0.630026916217,0.332455062374,0.407501524344,3.03994359379e-49
195.1,0.629951667395,0.332569312631,0.407463851789,2.87575294509e-49
195.2,0.629873275937,0.332685105966,0.407431462099,2.72042800552e-49
195.3,0.629791971217,0.332802119801,0.4074044165,2.57349053353e-49
195.4,0.629707989475,0.332920029574,0.407382761535,2.43448804429e-49
195.5,0.629621573146,0.333038509626,0.407366529012,2.30299242454e-49
195.6,0.629532970174,0.333157234076,0.407355735995,2.17859862184e-49
195.7,0.629442433322,0.3332758777,0.407350384829,2.06092340444e-49
195.8,0.629350219459,0.333394116815,0.407350463202,1.9496041877e-49
195.9,0.629256588845,0.333511630141,0.407355944246,1.84429792369e-49
196,0.629161804412,0.333628099675,0.407366786677,1.74468005041e-49
196.1,0.629066131035,0.33374321154,0.407382934964,1.65044349755e-49
196.2,0.628969834799,0.333856656832,0.407404319538,1.56129774557e-49
196.3,0.628873182273,0.333968132445,0.407430857042,1.47696793545e-49
196.4,0.628776439775,0.334077341887,0.407462450601,1.39719402622e-49
196.5,0.628679872648,0.334183996071,0.407498990142,1.32172999771e-49
196.6,0.628583744538,0.334287814085,0.407540352736,1.25034309621e-49
196.7,0.628488316675,0.334388523947,0.407586402978,1.18281312058e-49
196.8,0.628393847173,0.334485863322,0.407636993391,1.11893174675e-49
196.9,0.62830059033,0.334579580219,0.407691964874,1.05850188848e-49
197,0.628208795949,0.334669433657,0.407751147162,1.00133709244e-49
197.1,0.628118708665,0.3347551943,0.407814359328,9.47260965841e-50
197.2,0.6280305673,0.334836645053,0.407881410302,8.96106634753e-50
197.3,0.627944604226,0.33491358163,0.407952099425,8.4771623153e-50
197.4,0.627861044753,0.334985813083,0.40802621702,8.01940409784e-50
197.5,0.627780106537,0.335053162284,0.408103544984,7.58637885413e-50
197.6,0.627701999014,0.335115466379,0.408183857411,7.17675002269e-50
197.7,0.627626922855,0.335172577191,0.408266921225,6.78925321185e-50
197.8,0.627555069449,0.335224361586,0.408352496836,6.42269231065e-50
197.9,0.627486620416,0.33527070179,0.408440338812,6.07593580884e-50
198,0.627421747145,0.335311495665,0.408530196562,5.74791331464e-50
198.1,0.627360610368,0.335346656934,0.408621815039,5.43761225962e-50
198.2,0.627303359757,0.335376115369,0.408714935446,5.14407478078e-50
198.3,0.627250133564,0.335399816919,0.408809295953,4.86639477025e-50
198.4,0.627201058283,0.3354177238,0.408904632432,4.60371508358e-50
198.5,0.627156248359,0.335429814536,0.409000679176,4.35522489826e-50
198.6,0.627115805921,0.335436083947,0.409097169643,4.12015721427e-50
198.7,0.627079820557,0.335436543097,0.409193837186,3.89778648909e-50
198.8,0.627048369125,0.335431219188,0.409290415789,3.68742640004e-50
198.9,0.627021515596,0.335420155412,0.409386640799,3.48842772696e-50
199,0.626999310938,0.335403410755,0.409482249652,3.30017634891e-50
199.1,0.626981793041,0.335381059752,0.409576982594,3.12209134877e-50
199.2,0.626968986669,0.335353192204,0.409670583386,2.95362321984e-50
199.3,0.626960903459,0.335319912848,0.409762800011,2.79425216906e-50
199.4,0.626957541949,0.335281340984,0.409853385351,2.6434865117e-50
199.5,0.626958887653,0.335237610064,0.409942097864,2.50086115247e-50
199.6,0.626964913161,0.335188867237,0.410028702234,2.36593614855e-50
199.7,0.626975578283,0.335135272861,0.410112970005,2.23829535008e-50
199.8,0.626990830224,0.335076999978,0.410194680193,2.11754511398e-50
199.9,0.627010603797,0.335014233752,0.410273619878,2.00331308707e-50
200,0.62703482167,0.33494717088,0.410349584767,1.8952470549e-50
200.1,0.62706339464,0.334876018964,0.410422379736,1.79301385273e-50
200.2,0.627096221945,0.334800995868,0.410491819335,1.69629833515e-50
200.3,0.627133191607,0.334722329039,0.410557728278,1.60480240151e-50
200.4,0.627174180799,0.334640254806,0.410619941885,1.5182440738e-50
200.5,0.627219056251,0.334555017661,0.410678306505,1.43635662445e-50
200.6,0.627267674668,0.334466869523,0.410732679903,1.35888775117e-50
200.7,0.627319883188,0.334376068979,0.410782931606,1.28559879646e-50
200.8,0.627375519857,0.334282880516,0.41082894322,1.2162640092e-50
200.9,0.627434414128,0.334187573742,0.410870608712,1.15066984623e-50
201,0.627496387381,0.334090422594,0.410907834646,1.08861431165e-50
201.1,0.627561253464,0.333991704548,0.410940540394,1.02990633185e-50
201.2,0.627628819247,0.333891699812,0.410968658296,9.74365164389e-51
201.3,0.627698885203,0.333790690531,0.41099213379,9.2181983876e-51
201.4,0.627771245986,0.333688959984,0.411010925504,8.72108627505e-51
201.5,0.627845691042,0.333586791789,0.411025005299,8.25078545892e-51
201.6,0.627922005212,0.333484469109,0.411034358289,7.80584878691e-51
201.7,0.627999969357,0.333382273871,0.411038982807,7.38490732557e-51
201.8,0.628079360984,0.333280485991,0.411038890342,6.98666612657e-51
201.9,0.628159954879,0.333179382616,0.411034105436,6.60990022212e-51
202,0.628241523741,0.33307923737,0.411024665544,6.25345083723e-51
202.1,0.628323838823,0.332980319631,0.411010620855,5.91622180717e-51
202.2,0.62840667057,0.33288289381,0.41099203408,5.59717618892e-51
202.3,0.628489789249,0.332787218665,0.410968980205,5.29533305619e-51
202.4,0.628572965588,0.332693546626,0.410941546207,5.00976446805e-51
202.5,0.6286559714,0.332602123145,0.410909830743,4.7395926018e-51
202.6,0.6287385802,0.332513186075,0.4108739438,4.48398704117e-51
202.7,0.628820567821,0.33242696507,0.410834006321,4.24216221145e-51
202.8,0.628901713009,0.332343681016,0.410790149801,4.0133749536e-51
202.9,0.628981798015,0.332263545487,0.410742515852,3.79692222979e-51
203,0.62906060917,0.332186760237,0.410691255745,3.59213895331e-51
203.1,0.629137937445,0.332113516715,0.410636529929,3.39839593603e-51
203.2,0.629213578992,0.332043995614,0.410578507526,3.21509794709e-51
203.3,0.629287335674,0.331978366457,0.410517365801,3.04168187677e-51
203.4,0.629359015573,0.331916787213,0.410453289624,2.87761499988e-51
203.5,0.629428433472,0.331859403944,0.410386470899,2.72239333322e-51
203.6,0.629495411327,0.331806350488,0.410317107995,2.57554008202e-51
203.7,0.629559778705,0.331757748183,0.410245405147,2.43660417058e-51
203.8,0.629621373211,0.331713705615,0.410171571856,2.30515885244e-51
203.9,0.629680040876,0.33167431841,0.410095822275,2.18080039595e-51
204,0.629735636534,0.331639669057,0.410018374589,2.06314684088e-51
204.1,0.629788024163,0.331609826772,0.409939450384,1.95183682251e-51
204.2,0.629837077206,0.331584847386,0.409859274018,1.84652845931e-51
204.3,0.629882678859,0.331564773286,0.409778071984,1.74689830084e-51
204.4,0.629924722333,0.331549633374,0.409696072274,1.65264033271e-51
204.5,0.629963111093,0.331539443071,0.409613503748,1.56346503527e-51
204.6,0.62999775906,0.331534204354,0.409530595499,1.47909849331e-51
204.7,0.630028590786,0.33153390583,0.409447576225,1.39928155395e-51
204.8,0.630055541605,0.331538522833,0.409364673611,1.32376903007e-51
204.9,0.630078557747,0.33154801757,0.40928211371,1.25232894684e-51
205,0.630097596428,0.331562339291,0.409200120345,1.18474182898e-51
205.1,0.630112625905,0.33158142449,0.40911891451,1.1208000266e-51
205.2,0.630123625506,0.331605197142,0.409038713792,1.06030707745e-51
205.3,0.630130585628,0.331633568969,0.4089597318,1.00307710372e-51
205.4,0.630133507706,0.331666439739,0.408882177618,9.48934241305e-52
205.5,0.630132404151,0.331703697585,0.40880625526,8.9771210008e-52
205.6,0.630127298264,0.331745219368,0.408732163159,8.49253253193e-52
205.7,0.630118224115,0.331790871048,0.408660093664,8.03408754024e-52
205.8,0.630105226398,0.331840508099,0.408590232558,7.60037679198e-52
205.9,0.630088360258,0.33189397594,0.4085227586,7.19006696287e-52
206,0.630067691092,0.331951110389,0.408457843087,6.80189654842e-52
206.1,0.630043294317,0.332011738144,0.40839564944,6.43467199496e-52
206.2,0.630015255125,0.332075677286,0.40833633281,6.08726403955e-52
206.3,0.629983668198,0.332142737799,0.408280039714,5.75860424723e-52
206.4,0.629948637412,0.332212722111,0.408226907689,5.44768173513e-52
206.5,0.62991027551,0.332285425654,0.40817706498,5.15354007325e-52
206.6,0.629868703755,0.332360637436,0.408130630247,4.87527435231e-52
206.7,0.629824051564,0.332438140636,0.408087712303,4.61202840969e-52
206.8,0.629776456116,0.332517713202,0.408048409875,4.36299220489e-52
206.9,0.629726061948,0.33259912847,0.4080128114,4.12739933645e-52
207,0.629673020526,0.332682155789,0.407980994842,3.90452469261e-52
207.1,0.629617489807,0.332766561155,0.407953027541,3.69368222859e-52
207.2,0.629559633778,0.332852107854,0.407928966084,3.49422286356e-52
207.3,0.629499621981,0.332938557109,0.407908856219,3.30553249085e-52
207.4,0.629437629034,0.33302566873,0.40789273278,3.12703009533e-52
207.5,0.62937383413,0.33311320177,0.407880619652,2.95816597217e-52
207.6,0.629308420528,0.33320091518,0.407872529763,2.79842004144e-52
207.7,0.629241575039,0.333288568457,0.4078684651,2.64730025344e-52
207.8,0.629173487501,0.3333759223,0.407868416757,2.50434107988e-52
207.9,0.629104350248,0.333462739254,0.407872365014,2.36910208618e-52
208,0.629034357575,0.333548784347,0.407880279433,2.24116658073e-52
208.1,0.628963705199,0.333633825725,0.407892118996,2.12014033662e-52
208.2,0.628892589718,0.33371763527,0.407907832258,2.00565038236e-52
208.3,0.628821208073,0.333799989213,0.407927357533,1.89734385745e-52
208.4,0.628749757005,0.333880668731,0.4079506231,1.79488692965e-52
208.5,0.628678432519,0.333959460527,0.407977547448,1.69796377043e-52
208.6,0.628607429352,0.334036157398,0.408008039525,1.60627558551e-52
208.7,0.628536940442,0.334110558782,0.408041999031,1.51953969757e-52
208.8,0.62846715641,0.334182471285,0.408079316722,1.43748867827e-52
208.9,0.628398265048,0.334251709194,0.408119874741,1.35986952697e-52
209,0.628330450812,0.334318094955,0.40816354697,1.2864428936e-52
209.1,0.628263894336,0.334381459639,0.408210199405,1.21698234336e-52
209.2,0.628198771946,0.334441643373,0.408259690545,1.15127366087e-52
209.3,0.628135255201,0.334498495755,0.408311871804,1.08911419188e-52
209.4,0.628073510437,0.334551876234,0.408366587943,1.03031222023e-52
209.5,0.628013698334,0.334601654461,0.408423677515,9.74686378502e-53
209.6,0.627955973501,0.334647710613,0.408482973321,9.22065090177e-53
209.7,0.627900484072,0.334689935689,0.408544302893,8.72286041944e-53
209.8,0.627847371334,0.334728231766,0.408607488976,8.25195684327e-53
209.9,0.627796769361,0.334762512235,0.408672350031,7.80648759193e-53
210,0.627748804683,0.334792701987,0.408738700744,7.38507852682e-53
210.1,0.627703595965,0.334818737587,0.408806352546,6.98642972188e-53
210.2,0.627661253721,0.334840567395,0.408875114139,6.60931146107e-53
210.3,0.627621880043,0.334858151661,0.408944792029,6.25256045124e-53
210.4,0.627585568358,0.334871462589,0.409015191063,5.91507623883e-53
210.5,0.627552403212,0.334880484363,0.40908611497,5.59581781947e-53
210.6,0.627522460077,0.334885213131,0.409157366905,5.2938004301e-53
210.7,0.627495805184,0.334885656971,0.409228749989,5.00809251378e-53
210.8,0.627472495384,0.334881835809,0.409300067852,4.737812848e-53
210.9,0.627452578037,0.334873781306,0.409371125171,4.48212782764e-53
211,0.627436090926,0.33486153672,0.409441728205,4.24024889424e-53
211.1,0.627423062196,0.334845156722,0.409511685325,4.01143010382e-53
211.2,0.627413510329,0.334824707191,0.40958080753,3.79496582573e-53
211.3,0.627407444134,0.334800264972,0.409648908965,3.59018856548e-53
211.4,0.627404862775,0.334771917605,0.40971580742,3.39646690499e-53
211.5,0.627405755818,0.334739763026,0.409781324824,3.21320355378e-53
211.6,0.62741010331,0.334703909236,0.409845287718,3.03983350532e-53
211.7,0.627417875882,0.334664473944,0.409907527721,2.87582229276e-53
211.8,0.627429034877,0.334621584188,0.409967881976,2.72066433873e-53
211.9,0.627443532506,0.334575375928,0.410026193584,2.57388139416e-53
212,0.627461312027,0.33452599361,0.410082312008,2.43502106134e-53
212.1,0.627482307946,0.334473589723,0.410136093475,2.30365539671e-53
212.2,0.627506446248,0.334418324317,0.410187401343,2.17937958897e-53
212.3,0.627533644642,0.334360364518,0.410236106451,2.06181070862e-53
212.4,0.627563812835,0.334299884019,0.410282087448,1.950586525e-53
212.5,0.627596852825,0.33423706255,0.4103252311,1.8453643872e-53
212.6,0.627632659209,0.334172085349,0.410365432566,1.74582016535e-53
212.7,0.62767111952,0.334105142603,0.410402595653,1.65164724921e-53
212.8,0.627712114569,0.334036428894,0.41043663305,1.56255560079e-53
212.9,0.627755518816,0.333966142626,0.410467466527,1.47827085811e-53
213,0.62780120075,0.33389448545,0.41049502711,1.39853348753e-53
213.1,0.627849023282,0.333821661681,0.410519255233,1.32309798172e-53
213.2,0.627898844157,0.333747877715,0.410540100858,1.25173210117e-53
213.3,0.627950516375,0.333673341443,0.410557523565,1.18421615653e-53
213.4,0.628003888621,0.333598261661,0.410571492625,1.12034232988e-53
213.5,0.628058805704,0.33352284749,0.410581987027,1.05991403262e-53
213.6,0.628115109014,0.333447307789,0.410588995497,1.00274529816e-53
213.7,0.628172636967,0.333371850584,0.41059251647,9.48660207393e-54
213.8,0.628231225476,0.333296682495,0.410592558051,8.97492345262e-54
213.9,0.628290708411,0.333222008174,0.410589137939,8.49084286762e-54
214,0.62835091807,0.333148029757,0.410582283323,8.03287110707e-54
214.1,0.628411685646,0.333074946319,0.410572030759,7.59959939828e-54
214.2,0.6284728417,0.333002953349,0.410558426012,7.1896950575e-54
214.3,0.628534216631,0.332932242233,0.410541523883,6.80189737513e-54
214.4,0.628595641136,0.332862999758,0.410521387999,6.43501372362e-54
214.5,0.62865694668,0.332795407628,0.41049809059,6.08791587597e-54
214.6,0.628717965949,0.332729641999,0.41047171224,5.75953652359e-54
214.7,0.628778533304,0.332665873033,0.410442341608,5.44886598247e-54
214.8,0.628838485226,0.332604264471,0.410410075141,5.15494907784e-54
214.9,0.628897660748,0.332544973229,0.410375016755,4.87688219725e-54
215,0.628955901885,0.33248814901,0.410337277508,4.61381050333e-54
215.1,0.629013054046,0.332433933947,0.410296975244,4.36492529732e-54
215.2,0.629068966441,0.33238246226,0.410254234226,4.12946152534e-54
215.3,0.629123492468,0.332333859944,0.410209184756,3.90669541967e-54
215.4,0.629176490092,0.332288244474,0.410161962775,3.69594226764e-54
215.5,0.629227822209,0.332245724545,0.410112709454,3.49655430135e-54
215.6,0.629277356987,0.332206399827,0.41006157077,3.30791870152e-54
215.7,0.629324968201,0.332170360754,0.410008697074,3.12945570944e-54
215.8,0.629370535545,0.332137688331,0.409954242652,2.96061684109e-54
215.9,0.629413944925,0.332108453976,0.409898365271,2.8008831979e-54
216,0.62945508874,0.332082719383,0.409841225725,2.64976386884e-54
216.1,0.629493866132,0.33206053641,0.409782987375,2.50679441911e-54
216.2,0.629530183233,0.332041947003,0.409723815682,2.37153546048e-54
216.3,0.629563953374,0.332026983133,0.409663877742,2.24357129901e-54
216.4,0.629595097287,0.332015666772,0.409603341815,2.12250865593e-54
216.5,0.629623543279,0.332008009887,0.40954237686,2.0079754577e-54
216.6,0.629649227383,0.332004014467,0.409481152066,1.89961969146e-54
216.7,0.629672093499,0.33200367257,0.409419836386,1.79710832245e-54
216.8,0.629692093494,0.332006966398,0.409358598084,1.70012626989e-54
216.9,0.6297091873,0.332013868401,0.409297604271,1.60837543831e-54
217,0.629723342976,0.332024341399,0.409237020465,1.52157380113e-54
217.1,0.62973453675,0.332038338732,0.409177010144,1.43945453386e-54
217.2,0.629742753047,0.33205580444,0.409117734318,1.36176519414e-54
217.3,0.629747984485,0.332076673452,0.409059351103,1.288266946e-54
217.4,0.629750231854,0.332100871812,0.409002015312,1.21873382618e-54
217.5,0.629749504073,0.332128316919,0.408945878051,1.15295204989e-54
217.6,0.629745818122,0.332158917791,0.408891086339,1.09071935427e-54
217.7,0.629739198959,0.332192575352,0.408837782724,1.03184437715e-54
217.8,0.629729679409,0.33222918273,0.408786104934,9.76146069398e-55
217.9,0.629717300039,0.332268625587,0.408736185525,9.23453139063e-55
218,0.629702109007,0.332310782457,0.408688151556,8.73603525417e-55
218.1,0.629684161894,0.332355525103,0.408642124281,8.26443901452e-55
218.2,0.629663521519,0.332402718896,0.408598218847,7.81829203201e-55
218.3,0.629640257732,0.332452223203,0.408556544027,7.3962218446e-55
218.4,0.629614447189,0.332503891789,0.408517201957,6.99692995529e-55
218.5,0.629586173115,0.332557573238,0.408480287901,6.61918784676e-55
218.6,0.62955552504,0.332613111382,0.408445890029,6.26183321098e-55
218.7,0.629522598534,0.332670345739,0.408414089224,5.92376638209e-55
218.8,0.629487494912,0.332729111969,0.408384958898,5.6039469617e-55
218.9,0.629450320934,0.332789242325,0.40835856484,5.30139062596e-55
219,0.629411188491,0.332850566128,0.408334965076,5.01516610495e-55
219.1,0.629370214272,0.332912910235,0.408314209754,4.74439232468e-55
219.2,0.629327519429,0.332976099516,0.408296341053,4.48823570326e-55
219.3,0.629283229225,0.333039957342,0.408281393107,4.24590759264e-55
219.4,0.629237472672,0.33310430606,0.408269391959,4.01666185827e-55
219.5,0.629190382165,0.333168967488,0.408260355524,3.79979258915e-55
219.6,0.629142093105,0.333233763394,0.408254293592,3.59463193114e-55
219.7,0.629092743514,0.333298515983,0.40825120783,3.4005480371e-55
219.8,0.629042473649,0.333363048377,0.408251091828,3.21694312732e-55
219.9,0.628991425611,0.333427185096,0.408253931146,3.04325165449e-55
220,0.628939742943,0.333490752527,0.408259703397,2.87893856743e-55
220.1,0.628887570236,0.333553579391,0.408268378342,2.72349766831e-55
220.2,0.628835052729,0.333615497204,0.40827991801,2.57645005836e-55
220.3,0.628782335906,0.333676340724,0.408294276833,2.43734266721e-55
220.4,0.6287295651,0.333735948393,0.408311401804,2.30574686144e-55
220.5,0.628676885096,0.333794162763,0.408331232658,2.18125712803e-55
220.6,0.628624439735,0.333850830911,0.408353702061,2.06348982868e-55
220.7,0.628572371527,0.333905804846,0.408378735824,1.95208202118e-55
220.8,0.628520821263,0.333958941889,0.408406253137,1.84669034422e-55
220.9,0.628469927641,0.334010105053,0.408436166814,1.74698996226e-55
221,0.628419826894,0.33405916339,0.408468383554,1.65267356714e-55
221.1,0.628370652424,0.334105992333,0.408502804224,1.5634504335e-55
221.2,0.628322534454,0.334150474011,0.408539324147,1.47904552499e-55
221.3,0.628275599681,0.33419249755,0.408577833414,1.39919864861e-55
221.4,0.628229970946,0.334231959349,0.408618217201,1.32366365458e-55
221.5,0.628185766912,0.334268763337,0.408660356103,1.25220767928e-55
221.6,0.628143101761,0.334302821211,0.408704126475,1.18461042893e-55
221.7,0.628102084897,0.334334052644,0.408749400786,1.12066350185e-55
221.8,0.628062820667,0.334362385477,0.408796047986,1.06016974721e-55
221.9,0.628025408099,0.334387755882,0.408843933871,1.0029426583e-55
222,0.627989940654,0.334410108506,0.408892921467,9.48805798437e-56
222.1,0.627956505995,0.334429396589,0.408942871413,8.97592257868e-56
222.2,0.62792518577,0.334445582051,0.408993642351,8.4914413983e-56
222.3,0.627896055418,0.334458635566,0.409045091319,8.03312074339e-56
222.4,0.627869183989,0.334468536599,0.409097074155,7.59954758161e-56
222.5,0.627844633985,0.334475273427,0.409149445889,7.18938519545e-56
222.6,0.62782246122,0.33447884313,0.409202061147,6.80136906427e-56
222.7,0.627802714693,0.334479251557,0.409254774555,6.43430296796e-56
222.8,0.627785436493,0.33447651327,0.409307441131,6.08705530076e-56
222.9,0.627770661709,0.334470651462,0.409359916688,5.75855558353e-56
223,0.627758418375,0.334461697849,0.409412058225,5.44779116408e-56
223.1,0.627748727419,0.334449692545,0.409463724316,5.15380409534e-56
223.2,0.627741602646,0.334434683901,0.409514775495,4.87568818177e-56
223.3,0.627737050734,0.334416728336,0.409565074627,4.61258618501e-56
223.4,0.627735071248,0.334395890135,0.409614487285,4.36368718024e-56
223.5,0.627735656679,0.334372241232,0.409662882104,4.12822405499e-56
223.6,0.627738792503,0.334345860967,0.409710131133,3.90547114295e-56
223.7,0.627744457251,0.33431683583,0.409756110172,3.69474198534e-56
223.8,0.627752622605,0.33428525918,0.409800699107,3.49538721303e-56
223.9,0.627763253514,0.334251230946,0.409843782214,3.30679254296e-56
224,0.627776308323,0.334214857317,0.409885248472,3.12837688265e-56
224.1,0.627791738922,0.334176250411,0.40992499184,2.95959053697e-56
224.2,0.62780949091,0.33413552793,0.409962911536,2.7999135117e-56
224.3,0.627829503784,0.334092812799,0.409998912292,2.64885390871e-56
224.4,0.62785171113,0.334048232798,0.410032904589,2.50594640769e-56
224.5,0.627876040842,0.33400192018,0.410064804885,2.3707508299e-56
224.6,0.627902415352,0.333954011272,0.410094535819,2.24285077949e-56
224.7,0.627930751867,0.333904646079,0.410122026392,2.12185235809e-56
224.8,0.627960962629,0.333853967873,0.410147212142,2.007382949e-56
224.9,0.627992955185,0.333802122772,0.410170035286,1.89909006684e-56
225,0.628026632662,0.333749259322,0.410190444853,1.79664026953e-56
225.1,0.62806189406,0.333695528072,0.410208396789,1.69971812891e-56
225.2,0.628098634553,0.333641081139,0.410223854049,1.60802525711e-56
225.3,0.628136745799,0.333586071786,0.410236786665,1.52127938537e-56
225.4,0.628176116254,0.333530653984,0.410247171791,1.43921349281e-56
225.5,0.628216631499,0.333474981985,0.410254993736,1.36157498216e-56
225.6,0.628258174568,0.333419209894,0.410260243966,1.28812490014e-56
225.7,0.628300626288,0.333363491247,0.410262921093,1.21863719988e-56
225.8,0.628343865613,0.333307978585,0.410263030844,1.15289804333e-56
225.9,0.628387769971,0.333252823046,0.410260586004,1.09070514127e-56
226,0.628432215606,0.333198173954,0.410255606347,1.03186712909e-56
226.1,0.62847707793,0.33314417842,0.410248118541,9.76202976293e-57
226.2,0.628522231861,0.333090980951,0.410238156038,9.23541427905e-57
226.3,0.628567552177,0.33303872307,0.410225758945,8.73720476128e-57
226.4,0.628612913855,0.332987542946,0.410210973873,8.26586860544e-57
226.5,0.628658192416,0.332937575031,0.410193853779,7.81995595359e-57
226.6,0.62870326426,0.332888949723,0.410174457775,7.39809522204e-57
226.7,0.628748007003,0.332841793025,0.410152850938,6.99898887135e-57
226.8,0.628792299805,0.332796226234,0.410129104091,6.62140940502e-57
226.9,0.62883602369,0.332752365632,0.410103293576,6.26419558462e-57
227,0.628879061864,0.332710322204,0.41007550101,5.92624884965e-57
227.1,0.628921300022,0.332670201364,0.410045813033,5.606529931e-57
227.2,0.628962626646,0.332632102704,0.410014321035,5.30405564762e-57
227.3,0.629002933295,0.332596119752,0.409981120879,5.01789587641e-57
227.4,0.629042114886,0.33256233976,0.409946312608,4.74717068602e-57
227.5,0.62908006996,0.332530843499,0.409910000147,4.49104762562e-57
227.6,0.629116700943,0.33250170508,0.409872290994,4.24873916037e-57
227.7,0.629151914388,0.332474991791,0.409833295899,4.01950024549e-57
227.8,0.629185621209,0.332450763953,0.409793128545,3.80262603165e-57
227.9,0.629217736902,0.332429074798,0.409751905214,3.59744969428e-57
228,0.629248181748,0.332409970366,0.409709744454,3.40334038038e-57
228.1,0.629276881007,0.332393489416,0.40966676674,3.21970126633e-57
228.2,0.629303765094,0.33237966337,0.409623094129,3.04596772062e-57
228.3,0.629328769741,0.332368516261,0.40957884992,2.88160556606e-57
228.4,0.629351836145,0.332360064716,0.409534158306,2.72610943577e-57
228.5,0.629372911099,0.332354317946,0.409489144029,2.57900121815e-57
228.6,0.629391947104,0.332351277763,0.409443932035,2.43982858589e-57
228.7,0.629408902475,0.332350938619,0.409398647133,2.30816360441e-57
228.8,0.629423741419,0.332353287653,0.40935341365,2.18360141562e-57
228.9,0.629436434101,0.332358304771,0.409308355101,2.06575899266e-57
229,0.629446956698,0.332365962734,0.409263593851,1.95427396208e-57
229.1,0.629455291432,0.33237622727,0.409219250791,1.84880348952e-57
229.2,0.629461426585,0.332389057202,0.409175445014,1.74902322568e-57
229.3,0.629465356501,0.332404404596,0.409132293506,1.6546263092e-57
229.4,0.62946708157,0.33242221492,0.409089910835,1.56532242335e-57
229.5,0.629466608197,0.332442427228,0.409048408859,1.48083690373e-57
229.6,0.629463948756,0.332464974355,0.409007896429,1.40090989412e-57
229.7,0.629459121522,0.332489783128,0.40896847912,1.32529554789e-57
229.8,0.629452150593,0.33251677459,0.408930258955,1.2537612726e-57
229.9,0.629443065799,0.332545864246,0.408893334156,1.18608701526e-57
230,0.629431902587,0.332576962312,0.40885779889,1.12206458628e-57
230.1,0.6294187019,0.332609973984,0.408823743045,1.06149701987e-57
230.2,0.62940351004,0.33264479972,0.408791252004,1.0041979689e-57
230.3,0.62938637851,0.332681335525,0.408760406445,9.49991132501e-58
230.4,0.629367363854,0.332719473256,0.40873128214,8.9870971449e-58
230.5,0.629346527477,0.332759100933,0.408703949785,8.50195911036e-58
230.6,0.629323935452,0.332800103059,0.40867847483,8.04300425953e-58
230.7,0.62929965832,0.332842360944,0.408654917334,7.60882012138e-58
230.8,0.629273770878,0.332885753046,0.408633331832,7.19807037742e-58
230.9,0.629246351949,0.332930155309,0.40861376721,6.80949075733e-58
231,0.629217484153,0.332975441511,0.408596266613,6.44188515593e-58
231.1,0.629187253663,0.333021483615,0.408580867349,6.09412195944e-58
231.2,0.629155749951,0.333068152127,0.408567600823,5.76513056989e-58
231.3,0.629123065533,0.333115316448,0.408556492483,5.45389811682e-58
231.4,0.629089295696,0.333162845238,0.408547561779,5.15946634621e-58
231.5,0.629054538231,0.333210606776,0.40854082214,4.88092867717e-58
231.6,0.629018893149,0.333258469316,0.408536280973,4.61742741717e-58
231.7,0.628982462402,0.33330630145,0.408533939666,4.36815112738e-58
231.8,0.628945349595,0.333353972463,0.40853379362,4.13233212999e-58
231.9,0.628907659691,0.333401352684,0.408535832285,3.90924414984e-58
232,0.628869498725,0.333448313842,0.408540039223,3.69820008306e-58
232.1,0.628830973501,0.3334947294,0.408546392175,3.49854988605e-58
232.2,0.628792191304,0.333540474905,0.408554863153,3.30967857806e-58
232.3,0.628753259601,0.33358542831,0.408565418542,3.13100435147e-58
232.4,0.628714285743,0.333629470305,0.408578019215,2.96197678382e-58
232.5,0.628675376678,0.333672484627,0.408592620667,2.80207514618e-58
232.6,0.628636638657,0.333714358369,0.408609173161,2.65080680262e-58
232.7,0.628598176944,0.333754982276,0.408627621883,2.50770569593e-58
232.8,0.628560095537,0.333794251027,0.408647907117,2.37233091487e-58
232.9,0.628522496885,0.33383206351,0.408669964429,2.2442653386e-58
233,0.628485481617,0.333868323081,0.408693724861,2.12311435416e-58
233.1,0.628449148271,0.333902937812,0.40871911514,2.00850464301e-58
233.2,0.62841359304,0.333935820723,0.408746057896,1.90008303289e-58
233.3,0.62837890951,0.33396689,0.40877447189,1.79751541163e-58
233.4,0.628345188425,0.333996069201,0.408804272253,1.70048569934e-58
233.5,0.628312517442,0.334023287439,0.408835370731,1.60869487609e-58
233.6,0.628280980913,0.334048479558,0.408867675941,1.52186006185e-58
233.7,0.628250659662,0.334071586286,0.408901093635,1.4397136461e-58
233.8,0.628221630786,0.334092554371,0.408935526966,1.36200246424e-58
233.9,0.628193967453,0.334111336706,0.408970876768,1.28848701844e-58
234,0.628167738729,0.334127892425,0.409007041832,1.21894074043e-58
234.1,0.628143009397,0.334142186996,0.409043919194,1.153149294e-58
234.2,0.62811983981,0.334154192282,0.409081404425,1.09090991512e-58
234.3,0.628098285738,0.33416388659,0.409119391919,1.0320307876e-58
234.4,0.62807839824,0.334171254704,0.409157775193,9.76330452369e-59
234.5,0.628060223546,0.334176287897,0.409196447174,9.23637248642e-59
234.6,0.628043802953,0.334178983921,0.409235300505,8.73788785156e-59
234.7,0.628029172734,0.334179346985,0.409274227833,8.26631439927e-59
234.8,0.628016364067,0.334177387714,0.409313122106,7.82019886978e-59
234.9,0.628005402966,0.334173123084,0.409351876868,7.39816648563e-59
235,0.627996310243,0.334166576349,0.409390386545,6.99891671544e-59
235.1,0.627989101473,0.334157776943,0.409428546733,6.62121926604e-59
235.2,0.627983786973,0.334146760367,0.409466254484,6.26391029066e-59
235.3,0.627980371809,0.334133568063,0.409503408574,5.92588880167e-59
235.4,0.627978855799,0.334118247264,0.409539909786,5.6061132767e-59
235.5,0.627979233543,0.334100850841,0.409575661163,5.30359844791e-59
235.6,0.627981494467,0.334081437118,0.409610568273,5.0174122643e-59
235.7,0.627985622875,0.334060069692,0.409644539456,4.74667301803e-59
235.8,0.627991598018,0.33403681722,0.409677486065,4.49054662567e-59
235.9,0.627999394179,0.334011753207,0.409709322696,4.2482440562e-59
236,0.628008980766,0.333984955776,0.409739967409,4.01901889775e-59
236.1,0.628020322424,0.333956507426,0.409769341942,3.80216505564e-59
236.2,0.628033379158,0.333926494778,0.409797371906,3.59701457475e-59
236.3,0.628048106461,0.333895008315,0.409823986975,3.40293557927e-59
236.4,0.628064455466,0.333862142111,0.409849121064,3.21933032379e-59
236.5,0.628082373102,0.333827993546,0.409872712488,3.04563334953e-59
236.6,0.628101802259,0.333792663025,0.409894704113,2.88130974017e-59
236.7,0.628122681968,0.333756253675,0.409915043494,2.72585347175e-59
236.8,0.628144947591,0.333718871053,0.409933682997,2.57878585178e-59
236.9,0.628168531016,0.333680622833,0.409950579908,2.4396540426e-59
237,0.62819336086,0.333641618502,0.409965696527,2.30802966447e-59
237.1,0.628219362691,0.333601969043,0.409979000249,2.18350747412e-59
237.2,0.628246459238,0.333561786623,0.409990463627,2.06570411467e-59
237.3,0.628274570627,0.333521184273,0.410000064425,1.95425693312e-59
237.4,0.62830361461,0.333480275577,0.410007785651,1.84882286168e-59
237.5,0.628333506808,0.333439174349,0.410013615581,1.74907735951e-59
237.6,0.628364160946,0.333397994322,0.410017547761,1.65471341172e-59
237.7,0.62839548911,0.333356848835,0.410019581002,1.56544058238e-59
237.8,0.628427401991,0.333315850521,0.410019719351,1.48098411876e-59
237.9,0.628459809139,0.333275111004,0.410017972059,1.40108410391e-59
238,0.628492619217,0.333234740596,0.410014353522,1.3254946551e-59
238.1,0.628525740259,0.333194848002,0.41000888322,1.25398316555e-59
238.2,0.628559079923,0.333155540032,0.41000158563,1.18632958713e-59
238.3,0.628592545746,0.333116921318,0.409992490139,1.12232575185e-59
238.4,0.628626045402,0.333079094038,0.40998163093,1.06177473003e-59
238.5,0.628659486949,0.333042157653,0.409969046863,1.00449022312e-59
238.6,0.628692779082,0.333006208649,0.409954781347,9.50295989365e-60
238.7,0.628725831381,0.332971340292,0.409938882188,8.99025300553e-60
238.8,0.628758554551,0.332937642386,0.409921401441,8.50520428056e-60
238.9,0.628790860662,0.332905201057,0.409902395235,8.04632156703e-60
239,0.628822663382,0.332874098527,0.4098819236,7.61219324911e-60
239.1,0.628853878205,0.332844412925,0.409860050279,7.20148389686e-60
239.2,0.628884422671,0.332816218084,0.409836842534,6.81293015123e-60
239.3,0.628914216584,0.332789583376,0.409812370935,6.44533683165e-60
239.4,0.628943182216,0.33276457354,0.409786709152,6.0975732539e-60
239.5,0.628971244506,0.332741248537,0.409759933733,5.76856974709e-60
239.6,0.628998331255,0.332719663409,0.409732123878,5.45731435886e-60
239.7,0.629024373303,0.332699868163,0.409703361205,5.16284973869e-60
239.8,0.629049304704,0.332681907658,0.409673729511,4.88427018967e-60
239.9,0.629073062892,0.332665821512,0.409643314534,4.62071887954e-60
240,0.629095588827,0.332651644028,0.409612203699,4.37138520261e-60
240.1,0.629116827145,0.332639404124,0.409580485876,4.13550228409e-60
240.2,0.629136726286,0.332629125289,0.409548251123,3.91234461938e-60
240.3,0.629155238612,0.332620825545,0.409515590433,3.70122584092e-60
240.4,0.629172320524,0.33261451743,0.409482595482,3.50149660568e-60
240.5,0.629187932553,0.332610207993,0.40944935837,3.31254259682e-60
240.6,0.629202039449,0.332607898803,0.409415971371,3.13378263331e-60
240.7,0.629214610253,0.332607585975,0.409382526675,2.96466688167e-60
240.8,0.629225618364,0.332609260209,0.409349116138,2.80467516433e-60
240.9,0.629235041584,0.332612906843,0.409315831036,2.65331535937e-60
241,0.629242862158,0.332618505921,0.409282761813,2.51012188669e-60
241.1,0.629249066799,0.332626032273,0.409249997843,2.37465427594e-60
241.2,0.629253646701,0.332635455613,0.409217627193,2.24649581185e-60
241.3,0.629256597544,0.332646740642,0.409185736385,2.12525225258e-60
241.4,0.629257919476,0.332659847175,0.409154410174,2.01055061747e-60
241.5,0.629257617096,0.332674730268,0.409123731324,1.90203804006e-60
241.6,0.629255699415,0.332691340366,0.409093780395,1.79938068316e-60
241.7,0.629252179811,0.332709623462,0.409064635536,1.70226271246e-60
241.8,0.629247075973,0.332729521262,0.409036372282,1.61038532551e-60
241.9,0.629240409825,0.332750971364,0.409009063371,1.52346583316e-60
242,0.629232207452,0.332773907449,0.408982778552,1.44123679056e-60
242.1,0.629222499003,0.332798259475,0.408957584418,1.36344517508e-60
242.2,0.629211318591,0.332823953891,0.408933544241,1.28985160854e-60
242.3,0.629198704181,0.332850913846,0.408910717817,1.22022962146e-60
242.4,0.629184697465,0.332879059417,0.408889161323,1.154364957e-60
242.5,0.629169343734,0.332908307841,0.408868927182,1.09205491245e-60
242.6,0.629152691733,0.332938573749,0.408850063944,1.03310771624e-60
242.7,0.629134793512,0.332969769409,0.408832616173,9.7734193853e-61
242.8,0.629115704271,0.333001804983,0.408816624347,9.2458593368e-61
242.9,0.629095482189,0.33303458877,0.408802124769,8.74677312691e-61
243,0.629074188257,0.333068027471,0.40878914949,8.27462444158e-61
243.1,0.629051886091,0.333102026445,0.408777726247,7.82795982119e-61
243.2,0.629028641751,0.333136489979,0.408767878406,7.40540419366e-61
243.3,0.629004523548,0.333171321543,0.408759624925,7.00565664843e-61
243.4,0.628979601844,0.333206424068,0.40875298032,6.62748643832e-61
243.5,0.628953948853,0.333241700203,0.408747954652,6.26972919689e-61
243.6,0.628927638434,0.333277052586,0.408744553522,5.93128335985e-61
243.7,0.628900745881,0.333312384112,0.408742778074,5.61110677926e-61
243.8,0.628873347711,0.333347598189,0.408742625019,5.30821352034e-61
243.9,0.628845521445,0.333382599008,0.408744086662,5.02167083092e-61
244,0.6288173454,0.333417291796,0.408747150948,4.75059627425e-61
244.1,0.628788898464,0.33345158307,0.40875180151,4.49415501631e-61
244.2,0.628760259876,0.333485380891,0.408758017742,4.25155725944e-61
244.3,0.628731509017,0.333518595105,0.40876577487,4.02205581415e-61
244.4,0.62870272518,0.333551137584,0.408775044038,3.80494380191e-61
244.5,0.628673987365,0.333582922455,0.408785792411,3.5995524817e-61
244.6,0.628645374053,0.333613866332,0.40879798328,3.40524919368e-61
244.7,0.628616963004,0.333643888527,0.408811576179,3.22143541374e-61
244.8,0.628588831039,0.333672911262,0.408826527015,3.04754491281e-61
244.9,0.628561053838,0.333700859871,0.408842788201,2.88304201545e-61
245,0.628533705739,0.33372766299,0.408860308808,2.72741995221e-61
245.1,0.628506859538,0.333753252736,0.408879034712,2.58019930087e-61
245.2,0.628480586298,0.333777564884,0.40889890876,2.44092651159e-61
245.3,0.628454955161,0.333800539021,0.40891987094,2.30917251163e-61
245.4,0.62843003317,0.333822118699,0.408941858555,2.18453138518e-61
245.5,0.628405885095,0.333842251571,0.408964806408,2.06661912441e-61
245.6,0.628382573261,0.333860889517,0.40898864699,1.95507244779e-61
245.7,0.628360157397,0.333877988757,0.409013310675,1.84954768212e-61
245.8,0.628338694476,0.333893509954,0.409038725923,1.74971970479e-61
245.9,0.62831823858,0.333907418298,0.409064819476,1.65528094306e-61
246,0.628298840758,0.333919683583,0.409091516573,1.5659404273e-61
246.1,0.628280548904,0.333930280272,0.409118741161,1.48142289524e-61
246.2,0.628263407642,0.333939187541,0.409146416103,1.4014679445e-61
246.3,0.628247458217,0.333946389317,0.4091744634,1.32582923081e-61
246.4,0.628232738398,0.333951874299,0.409202804404,1.25427370946e-61
246.5,0.628219282393,0.333955635965,0.409231360042,1.18658091766e-61
246.6,0.62820712077,0.333957672573,0.409260051026,1.12254229553e-61
246.7,0.628196280394,0.333957987135,0.409288798081,1.06196054379e-61
246.8,0.628186784366,0.333956587391,0.409317522154,1.00464901597e-61
246.9,0.628178651986,0.333953485762,0.409346144636,9.50431143516e-62
247,0.628171898709,0.333948699294,0.409374587572,8.9913989181e-62
247.1,0.628166536132,0.333942249589,0.409402773875,8.50617245554e-62
247.2,0.628162571971,0.333934162716,0.40943062753,8.04713721915e-62
247.3,0.628160010068,0.333924469128,0.409458073805,7.61287909921e-62
247.4,0.628158850393,0.333913203545,0.409485039441,7.20206034703e-62
247.5,0.628159089069,0.333900404842,0.409511452856,6.81341545242e-62
247.6,0.628160718396,0.333886115917,0.40953724433,6.4457472436e-62
247.7,0.628163726898,0.333870383557,0.409562346186,6.09792319743e-62
247.8,0.628168099368,0.333853258282,0.409586692973,5.76887194883e-62
247.9,0.628173816932,0.33383479419,0.409610221631,5.45757998845e-62
248,0.62818085712,0.333815048787,0.409632871657,5.16308853858e-62
248.1,0.628189193944,0.333794082812,0.409654585258,4.88449059763e-62
248.2,0.628198797986,0.333771960049,0.409675307496,4.62092814413e-62
248.3,0.628209636502,0.333748747137,0.40969498643,4.37158949163e-62
248.4,0.628221673525,0.333724513371,0.409713573244,4.13570678638e-62
248.5,0.628234869979,0.333699330493,0.409731022363,3.91255364005e-62
248.6,0.628249183808,0.333673272486,0.409747291569,3.70144289027e-62
248.7,0.628264570102,0.333646415351,0.409762342096,3.50172448208e-62
248.8,0.628280981238,0.333618836892,0.409776138726,3.31278346372e-62
248.9,0.628298367023,0.333590616489,0.409788649864,3.13403809067e-62
249,0.628316674846,0.333561834871,0.409799847608,2.96493803206e-62
249.1,0.628335849838,0.333532573885,0.409809707812,2.80496267387e-62
249.2,0.62835583503,0.333502916265,0.409818210129,2.65361951388e-62
249.3,0.628376571522,0.3334729454,0.409825338052,2.5104426432e-62
249.4,0.628397998656,0.333442745099,0.409831078939,2.37499130982e-62
249.5,0.628420054193,0.333412399358,0.409835424028,2.24684855982e-62
249.6,0.628442674488,0.333381992132,0.409838368442,2.12561995186e-62
249.7,0.628465794676,0.333351607097,0.409839911181,2.0109323412e-62
249.8,0.628489348853,0.333321327427,0.409840055111,1.90243272938e-62
249.9,0.628513270267,0.333291235568,0.409838806927,1.799787176e-62
250,0.6285374915,0.333261413012,0.409836177122,1.70267976932e-62
250.1,0.628561944661,0.333231940083,0.409832179936,1.61081165249e-62
250.2,0.628586561574,0.333202895721,0.409826833296,1.52390010235e-62
250.3,0.628611273962,0.333174357271,0.409820158749,1.44167765804e-62
250.4,0.628636013642,0.333146400284,0.409812181383,1.36389129664e-62
250.5,0.628660712705,0.33311909832,0.409802929738,1.29030165337e-62
250.6,0.628685303705,0.333092522753,0.409792435709,1.22068228398e-62
250.7,0.628709719836,0.333066742591,0.409780734443,1.15481896687e-62
250.8,0.62873389512,0.333041824303,0.409767864221,1.09250904305e-62
250.9,0.628757764574,0.333017831645,0.409753866337,1.03356079169e-62
251,0.628781264389,0.332994825508,0.409738784971,9.77792839377e-63
251.1,0.628804332098,0.332972863762,0.409722667046,9.25033601405e-63
251.2,0.628826906735,0.332952001116,0.409705562087,8.75120753145e-63
251.3,0.628848928999,0.332932288987,0.409687522074,8.27900730028e-63
251.4,0.628870341408,0.332913775381,0.409668601278,7.83228254535e-63
251.5,0.628891088439,0.332896504772,0.409648856105,7.40965888747e-63
251.6,0.628911116681,0.332880518011,0.409628344929,7.00983611064e-63
251.7,0.62893037496,0.332865852225,0.409607127917,6.63158415801e-63
251.8,0.628948814471,0.332852540742,0.409585266857,6.27373934408e-63
251.9,0.628966388902,0.332840613019,0.409562824981,5.93520077166e-63
252,0.628983054542,0.332830094582,0.409539866778,5.61492694226e-63
252.1,0.628998770391,0.332821006979,0.409516457814,5.31193254974e-63
252.2,0.629013498255,0.332813367742,0.409492664548,5.02528544707e-63
252.3,0.629027202837,0.332807190361,0.409468554138,4.75410377698e-63
252.4,0.629039851821,0.332802484268,0.409444194262,4.49755325763e-63
252.5,0.62905141594,0.332799254833,0.409419652923,4.25484461483e-63
252.6,0.629061869043,0.332797503373,0.409394998263,4.02523115304e-63
252.7,0.629071188149,0.332797227165,0.409370298377,3.80800645746e-63
252.8,0.629079353496,0.332798419479,0.409345621126,3.60250222034e-63
252.9,0.629086348576,0.332801069615,0.409321033952,3.40808618459e-63
253,0.629092160163,0.332805162952,0.409296603697,3.22416019847e-63
253.1,0.629096778335,0.332810681008,0.409272396423,3.05015837535e-63
253.2,0.629100196481,0.332817601512,0.409248477235,2.88554535279e-63
253.3,0.629102411304,0.33282589848,0.409224910113,2.72981464568e-63
253.4,0.629103422815,0.332835542307,0.409201757737,2.58248708823e-63
253.5,0.629103234311,0.332846499865,0.409179081326,2.44310936012e-63
253.6,0.629101852356,0.332858734611,0.409156940481,2.31125259221e-63
253.7,0.62909928674,0.332872206699,0.409135393027,2.18651104751e-63
253.8,0.629095550442,0.332886873113,0.409114494869,2.06850087332e-63
253.9,0.629090659573,0.332902687789,0.409094299847,1.95685892078e-63
254,0.629084633323,0.332919601764,0.409074859603,1.85124162809e-63
254.1,0.629077493887,0.332937563318,0.409056223448,1.75132396402e-63
254.2,0.629069266392,0.33295651813,0.409038438246,1.65679842842e-63
254.3,0.629059978815,0.332976409436,0.409021548294,1.56737410669e-63
254.4,0.62904966189,0.332997178197,0.409005595218,1.48277577524e-63
254.5,0.629038349013,0.33301876327,0.408990617874,1.40274305524e-63
254.6,0.629026076137,0.333041101583,0.408976652253,1.32702961201e-63
254.7,0.629012881658,0.333064128317,0.408963731404,1.25540239761e-63
254.8,0.628998806304,0.333087777092,0.408951885355,1.18764093431e-63
254.9,0.628983893007,0.33311198015,0.408941141048,1.12353663669e-63
255,0.62896818678,0.333136668551,0.408931522282,1.0628921703e-63
255.1,0.628951734577,0.333161772363,0.408923049665,1.00552084493e-63
255.2,0.628934585164,0.33318722086,0.408915740573,9.51246040621e-64
255.3,0.628916788969,0.333212942716,0.40890960912,8.9990066458e-64
255.4,0.62889839794,0.333238866204,0.408904666136,8.51326637447e-64
255.5,0.628879465395,0.333264919389,0.408900919153,8.05374407224e-64
255.6,0.628860045871,0.333291030335,0.408898372405,7.61902489436e-64
255.7,0.628840194966,0.333317127288,0.408897026828,7.20777032081e-64
255.8,0.628819969185,0.333343138884,0.408896880075,6.81871404042e-64
255.9,0.628799425777,0.333368994334,0.408897926541,6.45065805695e-64
256,0.62877862258,0.333394623616,0.408900157393,6.10246900509e-64
256.1,0.628757617857,0.333419957667,0.408903560609,5.77307466506e-64
256.2,0.628736470133,0.333444928562,0.408908121028,5.46146066527e-64
256.3,0.628715238036,0.333469469698,0.408913820404,5.16666736257e-64
256.4,0.628693980138,0.333493515971,0.408920637474,4.88778689087e-64
256.5,0.628672754788,0.333517003945,0.408928548027,4.62396036876e-64
256.6,0.628651619961,0.33353987202,0.408937524987,4.37437525773e-64
256.7,0.628630633097,0.333562060589,0.408947538497,4.1382628628e-64
256.8,0.628609850946,0.3335835122,0.408958556019,3.91489596789e-64
256.9,0.628589329416,0.333604171694,0.408970542429,3.70358659872e-64
257,0.628569123427,0.333623986353,0.408983460129,3.5036839062e-64
257.1,0.628549286763,0.33364290603,0.408997269161,3.31457216405e-64
257.2,0.628529871926,0.333660883278,0.409011927326,3.13566887431e-64
257.3,0.628510930007,0.333677873464,0.409027390309,2.96642297499e-64
257.4,0.628492510545,0.333693834881,0.409043611813,2.80631314434e-64
257.5,0.628474661403,0.333708728848,0.40906054369,2.65484619658e-64
257.6,0.628457428642,0.333722519805,0.409078136085,2.51155556407e-64
257.7,0.628440856407,0.333735175391,0.409096337578,2.37599986138e-64
257.8,0.628424986812,0.333746666523,0.409115095333,2.24776152665e-64
257.9,0.628409859834,0.333756967458,0.409134355248,2.1264455364e-64
258,0.628395513218,0.33376605585,0.409154062109,2.01167818943e-64
258.1,0.628381982379,0.333773912793,0.409174159747,1.90310595641e-64
258.2,0.628369300319,0.333780522858,0.409194591194,1.80039439151e-64
258.3,0.62835749755,0.33378587412,0.409215298846,1.70322710264e-64
258.4,0.628346602016,0.333789958171,0.40923622462,1.61130477724e-64
258.5,0.628336639038,0.333792770129,0.40925731012,1.52434426068e-64
258.6,0.628327631248,0.333794308633,0.409278496791,1.44207768428e-64
258.7,0.628319598549,0.333794575831,0.409299726088,1.36425164034e-64
258.8,0.628312558066,0.333793577355,0.409320939632,1.29062640176e-64
258.9,0.628306524117,0.333791322288,0.409342079372,1.22097518365e-64
259,0.628301508189,0.333787823125,0.409363087739,1.15508344483e-64
259.1,0.628297518915,0.333783095718,0.409383907806,1.09274822695e-64
259.2,0.62829456207,0.333777159219,0.409404483439,1.03377752934e-64
259.3,0.628292640568,0.333770036006,0.409424759446,9.77989717466e-65
259.4,0.628291754464,0.33376175161,0.40944468173,9.25212963437e-65
259.5,0.628291900976,0.333752334625,0.409464197424,8.7528471657e-65
259.6,0.6282930745,0.333741816616,0.409483255038,8.28051202601e-65
259.7,0.628295266644,0.333730232014,0.409501804591,7.83366949876e-65
259.8,0.628298466261,0.33371761801,0.409519797741,7.41094341124e-65
259.9,0.628302659499,0.333704014434,0.40953718791,7.01103189408e-65
260,0.628307829847,0.333689463634,0.409553930407,6.63270336963e-65
260.1,0.628313958199,0.333674010347,0.409569982537,6.27479275683e-65
260.2,0.628321022916,0.33365770156,0.409585303713,5.93619788085e-65
260.3,0.6283289999,0.333640586371,0.409599855554,5.61587607656e-65
260.4,0.628337862673,0.333622715843,0.409613601986,5.31284097525e-65
260.5,0.628347582459,0.333604142851,0.409626509324,5.02615946491e-65
260.6,0.628358128281,0.333584921927,0.409638546354,4.75494881443e-65
260.7,0.628369467051,0.333565109103,0.409649684412,4.49837395317e-65
260.8,0.628381563674,0.333544761746,0.409659897444,4.25564489735e-65
260.9,0.628394381157,0.333523938395,0.409669162071,4.0260143153e-65
261,0.628407880717,0.333502698591,0.409677457634,3.80877522432e-65
261.1,0.628422021898,0.333481102712,0.409684766243,3.60325881172e-65
261.2,0.628436762692,0.333459211797,0.40969107281,3.40883237361e-65
261.3,0.62845205966,0.333437087379,0.409696365074,3.22489736497e-65
261.4,0.628467868059,0.33341479131,0.409700633628,3.05088755498e-65
261.5,0.628484141975,0.333392385591,0.409703871922,2.88626728197e-65
261.6,0.628500834451,0.333369932202,0.409706076272,2.73052980265e-65
261.7,0.628517897622,0.333347492928,0.409707245856,2.58319573041e-65
261.8,0.628535282853,0.333325129193,0.409707382696,2.44381155802e-65
261.9,0.628552940874,0.333302901893,0.409706491645,2.31194826007e-65
262,0.62857082192,0.333280871232,0.409704580355,2.18719997096e-65
262.1,0.628588875869,0.333259096559,0.409701659242,2.06918273417e-65
262.2,0.628607052384,0.333237636213,0.409697741443,1.95753331919e-65
262.3,0.628625301048,0.333216547365,0.409692842767,1.85190810232e-65
262.4,0.628643571505,0.33319588587,0.409686981635,1.75198200789e-65
262.5,0.628661813596,0.33317570612,0.409680179021,1.6574475067e-65
262.6,0.6286799775,0.333156060904,0.409672458372,1.56801366853e-65
262.7,0.628698013861,0.333137001271,0.409663845539,1.48340526586e-65
262.8,0.628715873929,0.333118576402,0.40965436869,1.403361926e-65
262.9,0.628733509684,0.333100833481,0.409644058218,1.32763732896e-65
263,0.628750873967,0.333083817583,0.409632946649,1.25599844874e-65
263.1,0.628767920604,0.333067571557,0.409621068539,1.18822483552e-65
263.2,0.628784604526,0.333052135924,0.409608460371,1.12410793667e-65
263.3,0.628800881889,0.333037548776,0.40959516044,1.0634504544e-65
263.4,0.628816710186,0.333023845691,0.409581208743,1.00606573819e-65
263.5,0.628832048355,0.33301105964,0.409566646856,9.51777209872e-66
263.6,0.628846856886,0.332999220919,0.409551517813,9.00417819969e-66
263.7,0.628861097923,0.332988357078,0.409535865982,8.51829533234e-66
263.8,0.628874735352,0.33297849286,0.40951973693,8.05862842065e-66
263.9,0.628887734899,0.332969650148,0.4095031773,7.62376306165e-66
264,0.628900064208,0.332961847923,0.409486234671,7.21236117083e-66
264.1,0.628911692923,0.332955102224,0.409468957422,6.82315686262e-66
264.2,0.628922592759,0.332949426122,0.409451394602,6.45495255335e-66
264.3,0.628932737569,0.332944829701,0.409433595782,6.1066152748e-66
264.4,0.628942103404,0.332941320044,0.409415610926,5.77707318666e-66
264.5,0.628950668571,0.332938901231,0.409397490246,5.46531227748e-66
264.6,0.628958413673,0.33293757434,0.409379284063,5.17037324367e-66
264.7,0.628965321657,0.332937337466,0.409361042674,4.89134853706e-66
264.8,0.628971377847,0.332938185735,0.409342816208,4.62737957192e-66
264.9,0.62897656997,0.332940111337,0.409324654494,4.37765408274e-66
265,0.628980888179,0.332943103561,0.409306606925,4.1414036247e-66
265.1,0.628984325066,0.332947148838,0.409288722325,3.91790120907e-66
265.2,0.628986875674,0.332952230791,0.409271048818,3.70645906632e-66
265.3,0.62898853749,0.3329583303,0.409253633703,3.50642652992e-66
265.4,0.628989310451,0.332965425562,0.409236523327,3.31718803446e-66
265.5,0.628989196919,0.332973492163,0.409219762961,3.13816122176e-66
265.6,0.628988201672,0.332982503164,0.40920339669,2.96879514929e-66
265.7,0.628986331875,0.33299242918,0.409187467288,2.80856859525e-66
265.8,0.628983597049,0.333003238478,0.40917201612,2.65698845512e-66
265.9,0.628980009032,0.333014897069,0.409157083025,2.51358822481e-66
266,0.628975581936,0.333027368815,0.409142706225,2.37792656562e-66
266.1,0.628970332099,0.33304061554,0.409128922224,2.24958594667e-66
266.2,0.628964278025,0.33305459714,0.409115765718,2.12817136061e-66
266.3,0.628957440326,0.333069271701,0.409103269511,2.01330910859e-66
266.4,0.628949841655,0.333084595628,0.409091464437,1.90464565085e-66
266.5,0.628941506631,0.333100523766,0.409080379281,1.80184651928e-66
266.6,0.628932461767,0.333117009531,0.409070040716,1.7045952887e-66
266.7,0.628922735382,0.333134005047,0.40906047324,1.6125926036e-66
266.8,0.628912357522,0.333151461281,0.409051699121,1.52555525746e-66
266.9,0.628901359861,0.333169328181,0.409043738343,1.44321532162e-66
267,0.628889775613,0.333187554819,0.409036608573,1.36531932128e-66
267.1,0.628877639433,0.333206089535,0.409030325113,1.2916274559e-66
267.2,0.628864987309,0.333224880077,0.409024900881,1.22191286158e-66
267.3,0.628851856467,0.333243873752,0.40902034638,1.15596091337e-66
267.4,0.628838285252,0.333263017568,0.409016669687,1.0935685651e-66
267.5,0.628824313029,0.333282258381,0.409013876439,1.03454372488e-66
267.6,0.62880998006,0.333301543042,0.409011969834,9.7870466425e-67
267.7,0.628795327396,0.333320818542,0.40901095063,9.25879459226e-67
267.8,0.628780396761,0.333340032153,0.409010817159,8.75905461465e-67
267.9,0.62876523043,0.333359131577,0.409011565343,8.28628797979e-67
268,0.628749871113,0.333378065081,0.409013188713,7.83903897811e-67
268.1,0.628734361838,0.33339678164,0.409015678445,7.41593044247e-67
268.2,0.628718745828,0.333415231068,0.40901902339,7.01565951173e-67
268.3,0.628703066386,0.333433364161,0.40902321012,6.63699362284e-67
268.4,0.628687366772,0.333451132815,0.409028222971,6.278766719e-67
268.5,0.628671690087,0.333468490163,0.409034044103,5.93987566233e-67
268.6,0.628656079154,0.333485390691,0.409040653552,5.61927684004e-67
268.7,0.628640576405,0.333501790361,0.409048029301,5.31598295355e-67
268.8,0.628625223764,0.333517646719,0.409056147347,5.0290599808e-67
268.9,0.628610062535,0.33353291901,0.409064981775,4.75762430233e-67
269,0.628595133295,0.333547568279,0.409074504843,4.50083998241e-67
269.1,0.62858047578,0.333561557469,0.409084687057,4.25791619672e-67
269.2,0.628566128787,0.333574851515,0.409095497273,4.02810479875e-67
269.3,0.628552130069,0.333587417429,0.409106902776,3.81069801748e-67
269.4,0.628538516235,0.333599224384,0.409118869389,3.60502627917e-67
269.5,0.628525322658,0.333610243784,0.409131361566,3.41045614664e-67
269.6,0.628512583385,0.333620449335,0.409144342495,3.22638836963e-67
269.7,0.628500331045,0.333629817107,0.409157774213,3.05225604041e-67
269.8,0.628488596773,0.333638325586,0.409171617704,2.88752284871e-67
269.9,0.628477410128,0.333645955722,0.409185833019,2.73168143086e-67
270,0.628466799017,0.33365269097,0.409200379387,2.58425180797e-67
270.1,0.628456789636,0.333658517326,0.409215215331,2.44477990823e-67
270.2,0.628447406395,0.333663423348,0.409230298781,2.31283616907e-67
270.3,0.628438671869,0.333667400178,0.4092455872,2.18801421455e-67
270.4,0.62843060674,0.333670441555,0.409261037693,2.06992960418e-67
270.5,0.628423229751,0.333672543819,0.409276607134,1.95821864923e-67
270.6,0.628416557666,0.333673705903,0.409292252283,1.85253729281e-67
270.7,0.62841060523,0.333673929334,0.409307929902,1.75256005044e-67
270.8,0.628405385142,0.333673218203,0.409323596878,1.65797900772e-67
270.9,0.628400908029,0.333671579154,0.409339210338,1.56850287207e-67
271,0.628397182425,0.333669021342,0.409354727764,1.48385607564e-67
271.1,0.628394214764,0.333665556403,0.409370107112,1.40377792662e-67
271.2,0.628392009367,0.333661198404,0.409385306923,1.32802180631e-67
271.3,0.628390568441,0.333655963797,0.409400286434,1.25635440949e-67
271.4,0.628389892089,0.333649871357,0.409415005685,1.18855502587e-67
271.5,0.628389978314,0.333642942124,0.409429425628,1.12441486019e-67
271.6,0.628390823038,0.333635199326,0.409443508228,1.06373638907e-67
271.7,0.628392420123,0.333626668312,0.409457216562,1.00633275254e-67
271.8,0.628394761401,0.333617376467,0.409470514918,9.52027178455e-68
271.9,0.628397836701,0.333607353125,0.409483368883,9.00652437852e-68
272,0.628401633892,0.333596629481,0.409495745436,8.52050329834e-68
272.1,0.628406138925,0.333585238496,0.409507613028,8.06071194163e-68
272.2,0.628411335878,0.333573214794,0.409518941664,7.6257345019e-68
272.3,0.628417207016,0.33356059456,0.409529702976,7.2142316066e-68
272.4,0.628423732843,0.333547415433,0.409539870295,6.82493619069e-68
272.5,0.628430892165,0.333533716393,0.409549418717,6.45664959278e-68
272.6,0.628438662161,0.333519537647,0.409558325158,6.10823786212e-68
272.7,0.62844701845,0.333504920514,0.409566568414,5.77862826486e-68
272.8,0.628455935167,0.333489907304,0.409574129207,5.46680597886e-68
272.9,0.628465385041,0.333474541196,0.409580990229,5.17181096705e-68
273,0.628475339481,0.333458866115,0.40958713618,4.89273501942e-68
273.1,0.628485768653,0.333442926609,0.409592553801,4.6287189548e-68
273.2,0.628496641577,0.333426767719,0.409597231898,4.37894997368e-68
273.3,0.628507926213,0.333410434859,0.409601161366,4.14265915392e-68
273.4,0.628519589556,0.333393973682,0.4096043352,3.91911908168e-68
273.5,0.628531597729,0.333377429961,0.409606748507,3.70764161026e-68
273.6,0.628543916084,0.333360849455,0.409608398503,3.50757573998e-68
273.7,0.6285565093,0.333344277788,0.409609284519,3.31830561244e-68
273.8,0.628569341481,0.333327760327,0.409609407984,3.13924861317e-68
273.9,0.62858237626,0.33331134205,0.409608772415,2.96985357671e-68
274,0.628595576899,0.333295067436,0.409607383394,2.80959908855e-68
274.1,0.628608906395,0.333278980334,0.409605248543,2.65799187885e-68
274.2,0.62862232758,0.333263123858,0.409602377495,2.51456530281e-68
274.3,0.628635803222,0.333247540262,0.409598781852,2.3788779032e-68
274.4,0.628649296132,0.333232270836,0.409594475148,2.2505120504e-68
274.5,0.628662769264,0.333217355795,0.409589472799,2.12907265597e-68
274.6,0.628676185812,0.333202834176,0.409583792051,2.01418595565e-68
274.7,0.628689509317,0.333188743737,0.409577451925,1.90549835806e-68
274.8,0.628702703756,0.333175120857,0.409570473152,1.80267535564e-68
274.9,0.628715733647,0.333162000451,0.409562878111,1.70540049433e-68
275,0.628728564138,0.333149415875,0.409554690756,1.61337439891e-68
275.1,0.6287411611,0.333137398848,0.409545936543,1.52631385103e-68
275.2,0.628753491219,0.333125979373,0.409536642353,1.44395091692e-68
275.3,0.628765522081,0.33311518566,0.409526836409,1.36603212232e-68
275.4,0.628777222255,0.333105044066,0.409516548194,1.29231767187e-68
275.5,0.628788561378,0.333095579024,0.409505808359,1.22258071075e-68
275.6,0.628799510228,0.333086812994,0.409494648637,1.15660662609e-68
275.7,0.6288100408,0.333078766408,0.409483101749,1.09419238617e-68
275.8,0.628820126378,0.333071457626,0.409471201309,1.03514591529e-68
275.9,0.628829741598,0.333064902895,0.409458981726,9.79285502408e-69
276,0.628838862515,0.333059116319,0.409446478106,9.26439241675e-69
276.1,0.628847466657,0.333054109828,0.409433726152,8.76444503208e-69
276.2,0.62885553308,0.333049893162,0.409420762065,8.29147432437e-69
276.3,0.628863042418,0.333046473849,0.409407622439,7.84402476478e-69
276.4,0.628869976928,0.333043857202,0.409394344159,7.42071936082e-69
276.5,0.628876320532,0.33304204631,0.409380964303,7.0202554178e-69
276.6,0.628882058848,0.333041042048,0.409367520032,6.64140052903e-69
276.7,0.628887179224,0.333040843081,0.409354048494,6.28298878263e-69
276.8,0.628891670763,0.33304144588,0.409340586719,5.94391717305e-69
276.9,0.628895524344,0.333042844744,0.409327171521,5.62314220634e-69
277,0.628898732637,0.333045031824,0.409313839395,5.3196766887e-69
277.1,0.628901290115,0.33304799716,0.409300626422,5.03258668843e-69
277.2,0.62890319306,0.333051728714,0.40928756817,4.76098866184e-69
277.3,0.628904439564,0.333056212416,0.409274699602,4.50404673427e-69
277.4,0.628905029523,0.333061432211,0.40926205498,4.26097012804e-69
277.5,0.628904964631,0.333067370116,0.40924966778,4.03101072902e-69
277.6,0.628904248366,0.333074006274,0.4092375706,3.81346078473e-69
277.7,0.628902885969,0.33308131902,0.409225795078,3.60765072658e-69
277.8,0.628900884424,0.333089284951,0.40921437181,3.41294710971e-69
277.9,0.628898252426,0.333097878993,0.409203330272,3.22875066396e-69
278,0.628895000355,0.333107074485,0.409192698744,3.05449445009e-69
278.1,0.628891140232,0.333116843253,0.409182504243,2.88964211549e-69
278.2,0.628886685684,0.333127155696,0.40917277245,2.73368624396e-69
278.3,0.628881651894,0.333137980877,0.409163527652,2.58614679466e-69
278.4,0.628876055554,0.33314928661,0.409154792679,2.44656962519e-69
278.5,0.628869914815,0.333161039555,0.409146588853,2.31452509444e-69
278.6,0.628863249221,0.333173205318,0.409138935934,2.18960674079e-69
278.7,0.628856079659,0.333185748542,0.409131852076,2.07143003163e-69
278.8,0.628848428289,0.333198633018,0.409125353785,1.9596311804e-69
278.9,0.628840318479,0.33321182178,0.409119455884,1.85386602738e-69
279,0.628831774733,0.333225277213,0.409114171479,1.75380898093e-69
279.1,0.628822822623,0.333238961161,0.409109511932,1.65915201585e-69
279.2,0.628813488708,0.333252835028,0.409105486843,1.5696037257e-69
279.3,0.628803800462,0.333266859891,0.409102104024,1.48488842636e-69
279.4,0.62879378619,0.333280996605,0.409099369499,1.40474530787e-69
279.5,0.628783474948,0.333295205912,0.409097287483,1.32892763204e-69
279.6,0.62877289646,0.333309448549,0.409095860391,1.2572019734e-69
279.7,0.628762081036,0.333323685355,0.409095088835,1.18934750099e-69
279.8,0.628751059479,0.333337877376,0.409094971631,1.125155299e-69
279.9,0.628739863006,0.333351985975,0.409095505812,1.064427724e-69
280,0.628728523156,0.333365972931,0.409096686647,1.00697779685e-69
280.1,0.628717071703,0.333379800546,0.409098507661,9.52628627413e-70
280.2,0.628705540569,0.333393431741,0.409100960659,9.01212870289e-70
280.3,0.628693961736,0.333406830159,0.409104035762,8.52572209938e-70
280.4,0.628682367154,0.33341996026,0.409107721437,8.06556873538e-70
280.5,0.62867078866,0.333432787411,0.40911200454,7.63025170135e-70
280.6,0.628659257887,0.333445277982,0.409116870361,7.21843054649e-70
280.7,0.62864780618,0.333457399428,0.409122302666,6.82883715398e-70
280.8,0.628636464511,0.333469120378,0.409128283755,6.46027183863e-70
280.9,0.628625263395,0.333480410713,0.409134794514,6.11159965505e-70
281,0.628614232812,0.333491241639,0.409141814476,5.78174690498e-70
281.1,0.628603402124,0.333501585767,0.409149321882,5.46969783293e-70
281.2,0.6285928,0.333511417177,0.409157293746,5.17449150009e-70
281.3,0.628582454337,0.33352071148,0.409165705928,4.89521882685e-70
281.4,0.628572392194,0.333529445883,0.4091745332,4.63101979481e-70
281.5,0.628562639714,0.33353759924,0.409183749324,4.38108079974e-70
281.6,0.628553222065,0.333545152102,0.409193327129,4.1446321473e-70
281.7,0.628544163369,0.333552086765,0.409203238585,3.9209456838e-70
281.8,0.628535486645,0.333558387306,0.409213454891,3.70933255484e-70
281.9,0.628527213748,0.333564039625,0.40922394655,3.50914108475e-70
282,0.628519365321,0.333569031465,0.40923468346,3.3197547705e-70
282.1,0.628511960737,0.333573352445,0.409245634993,3.14059038373e-70
282.2,0.628505018056,0.333576994076,0.409256770088,2.97109617523e-70
282.3,0.628498553983,0.333579949776,0.409268057331,2.81075017626e-70
282.4,0.628492583826,0.333582214877,0.409279465048,2.65905859148e-70
282.5,0.628487121464,0.333583786629,0.409290961391,2.51555427857e-70
282.6,0.628482179312,0.333584664201,0.409302514427,2.37979530994e-70
282.7,0.628477768299,0.33358484867,0.409314092224,2.25136361189e-70
282.8,0.628473897841,0.333584343009,0.409325662942,2.12986367734e-70
282.9,0.628470575828,0.333583152072,0.409337194914,2.01492134789e-70
283,0.628467808603,0.33358128257,0.409348656739,1.90618266166e-70
283.1,0.628465600959,0.333578743042,0.409360017362,1.80331276325e-70
283.2,0.62846395613,0.333575543823,0.409371246159,1.70599487253e-70
283.3,0.628462875789,0.333571697007,0.409382313019,1.61392930904e-70
283.4,0.628462360055,0.333567216406,0.409393188423,1.52683256909e-70
283.5,0.628462407499,0.3335621175,0.409403843525,1.44443645258e-70
283.6,0.628463015153,0.333556417391,0.409414250224,1.36648723702e-70
283.7,0.628464178528,0.333550134742,0.409424381241,1.292744896e-70
283.8,0.628465891637,0.333543289721,0.409434210188,1.22298236e-70
283.9,0.628468147014,0.333535903939,0.409443711635,1.1569848169e-70
284,0.628470935743,0.33352800038,0.409452861179,1.09454905041e-70
284.1,0.628474247492,0.333519603334,0.409461635502,1.03548281407e-70
284.2,0.628478070548,0.333510738319,0.409470012432,9.79604239129e-71
284.3,0.628482391854,0.333501432011,0.409477970998,9.26741274301e-71
284.4,0.628487197053,0.333491712159,0.409485491479,8.76731155826e-71
284.5,0.628492470537,0.333481607505,0.409492555458,8.29419906086e-71
284.6,0.628498195489,0.333471147702,0.40949914586,7.84661859305e-71
284.7,0.628504353942,0.333460363224,0.409505246995,7.42319212837e-71
284.8,0.628510926832,0.333449285282,0.409510844596,7.02261602687e-71
284.9,0.628517894055,0.33343794573,0.409515925845,6.6436570193e-71
285,0.628525234526,0.333426376978,0.40952047941,6.28514840815e-71
285.1,0.628532926248,0.333414611898,0.409524495461,5.94598647376e-71
285.2,0.62854094637,0.333402683735,0.409527965693,5.62512707438e-71
285.3,0.628549271256,0.333390626005,0.40953088334,5.32158242982e-71
285.4,0.628557876558,0.333378472412,0.409533243189,5.0344180787e-71
285.5,0.628566737281,0.333366256748,0.40953504158,4.76274999997e-71
285.6,0.628575827856,0.333354012802,0.409536276415,4.50574188982e-71
285.7,0.628585122217,0.333341774266,0.409536947152,4.2626025856e-71
285.8,0.628594593868,0.333329574646,0.4095370548,4.03258362884e-71
285.9,0.628604215966,0.333317447167,0.409536601908,3.8149769598e-71
286,0.62861396139,0.333305424687,0.409535592551,3.6091127365e-71
286.1,0.628623802818,0.333293539606,0.409534032307,3.41435727154e-71
286.2,0.628633712807,0.333281823782,0.409531928241,3.23011108023e-71
286.3,0.628643663862,0.333270308446,0.409529288872,3.05580703422e-71
286.4,0.628653628518,0.333259024117,0.409526124145,2.89090861466e-71
286.5,0.628663579411,0.333248000525,0.409522445395,2.73490825987e-71
286.6,0.628673489354,0.333237266536,0.409518265309,2.58732580202e-71
286.7,0.628683331411,0.333226850071,0.409513597888,2.44770698841e-71
286.8,0.628693078968,0.333216778039,0.409508458392,2.3156220824e-71
286.9,0.628702705806,0.333207076268,0.409502863305,2.19066454008e-71
287,0.62871218617,0.33319776944,0.40949683027,2.07244975821e-71
287.1,0.628721494836,0.33318888103,0.409490378045,1.96061388986e-71
287.2,0.628730607178,0.333180433246,0.40948352644,1.85481272402e-71
287.3,0.628739499234,0.333172446975,0.409476296258,1.75472062561e-71
287.4,0.628748147767,0.333164941738,0.409468709236,1.66002953278e-71
287.5,0.628756530324,0.333157935635,0.409460787976,1.5704480084e-71
287.6,0.628764625295,0.333151445311,0.40945255588,1.48570034261e-71
287.7,0.628772411966,0.333145485914,0.409444037083,1.40552570401e-71
287.8,0.628779870573,0.333140071062,0.409435256384,1.32967733653e-71
287.9,0.62878698235,0.333135212812,0.409426239169,1.25792179974e-71
288,0.628793729576,0.333130921641,0.409417011344,1.19003825016e-71
288.1,0.628800095618,0.333127206418,0.40940759926,1.12581776136e-71
288.2,0.628806064971,0.333124074392,0.409398029636,1.06506268076e-71
288.3,0.628811623293,0.333121531183,0.409388329486,1.00758602122e-71
288.4,0.628816757441,0.33311958077,0.409378526044,9.5321088536e-72
288.5,0.628821455499,0.333118225491,0.409368646687,9.01769921074e-72
288.6,0.628825706806,0.333117466044,0.409358718857,8.53104806367e-72
288.7,0.628829501976,0.333117301496,0.409348769993,8.07065762035e-72
288.8,0.628832832921,0.333117729292,0.409338827447,7.63511090637e-72
288.9,0.628835692862,0.33311874527,0.409328918415,7.22306740364e-72
289,0.628838076346,0.33312034368,0.409319069861,6.83325892444e-72
289.1,0.62883997925,0.333122517209,0.409309308446,6.46448570824e-72
289.2,0.628841398786,0.333125257011,0.409299660457,6.11561272919e-72
289.3,0.628842333507,0.333128552734,0.409290151735,5.78556620293e-72
289.4,0.628842783295,0.333132392557,0.409280807607,5.47333028195e-72
289.5,0.628842749364,0.333136763236,0.409271652822,5.17794392928e-72
289.6,0.628842234243,0.333141650136,0.409262711481,4.89849796103e-72
289.7,0.628841241767,0.33314703729,0.409254006982,4.63413224839e-72
289.8,0.628839777056,0.333152907438,0.409245561952,4.38403307083e-72
289.9,0.6288378465,0.333159242091,0.409237398196,4.14743061196e-72
290,0.628835457728,0.333166021578,0.409229536635,3.9235965907e-72
290.1,0.628832619588,0.333173225114,0.40922199726,3.71184202019e-72
290.2,0.628829342111,0.333180830855,0.409214799076,3.51151508767e-72
290.3,0.628825636481,0.33318881597,0.409207960059,3.32199914878e-72
290.4,0.628821514998,0.3331971567,0.409201497112,3.14271083011e-72
290.5,0.628816991038,0.333205828436,0.409195426023,2.9730982341e-72
290.6,0.628812079012,0.333214805784,0.409189761427,2.81263924085e-72
290.7,0.62880679432,0.333224062641,0.409184516777,2.66083990153e-72
290.8,0.628801153306,0.33323357227,0.409179704303,2.51723291851e-72
290.9,0.628795173207,0.333243307374,0.409175334997,2.3813762075e-72
291,0.6287888721,0.333253240177,0.40917141858,2.2528515372e-72
291.1,0.628782268853,0.333263342499,0.409167963487,2.13126324249e-72
291.2,0.628775383066,0.333273585834,0.409164976848,2.01623700689e-72
291.3,0.628768235013,0.333283941435,0.409162464477,1.90741871086e-72
291.4,0.628760845585,0.333294380388,0.409160430859,1.80447334209e-72
291.5,0.62875323623,0.333304873695,0.40915887915,1.70708396472e-72
291.6,0.62874542889,0.333315392353,0.409157811172,1.61495074409e-72
291.7,0.628737445941,0.333325907433,0.409157227414,1.52779002409e-72
291.8,0.628729310125,0.333336390159,0.409157127038,1.44533345439e-72
291.9,0.628721044491,0.333346811985,0.409157507889,1.36732716461e-72
292,0.628712672328,0.333357144675,0.409158366506,1.29353098318e-72
292.1,0.628704217099,0.333367360376,0.409159698141,1.22371769823e-72
292.2,0.62869570238,0.333377431692,0.409161496772,1.15767235843e-72
292.3,0.628687151789,0.33338733176,0.409163755132,1.0951916115e-72
292.4,0.628678588925,0.333397034317,0.409166464735,1.03608307843e-72
292.5,0.628670037304,0.333406513772,0.409169615899,9.80164761464e-73
292.6,0.628661520292,0.333415745271,0.409173197785,9.27264483976e-73
292.7,0.628653061045,0.333424704765,0.409177198429,8.7721936061e-73
292.8,0.628644682444,0.333433369066,0.40918160478,8.29875295986e-73
292.9,0.628636407034,0.33344171591,0.409186402745,7.85086510441e-73
293,0.628628256966,0.333449724016,0.409191577227,7.42715091363e-73
293.1,0.628620253937,0.333457373134,0.409197112175,7.02630568726e-73
293.2,0.628612419131,0.333464644099,0.40920299063,6.64709513517e-73
293.3,0.628604773167,0.333471518879,0.409209194779,6.28835157835e-73
293.4,0.628597336043,0.333477980616,0.409215706007,5.94897035475e-73
293.5,0.628590127083,0.333484013668,0.409222504947,5.62790641907e-73
293.6,0.628583164892,0.333489603647,0.409229571546,5.32417112592e-73
293.7,0.628576467304,0.33349473745,0.409236885113,5.03682918656e-73
293.8,0.62857005134,0.333499403291,0.409244424386,4.7649957898e-73
293.9,0.628563933161,0.333503590726,0.409252167592,4.50783387821e-73
294,0.628558128034,0.333507290675,0.409260092504,4.26455157124e-73
294.1,0.628552650292,0.33351049544,0.409268176511,4.03439972744e-73
294.2,0.628547513296,0.333513198718,0.409276396677,3.81666963809e-73
294.3,0.628542729409,0.333515395615,0.409284729806,3.61069084535e-73
294.4,0.628538309962,0.33351708265,0.409293152511,3.41582907804e-73
294.5,0.628534265233,0.333518257757,0.409301641271,3.23148429884e-73
294.6,0.62853060442,0.333518920286,0.409310172505,3.05708885683e-73
294.7,0.628527335621,0.333519070996,0.40931872263,2.8921057397e-73
294.8,0.628524465822,0.333518712044,0.409327268129,2.73602692024e-73
294.9,0.628522000878,0.333517846978,0.409335785615,2.58837179209e-73
295,0.628519945507,0.333516480715,0.409344251893,2.44868568983e-73
295.1,0.628518303278,0.33351461952,0.409352644024,2.31653848898e-73
295.2,0.628517076611,0.333512270989,0.409360939387,2.19152328149e-73
295.3,0.628516266776,0.333509444013,0.409369115736,2.0732551227e-73
295.4,0.628515873893,0.333506148752,0.409377151265,1.96136984598e-73
295.5,0.628515896937,0.3335023966,0.409385024661,1.85552294121e-73
295.6,0.628516333751,0.333498200146,0.40939271516,1.75538849391e-73
295.7,0.628517181052,0.333493573135,0.409400202606,1.6606581815e-73
295.8,0.628518434452,0.333488530424,0.409407467498,1.57104032384e-73
295.9,0.628520088467,0.333483087934,0.409414491042,1.48625898488e-73
296,0.628522136548,0.333477262603,0.4094212552,1.40605312288e-73
296.1,0.628524571094,0.333471072333,0.409427742736,1.3301757865e-73
296.2,0.628527383487,0.333464535937,0.409433937258,1.25839335417e-73
296.3,0.628530564115,0.333457673081,0.409439823259,1.19048481464e-73
296.4,0.628534102405,0.333450504227,0.409445386156,1.12624108624e-73
296.5,0.628537986858,0.333443050571,0.409450612326,1.065464373e-73
296.6,0.628542205085,0.333435333986,0.409455489135,1.00796755541e-73
296.7,0.628546743842,0.33342737695,0.409460004973,9.53573614119e-74
296.8,0.628551589078,0.333419202489,0.409464149278,9.02115084735e-74
296.9,0.628556725968,0.333410834108,0.409467912558,8.53433542054e-74
297,0.628562138968,0.333402295721,0.409471286415,8.07379112107e-74
297.1,0.628567811852,0.33339361159,0.409474263563,7.63810010567e-74
297.2,0.628573727765,0.33338480625,0.409476837838,7.2259210606e-74
297.3,0.628579869273,0.333375904445,0.409479004212,6.83598507051e-74
297.4,0.62858621841,0.333366931054,0.409480758804,6.46709171031e-74
297.5,0.628592756733,0.333357911029,0.409482098879,6.11810534797e-74
297.6,0.628599465375,0.33334886932,0.409483022855,5.7879516469e-74
297.7,0.628606325096,0.333339830809,0.409483530297,5.47561425718e-74
297.8,0.628613316341,0.333330820244,0.409483621916,5.18013168535e-74
297.9,0.628620419294,0.333321862166,0.40948329956,4.9005943332e-74
298,0.628627613931,0.33331298085,0.409482566203,4.63614169642e-74
298.1,0.628634880082,0.333304200236,0.40948142593,4.38595971445e-74
298.2,0.628642197481,0.333295543864,0.409479883923,4.14927826345e-74
298.3,0.628649545825,0.333287034815,0.409477946438,3.92536878456e-74
298.4,0.628656904829,0.333278695648,0.409475620784,3.71354204022e-74
298.5,0.628664254281,0.33327054834,0.409472915299,3.51314599163e-74
298.6,0.6286715741,0.333262614232,0.409469839318,3.32356379074e-74
298.7,0.628678844386,0.333254913972,0.409466403145,3.14421188074e-74
298.8,0.628686045476,0.333247467459,0.409462618021,2.97453819899e-74
298.9,0.628693157995,0.3332402938,0.409458496083,2.81402047706e-74
299,0.628700162913,0.333233411253,0.409454050334,2.66216463247e-74
299.1,0.628707041586,0.333226837189,0.409449294596,2.51850324731e-74
299.2,0.628713775813,0.333220588044,0.40944424347,2.38259412899e-74
299.3,0.628720347881,0.333214679282,0.409438912293,2.25401894862e-74
299.4,0.628726740611,0.333209125355,0.409433317093,2.13238195298e-74
299.5,0.6287329374,0.33320393967,0.409427474537,2.01730874601e-74
299.6,0.628738922268,0.33319913456,0.409421401886,1.90844513604e-74
299.7,0.628744679895,0.333194721251,0.409415116946,1.80545604528e-74
299.8,0.628750195661,0.333190709841,0.40940863801,1.70802447823e-74
299.9,0.628755455684,0.333187109277,0.409401983812,1.61585054564e-74
300,0.628760446849,0.333183927336,0.40939517347,1.52865054136e-74
300.1,0.628765156847,0.333181170609,0.409388226431,1.44615606883e-74
300.2,0.628769574199,0.333178844492,0.409381162419,1.36811321487e-74
300.3,0.628773688285,0.333176953175,0.409374001376,1.29428176795e-74
300.4,0.628777489372,0.333175499636,0.40936676341,1.22443447881e-74
300.5,0.628780968628,0.333174485641,0.409359468735,1.15835636083e-74
300.6,0.628784118153,0.333173911746,0.409352137619,1.09584402827e-74
300.7,0.628786930983,0.333173777298,0.409344790325,1.03670507022e-74
300.8,0.628789401117,0.333174080447,0.409337447057,9.80757458281e-75
300.9,0.628791523518,0.333174818155,0.409330127907,9.27828986325e-75
301,0.628793294128,0.333175986209,0.409322852795,8.77756740389e-75
301.1,0.628794709873,0.333177579243,0.409315641422,8.30386597247e-75
301.2,0.628795768665,0.333179590753,0.409308513211,7.85572750027e-75
301.3,0.628796469404,0.333182013125,0.409301487262,7.43177259434e-75
301.4,0.628796811977,0.333184837658,0.409294582295,7.03069629198e-75
301.5,0.628796797249,0.333188054596,0.409287816604,6.65126404431e-75
301.6,0.628796427061,0.333191653159,0.40928120801,6.29230791668e-75
301.7,0.628795704218,0.333195621576,0.40927477381,5.95272299414e-75
301.8,0.628794632475,0.333199947124,0.409268530741,5.63146398082e-75
301.9,0.628793216524,0.333204616168,0.409262494926,5.32754198301e-75
302,0.628791461975,0.333209614199,0.409256681844,5.04002146566e-75
302.1,0.628789375336,0.333214925884,0.409251106282,4.76801737328e-75
302.2,0.628786963994,0.333220535107,0.409245782303,4.51069240617e-75
302.3,0.628784236186,0.33322642502,0.409240723213,4.26725444356e-75
302.4,0.628781200973,0.333232578088,0.409235941521,4.03695410597e-75
302.5,0.628777868213,0.333238976149,0.409231448918,3.81908244897e-75
302.6,0.62877424853,0.333245600457,0.409227256241,3.61296878145e-75
302.7,0.628770353278,0.333252431742,0.409223373455,3.41797860163e-75
302.8,0.628766194511,0.333259450264,0.409219809624,3.23351164445e-75
302.9,0.628761784942,0.33326663587,0.409216572895,3.05900003426e-75
303,0.628757137907,0.333273968049,0.409213670479,2.8939065373e-75
303.1,0.628752267327,0.333281425992,0.409211108634,2.73772290835e-75
303.2,0.628747187662,0.333288988648,0.409208892658,2.58996832669e-75
303.3,0.628741913874,0.333296634785,0.409207026873,2.45018791641e-75
303.4,0.628736461383,0.33330434305,0.409205514622,2.31795134655e-75
303.5,0.628730846018,0.333312092024,0.409204358266,2.19285150681e-75
303.6,0.628725083976,0.333319860283,0.409203559177,2.07450325464e-75
303.7,0.628719191775,0.333327626459,0.409203117745,1.96254223004e-75
303.8,0.628713186206,0.333335369293,0.409203033378,1.85662373418e-75
303.9,0.628707084286,0.333343067698,0.409203304513,1.75642166863e-75
304,0.628700903211,0.333350700812,0.409203928619,1.66162753175e-75
304.1,0.628694660308,0.333358248058,0.409204902213,1.57194946928e-75
304.2,0.628688372986,0.333365689192,0.409206220874,1.48711137609e-75
304.3,0.628682058688,0.333373004366,0.409207879257,1.40685204648e-75
304.4,0.628675734845,0.333380174173,0.409209871117,1.33092437021e-75
304.5,0.628669418825,0.333387179701,0.409212189325,1.25909457202e-75
304.6,0.628663127889,0.333394002582,0.409214825897,1.19114149211e-75
304.7,0.628656879143,0.333400625041,0.409217772017,1.12685590541e-75
304.8,0.62865068949,0.333407029938,0.409221018064,1.0660398777e-75
304.9,0.628644575588,0.333413200816,0.409224553647,1.00850615633e-75
305,0.628638553804,0.333419121942,0.409228367633,9.54077593855e-76
305.1,0.62863264017,0.333424778344,0.409232448183,9.02586602842e-76
305.2,0.628626850342,0.33343015585,0.409236782787,8.53874639965e-76
305.3,0.628621199558,0.333435241124,0.409241358303,8.07791718025e-76
305.4,0.628615702598,0.333440021697,0.409246160995,7.64195944255e-76
305.5,0.628610373748,0.333444485996,0.409251176572,7.22953083551e-76
305.6,0.628605226761,0.333448623375,0.409256390232,6.83936145256e-76
305.7,0.628600274822,0.333452424135,0.409261786707,6.47024992245e-76
305.8,0.628595530518,0.333455879549,0.409267350301,6.121059711e-76
305.9,0.628591005802,0.33345898188,0.40927306494,5.79071562229e-76
306,0.628586711965,0.333461724399,0.409278914218,5.47820048877e-76
306.1,0.62858265961,0.333464101396,0.409284881439,5.18255203977e-76
306.2,0.628578858624,0.33346610819,0.40929094967,4.90285993914e-76
306.3,0.628575318156,0.333467741142,0.409297101784,4.63826298256e-76
306.4,0.628572046596,0.333468997654,0.409303320509,4.38794644621e-76
306.5,0.628569051555,0.333469876173,0.40930958848,4.15113957835e-76
306.6,0.628566339846,0.333470376192,0.409315888279,3.92711322638e-76
306.7,0.628563917473,0.333470498242,0.409322202492,3.71517759181e-76
306.8,0.628561789617,0.33347024389,0.409328513748,3.51468010649e-76
306.9,0.628559960625,0.333469615726,0.409334804773,3.32500342327e-76
307,0.628558434004,0.333468617353,0.409341058436,3.14556351526e-76
307.1,0.628557212415,0.33346725337,0.40934725779,2.97580787754e-76
307.2,0.628556297669,0.333465529356,0.409353386125,2.81521382588e-76
307.3,0.628555690726,0.33346345185,0.409359427006,2.66328688737e-76
307.4,0.6285553917,0.333461028326,0.409365364322,2.51955927782e-76
307.5,0.628555399858,0.333458267171,0.409371182324,2.38358846132e-76
307.6,0.628555713631,0.333455177654,0.409376865672,2.25495578752e-76
307.7,0.628556330619,0.333451769897,0.409382399467,2.13326520254e-76
307.8,0.628557247605,0.333448054847,0.409387769298,2.0181420293e-76
307.9,0.628558460563,0.333444044235,0.409392961274,1.9092318138e-76
308,0.62855996468,0.333439750543,0.409397962062,1.80619923356e-76
308.1,0.628561754365,0.33343518697,0.409402758919,1.70872706503e-76
308.2,0.628563823277,0.333430367383,0.409407339724,1.61651520674e-76
308.3,0.628566164338,0.333425306285,0.409411693009,1.52927975507e-76
308.4,0.628568769764,0.333420018766,0.40941580799,1.44675213003e-76
308.5,0.628571631081,0.333414520459,0.409419674588,1.3686782481e-76
308.6,0.628574739161,0.333408827497,0.409423283455,1.29481773984e-76
308.7,0.628578084243,0.333402956466,0.409426625998,1.22494320957e-76
308.8,0.628581655968,0.333396924353,0.409429694396,1.15883953516e-76
308.9,0.628585443406,0.333390748503,0.40943248162,1.09630320552e-76
309,0.628589435094,0.333384446565,0.409434981448,1.03714169387e-76
309.1,0.628593619064,0.333378036446,0.409437188474,9.81172864845e-77
309.2,0.628597982884,0.333371536255,0.409439098125,9.28224413576e-77
309.3,0.628602513692,0.333364964259,0.409440706667,8.78133335097e-77
309.4,0.628607198232,0.333358338828,0.409442011206,8.30745422339e-77
309.5,0.628612022896,0.333351678384,0.409443009701,7.85914791249e-77
309.6,0.628616973759,0.333345001352,0.409443700959,7.43503431534e-77
309.7,0.628622036621,0.333338326109,0.409444084632,7.03380781653e-77
309.8,0.628627197048,0.333331670931,0.409444161223,6.65423326752e-77
309.9,0.628632440412,0.33332505395,0.409443932069,6.29514218306e-77
310,0.62863775193,0.333318493098,0.409443399342,5.95542914286e-77
310.1,0.628643116709,0.333312006063,0.409442566034,5.63404838752e-77
310.2,0.628648519784,0.333305610239,0.409441435945,5.3300105982e-77
310.3,0.628653946162,0.333299322685,0.409440013672,5.04237985018e-77
310.4,0.628659380862,0.333293160072,0.409438304587,4.77027073075e-77
310.5,0.628664808955,0.333287138648,0.409436314823,4.51284561283e-77
310.6,0.628670215606,0.33328127419,0.40943405125,4.26931207562e-77
310.7,0.628675586116,0.333275581962,0.409431521455,4.0389204646e-77
310.8,0.628680905956,0.333270076684,0.409428733714,3.82096158313e-77
310.9,0.628686160811,0.333264772484,0.409425696972,3.61476450881e-77
311,0.628691336617,0.333259682871,0.409422420807,3.41969452754e-77
311.1,0.628696419597,0.333254820696,0.409418915407,3.23515117923e-77
311.2,0.628701396299,0.333250198121,0.409415191536,3.060566409e-77
311.3,0.628706253627,0.333245826593,0.409411260502,2.89540281808e-77
311.4,0.628710978882,0.333241716812,0.409407134123,2.73915200923e-77
311.5,0.62871555979,0.333237878705,0.409402824693,2.59133302146e-77
311.6,0.628719984532,0.333234321408,0.409398344943,2.45149084918e-77
311.7,0.628724241779,0.333231053241,0.40939370801,2.31919504136e-77
311.8,0.628728320718,0.333228081689,0.409388927391,2.19403837628e-77
311.9,0.628732211076,0.333225413389,0.40938401691,2.07563560782e-77
312,0.628735903153,0.333223054113,0.409378990675,1.96362227939e-77
312.1,0.628739387837,0.333221008758,0.409373863042,1.85765360198e-77
312.2,0.628742656631,0.333219281339,0.409368648569,1.75740339263e-77
312.3,0.628745701673,0.333217874977,0.409363361979,1.66256307034e-77
312.4,0.628748515754,0.333216791902,0.409358018118,1.57284070609e-77
312.5,0.628751092331,0.333216033446,0.409352631913,1.48796012416e-77
312.6,0.628753425546,0.333215600047,0.40934721833,1.40766005196e-77
312.7,0.628755510237,0.33321549125,0.409341792336,1.33169331577e-77
312.8,0.62875734195,0.333215705716,0.409336368854,1.25982607987e-77
312.9,0.628758916942,0.333216241227,0.409330962726,1.19183712671e-77
313,0.628760232196,0.333217094697,0.409325588668,1.12751717599e-77
313.1,0.628761285419,0.333218262186,0.409320261237,1.06666824047e-77
313.2,0.628762075048,0.333219738917,0.409314994786,1.00910301652e-77
313.3,0.628762600248,0.333221519287,0.40930980343,9.54644307627e-78
313.4,0.628762860915,0.333223596893,0.409304701003,9.0312447892e-78
313.5,0.628762857667,0.333225964551,0.40929970103,8.54384941248e-78
313.6,0.628762591842,0.333228614318,0.409294816684,8.08275663022e-78
313.7,0.628762065492,0.333231537519,0.409290060755,7.64654708434e-78
313.8,0.62876128137,0.333234724776,0.409285445617,7.23387800591e-78
313.9,0.628760242922,0.333238166035,0.409280983195,6.84347908234e-78
314,0.628758954272,0.333241850596,0.409276684937,6.4741485475e-78
314.1,0.628757420208,0.333245767149,0.409272561782,6.12474948291e-78
314.2,0.628755646168,0.333249903805,0.409268624136,5.79420631858e-78
314.3,0.628753638218,0.333254248132,0.409264881843,5.48150152257e-78
314.4,0.628751403033,0.333258787192,0.409261344162,5.18567246934e-78
314.5,0.628748947879,0.333263507579,0.409258019748,4.90580847696e-78
314.6,0.628746280586,0.333268395459,0.409254916625,4.64104800434e-78
314.7,0.628743409526,0.333273436606,0.409252042174,4.39057599958e-78
314.8,0.628740343587,0.33327861645,0.409249403111,4.15362139153e-78
314.9,0.628737092146,0.333283920109,0.409247005474,3.92945471658e-78
315,0.62873366504,0.333289332442,0.40924485461,3.71738587366e-78
315.1,0.628730072538,0.333294838081,0.409242955165,3.51676200026e-78
315.2,0.628726325312,0.333300421483,0.40924131107,3.3269654631e-78
315.3,0.628722434401,0.333306066969,0.409239925541,3.14741195726e-78
315.4,0.628718411185,0.333311758768,0.409238801069,2.97754870783e-78
315.5,0.628714267346,0.33331748106,0.409237939417,2.81685276862e-78
315.6,0.628710014842,0.333323218022,0.409237341621,2.66482941268e-78
315.7,0.628705665864,0.333328953868,0.40923700799,2.52101060962e-78
315.8,0.628701232808,0.333334672897,0.409236938107,2.38495358513e-78
315.9,0.62869672824,0.33334035953,0.409237130837,2.25623945823e-78
316,0.628692164856,0.333345998354,0.40923758433,2.13447195201e-78
316.1,0.628687555449,0.333351574165,0.409238296033,2.01927617397e-78
316.2,0.628682912877,0.333357072007,0.4092392627,1.91029746215e-78
316.3,0.628678250022,0.333362477213,0.409240480402,1.8072002935e-78
316.4,0.628673579758,0.333367775441,0.409241944543,1.70966725122e-78
316.5,0.628668914912,0.333372952716,0.409243649874,1.61739804772e-78
316.6,0.628664268237,0.333377995462,0.409245590516,1.53010860038e-78
316.7,0.628659652367,0.33338289054,0.409247759971,1.4475301571e-78
316.8,0.628655079791,0.333387625282,0.409250151151,1.36940846913e-78
316.9,0.628650562816,0.333392187521,0.409252756393,1.29550300842e-78
317,0.628646113537,0.333396565623,0.40925556749,1.22558622728e-78
317.1,0.628641743799,0.33340074852,0.40925857571,1.15944285795e-78
317.2,0.628637465172,0.33340472573,0.409261771825,1.09686924994e-78
317.3,0.628633288919,0.333408487388,0.409265146141,1.03767274322e-78
317.4,0.628629225964,0.333412024272,0.409268688522,9.81671075055e-79
317.5,0.628625286868,0.333415327818,0.409272388424,9.2869181905e-79
317.6,0.628621481798,0.333418390147,0.409276234924,8.78571854293e-79
317.7,0.628617820504,0.333421204078,0.409280216753,8.3115686324e-79
317.8,0.628614312292,0.333423763149,0.409284322326,7.86300856644e-79
317.9,0.628610966003,0.333426061629,0.409288539779,7.43865724142e-79
318,0.628607789988,0.333428094527,0.409292856999,7.03720809073e-79
318.1,0.628604792093,0.333429857608,0.409297261661,6.6574250625e-79
318.2,0.628601979632,0.333431347397,0.409301741264,6.29813881428e-79
318.3,0.628599359379,0.333432561184,0.409306283161,5.95824311306e-79
318.4,0.628596937544,0.333433497031,0.4093108746,5.63669142956e-79
318.5,0.628594719763,0.333434153772,0.409315502755,5.3324937162e-79
318.6,0.628592711086,0.333434531009,0.409320154766,5.04471335907e-79
318.7,0.628590915961,0.333434629115,0.409324817769,4.77246429421e-79
318.8,0.628589338233,0.333434449226,0.409329478938,4.51490827964e-79
318.9,0.628587981129,0.333433993233,0.409334125511,4.27125231443e-79
319,0.628586847257,0.333433263776,0.409338744835,4.04074619722e-79
319.1,0.628585938598,0.333432264229,0.409343324391,3.8226802163e-79
319.2,0.628585256508,0.333430998694,0.409347851833,3.6163829645e-79
319.3,0.628584801714,0.333429471976,0.409352315021,3.42121927186e-79
319.4,0.628584574319,0.333427689575,0.409356702049,3.23658824997e-79
319.5,0.628584573798,0.333425657665,0.409361001281,3.06192144172e-79
319.6,0.628584799011,0.333423383071,0.409365201379,2.89668107103e-79
319.7,0.628585248204,0.333420873248,0.409369291335,2.74035838694e-79
319.8,0.628585919016,0.333418136261,0.409373260496,2.59247209706e-79
319.9,0.628586808495,0.333415180756,0.409377098594,2.45256688564e-79
320,0.6285879131,0.333412015934,0.409380795772,2.32021201152e-79
320.1,0.628589228722,0.333408651522,0.409384342608,2.19499998179e-79
320.2,0.628590750693,0.333405097748,0.409387730141,2.07654529703e-79
320.3,0.628592473802,0.333401365304,0.409390949889,1.96448326426e-79
320.4,0.628594392315,0.33339746532,0.409393993874,1.85846887394e-79
320.5,0.628596499992,0.333393409329,0.40939685464,1.75817573759e-79
320.6,0.628598790104,0.333389209232,0.409399525269,1.66329508276e-79
320.7,0.628601255457,0.333384877264,0.4094019994,1.57353480222e-79
320.8,0.628603888414,0.333380425962,0.409404271244,1.48861855444e-79
320.9,0.628606680917,0.333375868124,0.409406335592,1.4082849127e-79
321,0.628609624511,0.333371216777,0.409408187834,1.33228656005e-79
321.1,0.628612710369,0.333366485137,0.409409823962,1.26038952774e-79
321.2,0.628615929322,0.333361686573,0.409411240581,1.19237247474e-79
321.3,0.628619271879,0.33335683457,0.409412434915,1.12802600621e-79
321.4,0.62862272826,0.333351942691,0.409413404812,1.06715202867e-79
321.5,0.628626288422,0.33334702454,0.409414148744,1.00956314002e-79
321.6,0.628629942091,0.333342093722,0.409414665813,9.55082052499e-80
321.7,0.628633678784,0.333337163809,0.409414955744,9.03541046725e-80
321.8,0.628637487848,0.333332248303,0.409415018889,8.54781455276e-80
321.9,0.628641358483,0.333327360595,0.409414856219,8.08653174103e-80
322,0.628645279776,0.333322513933,0.409414469318,7.65014200326e-80
322.1,0.62864924073,0.333317721387,0.409413860378,7.23730194977e-80
322.2,0.628653230294,0.333312995809,0.409413032186,6.84674069346e-80
322.3,0.628657237398,0.333308349805,0.40941198812,6.47725593653e-80
322.4,0.628661250975,0.333303795698,0.409410732129,6.1277102684e-80
322.5,0.628665260001,0.333299345496,0.409409268725,5.79702766356e-80
322.6,0.628669253516,0.333295010864,0.409407602964,5.48419016832e-80
322.7,0.628673220661,0.333290803088,0.409405740432,5.18823476649e-80
322.8,0.628677150702,0.333286733051,0.409403687226,4.90825041422e-80
322.9,0.628681033063,0.333282811203,0.409401449934,4.64337523488e-80
323,0.62868485735,0.333279047536,0.409399035617,4.39279386538e-80
323.1,0.628688613382,0.333275451556,0.409396451782,4.1557349457e-80
323.2,0.628692291217,0.333272032265,0.409393706365,3.93146874392e-80
323.3,0.628695881174,0.333268798133,0.409390807705,3.71930490953e-80
323.4,0.628699373866,0.333265757079,0.409387764517,3.51859034787e-80
323.5,0.628702760217,0.333262916457,0.409384585867,3.32870720943e-80
323.6,0.628706031489,0.333260283031,0.40938128115,3.1490709876e-80
323.7,0.628709179303,0.333257862966,0.409377860055,2.97912871917e-80
323.8,0.628712195662,0.333255661811,0.409374332542,2.81835728186e-80
323.9,0.628715072966,0.333253684487,0.409370708812,2.66626178386e-80
324,0.628717804037,0.333251935279,0.409366999278,2.52237404021e-80
324.1,0.628720382134,0.333250417822,0.409363214536,2.38625113144e-80
324.2,0.628722800967,0.333249135104,0.409359365332,2.25747404004e-80
324.3,0.628725054715,0.33324808945,0.409355462536,2.13564636051e-80
324.4,0.628727138037,0.333247282527,0.40935151711,2.020393079e-80
324.5,0.628729046089,0.333246715339,0.409347540075,1.91135941887e-80
324.6,0.628730774528,0.333246388231,0.409343542484,1.80820974853e-80
324.7,0.628732319527,0.333246300886,0.40933953539,1.71062654827e-80
324.8,0.628733677778,0.333246452335,0.409335529817,1.61830943276e-80
324.9,0.628734846505,0.333246840957,0.409331536727,1.53097422643e-80
325,0.62873582346,0.333247464495,0.409327566994,1.44835208864e-80
325.1,0.628736606936,0.333248320055,0.409323631371,1.37018868619e-80
325.2,0.628737195761,0.333249404127,0.409319740465,1.29624341035e-80
325.3,0.628737589305,0.33325071259,0.409315904706,1.22628863628e-80
325.4,0.628737787474,0.333252240732,0.409312134319,1.16010902231e-80
325.5,0.628737790708,0.333253983261,0.4093084393,1.09750084714e-80
325.6,0.628737599982,0.333255934328,0.409304829388,1.03827138272e-80
325.7,0.628737216795,0.33325808754,0.409301314037,9.82238301021e-81
325.8,0.628736643166,0.333260435984,0.409297902397,9.29229112844e-81
325.9,0.628735881624,0.333262972248,0.409294603288,8.79080636853e-81
326,0.628734935202,0.33326568844,0.409291425174,8.31638497318e-81
326.1,0.628733807423,0.33326857622,0.409288376148,7.8675664894e-81
326.2,0.628732502289,0.333271626817,0.409285463907,7.44296927319e-81
326.3,0.628731024267,0.333274831059,0.409282695736,7.04128623691e-81
326.4,0.628729378274,0.3332781794,0.409280078489,6.66128082605e-81
326.5,0.628727569665,0.333281661946,0.409277618569,6.3017832132e-81
326.6,0.628725604212,0.333285268487,0.409275321919,5.96168669734e-81
326.7,0.628723488086,0.333288988525,0.409273194005,5.6399442975e-81
326.8,0.628721227841,0.333292811301,0.409271239802,5.33556553019e-81
326.9,0.628718830393,0.333296725832,0.409269463786,5.04761336075e-81
327,0.628716302998,0.333300720938,0.409267869921,4.77520131923e-81
327.1,0.628713653233,0.333304785272,0.409266461653,4.51749077191e-81
327.2,0.628710888969,0.333308907358,0.409265241903,4.27368833998e-81
327.3,0.628708018354,0.333313075617,0.409264213061,4.04304345761e-81
327.4,0.628705049784,0.333317278401,0.409263376983,3.82484606176e-81
327.5,0.628701991884,0.333321504028,0.409262734987,3.61842440659e-81
327.6,0.628698853477,0.33332574081,0.409262287853,3.4231429959e-81
327.7,0.628695643564,0.333329977088,0.409262035824,3.23840062705e-81
327.8,0.628692371297,0.333334201262,0.409261978609,3.06362854051e-81
327.9,0.628689045951,0.333338401825,0.409262115384,2.89828866917e-81
328,0.628685676902,0.333342567389,0.409262444797,2.74187198223e-81
328.1,0.628682273596,0.333346686721,0.409262964977,2.59389691833e-81
328.2,0.628678845528,0.33335074877,0.409263673541,2.45390790329e-81
328.3,0.628675402211,0.333354742698,0.4092645676,2.32147394787e-81
328.4,0.628671953154,0.333358657908,0.409265643772,2.19618732109e-81
328.5,0.628668507832,0.33336248407,0.409266898196,2.07766229523e-81
328.6,0.628665075664,0.333366211151,0.40926832654,1.96553395851e-81
328.7,0.628661665984,0.333369829439,0.409269924018,1.85945709181e-81
328.8,0.628658288019,0.333373329568,0.409271685406,1.75910510604e-81
328.9,0.628654950861,0.333376702545,0.409273605055,1.66416903683e-81
329,0.628651663447,0.333379939767,0.409275676914,1.5743565935e-81
329.1,0.628648434531,0.333383033048,0.409277894544,1.48939125923e-81
329.2,0.628645272663,0.333385974637,0.40928025114,1.40901143998e-81
329.3,0.628642186167,0.333388757238,0.409282739549,1.33296965911e-81
329.4,0.628639183118,0.333391374025,0.409285352294,1.26103179564e-81
329.5,0.628636271323,0.333393818664,0.409288081596,1.19297636349e-81
329.6,0.628633458298,0.333396085321,0.409290919393,1.12859382968e-81
329.7,0.628630751252,0.333398168681,0.40929385737,1.06768596932e-81
329.8,0.628628157068,0.333400063957,0.409296886977,1.01006525532e-81
329.9,0.628625682284,0.333401766902,0.409299999454,9.5555428115e-82
330,0.628623333078,0.333403273817,0.409303185863,9.03985214642e-82
330.1,0.628621115253,0.333404581559,0.409306437104,8.55199281345e-82
330.2,0.628619034224,0.333405687546,0.409309743947,8.09046275706e-82
330.3,0.628617095003,0.333406589763,0.409313097054,7.6538409865e-82
330.4,0.628615302188,0.333407286762,0.40931648701,7.24078320103e-82
330.5,0.628613659954,0.333407777667,0.409319904344,6.85001765128e-82
330.6,0.628612172041,0.333408062168,0.409323339558,6.48034122392e-82
330.7,0.628610841749,0.333408140525,0.409326783152,6.13061573752e-82
330.8,0.628609671928,0.333408013561,0.409330225652,5.79976443845e-82
330.9,0.628608664975,0.333407682657,0.409333657633,5.4867686857e-82
331,0.628607822827,0.333407149746,0.409337069747,5.19066481472e-82
331.1,0.628607146963,0.333406417307,0.409340452747,4.91054117042e-82
331.2,0.628606638397,0.33340548835,0.409343797512,4.64553530028e-82
331.3,0.628606297678,0.33340436641,0.409347095072,4.39483129901e-82
331.4,0.628606124895,0.333403055535,0.409350336629,4.15765729638e-82
331.5,0.628606119675,0.333401560267,0.409353513586,3.9332830807e-82
331.6,0.628606281188,0.333399885634,0.409356617564,3.72101785052e-82
331.7,0.628606608153,0.333398037127,0.409359640426,3.52020808769e-82
331.8,0.628607098839,0.333396020688,0.409362574299,3.33023554514e-82
331.9,0.628607751077,0.333393842688,0.409365411592,3.1505153433e-82
332,0.628608562267,0.33339150991,0.409368145017,2.98049416923e-82
332.1,0.628609529385,0.333389029526,0.40937076761,2.81964857294e-82
332.2,0.628610648996,0.333386409077,0.40937327274,2.66748335567e-82
332.3,0.628611917264,0.333383656448,0.409375654138,2.52353004512e-82
332.4,0.628613329966,0.333380779848,0.409377905899,2.38734545297e-82
332.5,0.628614882504,0.333377787785,0.409380022509,2.2585103103e-82
332.6,0.628616569919,0.333374689038,0.409381998846,2.13662797656e-82
332.7,0.628618386909,0.333371492637,0.409383830204,2.02132321833e-82
332.8,0.628620327844,0.33336820783,0.409385512293,1.91224105389e-82
332.9,0.628622386782,0.333364844064,0.409387041257,1.8090456602e-82
333,0.628624557486,0.333361410954,0.409388413678,1.71141933888e-82
333.1,0.628626833448,0.333357918254,0.409389626584,1.61906153794e-82
333.2,0.628629207903,0.333354375833,0.409390677455,1.53168792638e-82
333.3,0.628631673848,0.333350793649,0.409391564228,1.44902951868e-82
333.4,0.628634224068,0.333347181714,0.4093922853,1.37083184658e-82
333.5,0.628636851151,0.333343550074,0.409392839531,1.29685417553e-82
333.6,0.628639547515,0.333339908777,0.409393226243,1.22686876344e-82
333.7,0.628642305423,0.333336267847,0.40939344522,1.16066015947e-82
333.8,0.62864511701,0.333332637254,0.409393496709,1.09802454062e-82
333.9,0.628647974305,0.333329026893,0.409393381412,1.03876908412e-82
334,0.628650869249,0.333325446551,0.409393100487,9.82711373763e-83
334.1,0.628653793724,0.333321905883,0.409392655538,9.29678838214e-83
334.2,0.628656739569,0.333318414387,0.409392048612,8.79508219659e-83
334.3,0.628659698609,0.333314981377,0.409391282189,8.32045071134e-83
334.4,0.62866266267,0.333311615963,0.409390359173,7.87143280983e-83
334.5,0.62866562361,0.33330832702,0.409389282882,7.44664622983e-83
334.6,0.628668573333,0.333305123169,0.40938805704,7.04478330755e-83
334.7,0.628671503817,0.333302012757,0.409386685759,6.66460695135e-83
334.8,0.628674407131,0.33329900383,0.40938517353,6.30494683294e-83
334.9,0.628677275462,0.333296104116,0.409383525207,5.96469578396e-83
335,0.628680101128,0.333293321005,0.409381745993,5.64280638723e-83
335.1,0.628682876607,0.333290661531,0.409379841424,5.33828775186e-83
335.2,0.628685594548,0.333288132351,0.409377817349,5.05020246251e-83
335.3,0.628688247798,0.333285739736,0.409375679917,4.77766369324e-83
335.4,0.628690829416,0.333283489547,0.409373435556,4.51983247722e-83
335.5,0.628693332693,0.333281387228,0.409371090954,4.27591512371e-83
335.6,0.628695751168,0.333279437789,0.40936865304,4.04516077454e-83
335.7,0.628698078644,0.333277645797,0.409366128963,3.82685909246e-83
335.8,0.628700309205,0.333276015365,0.409363526073,3.62033807418e-83
335.9,0.628702437232,0.333274550141,0.409360851899,3.42496198161e-83
336,0.628704457413,0.333273253305,0.409358114124,3.24012938457e-83
336.1,0.628706364758,0.333272127557,0.409355320571,3.06527130931e-83
336.2,0.628708154614,0.333271175117,0.409352479172,2.89984948684e-83
336.3,0.62870982267,0.333270397719,0.409349597952,2.74335469587e-83
336.4,0.628711364972,0.333269796608,0.409346685005,2.59530519515e-83
336.5,0.62871277793,0.333269372541,0.409343748469,2.45524524047e-83
336.6,0.628714058326,0.333269125787,0.409340796506,2.32274368164e-83
336.7,0.628715203322,0.333269056126,0.40933783728,2.19739263523e-83
336.8,0.628716210464,0.333269162857,0.409334878933,2.07880622895e-83
336.9,0.62871707769,0.333269444798,0.409331929562,1.96661941377e-83
337,0.628717803328,0.333269900294,0.409328997201,1.86048684016e-83
337.1,0.628718386106,0.333270527223,0.409326089795,1.76008179504e-83
337.2,0.628718825147,0.333271323004,0.40932321518,1.66509519597e-83
337.3,0.628719119972,0.333272284608,0.409320381065,1.57523463977e-83
337.4,0.628719270503,0.333273408565,0.409317595005,1.49022350239e-83
337.5,0.628719277052,0.33327469098,0.40931486439,1.40980008741e-83
337.6,0.628719140327,0.333276127544,0.409312196417,1.33371682046e-83
337.7,0.628718861425,0.333277713547,0.409309598076,1.26173948712e-83
337.8,0.628718441826,0.333279443892,0.409307076133,1.193646512e-83
337.9,0.628717883388,0.333281313116,0.409304637108,1.12922827665e-83
338,0.628717188338,0.333283315401,0.409302287262,1.06828647433e-83
338.1,0.62871635927,0.333285444594,0.409300032581,1.0106334996e-83
338.2,0.628715399128,0.333287694225,0.409297878758,9.56091870829e-84
338.3,0.628714311202,0.333290057529,0.409295831183,9.04493683889e-84
338.4,0.628713099115,0.333292527462,0.409293894928,8.55680095315e-84
338.5,0.628711766812,0.333295096724,0.409292074734,8.09500833376e-84
338.6,0.628710318547,0.333297757779,0.409290374999,7.65813735511e-84
338.7,0.628708758871,0.333300502878,0.409288799771,7.24484310746e-84
338.8,0.628707092615,0.333303324082,0.409287352736,6.85385325709e-84
338.9,0.628705324881,0.333306213282,0.40928603721,6.48396412995e-84
339,0.628703461019,0.333309162223,0.409284856134,6.13403700663e-84
339.1,0.62870150662,0.333312162529,0.409283812062,5.80299461727e-84
339.2,0.628699467491,0.333315205726,0.409282907165,5.48981782558e-84
339.3,0.628697349644,0.333318283263,0.409282143219,5.19354249186e-84
339.4,0.628695159276,0.33332138654,0.409281521606,4.91325650527e-84
339.5,0.62869290275,0.333324506927,0.409281043311,4.64809697623e-84
339.6,0.62869058658,0.333327635794,0.409280708922,4.39724758034e-84
339.7,0.62868821741,0.333330764527,0.409280518631,4.15993604565e-84
339.8,0.628685801996,0.333333884559,0.409280472232,3.93543177549e-84
339.9,0.628683347185,0.333336987388,0.409280569128,3.72304359958e-84
340,0.628680859901,0.333340064602,0.409280808332,3.52211764649e-84
340.1,0.628678347118,0.333343107901,0.409281188474,3.33203533096e-84
340.2,0.628675815849,0.333346109121,0.409281707803,3.15221144971e-84
340.3,0.628673273117,0.333349060251,0.409282364196,2.98209238014e-84
340.4,0.628670725948,0.333351953461,0.409283155166,2.8211543761e-84
340.5,0.628668181338,0.333354781117,0.409284077869,2.66890195573e-84
340.6,0.628665646245,0.333357535802,0.409285129117,2.52486637622e-84
340.7,0.628663127566,0.333360210338,0.409286305383,2.3886041909e-84
340.8,0.628660632116,0.333362797802,0.409287602819,2.25969588419e-84
340.9,0.628658166614,0.333365291543,0.40928901726,2.13774458022e-84
341,0.628655737662,0.333367685201,0.409290544245,2.0223748211e-84
341.1,0.628653351729,0.333369972723,0.409292179026,1.91323141111e-84
341.2,0.628651015135,0.333372148375,0.409293916583,1.80997832336e-84
341.3,0.628648734032,0.333374206759,0.409295751643,1.71229766528e-84
341.4,0.628646514388,0.333376142827,0.409297678688,1.61988870008e-84
341.5,0.628644361975,0.33337795189,0.409299691978,1.53246692093e-84
341.6,0.628642282349,0.33337962963,0.409301785566,1.44976317513e-84
341.7,0.628640280842,0.333381172111,0.409303953315,1.37152283551e-84
341.8,0.628638362542,0.333382575789,0.409306188913,1.2975050166e-84
341.9,0.628636532285,0.333383837514,0.409308485898,1.22748183304e-84
342,0.628634794642,0.333384954545,0.409310837669,1.16123769799e-84
342.1,0.628633153906,0.33338592455,0.40931323751,1.09856865953e-84
342.2,0.628631614085,0.33338674561,0.409315678605,1.03928177266e-84
342.3,0.628630178887,0.333387416225,0.409318154062,9.83194505392e-85
342.4,0.628628851718,0.333387935316,0.409320656927,9.30134176745e-85
342.5,0.628627635669,0.333388302222,0.409323180207,8.79937425149e-85
342.6,0.628626533512,0.333388516705,0.409325716888,8.32449705496e-85
342.7,0.628625547693,0.333388578943,0.409328259954,7.87524813347e-85
342.8,0.628624680326,0.333388489533,0.409330802407,7.4502443481e-85
342.9,0.628623933191,0.333388249483,0.409333337286,7.04817720709e-85
343,0.628623307728,0.33338786021,0.409335857686,6.66780883728e-85
343.1,0.628622805039,0.33338732353,0.409338356774,6.30796817301e-85
343.2,0.628622425883,0.333386641658,0.409340827813,5.96754735063e-85
343.3,0.628622170675,0.333385817193,0.409343264175,5.64549829761e-85
343.4,0.62862203949,0.333384853112,0.40934565936,5.34082950572e-85
343.5,0.628622032063,0.333383752759,0.409348007014,5.05260297826e-85
343.6,0.628622147791,0.333382519836,0.409350300945,4.77993134219e-85
343.7,0.628622385736,0.333381158389,0.409352535139,4.52197511596e-85
343.8,0.628622744631,0.333379672796,0.409354703775,4.27794012484e-85
343.9,0.628623222883,0.333378067752,0.409356801243,4.04707505577e-85
344,0.628623818581,0.333376348258,0.409358822156,3.82866914408e-85
344.1,0.628624529501,0.3333745196,0.409360761361,3.62204998514e-85
344.2,0.628625353114,0.33337258734,0.409362613957,3.42658146405e-85
344.3,0.628626286598,0.333370557294,0.409364375305,3.24166179709e-85
344.4,0.62862732684,0.333368435516,0.409366041039,3.06672167882e-85
344.5,0.628628470454,0.333366228282,0.409367607077,2.90122252927e-85
344.6,0.628629713786,0.33336394207,0.40936906963,2.74465483561e-85
344.7,0.628631052926,0.333361583542,0.409370425212,2.59653658341e-85
344.8,0.628632483725,0.333359159524,0.409371670649,2.45641177255e-85
344.9,0.628634001799,0.333356676986,0.409372803082,2.32384901313e-85
345,0.628635602552,0.333354143026,0.409373819979,2.19844019732e-85
345.1,0.628637281181,0.333351564844,0.409374719135,2.07979924275e-85
345.2,0.628639032696,0.333348949726,0.409375498681,1.96756090378e-85
345.3,0.628640851931,0.333346305023,0.409376157082,1.86137964693e-85
345.4,0.628642733561,0.333343638129,0.409376693146,1.76092858698e-85
345.5,0.628644672117,0.333340956461,0.40937710602,1.66589848052e-85
345.6,0.628646662004,0.33333826744,0.409377395194,1.57599677377e-85
345.7,0.62864869751,0.333335578468,0.409377560499,1.49094670185e-85
345.8,0.62865077283,0.333332896913,0.409377602106,1.41048643661e-85
345.9,0.62865288208,0.33333023008,0.409377520526,1.33436828049e-85
346,0.628655019309,0.333327585202,0.409377316602,1.26235790389e-85
346.1,0.628657178524,0.333324969411,0.40937699151,1.19423362365e-85
346.2,0.628659353698,0.333322389726,0.409376546752,1.12978572055e-85
346.3,0.628661538794,0.333319853031,0.40937598415,1.06881579356e-85
346.4,0.628663727776,0.333317366057,0.409375305838,1.01113614905e-85
346.5,0.628665914628,0.333314935364,0.409374514259,9.56569222826e-86
346.6,0.628668093371,0.333312567326,0.409373612153,9.04947033502e-86
346.7,0.628670258079,0.333310268113,0.409372602549,8.56110665273e-86
346.8,0.628672402894,0.333308043675,0.409371488754,8.0990977866e-86
346.9,0.62867452204,0.333305899726,0.409370274346,7.66202147631e-86
347,0.628676609842,0.333303841732,0.409368963159,7.24853221725e-86
347.1,0.628678660741,0.333301874895,0.409367559273,6.85735711797e-86
347.2,0.628680669306,0.333300004143,0.409366067001,6.48729198126e-86
347.3,0.628682630247,0.333298234114,0.409364490879,6.13719759674e-86
347.4,0.628684538435,0.333296569148,0.409362835645,5.80599623356e-86
347.5,0.628686388908,0.333295013273,0.409361106235,5.49266832237e-86
347.6,0.62868817689,0.3332935702,0.409359307759,5.1962493164e-86
347.7,0.628689897799,0.333292243313,0.409357445493,4.91582672193e-86
347.8,0.628691547259,0.333291035658,0.40935552486,4.65053728906e-86
347.9,0.628693121112,0.333289949942,0.409353551415,4.39956435409e-86
348,0.62869461543,0.333288988523,0.40935153083,4.16213532532e-86
348.1,0.628696026521,0.333288153406,0.40934946888,3.93751930456e-86
348.2,0.628697350939,0.333287446242,0.409347371419,3.72502483704e-86
348.3,0.628698585493,0.333286868322,0.409345244372,3.5239977827e-86
348.4,0.628699727257,0.333286420576,0.409343093716,3.33381930241e-86
348.5,0.628700773569,0.333286103574,0.40934092546,3.15390395287e-86
348.6,0.628701722046,0.333285917526,0.409338745631,2.98369788437e-86
348.7,0.628702570582,0.33328586228,0.409336560259,2.82267713569e-86
348.8,0.628703317359,0.333285937329,0.409334375357,2.6703460212e-86
348.9,0.628703960842,0.33328614181,0.409332196908,2.52623560486e-86
349,0.628704499791,0.33328647451,0.409330030845,2.3899022567e-86
349.1,0.628704933256,0.333286933873,0.409327883038,2.26092628707e-86
349.2,0.628705260582,0.333287518002,0.409325759278,2.13891065475e-86
349.3,0.628705481406,0.333288224669,0.40932366526,2.02347974467e-86
349.4,0.62870559566,0.333289051322,0.409321606569,1.91427821163e-86
349.5,0.628705603569,0.333289995092,0.409319588666,1.81096988646e-86
349.6,0.628705505647,0.333291052804,0.409317616871,1.71323674114e-86
349.7,0.628705302695,0.333292220989,0.409315696351,1.62077790984e-86
349.8,0.628704995798,0.333293495892,0.409313832108,1.53330876275e-86
349.9,0.628704586319,0.333294873482,0.409312028964,1.45056002991e-86
350,0.628704075898,0.333296349472,0.409310291548,1.37227697233e-86
350.1,0.628703466441,0.333297919323,0.409308624288,1.2982185978e-86
350.2,0.628702760115,0.333299578263,0.409307031395,1.22815691911e-86
350.3,0.628701959343,0.333301321302,0.409305516858,1.1618762522e-86
350.4,0.628701066794,0.333303143243,0.409304084428,1.09917255225e-86
350.5,0.628700085375,0.333305038698,0.409302737614,1.03985278557e-86
350.6,0.628699018221,0.333307002108,0.409301479674,9.83734335424e-87
350.7,0.628697868686,0.333309027752,0.409300313604,9.30644439855e-87
350.8,0.628696640334,0.333311109772,0.409299242135,8.80419659909e-87
350.9,0.628695336926,0.33331324218,0.409298267724,8.32905376526e-87
351,0.62869396241,0.333315418883,0.40929739255,7.87955314587e-87
351.1,0.628692520908,0.333317633698,0.40929661851,7.45431092646e-87
351.2,0.628691016706,0.333319880367,0.409295947215,7.05201796961e-87
351.3,0.628689454239,0.333322152575,0.409295379984,6.67143578514e-87
351.4,0.628687838081,0.333324443973,0.409294917848,6.3113927177e-87
351.5,0.628686172927,0.333326748188,0.409294561542,5.97078034017e-87
351.6,0.628684463585,0.333329058843,0.409294311509,5.64855004165e-87
351.7,0.62868271496,0.333331369579,0.409294167899,5.34370979958e-87
351.8,0.628680932039,0.333333674066,0.409294130568,5.05532112606e-87
351.9,0.628679119878,0.333335966024,0.409294199085,4.78249617889e-87
352,0.628677283587,0.333338239238,0.409294372728,4.52439502864e-87
352.1,0.628675428317,0.333340487575,0.409294650492,4.28022307302e-87
352.2,0.628673559246,0.333342705004,0.409295031093,4.04922859094e-87
352.3,0.628671681562,0.333344885605,0.409295512971,3.83070042847e-87
352.4,0.628669800452,0.333347023592,0.409296094296,3.62396580967e-87
352.5,0.628667921086,0.333349113321,0.409296772975,3.42838826561e-87
352.6,0.628666048602,0.333351149313,0.409297546661,3.24336567507e-87
352.7,0.628664188095,0.333353126259,0.409298412755,3.06832841102e-87
352.8,0.6286623446,0.333355039042,0.409299368422,2.90273758714e-87
352.9,0.628660523082,0.333356882746,0.409300410593,2.74608339885e-87
353,0.628658728418,0.333358652666,0.409301535978,2.597883554e-87
353.1,0.62865696539,0.333360344327,0.409302741077,2.45768178819e-87
353.2,0.628655238667,0.333361953486,0.409304022188,2.32504646014e-87
353.3,0.628653552797,0.333363476153,0.40930537542,2.19956922294e-87
353.4,0.628651912192,0.333364908589,0.409306796704,2.08086376701e-87
353.5,0.628650321117,0.333366247327,0.409308281805,1.96856463081e-87
353.6,0.628648783682,0.333367489168,0.409309826335,1.8623260758e-87
353.7,0.628647303827,0.333368631199,0.409311425765,1.76182102209e-87
353.8,0.628645885317,0.333369670794,0.409313075437,1.66674004148e-87
353.9,0.628644531729,0.33337060562,0.40931477058,1.57679040496e-87
354,0.628643246442,0.333371433644,0.409316506323,1.49169518142e-87
354.1,0.628642032634,0.333372153134,0.409318277708,1.41119238519e-87
354.2,0.62864089327,0.333372762665,0.409320079704,1.33503416946e-87
354.3,0.628639831096,0.333373261122,0.40932190722,1.26298606325e-87
354.4,0.628638848633,0.333373647697,0.409323755123,1.1948262496e-87
354.5,0.628637948171,0.333373921895,0.409325618249,1.13034488263e-87
354.6,0.628637131763,0.333374083531,0.409327491417,1.06934344155e-87
354.7,0.628636401222,0.333374132728,0.409329369448,1.01163411942e-87
354.8,0.628635758118,0.333374069918,0.409331247171,9.57039245016e-88
354.9,0.628635203771,0.333373895836,0.409333119445,9.05390735803e-88
355,0.628634739252,0.333373611521,0.40933498117,8.56529580455e-88
355.1,0.628634365383,0.333373218306,0.409336827298,8.10305349314e-88
355.2,0.62863408273,0.333372717816,0.40933865285,7.66575731254e-88
355.3,0.628633891608,0.333372111964,0.409340452931,7.25206095539e-88
355.4,0.62863379208,0.33337140294,0.409342222737,6.86069077328e-88
355.5,0.628633783956,0.333370593206,0.409343957572,6.49044185547e-88
355.6,0.628633866799,0.333369685488,0.40934565286,6.14017431924e-88
355.7,0.628634039924,0.333368682767,0.409347304156,5.80880980042e-88
355.8,0.628634302401,0.333367588267,0.409348907158,5.49532813329e-88
355.9,0.628634653061,0.333366405451,0.409350457718,5.1987642097e-88
356,0.628635090499,0.333365138004,0.409351951853,4.91820500769e-88
356.1,0.62863561308,0.333363789824,0.409353385752,4.6527867804e-88
356.2,0.628636218943,0.333362365012,0.409354755792,4.40169239675e-88
356.3,0.628636906009,0.333360867858,0.409356058541,4.16414882564e-88
356.4,0.628637671986,0.333359302827,0.409357290768,3.93942475586e-88
356.5,0.62863851438,0.33335767455,0.409358449453,3.72682834451e-88
356.6,0.628639430496,0.333355987806,0.409359531793,3.52570508693e-88
356.7,0.628640417455,0.33335424751,0.409360535206,3.33543580152e-88
356.8,0.628641472195,0.3333524587,0.409361457341,3.15543472339e-88
356.9,0.628642591486,0.333350626521,0.409362296082,2.98514770086e-88
357,0.628643771936,0.33334875621,0.40936304955,2.82405048931e-88
357.1,0.628645010004,0.333346853084,0.409363716112,2.67164713707e-88
357.2,0.628646302008,0.333344922522,0.409364294378,2.52746845847e-88
357.3,0.628647644137,0.333342969949,0.409364783209,2.39107058927e-88
357.4,0.628649032461,0.333341000827,0.409365181718,2.26203362008e-88
357.5,0.628650462946,0.333339020632,0.409365489266,2.13996030348e-88
357.6,0.62865193146,0.333337034844,0.409365705471,2.02447483096e-88
357.7,0.628653433789,0.333335048932,0.409365830199,1.9152216759e-88
357.8,0.628654965648,0.333333068335,0.409365863571,1.8118644989e-88
357.9,0.628656522691,0.333331098452,0.409365805955,1.71408511228e-88
358,0.628658100527,0.333329144625,0.409365657968,1.62158250041e-88
358.1,0.628659694729,0.333327212125,0.409365420471,1.53407189295e-88
358.2,0.628661300848,0.333325306136,0.409365094565,1.45128388808e-88
358.3,0.628662914424,0.333323431747,0.409364681589,1.37296362308e-88
358.4,0.628664531,0.333321593932,0.409364183114,1.29886998964e-88
358.5,0.628666146134,0.333319797539,0.409363600936,1.22877489153e-88
358.6,0.628667755408,0.333318047281,0.409362937071,1.16246254238e-88
358.7,0.628669354444,0.333316347718,0.409362193751,1.09972880127e-88
358.8,0.628670938913,0.33331470325,0.409361373412,1.04038054427e-88
358.9,0.62867250455,0.333313118103,0.409360478689,9.84235069839e-89
359,0.628674047161,0.333311596319,0.40935951241,9.31119536349e-89
359.1,0.628675562637,0.333310141746,0.409358477582,8.80870429937e-89
359.2,0.628677046963,0.333308758029,0.409357377384,8.33333061107e-89
359.3,0.628678496232,0.333307448601,0.409356215162,7.88361088478e-89
359.4,0.62867990665,0.333306216672,0.409354994411,7.45816068255e-89
359.5,0.62868127455,0.333305065227,0.40935371877,7.05567027996e-89
359.6,0.6286825964,0.333303997012,0.409352392012,6.67490063401e-89
359.7,0.628683868811,0.333303014534,0.409351018027,6.31467956851e-89
359.8,0.628685088548,0.33330212005,0.409349600817,5.9738981654e-89
359.9,0.628686252535,0.333301315567,0.409348144483,5.65150735083e-89
360,0.628687357865,0.333300602834,0.409346653212,5.34651466546e-89
360.1,0.628688401807,0.333299983341,0.409345131264,5.05798120909e-89
360.2,0.62868938181,0.333299458313,0.409343582963,4.78501875025e-89
360.3,0.628690295513,0.333299028712,0.409342012682,4.52678699164e-89
360.4,0.628691140748,0.333298695234,0.409340424835,4.28249098331e-89
360.5,0.628691915544,0.333298458308,0.409338823858,4.05137867538e-89
360.6,0.628692618134,0.333298318095,0.409337214203,3.83273860279e-89
360.7,0.628693246958,0.333298274492,0.409335600322,3.62589769514e-89
360.8,0.628693800665,0.333298327131,0.409333986658,3.43021920457e-89
360.9,0.628694278118,0.333298475384,0.409332377629,3.24510074561e-89
361,0.628694678392,0.333298718362,0.409330777619,3.06997244074e-89
361.1,0.628695000781,0.333299054923,0.409329190964,2.90429516604e-89
361.2,0.628695244794,0.333299483673,0.409327621943,2.74755889156e-89
361.3,0.628695410157,0.333300002974,0.409326074765,2.59928111119e-89
361.4,0.628695496815,0.333300610948,0.409324553556,2.45900535735e-89
361.5,0.628695504925,0.333301305482,0.409323062352,2.32629979579e-89
361.6,0.628695434861,0.333302084238,0.409321605087,2.20075589622e-89
361.7,0.62869528721,0.33330294466,0.409320185579,2.08198717469e-89
361.8,0.628695062767,0.33330388398,0.409318807527,1.96962800388e-89
361.9,0.628694762533,0.333304899228,0.409317474495,1.86333248755e-89
362,0.628694387711,0.333305987241,0.409316189908,1.76277339574e-89
362.1,0.628693939706,0.333307144674,0.40931495704,1.66764115745e-89
362.2,0.628693420111,0.333308368007,0.409313779005,1.57764290766e-89
362.3,0.628692830711,0.333309653557,0.409312658755,1.49250158582e-89
362.4,0.628692173472,0.333310997491,0.409311599065,1.41195508294e-89
362.5,0.628691450535,0.333312395834,0.409310602534,1.33575543475e-89
362.6,0.628690664212,0.333313844483,0.40930967157,1.26366805838e-89
362.7,0.628689816975,0.333315339218,0.409308808395,1.19547103021e-89
362.8,0.628688911452,0.333316875711,0.40930801503,1.13095440277e-89
362.9,0.628687950416,0.333318449546,0.409307293296,1.06991955843e-89
363,0.628686936779,0.333320056223,0.409306644809,1.01217859797e-89
363.1,0.628685873582,0.333321691177,0.409306070976,9.57553762189e-90
363.2,0.628684763987,0.333323349789,0.409305572992,9.05876884724e-90
363.3,0.628683611266,0.333325027396,0.409305151838,8.56988874344e-90
363.4,0.628682418794,0.333326719308,0.409304808282,8.10739225235e-90
363.5,0.628681190038,0.333328420818,0.409304542873,7.66985553691e-90
363.6,0.628679928545,0.33333012722,0.409304355945,7.25593159811e-90
363.7,0.628678637935,0.333331833813,0.409304247613,6.86434612847e-90
363.8,0.628677321891,0.333333535923,0.40930421778,6.49389358933e-90
363.9,0.628675984144,0.333335228911,0.40930426613,6.14343349973e-90
364,0.628674628468,0.333336908186,0.409304392139,5.81188692567e-90
364.1,0.628673258666,0.333338569216,0.40930459507,5.49823315873e-90
364.2,0.628671878563,0.333340207544,0.40930487398,5.20150657399e-90
364.3,0.628670491989,0.333341818796,0.409305227722,4.92079365747e-90
364.4,0.628669102775,0.333343398697,0.409305654951,4.655230194e-90
364.5,0.628667714739,0.333344943075,0.409306154127,4.40399860681e-90
364.6,0.628666331678,0.33334644788,0.40930672352,4.16632544074e-90
364.7,0.628664957354,0.333347909188,0.409307361218,3.94147898119e-90
364.8,0.628663595489,0.333349323215,0.409308065131,3.72876700166e-90
364.9,0.628662249749,0.333350686328,0.409308832997,3.52753463272e-90
365,0.62866092374,0.333351995046,0.40930966239,3.33716234609e-90
365.1,0.628659620994,0.333353246061,0.409310550731,3.15706404743e-90
365.2,0.628658344962,0.333354436234,0.409311495289,2.98668527207e-90
365.3,0.628657099005,0.333355562612,0.409312493195,2.82550147813e-90
365.4,0.628655886386,0.333356622431,0.409313541446,2.67301643171e-90
365.5,0.628654710256,0.333357613122,0.409314636918,2.52876067923e-90
365.6,0.628653573654,0.333358532319,0.409315776374,2.39229010227e-90
365.7,0.628652479495,0.333359377865,0.409316956471,2.26318455026e-90
365.8,0.628651430562,0.333360147814,0.409318173772,2.1410465471e-90
365.9,0.628650429499,0.333360840436,0.409319424757,2.0255000675e-90
366,0.628649478809,0.333361454224,0.409320705828,1.91618937934e-90
366.1,0.628648580842,0.333361987894,0.409322013326,1.81277794855e-90
366.2,0.628647737791,0.333362440387,0.409323343537,1.71494740307e-90
366.3,0.62864695169,0.333362810871,0.409324692703,1.62239655268e-90
366.4,0.628646224405,0.333363098745,0.409326057033,1.53484046179e-90
366.5,0.628645557632,0.333363303636,0.409327432714,1.45200957221e-90
366.6,0.628644952892,0.333363425401,0.40932881592,1.37364887329e-90
366.7,0.628644411531,0.333363464125,0.409330202826,1.29951711683e-90
366.8,0.62864393471,0.333363420119,0.409331589612,1.22938607438e-90
366.9,0.628643523413,0.333363293922,0.409332972483,1.16303983457e-90
367,0.628643178434,0.333363086292,0.409334347668,1.10027413842e-90
367.1,0.628642900385,0.333362798208,0.409335711441,1.04089575045e-90
367.2,0.628642689691,0.333362430866,0.409337060122,9.8472186383e-91
367.3,0.628642546589,0.33336198567,0.409338390094,9.31579537514e-91
367.4,0.628642471131,0.333361464233,0.409339697808,8.81305163833e-91
367.5,0.628642463182,0.333360868367,0.409340979793,8.33743964787e-91
367.6,0.628642522426,0.333360200079,0.409342232668,7.88749515524e-91
367.7,0.628642648359,0.333359461565,0.409343453146,7.46183293537e-91
367.8,0.628642840302,0.333358655201,0.409344638048,7.05914252187e-91
367.9,0.628643097397,0.33335778354,0.409345784308,6.67818417246e-91
368,0.628643418611,0.333356849297,0.409346888979,6.31778505206e-91
368.1,0.62864380274,0.333355855348,0.409347949245,5.97683562196e-91
368.2,0.628644248416,0.333354804716,0.409348962425,5.65428622373e-91
368.3,0.628644754108,0.333353700565,0.409349925981,5.34914384762e-91
368.4,0.628645318128,0.33335254619,0.409350837523,5.06046907528e-91
368.5,0.628645938637,0.333351345005,0.409351694817,4.78737318749e-91
368.6,0.628646613651,0.333350100538,0.409352495786,4.52901542798e-91
368.7,0.628647341046,0.333348816416,0.40935323852,4.28460041492e-91
368.8,0.628648118566,0.333347496355,0.409353921279,4.05337569211e-91
368.9,0.628648943828,0.333346144154,0.409354542493,3.83462941232e-91
369,0.628649814332,0.333344763679,0.409355100771,3.62768814566e-91
369.1,0.628650727464,0.333343358853,0.4093555949,3.43191480622e-91
369.2,0.628651680509,0.333341933648,0.409356023851,3.24670669062e-91
369.3,0.628652670655,0.333340492071,0.409356386777,3.07149362242e-91
369.4,0.628653695003,0.333339038152,0.409356683015,2.90573619666e-91
369.5,0.628654750574,0.333337575937,0.409356912091,2.74892411912e-91
369.6,0.628655834321,0.333336109473,0.409357073715,2.60057463528e-91
369.7,0.628656943131,0.333334642798,0.409357167784,2.46023104399e-91
369.8,0.628658073843,0.33333317993,0.409357194382,2.32746129139e-91
369.9,0.628659223247,0.333331724858,0.409357153775,2.20185664074e-91
370,0.628660388103,0.333330281528,0.409357046413,2.08303041399e-91
370.1,0.628661565141,0.333328853834,0.409356872927,1.97061680128e-91
370.2,0.628662751075,0.333327445608,0.409356634125,1.86426973473e-91
370.3,0.628663942613,0.333326060608,0.40935633099,1.76366182297e-91
370.4,0.628665136462,0.333324702512,0.409355964678,1.66848334318e-91
370.5,0.628666329342,0.333323374903,0.409355536511,1.57844128753e-91
370.6,0.628667517988,0.333322081264,0.409355047972,1.49325846111e-91
370.7,0.628668699168,0.333320824967,0.409354500705,1.41267262851e-91
370.8,0.628669869683,0.333319609264,0.409353896504,1.33643570647e-91
370.9,0.628671026381,0.333318437281,0.409353237313,1.2643130001e-91
371,0.628672166163,0.333317312007,0.409352525213,1.19608248035e-91
371.1,0.628673285993,0.333316236289,0.409351762423,1.13153410044e-91
371.2,0.628674382904,0.333315212822,0.409350951286,1.07046914918e-91
371.3,0.628675454007,0.333314244147,0.40935009427,1.01269963921e-91
371.4,0.628676496498,0.333313332641,0.409349193953,9.58047728291e-92
371.5,0.628677507667,0.333312480511,0.409348253019,9.06345171723e-92
371.6,0.628678484901,0.333311689792,0.409347274251,8.57432804436e-92
371.7,0.628679425695,0.33331096234,0.40934626052,8.11160050959e-92
371.8,0.628680327656,0.333310299829,0.40934521478,7.67384461859e-92
371.9,0.628681188509,0.333309703744,0.409344140056,7.25971275194e-92
372,0.628682006103,0.333309175385,0.409343039438,6.86793001642e-92
372.1,0.628682778418,0.333308715857,0.409341916073,6.49729032009e-92
372.2,0.628683503565,0.333308326071,0.40934077315,6.14665265926e-92
372.3,0.628684179797,0.333308006743,0.4093396139,5.81493760587e-92
372.4,0.628684805508,0.333307758393,0.409338441581,5.5011239844e-92
372.5,0.628685379238,0.333307581343,0.409337259469,5.20424572814e-92
372.6,0.628685899678,0.333307475719,0.409336070851,4.92338890512e-92
372.7,0.628686365672,0.333307441449,0.409334879016,4.65768890457e-92
372.8,0.628686776217,0.333307478268,0.409333687244,4.4063277752e-92
372.9,0.628687130468,0.333307585718,0.4093324988,4.16853170715e-92
373,0.628687427738,0.333307763147,0.409331316922,3.94356864978e-92
373.1,0.628687667501,0.333308009718,0.409330144814,3.73074605813e-92
373.2,0.62868784939,0.333308324406,0.409328985637,3.5294087609e-92
373.3,0.628687973197,0.333308706007,0.4093278425,3.33893694354e-92
373.4,0.628688038877,0.333309153138,0.409326718454,3.15874424018e-92
373.5,0.628688046543,0.333309664245,0.409325616482,2.98827592852e-92
373.6,0.628687996465,0.333310237605,0.409324539489,2.82700722219e-92
373.7,0.628687889072,0.333310871335,0.409323490301,2.67444165517e-92
373.8,0.628687724947,0.333311563395,0.40932247165,2.5301095535e-92
373.9,0.628687504824,0.333312311596,0.409321486172,2.39356658944e-92
374,0.62868722959,0.333313113606,0.409320536399,2.26439241359e-92
374.1,0.628686900275,0.333313966958,0.409319624753,2.14218936092e-92
374.2,0.628686518054,0.333314869055,0.409318753538,2.0265812266e-92
374.3,0.62868608424,0.333315817182,0.409317924936,1.91721210788e-92
374.4,0.628685600281,0.33331680851,0.409317141003,1.81374530847e-92
374.5,0.628685067755,0.333317840106,0.409316403659,1.71586230207e-92
374.6,0.628684488367,0.333318908944,0.409315714691,1.62326175183e-92
374.7,0.628683863937,0.333320011907,0.40931507574,1.5356585827e-92
374.8,0.628683196404,0.333321145803,0.409314488304,1.45278310387e-92
374.9,0.628682487814,0.33332230737,0.409313953734,1.37438017854e-92
375,0.628681740312,0.333323493289,0.409313473227,1.30020843855e-92
375.1,0.628680956144,0.333324700189,0.409313047825,1.2300395413e-92
375.2,0.628680137642,0.333325924657,0.409312678418,1.16365746689e-92
375.3,0.628679287219,0.333327163253,0.409312365734,1.10085785306e-92
375.4,0.628678407367,0.333328412512,0.409312110344,1.04144736614e-92
375.5,0.628677500643,0.33332966896,0.409311912658,9.85243105856e-93
375.6,0.628676569666,0.333330929118,0.409311772928,9.32072042306e-93
375.7,0.628675617108,0.333332189517,0.409311691245,8.81770483308e-93
375.8,0.628674645688,0.333333446704,0.409311667539,8.34183570488e-93
375.9,0.62867365816,0.33333469725,0.409311701584,7.89164802559e-93
376,0.628672657311,0.333335937765,0.409311792995,7.46575584339e-93
376.1,0.628671645949,0.3333371649,0.409311941233,7.06284800089e-93
376.2,0.628670626897,0.333338375362,0.409312145607,6.68168409892e-93
376.3,0.628669602985,0.33333956592,0.409312405273,6.321090678e-93
376.4,0.628668577043,0.333340733412,0.409312719242,5.97995760598e-93
376.5,0.62866755189,0.333341874757,0.409313086381,5.65723466054e-93
376.6,0.62866653033,0.33334298696,0.409313505416,5.35192829615e-93
376.7,0.628665515144,0.333344067121,0.409313974938,5.06309858549e-93
376.8,0.62866450908,0.333345112444,0.409314493408,4.78985632594e-93
376.9,0.628663514848,0.333346120239,0.409315059159,4.53136030218e-93
377,0.628662535111,0.333347087935,0.409315670403,4.28681469656e-93
377.1,0.62866157248,0.333348013085,0.409316325237,4.05546663917e-93
377.2,0.628660629506,0.333348893366,0.409317021648,3.83660389017e-93
377.3,0.628659708673,0.333349726595,0.40931775752,3.62955264712e-93
377.4,0.628658812391,0.333350510725,0.409318530638,3.4336754707e-93
377.5,0.628657942992,0.333351243856,0.409319338697,3.24836932236e-93
377.6,0.628657102721,0.333351924236,0.409320179309,3.07306370783e-93
377.7,0.628656293735,0.333352550267,0.409321050006,2.90721892085e-93
377.8,0.62865551809,0.333353120508,0.409321948253,2.75032438163e-93
377.9,0.628654777744,0.333353633677,0.409322871451,2.60189706507e-93
378,0.628654074547,0.333354088657,0.409323816945,2.46148001367e-93
378.1,0.628653410237,0.333354484493,0.409324782034,2.32864093079e-93
378.2,0.62865278644,0.3333548204,0.409325763976,2.2029708498e-93
378.3,0.628652204659,0.333355095759,0.409326759995,2.08408287501e-93
378.4,0.628651666276,0.333355310121,0.409327767294,1.97161099062e-93
378.5,0.628651172548,0.333355463205,0.409328783056,1.86520893384e-93
378.6,0.628650724601,0.333355554901,0.409329804456,1.76454912893e-93
378.7,0.628650323433,0.333355585266,0.409330828669,1.66932167873e-93
378.8,0.628649969907,0.333355554527,0.409331852875,1.57923341053e-93
378.9,0.628649664751,0.333355463075,0.409332874268,1.49400697358e-93
379,0.628649408556,0.333355311467,0.409333890064,1.41337998516e-93
379.1,0.62864920178,0.333355100421,0.409334897511,1.33710422285e-93
379.2,0.628649044738,0.333354830815,0.409335893889,1.26494486029e-93
379.3,0.62864893761,0.333354503681,0.409336876526,1.19667974426e-93
379.4,0.628648880439,0.333354120207,0.409337842799,1.1320987107e-93
379.5,0.628648873129,0.333353681726,0.409338790144,1.07100293776e-93
379.6,0.62864891545,0.333353189717,0.409339716061,1.01320433359e-93
379.7,0.628649007035,0.333352645796,0.409340618121,9.58524957347e-94
379.8,0.628649147385,0.333352051717,0.409341493974,9.06796471314e-94
379.9,0.62864933587,0.333351409358,0.409342341353,8.57859622668e-94
380,0.628649571731,0.333350720723,0.40934315808,8.1156375317e-94
380.1,0.628649854083,0.333349987931,0.409343942071,7.6776633534e-94
380.2,0.62865018192,0.333349213213,0.409344691345,7.26332533651e-94
380.3,0.628650554113,0.333348398901,0.409345404024,6.8713478941e-94
380.4,0.62865096942,0.333347547426,0.409346078339,6.50052428036e-94
380.5,0.628651426486,0.333346661308,0.409346712636,6.14971287541e-94
380.6,0.628651923848,0.333345743148,0.409347305381,5.81783367049e-94
380.7,0.628652459941,0.333344795623,0.409347855158,5.50386494298e-94
380.8,0.628653033101,0.333343821477,0.409348360677,5.20684011071e-94
380.9,0.628653641572,0.333342823513,0.409348820778,4.92584475618e-94
381,0.628654283509,0.333341804583,0.409349234428,4.66001381125e-94
381.1,0.628654956985,0.333340767586,0.409349600728,4.40852889385e-94
381.2,0.628655659996,0.333339715452,0.409349918914,4.17061578841e-94
381.3,0.628656390469,0.333338651139,0.409350188355,3.94554206221e-94
381.4,0.628657146262,0.333337577626,0.40935040856,3.73261481049e-94
381.5,0.62865792518,0.333336497897,0.409350579174,3.53117852308e-94
381.6,0.628658724971,0.333335414944,0.409350699979,3.34061306636e-94
381.7,0.62865954334,0.333334331747,0.409350770894,3.16033177398e-94
381.8,0.628660377951,0.333333251275,0.409350791978,2.98977964067e-94
381.9,0.628661226437,0.333332176475,0.409350763424,2.82843161358e-94
382,0.628662086404,0.333331110261,0.409350685559,2.67579097575e-94
382.1,0.628662955438,0.333330055511,0.409350558846,2.53138781687e-94
382.2,0.628663831113,0.333329015055,0.409350383877,2.39477758656e-94
382.3,0.628664710997,0.333327991672,0.409350161376,2.26553972575e-94
382.4,0.628665592659,0.333326988079,0.409349892192,2.14327637188e-94
382.5,0.628666473674,0.333326006925,0.409349577297,2.02761113401e-94
382.6,0.628667351634,0.333325050784,0.409349217783,1.91818793404e-94
382.7,0.628668224148,0.333324122149,0.409348814862,1.81466991045e-94
382.8,0.628669088855,0.333323223424,0.409348369855,1.7167383812e-94
382.9,0.628669943425,0.333322356921,0.409347884193,1.62409186266e-94
383,0.628670785568,0.333321524851,0.409347359411,1.53644514137e-94
383.1,0.628671613041,0.333320729318,0.409346797146,1.45352839602e-94
383.2,0.62867242365,0.333319972317,0.409346199124,1.37508636677e-94
383.3,0.628673215261,0.333319255728,0.409345567165,1.30087756934e-94
383.4,0.628673985802,0.33331858131,0.409344903172,1.23067355165e-94
383.5,0.628674733267,0.333317950697,0.409344209123,1.16425819041e-94
383.6,0.628675455726,0.333317365395,0.409343487073,1.10142702584e-94
383.7,0.628676151325,0.333316826779,0.409342739139,1.04198663217e-94
383.8,0.628676818296,0.33331633609,0.409341967501,9.85754022171e-95
383.9,0.628677454956,0.333315894428,0.409341174392,9.32556083814e-95
384,0.628678059713,0.333315502758,0.409340362094,8.8222904733e-95
384.1,0.628678631071,0.333315161899,0.409339532926,8.34617981029e-95
384.2,0.628679167635,0.333314872529,0.409338689247,7.8957631433e-95
384.3,0.62867966811,0.333314635181,0.409337833439,7.46965386539e-95
384.4,0.628680131306,0.333314450243,0.409336967908,7.06654019973e-95
384.5,0.628680556144,0.333314317958,0.409336095075,6.68518116119e-95
384.6,0.628680941652,0.333314238421,0.409335217365,6.32440273596e-95
384.7,0.628681286974,0.333314211586,0.409334337209,5.98309426731e-95
384.8,0.628681591365,0.33331423726,0.409333457029,5.66020503639e-95
384.9,0.628681854198,0.333314315109,0.409332579236,5.35474102755e-95
385,0.628682074964,0.333314444655,0.409331706222,5.0657618683e-95
385.1,0.628682253268,0.333314625285,0.409330840355,4.79237793434e-95
385.2,0.628682388836,0.333314856245,0.40932998397,4.53374761086e-95
385.3,0.628682481514,0.33331513665,0.409329139365,4.28907470162e-95
385.4,0.628682531262,0.333315465482,0.409328308793,4.0576059779e-95
385.5,0.628682538161,0.333315841598,0.40932749446,3.83862885967e-95
385.6,0.628682502407,0.333316263728,0.409326698513,3.63146922197e-95
385.7,0.628682424315,0.333316730485,0.409325923039,3.43548931956e-95
385.8,0.62868230431,0.333317240365,0.409325170061,3.25008582376e-95
385.9,0.628682142932,0.333317791756,0.409324441526,3.07468796501e-95
386,0.628681940833,0.333318382937,0.409323739307,2.90875577586e-95
386.1,0.628681698771,0.333319012089,0.409323065194,2.75177842866e-95
386.2,0.628681417609,0.333319677298,0.409322420893,2.60327266304e-95
386.3,0.628681098316,0.33332037656,0.409321808017,2.4627812982e-95
386.4,0.628680741958,0.333321107789,0.409321228086,2.32987182548e-95
386.5,0.628680349696,0.33332186882,0.409320682524,2.20413507696e-95
386.6,0.628679922788,0.33332265742,0.409320172651,2.08518396584e-95
386.7,0.628679462576,0.33332347129,0.409319699684,1.97265229479e-95
386.8,0.628678970489,0.333324308073,0.409319264732,1.86619362867e-95
386.9,0.628678448035,0.333325165362,0.409318868795,1.76548022804e-95
387,0.628677896798,0.333326040705,0.409318512761,1.67020204025e-95
387.1,0.628677318433,0.333326931616,0.409318197404,1.58006574493e-95
387.2,0.628676714661,0.333327835574,0.409317923382,1.49479385105e-95
387.3,0.628676087263,0.333328750038,0.409317691239,1.41412384267e-95
387.4,0.628675438076,0.333329672451,0.409317501397,1.33780737082e-95
387.5,0.62867476899,0.333330600247,0.409317354166,1.26560948894e-95
387.6,0.628674081936,0.333331530856,0.409317249733,1.19730792965e-95
387.7,0.628673378886,0.333332461717,0.409317188168,1.13269242047e-95
387.8,0.628672661848,0.333333390277,0.409317169425,1.07156403656e-95
387.9,0.628671932855,0.333334314006,0.409317193338,1.01373458829e-95
388,0.628671193965,0.333335230397,0.409317259628,9.59026041938e-96
388.1,0.628670447251,0.333336136977,0.4093173679,9.07269971606e-96
388.2,0.628669694798,0.333337031313,0.409317517645,8.58307040745e-96
388.3,0.628668938695,0.333337911017,0.409317708245,8.11986511628e-96
388.4,0.628668181033,0.333338773753,0.409317938972,7.68165781316e-96
388.5,0.628667423893,0.333339617242,0.409318208991,7.26709942659e-96
388.6,0.628666669349,0.333340439272,0.409318517366,6.87491368987e-96
388.7,0.628665919452,0.333341237699,0.409318863059,6.50389321211e-96
388.8,0.628665176234,0.333342010455,0.409319244934,6.15289576135e-96
388.9,0.628664441697,0.333342755552,0.409319661765,5.82084074816e-96
389,0.628663717809,0.333343471088,0.409320112232,5.50670589908e-96
389.1,0.628663006499,0.333344155254,0.409320594933,5.20952410951e-96
389.2,0.628662309652,0.333344806331,0.409321108384,4.92838046654e-96
389.3,0.628661629105,0.333345422705,0.409321651023,4.66240943229e-96
389.4,0.628660966638,0.33334600286,0.409322221217,4.41079217938e-96
389.5,0.628660323976,0.333346545391,0.409322817266,4.17275407017e-96
389.6,0.62865970278,0.333347049,0.409323437407,3.94756227194e-96
389.7,0.628659104642,0.333347512504,0.40932407982,3.73452350091e-96
389.8,0.628658531084,0.333347934835,0.409324742633,3.53298188788e-96
389.9,0.628657983555,0.333348315044,0.409325423928,3.34231695911e-96
390,0.628657463422,0.333348652302,0.409326121747,3.16194172618e-96
390.1,0.628656971973,0.3333489459,0.409326834094,2.99130087887e-96
390.2,0.628656510409,0.333349195255,0.409327558945,2.82986907563e-96
390.3,0.628656079844,0.333349399906,0.409328294253,2.67714932622e-96
390.4,0.628655681301,0.333349559518,0.409329037949,2.53267146176e-96
390.5,0.62865531571,0.333349673881,0.409329787956,2.39599068718e-96
390.6,0.628654983907,0.333349742908,0.409330542186,2.26668621195e-96
390.7,0.628654686631,0.33334976664,0.409331298554,2.1443599546e-96
390.8,0.628654424521,0.333349745239,0.409332054975,2.02863531714e-96
390.9,0.62865419812,0.333349678991,0.409332809378,1.91915602575e-96
391,0.628654007866,0.333349568305,0.409333559708,1.81558503385e-96
391.1,0.628653854099,0.333349413706,0.409334303928,1.71760348452e-96
391.2,0.628653737057,0.333349215839,0.409335040031,1.62490972882e-96
391.3,0.628653656874,0.333348975465,0.409335766043,1.53721839716e-96
391.4,0.628653613586,0.333348693456,0.409336480024,1.45425952069e-96
391.5,0.628653607124,0.333348370794,0.40933718008,1.37577770021e-96
391.6,0.628653637321,0.333348008569,0.409337864364,1.30153131987e-96
391.7,0.62865370391,0.33334760797,0.409338531081,1.23129180328e-96
391.8,0.628653806524,0.33334717029,0.409339178492,1.16484290985e-96
391.9,0.628653944701,0.333346696914,0.409339804921,1.10198006905e-96
392,0.628654117884,0.333346189319,0.409340408759,1.04250975056e-96
392.1,0.628654325421,0.333345649067,0.409340988465,9.86248868492e-97
392.2,0.628654566572,0.333345077803,0.409341542573,9.33024217727e-97
392.3,0.628654840506,0.333344477248,0.409342069693,8.82671940649e-97
392.4,0.628655146307,0.333343849194,0.409342568519,8.35037022694e-97
392.5,0.628655482978,0.333343195502,0.409343037825,7.89972815104e-97
392.6,0.628655849441,0.333342518089,0.409343476475,7.47340583442e-97
392.7,0.628656244542,0.333341818932,0.409343883422,7.07009080474e-97
392.8,0.628656667054,0.333341100056,0.409344257711,6.68854142091e-97
392.9,0.628657115682,0.333340363528,0.409344598481,6.32758305056e-97
393,0.628657589065,0.333339611456,0.409344904968,5.98610445363e-97
393.1,0.628658085783,0.333338845977,0.409345176504,5.66305436122e-97
393.2,0.628658604356,0.333338069256,0.409345412522,5.35743823909e-97
393.3,0.628659143255,0.333337283478,0.409345612555,5.06831522575e-97
393.4,0.628659700901,0.33333649084,0.409345776235,4.79479523586e-97
393.5,0.628660275671,0.333335693548,0.409345903298,4.53603621991e-97
393.6,0.628660865906,0.33333489381,0.409345993579,4.29124157185e-97
393.7,0.628661469911,0.333334093827,0.409346047018,4.05965767656e-97
393.8,0.628662085961,0.333333295794,0.409346063653,3.8405715897e-97
393.9,0.628662712309,0.333332501886,0.409346043624,3.63330884279e-97
394,0.628663347187,0.333331714256,0.409345987171,3.43723136676e-97
394.1,0.628663988813,0.33333093503,0.409345894631,3.2517355275e-97
394.2,0.628664635396,0.333330166301,0.409345766441,3.07625026748e-97
394.3,0.62866528514,0.333329410121,0.409345603131,2.91023534769e-97
394.4,0.628665936249,0.333328668499,0.409345405325,2.75317968436e-97
394.5,0.628666586933,0.333327943391,0.409345173739,2.60459977554e-97
394.6,0.628667235411,0.333327236701,0.409344909177,2.46403821259e-97
394.7,0.628667879919,0.333326550271,0.409344612531,2.33106227192e-97
394.8,0.628668518711,0.333325885881,0.409344284775,2.20526258281e-97
394.9,0.628669150066,0.333325245237,0.409343926963,2.08625186713e-97
395,0.628669772293,0.333324629976,0.409343540227,1.97366374699e-97
395.1,0.628670383733,0.333324041655,0.409343125773,1.86715161686e-97
395.2,0.628670982766,0.333323481749,0.409342684874,1.76638757647e-97
395.3,0.628671567813,0.333322951648,0.409342218872,1.67106142131e-97
395.4,0.628672137343,0.333322452654,0.40934172917,1.58087968767e-97
395.5,0.628672689874,0.333321985978,0.409341217229,1.49556474915e-97
395.6,0.628673223978,0.333321552734,0.409340684563,1.41485396196e-97
395.7,0.628673738284,0.333321153941,0.409340132735,1.33849885636e-97
395.8,0.628674231485,0.333320790517,0.409339563355,1.26626437169e-97
395.9,0.628674702335,0.333320463279,0.409338978069,1.19792813277e-97
396,0.628675149658,0.333320172941,0.409338378561,1.13327976524e-97
396.1,0.628675572347,0.333319920113,0.409337766546,1.07212024792e-97
396.2,0.628675969368,0.333319705298,0.409337143762,1.01426130017e-97
396.3,0.628676339763,0.333319528892,0.409336511969,9.59524802148e-98
396.4,0.628676682651,0.333319391186,0.409335872944,9.07742246554e-98
396.5,0.628676997233,0.333319292361,0.409335228473,8.58754219818e-98
396.6,0.628677282789,0.333319232493,0.409334580349,8.12409911353e-98
396.7,0.628677538683,0.333319211548,0.409333930365,7.68566649277e-98
396.8,0.628677764364,0.333319229388,0.409333280312,7.27089461193e-98
396.9,0.628677959366,0.333319285769,0.40933263197,6.87850658669e-98
397,0.62867812331,0.333319380342,0.409331987106,6.50729444148e-98
397.1,0.628678255902,0.333319512656,0.40933134747,6.1561153907e-98
397.2,0.628678356938,0.333319682158,0.409330714786,5.82388832062e-98
397.3,0.628678426299,0.333319888196,0.409330090752,5.50959046117e-98
397.4,0.628678463956,0.333320130023,0.409329477035,5.2122542373e-98
397.5,0.628678469966,0.333320406795,0.409328875263,4.93096429037e-98
397.6,0.62867844447,0.333320717579,0.409328287025,4.66485466012e-98
397.7,0.628678387698,0.333321061352,0.409327713862,4.41310611889e-98
397.8,0.628678299962,0.333321437006,0.40932715727,4.17494364961e-98
397.9,0.628678181659,0.333321843351,0.409326618688,3.94963405988e-98
398,0.628678033268,0.333322279121,0.409326099502,3.73648372493e-98
398.1,0.628677855345,0.333322742973,0.409325601036,3.53483645222e-98
398.2,0.628677648527,0.333323233496,0.40932512455,3.34407146142e-98
398.3,0.628677413527,0.333323749211,0.409324671239,3.16360147331e-98
398.4,0.628677151129,0.33332428858,0.409324242228,2.9928709019e-98
398.5,0.62867686219,0.333324850006,0.409323838569,2.83135414404e-98
398.6,0.628676547637,0.33332543184,0.40932346124,2.67855396137e-98
398.7,0.628676208458,0.333326032386,0.409323111142,2.53399994959e-98
398.8,0.628675845707,0.333326649904,0.409322789096,2.39724709033e-98
398.9,0.628675460497,0.333327282618,0.409322495844,2.26787438117e-98
399,0.628675053996,0.333327928719,0.409322232043,2.14548353963e-98
399.1,0.628674627424,0.333328586369,0.409321998268,2.029697777e-98
399.2,0.62867418205,0.333329253709,0.409321795007,1.92016063847e-98
399.3,0.628673719191,0.333329928862,0.409321622664,1.81653490578e-98
399.4,0.6286732402,0.333330609939,0.409321481554,1.71850155908e-98
399.5,0.628672746472,0.333331295046,0.409321371908,1.62575879486e-98
399.6,0.628672239433,0.333331982286,0.409321293866,1.53802109684e-98
399.7,0.628671720539,0.333332669765,0.409321247483,1.45501835703e-98
399.8,0.628671191271,0.3333333556,0.409321232728,1.37649504419e-98
399.9,0.628670653131,0.333334037919,0.40932124948,1.3022094172e-98
400,0.628670107637,0.333334714873,0.409321297536,1.23193278086e-98
400.1,0.62866955632,0.333335384633,0.409321376605,1.16544878186e-98
400.2,0.628669000721,0.333336045402,0.409321486317,1.1025527427e-98
400.3,0.628668442382,0.333336695414,0.409321626214,1.04305103165e-98
400.4,0.628667882847,0.333337332944,0.409321795763,9.86760466621e-99
400.5,0.628667323654,0.333337956308,0.409321994349,9.33507751258e-99
400.6,0.628666766333,0.333338563869,0.409322221283,8.83128941425e-99
400.7,0.628666212401,0.333339154045,0.4093224758,8.3546894052e-99
400.8,0.628665663359,0.333339725305,0.409322757064,7.90381022001e-99
400.9,0.628665120685,0.333340276179,0.409323064169,7.47726377689e-99
401,0.628664585835,0.333340805263,0.409323396146,7.07373690445e-99
401.1,0.628664060233,0.333341311215,0.409323751958,6.69198729906e-99
401.2,0.628663545272,0.333341792767,0.409324130513,6.33083970039e-99
401.3,0.62866304231,0.333342248723,0.409324530657,5.98918227335e-99
401.4,0.628662552664,0.333342677963,0.409324951187,5.66596318523e-99
401.5,0.628662077608,0.333343079444,0.409325390848,5.36018736763e-99
401.6,0.62866161837,0.333343452209,0.409325848339,5.07091345309e-99
401.7,0.628661176127,0.333343795379,0.409326322318,4.79725087699e-99
401.8,0.628660752006,0.333344108164,0.409326811403,4.538357136e-99
401.9,0.628660347077,0.33334438986,0.409327314178,4.29343519428e-99
402,0.628659962353,0.333344639852,0.409327829199,4.06173102982e-99
402.1,0.628659598785,0.333344857616,0.409328354991,3.8425313131e-99
402.2,0.628659257263,0.333345042716,0.409328890062,3.63516121106e-99
402.3,0.628658938612,0.333345194811,0.409329432898,3.43898230957e-99
402.4,0.628658643588,0.33334531365,0.409329981973,3.25339064802e-99
402.5,0.628658372881,0.333345399074,0.409330535753,3.07781485998e-99
402.6,0.62865812711,0.333345451019,0.409331092696,2.91171441417e-99
402.7,0.628657906823,0.333345469511,0.409331651262,2.75457795041e-99
402.8,0.628657712494,0.333345454667,0.409332209912,2.60592170533e-99
402.9,0.628657544526,0.333345406696,0.409332767115,2.46528802306e-99
403,0.628657403244,0.333345325896,0.409333321353,2.33224394625e-99
403.1,0.628657288903,0.333345212655,0.409333871122,2.20637988323e-99
403.2,0.628657201679,0.333345067445,0.409334414939,2.08730834695e-99
403.3,0.628657141675,0.333344890825,0.409334951345,1.97466276211e-99
403.4,0.628657108918,0.333344683438,0.409335478907,1.86809633661e-99
403.5,0.628657103361,0.333344446006,0.409335996225,1.76728099386e-99
403.6,0.628657124881,0.333344179332,0.409336501933,1.67190636279e-99
403.7,0.628657173283,0.333343884293,0.409336994705,1.58167882232e-99
403.8,0.6286572483,0.33334356184,0.409337473257,1.4963205974e-99
403.9,0.628657349591,0.333343212995,0.409337936348,1.41556890384e-99
404,0.628657476747,0.333342838846,0.409338382789,1.33917513931e-99
404.1,0.628657629289,0.333342440545,0.40933881144,1.26690411793e-99
404.2,0.628657806672,0.333342019305,0.409339221216,1.19853334629e-99
404.3,0.628658008285,0.333341576396,0.409339611091,1.13385233838e-99
404.4,0.628658233452,0.333341113141,0.409339980097,1.07266196766e-99
404.5,0.62865848144,0.333340630909,0.409340327328,1.01477385396e-99
404.6,0.628658751452,0.333340131119,0.409340651942,9.60009783544e-100
404.7,0.62865904264,0.333339615228,0.409340953164,9.08201160451e-100
404.8,0.628659354099,0.333339084729,0.409341230288,8.59188487439e-100
404.9,0.628659684872,0.33333854115,0.409341482675,8.1282087495e-100
405,0.628660033958,0.333337986045,0.409341709759,7.68955576571e-100
405.1,0.628660400308,0.333337420993,0.409341911044,7.27457549568e-100
405.2,0.62866078283,0.333336847593,0.409342086111,6.88199039131e-100
405.3,0.628661180397,0.333336267456,0.40934223461,6.51059185064e-100
405.4,0.628661591842,0.333335682205,0.40934235627,6.15923649694e-100
405.5,0.62866201597,0.33333509347,0.409342450892,5.82684265867e-100
405.6,0.628662451554,0.333334502881,0.409342518354,5.51238703938e-100
405.7,0.628662897344,0.333333912065,0.409342558606,5.2149015673e-100
405.8,0.628663352068,0.33333332264,0.409342571677,4.93347041501e-100
405.9,0.628663814434,0.333332736215,0.409342557668,4.66722717992e-100
406,0.628664283137,0.333332154382,0.409342516752,4.41535221689e-100
406.1,0.628664756863,0.333331578709,0.409342449178,4.17707011488e-100
406.2,0.628665234288,0.333331010744,0.409342355266,3.95164730967e-100
406.3,0.628665714085,0.333330452002,0.409342235404,3.73838982553e-100
406.4,0.628666194929,0.333329903969,0.409342090053,3.53664113869e-100
406.5,0.628666675497,0.33332936809,0.409341919739,3.34578015614e-100
406.6,0.628667154475,0.333328845773,0.409341725054,3.16521930351e-100
406.7,0.628667630558,0.33332833838,0.409341506654,2.99440271615e-100
406.8,0.628668102457,0.333327847225,0.409341265257,2.83280452785e-100
406.9,0.628668568901,0.333327373572,0.40934100164,2.67992725183e-100
407,0.628669028639,0.33332691863,0.409340716637,2.53530024923e-100
407.1,0.628669480445,0.33332648355,0.409340411137,2.39847828018e-100
407.2,0.628669923124,0.333326069425,0.40934008608,2.26904013305e-100
407.3,0.628670355507,0.333325677283,0.409339742454,2.14658732772e-100
407.4,0.628670776462,0.333325308087,0.409339381295,2.03074288881e-100
407.5,0.628671184895,0.333324962733,0.40933900368,1.92115018517e-100
407.6,0.628671579748,0.333324642047,0.409338610726,1.81747183185e-100
407.7,0.628671960011,0.333324346782,0.409338203587,1.71938865156e-100
407.8,0.628672324713,0.33332407762,0.40933778345,1.62659869193e-100
407.9,0.628672672935,0.333323835165,0.40933735153,1.53881629602e-100
408,0.628673003806,0.333323619948,0.409336909072,1.45577122284e-100
408.1,0.628673316507,0.333323432421,0.409336457338,1.37720781543e-100
408.2,0.628673610274,0.333323272957,0.409335997615,1.30288421379e-100
408.3,0.628673884396,0.333323141852,0.4093355312,1.23257161027e-100
408.4,0.628674138223,0.333323039322,0.409335059406,1.16605354523e-100
408.5,0.62867437116,0.333322965505,0.409334583551,1.10312524058e-100
408.6,0.628674582676,0.333322920457,0.40933410496,1.04359296943e-100
408.7,0.628674772299,0.333322904157,0.409333624957,9.87273459657e-101
408.8,0.62867493962,0.333322916505,0.409333144865,9.33993329693e-101
408.9,0.628675084293,0.333322957322,0.409332665997,8.83588554768e-101
409,0.628675206036,0.333323026354,0.409332189661,8.35903961953e-101
409.1,0.62867530463,0.333323123269,0.409331717148,7.90792752454e-101
409.2,0.628675379923,0.333323247661,0.409331249733,7.48116049687e-101
409.3,0.628675431826,0.333323399052,0.40933078867,7.07742471742e-101
409.4,0.628675460314,0.333323576889,0.40933033519,6.69547726919e-101
409.5,0.628675465427,0.333323780554,0.409329890498,6.33414231098e-101
409.6,0.628675447269,0.333324009358,0.409329455766,5.99230745748e-101
409.7,0.628675406007,0.333324262548,0.409329032136,5.6689203548e-101
409.8,0.62867534187,0.333324539308,0.409328620712,5.36298544079e-101
409.9,0.62867525515,0.33332483876,0.409328222559,5.07356088018e-101
410,0.628675146197,0.33332515997,0.4093278387,4.79975566514e-101
410.1,0.628675015423,0.33332550195,0.409327470116,4.54072687228e-101
410.2,0.628674863294,0.333325863657,0.409327117739,4.29567706775e-101
410.3,0.628674690336,0.333326244002,0.409326782452,4.06385185228e-101
410.4,0.628674497127,0.333326641848,0.409326465087,3.84453753881e-101
410.5,0.628674284298,0.333327056019,0.409326166424,3.63705895539e-101
410.6,0.628674052531,0.333327485297,0.409325887186,3.44077736664e-101
410.7,0.628673802556,0.333327928431,0.40932562804,3.25508850744e-101
410.8,0.62867353515,0.333328384137,0.409325389595,3.07942072265e-101
410.9,0.628673251133,0.333328851104,0.409325172399,2.91323320734e-101
411,0.628672951366,0.333329327996,0.40932497694,2.75601434186e-101
411.1,0.628672636751,0.333329813456,0.409324803645,2.60728011687e-101
411.2,0.628672308222,0.333330306112,0.409324652876,2.46657264326e-101
411.3,0.628671966751,0.333330804579,0.409324524932,2.33345874261e-101
411.4,0.628671613338,0.333331307461,0.40932442005,2.2075286136e-101
411.5,0.628671249011,0.333331813359,0.4093243384,2.08839457043e-101
411.6,0.628670874823,0.333332320873,0.409324280088,1.9756898494e-101
411.7,0.628670491848,0.333332828603,0.409324245157,1.86906747972e-101
411.8,0.62867010118,0.333333335159,0.409324233585,1.76819921547e-101
411.9,0.628669703928,0.333333839159,0.409324245286,1.672774525e-101
412,0.628669301212,0.333334339234,0.409324280111,1.58249963503e-101
412.1,0.628668894164,0.333334834036,0.409324337847,1.4970966262e-101
412.2,0.628668483919,0.333335322235,0.409324418221,1.41630257757e-101
412.3,0.628668071619,0.333335802527,0.409324520899,1.33986875713e-101
412.4,0.628667658402,0.333336273638,0.409324645487,1.26755985613e-101
412.5,0.628667245405,0.333336734321,0.409324791534,1.19915326468e-101
412.6,0.628666833759,0.333337183369,0.409324958532,1.1344383864e-101
412.7,0.628666424583,0.33333761961,0.409325145918,1.07321599014e-101
412.8,0.628666018986,0.333338041913,0.409325353075,1.01529759661e-101
412.9,0.628665618061,0.333338449192,0.409325579337,9.60504898154e-102
413,0.628665222883,0.333338840407,0.409325823989,9.08669209824e-102
413.1,0.628664834505,0.333339214567,0.409326086266,8.59630950076e-102
413.2,0.628664453957,0.333339570734,0.409326365362,8.13239149489e-102
413.3,0.628664082242,0.333339908022,0.409326660428,7.69350986007e-102
413.4,0.628663720333,0.333340225602,0.409326970575,7.27831345246e-102
413.5,0.628663369172,0.333340522704,0.409327294879,6.88552404545e-102
413.6,0.628663029666,0.333340798618,0.409327632378,6.51393239453e-102
413.7,0.628662702689,0.333341052693,0.409327982083,6.16239451457e-102
413.8,0.62866238907,0.333341284345,0.409328342973,5.829828158e-102
413.9,0.628662089603,0.333341493052,0.409328714005,5.51520948304e-102
414,0.628661805037,0.333341678356,0.409329094111,5.21756990173e-102
414.1,0.628661536075,0.33334183987,0.409329482204,4.93599309808e-102
414.2,0.628661283376,0.33334197727,0.409329877181,4.66961220709e-102
414.3,0.628661047551,0.333342090301,0.409330277924,4.41760714608e-102
414.4,0.628660829159,0.333342178777,0.409330683309,4.17920208995e-102
414.5,0.628660628712,0.333342242579,0.4093310922,3.95366308278e-102
414.6,0.628660446668,0.333342281655,0.409331503461,3.74029577827e-102
414.7,0.628660283433,0.333342296025,0.409331915952,3.5384433021e-102
414.8,0.628660139359,0.333342285772,0.409332328538,3.34748422971e-102
414.9,0.628660014745,0.33334225105,0.409332740089,3.16683067319e-102
415,0.628659909834,0.333342192075,0.409333149481,2.99592647138e-102
415.1,0.628659824813,0.333342109133,0.409333555605,2.83424547768e-102
415.2,0.628659759817,0.333342002571,0.409333957365,2.68128994025e-102
415.3,0.62865971492,0.3333418728,0.409334353682,2.53658896964e-102
415.4,0.628659690147,0.333341720292,0.409334743498,2.39969708907e-102
415.5,0.628659685462,0.33334154558,0.409335125778,2.27019286301e-102
415.6,0.628659700778,0.333341349254,0.409335499512,2.14767759972e-102
415.7,0.628659735952,0.33334113196,0.409335863721,2.03177412384e-102
415.8,0.628659790788,0.3333408944,0.409336217455,1.92212561521e-102
415.9,0.628659865035,0.333340637327,0.409336559797,1.81839451032e-102
416,0.628659958394,0.333340361542,0.409336889867,1.72026146314e-102
416.1,0.628660070511,0.333340067896,0.409337206823,1.62742436192e-102
416.2,0.628660200986,0.333339757282,0.409337509863,1.53959739911e-102
416.3,0.628660349369,0.333339430638,0.409337798226,1.45651019148e-102
416.4,0.628660515163,0.333339088939,0.409338071197,1.37790694768e-102
416.5,0.628660697825,0.333338733196,0.409338328105,1.3035456808e-102
416.6,0.628660896772,0.333338364455,0.409338568329,1.23319746331e-102
416.7,0.628661111375,0.333337983791,0.409338791293,1.16664572234e-102
416.8,0.628661340968,0.333337592307,0.409338996474,1.10368557291e-102
416.9,0.628661584847,0.33333719113,0.4093391834,1.04412318712e-102
417,0.628661842271,0.333336781408,0.40933935165,9.87775197502e-103
417.1,0.628662112468,0.333336364305,0.409339500858,9.34468132434e-103
417.2,0.628662394633,0.333335941002,0.409339630711,8.84037882111e-103
417.3,0.628662687932,0.33333551269,0.409339740951,8.36329193308e-103
417.4,0.628662991506,0.333335080566,0.409339831374,7.91195191404e-103
417.5,0.628663304473,0.333334645834,0.409339901833,7.48496928217e-103
417.6,0.628663625927,0.333334209698,0.409339952235,7.08102954225e-103
417.7,0.628663954945,0.333333773359,0.409339982544,6.69888913889e-103
417.8,0.628664290587,0.333333338013,0.409339992778,6.33737162798e-103
417.9,0.628664631902,0.333332904848,0.409339983009,5.99536405495e-103
418,0.628664977925,0.33333247504,0.409339953365,5.67181352832e-103
418.1,0.628665327686,0.333332049748,0.409339904028,5.36572397825e-103
418.2,0.628665680206,0.333331630115,0.409339835232,5.07615309005e-103
418.3,0.628666034508,0.333331217262,0.409339747263,4.8022094031e-103
418.4,0.628666389611,0.333330812286,0.409339640459,4.54304956638e-103
418.5,0.628666744538,0.333330416255,0.409339515208,4.29787574215e-103
418.6,0.628667098319,0.33333003021,0.409339371945,4.06593314966e-103
418.7,0.628667449989,0.333329655158,0.409339211154,3.84650774151e-103
418.8,0.628667798597,0.33332929207,0.409339033363,3.63892400535e-103
418.9,0.628668143204,0.333328941881,0.409338839145,3.44254288423e-103
419,0.628668482884,0.333328605486,0.409338629115,3.25675980923e-103
419.1,0.628668816734,0.333328283735,0.409338403928,3.08100283818e-103
419.2,0.628669143867,0.333327977436,0.409338164277,2.91473089493e-103
419.3,0.628669463421,0.333327687351,0.409337910891,2.75743210356e-103
419.4,0.62866977456,0.333327414192,0.409337644534,2.60862221249e-103
419.5,0.628670076474,0.333327158622,0.409337366,2.46784310376e-103
419.6,0.628670368381,0.333326921253,0.409337076114,2.33466138255e-103
419.7,0.628670649534,0.333326702643,0.409336775727,2.20866704304e-103
419.8,0.628670919215,0.333326503296,0.409336465715,2.08947220612e-103
419.9,0.628671176745,0.333326323661,0.409336146975,1.97670992526e-103
420,0.628671421479,0.333326164131,0.409335820425,1.87003305688e-103
420.1,0.628671652811,0.333326025041,0.409335486998,1.76911319162e-103
420.2,0.628671870176,0.33332590667,0.409335147642,1.67363964328e-103
420.3,0.628672073047,0.333325809237,0.409334803317,1.58331849241e-103
420.4,0.628672260943,0.333325732904,0.40933445499,1.4978716814e-103
420.5,0.628672433424,0.333325677773,0.409334103637,1.41703615851e-103
420.6,0.628672590095,0.333325643889,0.409333750234,1.34056306802e-103
420.7,0.628672730608,0.333325631237,0.40933339576,1.2682169841e-103
420.8,0.628672854658,0.333325639745,0.409333041192,1.1997751861e-103
420.9,0.628672961989,0.333325669283,0.4093326875,1.13502697282e-103
421,0.628673052391,0.333325719665,0.40933233565,1.07377301391e-103
421.1,0.628673125701,0.333325790646,0.409331986595,1.01582473618e-103
421.2,0.628673181806,0.33332588193,0.409331641278,9.61003743107e-104
421.3,0.628673220637,0.333325993163,0.409331300626,9.09141265612e-104
421.4,0.628673242176,0.333326123941,0.409330965548,8.60077642502e-104
421.5,0.628673246451,0.333326273806,0.409330636934,8.13661828948e-104
421.6,0.628673233537,0.333326442253,0.409330315652,7.69750931492e-104
421.7,0.628673203556,0.333326628726,0.409330002544,7.28209768137e-104
421.8,0.628673156676,0.333326832624,0.409329698427,6.88910452192e-104
421.9,0.628673093111,0.3333270533,0.409329404088,6.51731998566e-104
422,0.628673013118,0.333327290066,0.409329120286,6.16559951315e-104
422.1,0.628672917,0.333327542192,0.409328847743,5.83286031282e-104
422.2,0.628672805101,0.33332780891,0.409328587149,5.5180780276e-104
422.3,0.628672677808,0.333328089415,0.409328339159,5.22028358141e-104
422.4,0.628672535545,0.333328382871,0.409328104387,4.93856019587e-104
422.5,0.62867237878,0.333328688409,0.409327883411,4.67204056789e-104
422.6,0.628672208013,0.333329005129,0.409327676765,4.41990419976e-104
422.7,0.628672023783,0.33332933211,0.409327484945,4.18137487319e-104
422.8,0.628671826663,0.333329668403,0.4093273084,3.95571825968e-104
422.9,0.628671617257,0.33333001304,0.409327147537,3.74223965993e-104
423,0.628671396201,0.333330365036,0.409327002717,3.54028186518e-104
423.1,0.628671164159,0.333330723389,0.409326874258,3.34922313394e-104
423.2,0.628670921822,0.333331087086,0.409326762427,3.168475278e-104
423.3,0.628670669906,0.333331455103,0.409326667448,2.99748185167e-104
423.4,0.628670409149,0.333331826411,0.409326589495,2.83571643872e-104
423.5,0.628670140309,0.333332199976,0.409326528697,2.68268103185e-104
423.6,0.628669864164,0.333332574765,0.409326485133,2.53790449953e-104
423.7,0.628669581506,0.333332949743,0.409326458837,2.40094113559e-104
423.8,0.628669293144,0.333333323883,0.409326449792,2.27136928718e-104
423.9,0.628668999895,0.333333696164,0.409326457938,2.14879005662e-104
424,0.628668702588,0.333334065576,0.409326483164,2.03282607343e-104
424.1,0.628668402056,0.333334431122,0.409326525317,1.92312033257e-104
424.2,0.62866809914,0.33333479182,0.409326584194,1.81933509541e-104
424.3,0.628667794681,0.333335146706,0.409326659552,1.72115084997e-104
424.4,0.628667489521,0.333335494838,0.409326751099,1.62826532728e-104
424.5,0.628667184499,0.333335835296,0.409326858505,1.54039257089e-104
424.6,0.628666880451,0.333336167185,0.409326981395,1.45726205648e-104
424.7,0.628666578203,0.333336489641,0.409327119353,1.37861785909e-104
424.8,0.628666278575,0.333336801828,0.409327271928,1.30421786521e-104
424.9,0.628665982375,0.333337102941,0.409327438626,1.23383302744e-104
425,0.628665690395,0.333337392213,0.409327618921,1.16724665937e-104
425.1,0.628665403416,0.33333766891,0.40932781225,1.10425376847e-104
425.2,0.628665122197,0.333337932338,0.409328018017,1.04466042505e-104
425.3,0.62866484748,0.333338181841,0.409328235597,9.88283165187e-105
425.4,0.628664579985,0.333338416808,0.409328464334,9.34948425981e-105
425.5,0.628664320408,0.333338636667,0.409328703546,8.84492011182e-105
425.6,0.62866406942,0.333338840892,0.409328952524,8.36758585728e-105
425.7,0.628663827665,0.333339029003,0.409329210537,7.91601197532e-105
425.8,0.628663595759,0.333339200566,0.409329476834,7.48880825078e-105
425.9,0.628663374288,0.333339355193,0.409329750642,7.08465949433e-105
426,0.628663163805,0.333339492547,0.409330031174,6.70232149364e-105
426.1,0.628662964833,0.333339612339,0.409330317629,6.34061718291e-105
426.2,0.628662777857,0.333339714328,0.409330609191,5.9984330192e-105
426.3,0.628662603329,0.333339798326,0.409330905035,5.67471555433e-105
426.4,0.628662441666,0.333339864192,0.409331204332,5.36846819173e-105
426.5,0.628662293244,0.333339911838,0.409331506242,5.07874811837e-105
426.6,0.628662158404,0.333339941225,0.409331809926,4.80466340216e-105
426.7,0.628662037447,0.333339952364,0.409332114543,4.54537024613e-105
426.8,0.628661930633,0.333339945317,0.409332419255,4.3000703907e-105
426.9,0.628661838185,0.333339920194,0.409332723225,4.06800865615e-105
427,0.628661760284,0.333339877156,0.409333025626,3.84847061775e-105
427.1,0.628661697068,0.333339816411,0.409333325636,3.6407804063e-105
427.2,0.628661648638,0.333339738214,0.409333622446,3.44429862746e-105
427.3,0.628661615052,0.333339642867,0.40933391526,3.25842039323e-105
427.4,0.628661596327,0.333339530719,0.409334203294,3.08257345981e-105
427.5,0.628661592438,0.33333940216,0.409334485785,2.91621646584e-105
427.6,0.628661603323,0.333339257626,0.409334761987,2.75883726579e-105
427.7,0.628661628877,0.333339097592,0.409335031174,2.60995135325e-105
427.8,0.628661668956,0.333338922577,0.409335292645,2.4691003693e-105
427.9,0.628661723377,0.333338733133,0.409335545722,2.33585069147e-105
428,0.628661791919,0.333338529854,0.409335789755,2.20979209871e-105
428.1,0.628661874323,0.333338313364,0.40933602412,2.09053650849e-105
428.2,0.628661970293,0.333338084325,0.409336248225,1.9777167821e-105
428.3,0.628662079498,0.333337843427,0.409336461506,1.8709855943e-105
428.4,0.628662201572,0.333337591388,0.409336663435,1.77001436406e-105
428.5,0.628662336117,0.333337328957,0.409336853515,1.67449224302e-105
428.6,0.6286624827,0.333337056903,0.409337031286,1.58412515844e-105
428.7,0.62866264086,0.333336776021,0.409337196323,1.49863490793e-105
428.8,0.628662810105,0.333336487124,0.409337348237,1.4177583029e-105
428.9,0.628662989915,0.333336191044,0.409337486679,1.34124635838e-105
429,0.628663179746,0.333335888629,0.409337611337,1.26886352641e-105
429.1,0.628663379026,0.333335580738,0.409337721939,1.20038697094e-105
429.2,0.628663587161,0.333335268243,0.409337818254,1.13560588178e-105
429.3,0.628663803538,0.333334952023,0.409337900089,1.07432082557e-105
429.4,0.628664027522,0.333334632962,0.409337967293,1.01634313183e-105
429.5,0.628664258462,0.333334311949,0.409338019756,9.61494312118e-106
429.6,0.628664495689,0.333333989873,0.409338057408,9.09605510513e-106
429.7,0.628664738522,0.333333667621,0.409338080221,8.6051698378e-106
429.8,0.628664986267,0.333333346078,0.409338088207,8.14077609582e-106
429.9,0.628665238223,0.33333302612,0.409338081419,7.70144421231e-106
430,0.628665493676,0.333332708615,0.40933805995,7.28582167549e-106
430.1,0.62866575191,0.333332394422,0.409338023933,6.8926289648e-106
430.2,0.628666012203,0.333332084383,0.409337973539,6.52065561178e-106
430.3,0.628666273833,0.333331779327,0.40933790898,6.16875647349e-106
430.4,0.628666536075,0.333331480066,0.409337830503,5.83584820702e-106
430.5,0.628666798209,0.333331187388,0.409337738393,5.52090593439e-106
430.6,0.628667059516,0.333330902063,0.409337632971,5.22296008725e-106
430.7,0.628667319286,0.333330624835,0.409337514594,4.94109342206e-106
430.8,0.628667576814,0.333330356422,0.409337383651,4.67443819615e-106
430.9,0.628667831407,0.333330097516,0.409337240563,4.4221734964e-106
431,0.628668082382,0.333329848777,0.409337085785,4.1835227119e-106
431.1,0.628668329069,0.333329610837,0.409336919798,3.95775114307e-106
431.2,0.628668570815,0.333329384291,0.409336743114,3.7441637399e-106
431.3,0.628668806983,0.333329169703,0.40933655627,3.54210296207e-106
431.4,0.628669036953,0.333328967601,0.409336359831,3.35094675473e-106
431.5,0.628669260127,0.333328778475,0.409336154381,3.17010663338e-106
431.6,0.628669475927,0.333328602778,0.40933594053,2.99902587225e-106
431.7,0.628669683801,0.333328440923,0.409335718905,2.83717779031e-106
431.8,0.628669883218,0.333328293285,0.409335490153,2.68406412983e-106
431.9,0.628670073675,0.333328160195,0.409335254936,2.53921352254e-106
432,0.628670254695,0.333328041945,0.409335013931,2.40218003836e-106
432.1,0.628670425831,0.333327938785,0.409334767827,2.27254181269e-106
432.2,0.628670586662,0.33332785092,0.409334517324,2.14989974759e-106
432.3,0.628670736802,0.333327778514,0.409334263131,2.03387628316e-106
432.4,0.628670875891,0.333327721688,0.409334005961,1.9241142352e-106
432.5,0.628671003605,0.333327680519,0.409333746535,1.82027569555e-106
432.6,0.628671119652,0.33332765504,0.409333485575,1.7220409919e-106
432.7,0.628671223771,0.333327645243,0.409333223803,1.62910770359e-106
432.8,0.628671315739,0.333327651075,0.40933296194,1.5411897306e-106
432.9,0.628671395365,0.333327672441,0.409332700703,1.45801641281e-106
433,0.628671462492,0.333327709206,0.409332440806,1.37933169672e-106
433.1,0.628671517,0.333327761189,0.409332182954,1.30489334719e-106
433.2,0.628671558803,0.333327828173,0.409331927842,1.23447220172e-106
433.3,0.62867158785,0.333327909899,0.409331676155,1.16785146492e-106
433.4,0.628671604126,0.333328006068,0.409331428565,1.10482604117e-106
433.5,0.628671607652,0.333328116343,0.40933118573,1.04520190313e-106
433.6,0.628671598481,0.333328240353,0.409330948292,9.88795494482e-107
433.7,0.628671576702,0.333328377688,0.409330716872,9.35433164838e-107
433.8,0.628671542439,0.333328527905,0.409330492076,8.84950635127e-107
433.9,0.628671495849,0.333328690527,0.409330274484,8.37192491873e-107
434,0.628671437121,0.333328865047,0.409330064658,7.92011708738e-107
434.1,0.628671366478,0.333329050927,0.409329863131,7.49269193907e-107
434.2,0.628671284172,0.333329247599,0.409329670416,7.08833361877e-107
434.3,0.628671190488,0.333329454472,0.409329486994,6.70579728377e-107
434.4,0.62867108574,0.333329670927,0.409329313322,6.3439052713e-107
434.5,0.62867097027,0.333329896324,0.409329149826,6.0015434731e-107
434.6,0.628670844449,0.333330129999,0.409328996903,5.67765790561e-107
434.7,0.628670708674,0.333330371271,0.409328854918,5.37125146523e-107
434.8,0.628670563367,0.33333061944,0.409328724205,5.08138085867e-107
434.9,0.628670408973,0.333330873794,0.409328605066,4.80715369905e-107
435,0.628670245961,0.333331133602,0.409328497768,4.54772575864e-107
435.1,0.628670074822,0.333331398127,0.409328402545,4.30229836986e-107
435.2,0.628669896064,0.33333166662,0.409328319598,4.07011596656e-107
435.3,0.628669710216,0.333331938326,0.409328249092,3.850463758e-107
435.4,0.628669517824,0.333332212485,0.409328191157,3.64266552833e-107
435.5,0.628669319445,0.333332488332,0.409328145889,3.44608155484e-107
435.6,0.628669115655,0.333332765104,0.409328113347,3.26010663857e-107
435.7,0.628668907039,0.333333042039,0.409328093558,3.08416824115e-107
435.8,0.628668694191,0.333333318376,0.40932808651,2.91772472224e-107
435.9,0.628668477718,0.333333593363,0.40932809216,2.76026367208e-107
436,0.628668258229,0.333333866252,0.409328110427,2.611300334e-107
436.1,0.628668036341,0.333334136307,0.409328141197,2.47037611208e-107
436.2,0.628667812675,0.333334402802,0.409328184325,2.33705715936e-107
436.3,0.628667587851,0.333334665025,0.409328239628,2.21093304221e-107
436.4,0.628667362491,0.33333492228,0.409328306896,2.0916154768e-107
436.5,0.628667137216,0.333335173887,0.409328385882,1.97873713375e-107
436.6,0.628666912642,0.333335419185,0.409328476311,1.87195050728e-107
436.7,0.62866668938,0.333335657534,0.409328577879,1.77092684541e-107
436.8,0.628666468035,0.333335888316,0.409328690251,1.67535513789e-107
436.9,0.628666249204,0.333336110938,0.409328813065,1.58494115871e-107
437,0.628666033475,0.33333632483,0.409328945931,1.49940656035e-107
437.1,0.628665821421,0.333336529451,0.409329088436,1.41848801683e-107
437.2,0.628665613605,0.333336724287,0.40932924014,1.34193641308e-107
437.3,0.628665410576,0.333336908853,0.409329400581,1.26951607801e-107
437.4,0.628665212865,0.333337082696,0.409329569277,1.20100405898e-107
437.5,0.628665020986,0.333337245393,0.409329745722,1.13618943544e-107
437.6,0.628664835437,0.333337396556,0.409329929396,1.07487266958e-107
437.7,0.628664656694,0.333337535827,0.409330119758,1.01686499207e-107
437.8,0.628664485211,0.333337662886,0.409330316254,9.61987820874e-108
437.9,0.628664321422,0.333337777446,0.409330518314,9.10072211526e-108
438,0.628664165737,0.333337879256,0.409330725357,8.60958336983e-108
438.1,0.628664018541,0.333337968102,0.40933093679,8.14494995603e-108
438.2,0.628663880195,0.333338043805,0.409331152013,7.70539145659e-108
438.3,0.628663751034,0.333338106224,0.409331370417,7.28955464967e-108
438.4,0.628663631364,0.333338155256,0.409331591387,6.89615934296e-108
438.5,0.628663521465,0.333338190832,0.409331814306,6.52399443242e-108
438.6,0.62866342159,0.333338212925,0.409332038553,6.17191417384e-108
438.7,0.628663331962,0.333338221541,0.409332263506,5.83883465555e-108
438.8,0.628663252774,0.333338216724,0.409332488548,5.52373046153e-108
438.9,0.628663184191,0.333338198555,0.409332713059,5.22563151456e-108
439,0.628663126347,0.333338167152,0.409332936429,4.94362008974e-108
439.1,0.628663079346,0.333338122666,0.409333158051,4.67682798921e-108
439.2,0.628663043263,0.333338065286,0.409333377327,4.42443386931e-108
439.3,0.628663018142,0.333337995234,0.409333593668,4.18566071202e-108
439.4,0.628663003995,0.333337912766,0.409333806496,3.95977343277e-108
439.5,0.628663000807,0.33333781817,0.409334015246,3.74607661751e-108
439.6,0.628663008531,0.333337711766,0.409334219368,3.54391238172e-108
439.7,0.628663027091,0.333337593905,0.409334418324,3.35265834509e-108
439.8,0.628663056381,0.333337464968,0.409334611596,3.17172571545e-108
439.9,0.628663096268,0.333337325363,0.409334798684,3.00055747611e-108
440,0.628663146588,0.333337175528,0.409334979105,2.83862667104e-108
440.1,0.628663207151,0.333337015923,0.4093351524,2.68543478257e-108
440.2,0.62866327774,0.333336847036,0.40933531813,2.54051019662e-108
440.3,0.62866335811,0.333336669375,0.409335475878,2.40340675087e-108
440.4,0.628663447993,0.333336483471,0.409335625253,2.2737023611e-108
440.5,0.628663547094,0.333336289876,0.409335765889,2.15099772182e-108
440.6,0.628663655096,0.333336089157,0.409335897443,2.03491507697e-108
440.7,0.628663771657,0.333335881902,0.409336019601,1.92509705692e-108
440.8,0.628663896415,0.33333566871,0.409336132076,1.82120557827e-108
440.9,0.628664028988,0.333335450196,0.409336234608,1.72292080308e-108
441,0.628664168972,0.333335226984,0.409336326968,1.62994015414e-108
441.1,0.628664315948,0.33333499971,0.409336408952,1.5419773835e-108
441.2,0.628664469476,0.333334769017,0.409336480389,1.4587616912e-108
441.3,0.628664629104,0.333334535553,0.409336541137,1.38003689161e-108
441.4,0.628664794364,0.333334299973,0.409336591082,1.30556062471e-108
441.5,0.628664964775,0.333334062933,0.409336630143,1.23510360995e-108
441.6,0.628665139844,0.333333825088,0.409336658267,1.16844894043e-108
441.7,0.628665319067,0.333333587095,0.409336675431,1.10539141508e-108
441.8,0.628665501934,0.333333349605,0.409336681646,1.04573690694e-108
441.9,0.628665687924,0.333333113268,0.409336676948,9.89301765549e-109
442,0.628665876513,0.333332878724,0.409336661405,9.35912251518e-109
442.1,0.628666067171,0.333332646607,0.409336635115,8.85404001673e-109
442.2,0.628666259366,0.333332417541,0.409336598204,8.37621523047e-109
442.3,0.628666452563,0.333332192137,0.409336550826,7.92417714175e-109
442.4,0.628666646227,0.333331970995,0.409336493164,7.49653412228e-109
442.5,0.628666839827,0.333331754699,0.409336425428,7.09196964587e-109
442.6,0.628667032832,0.333331543816,0.409336347854,6.70923823536e-109
442.7,0.628667224717,0.333331338898,0.409336260704,6.34716162832e-109
442.8,0.628667414961,0.333331140474,0.409336164265,6.00462514964e-109
442.9,0.628667603052,0.333330949057,0.409336058847,5.68057427987e-109
443,0.628667788486,0.333330765135,0.409335944786,5.37401140883e-109
443.1,0.628667970767,0.333330589175,0.409335822437,5.08399276437e-109
443.2,0.628668149413,0.333330421617,0.409335692176,4.80962550684e-109
443.3,0.628668323952,0.333330262878,0.409335554401,4.55006498044e-109
443.4,0.628668493928,0.33333011335,0.409335409526,4.30451211287e-109
443.5,0.628668658897,0.333329973395,0.409335257985,4.07221095531e-109
443.6,0.628668818433,0.333329843348,0.409335100226,3.85244635515e-109
443.7,0.628668972126,0.333329723515,0.409334936712,3.64454175439e-109
443.8,0.628669119585,0.333329614174,0.40933476792,3.44785710674e-109
443.9,0.628669260438,0.33332951557,0.40933459434,3.2617869072e-109
444,0.628669394331,0.33332942792,0.40933441647,3.08575832802e-109
444.1,0.628669520933,0.333329351409,0.40933423482,2.91922945512e-109
444.2,0.628669639935,0.33332928619,0.409334049907,2.76168761984e-109
444.3,0.628669751047,0.333329232385,0.409333862252,2.61264782062e-109
444.4,0.628669854007,0.333329190084,0.409333672384,2.47165122989e-109
444.5,0.628669948572,0.333329159344,0.409333480835,2.33826378155e-109
444.6,0.628670034527,0.333329140192,0.409333288136,2.21207483463e-109
444.7,0.628670111679,0.333329132622,0.409333094823,2.09269590919e-109
444.8,0.628670179861,0.333329136596,0.409332901427,1.97975949025e-109
444.9,0.628670238931,0.333329152045,0.409332708479,1.87291789646e-109
445,0.628670288774,0.333329178868,0.409332516504,1.7718422097e-109
445.1,0.6286703293,0.333329216936,0.409332326025,1.6762212625e-109
445.2,0.628670360444,0.333329266087,0.409332137554,1.58576068008e-109
445.3,0.628670382169,0.333329326131,0.409331951599,1.50018197412e-109
445.4,0.628670394462,0.333329396848,0.409331768655,1.4192216854e-109
445.5,0.628670397338,0.333329477991,0.409331589209,1.34263057273e-109
445.6,0.628670390835,0.333329569285,0.409331413734,1.27017284567e-109
445.7,0.62867037502,0.333329670429,0.409331242692,1.20162543861e-109
445.8,0.628670349982,0.333329781097,0.409331076528,1.13677732404e-109
445.9,0.628670315836,0.333329900936,0.409330915672,1.07542886295e-109
446,0.628670272721,0.333330029574,0.40933076054,1.01739119018e-109
446.1,0.628670220802,0.333330166612,0.409330611526,9.62485632979e-110
446.2,0.628670160264,0.333330311634,0.409330469009,9.10543161015e-110
446.3,0.628670091316,0.333330464202,0.409330333345,8.61403865947e-110
446.4,0.628670014191,0.33333062386,0.409330204872,8.14916469171e-110
446.5,0.62866992914,0.333330790136,0.409330083906,7.7093785609e-110
446.6,0.628669836436,0.333330962539,0.409329970739,7.29332635533e-110
446.7,0.628669736372,0.333331140568,0.409329865643,6.89972722952e-110
446.8,0.628669629259,0.333331323706,0.409329768865,6.52736946097e-110
446.9,0.628669515426,0.333331511426,0.409329680628,6.17510671995e-110
447,0.628669395218,0.33333170319,0.409329601131,5.84185454037e-110
447.1,0.628669268997,0.333331898454,0.409329530547,5.52658698126e-110
447.2,0.628669137139,0.333332096664,0.409329469025,5.22833346835e-110
447.3,0.628669000033,0.333332297263,0.409329416687,4.94617580611e-110
447.4,0.628668858081,0.333332499689,0.409329373631,4.67924535106e-110
447.5,0.628668711698,0.333332703379,0.409329339929,4.4267203376e-110
447.6,0.628668561305,0.333332907768,0.409329315624,4.18782334818e-110
447.7,0.628668407335,0.333333112294,0.409329300737,3.96181891997e-110
447.8,0.628668250227,0.333333316395,0.40932929526,3.74801128071e-110
447.9,0.628668090429,0.333333519513,0.409329299161,3.54574220675e-110
448,0.628667928391,0.333333721099,0.409329312383,3.35438899668e-110
448.1,0.628667764568,0.333333920607,0.409329334842,3.1733625543e-110
448.2,0.628667599418,0.333334117502,0.409329366431,3.00210557507e-110
448.3,0.6286674334,0.333334311257,0.409329407015,2.84009083042e-110
448.4,0.628667266973,0.333334501357,0.40932945644,2.68681954464e-110
448.5,0.628667100595,0.333334687301,0.409329514525,2.54181985939e-110
448.6,0.628666934722,0.333334868599,0.409329581068,2.40464538105e-110
448.7,0.628666769805,0.333335044778,0.409329655843,2.27487380646e-110
448.8,0.628666606291,0.333335215383,0.409329738605,2.15210562289e-110
448.9,0.628666444621,0.333335379973,0.409329829086,2.03596287803e-110
449,0.628666285228,0.333335538128,0.409329927,1.92608801653e-110
449.1,0.628666128539,0.333335689447,0.409330032041,1.82214277919e-110
449.2,0.628665974967,0.33333583355,0.409330143885,1.72380716163e-110
449.3,0.628665824919,0.333335970079,0.409330262192,1.63077842913e-110
449.4,0.628665678787,0.333336098699,0.409330386606,1.54277018464e-110
449.5,0.628665536952,0.333336219095,0.409330516754,1.45951148711e-110
449.6,0.62866539978,0.333336330981,0.409330652251,1.38074601735e-110
449.7,0.628665267625,0.333336434093,0.4093307927,1.30623128896e-110
449.8,0.628665140823,0.333336528192,0.40933093769,1.23573790179e-110
449.9,0.628665019693,0.333336613066,0.409331086802,1.16904883575e-110
450,0.62866490454,0.333336688529,0.409331239607,1.10595878266e-110
450.1,0.628664795648,0.333336754421,0.409331395667,1.04627351425e-110
450.2,0.628664693285,0.333336810611,0.409331554538,9.89809284147e-111
450.3,0.628664597697,0.333336856994,0.409331715771,9.3639226224e-111
450.4,0.628664509113,0.333336893491,0.409331878913,8.85857999523e-111
450.5,0.62866442774,0.333336920053,0.409332043507,8.38050921821e-111
450.6,0.628664353764,0.333336936657,0.409332209095,7.92823850846e-111
450.7,0.628664287351,0.333336943307,0.409332375219,7.50037551095e-111
450.8,0.628664228645,0.333336940036,0.40933254142,7.09560301202e-111
450.9,0.628664177767,0.333336926902,0.409332707243,6.71267488422e-111
451,0.628664134818,0.333336903992,0.409332872236,6.35041225004e-111
451.1,0.628664099874,0.333336871416,0.409333035951,6.00769985258e-111
451.2,0.628664072993,0.333336829314,0.409333197946,5.68348262217e-111
451.3,0.628664054205,0.333336777848,0.409333357786,5.37676242821e-111
451.4,0.628664043524,0.333336717206,0.409333515044,5.0865950064e-111
451.5,0.628664040935,0.333336647601,0.409333669303,4.81208705165e-111
451.6,0.628664046407,0.333336569269,0.409333820154,4.55239346802e-111
451.7,0.628664059883,0.333336482468,0.409333967202,4.30671476699e-111
451.8,0.628664081287,0.333336387479,0.409334110063,4.07429460617e-111
451.9,0.628664110518,0.333336284602,0.409334248367,3.85441746081e-111
452,0.62866414746,0.33333617416,0.409334381759,3.64640642101e-111
452.1,0.62866419197,0.333336056494,0.409334509897,3.44962110777e-111
452.2,0.628664243889,0.333335931961,0.409334632457,3.26345570152e-111
452.3,0.628664303037,0.333335800937,0.409334749131,3.08733707707e-111
452.4,0.628664369217,0.333335663815,0.40933485963,2.92072303917e-111
452.5,0.628664442211,0.333335521001,0.409334963681,2.76310065328e-111
452.6,0.628664521785,0.333335372913,0.409335061033,2.61398466652e-111
452.7,0.628664607688,0.333335219986,0.409335151453,2.47291601369e-111
452.8,0.628664699653,0.333335062661,0.409335234727,2.33946040406e-111
452.9,0.628664797397,0.333334901392,0.409335310664,2.21320698432e-111
453,0.628664900623,0.33333473664,0.409335379092,2.09376707374e-111
453.1,0.628665009022,0.333334568875,0.409335439863,1.98077296759e-111
453.2,0.62866512227,0.333334398571,0.409335492847,1.87387680509e-111
453.3,0.628665240033,0.333334226207,0.40933553794,1.77274949853e-111
453.4,0.628665361965,0.333334052266,0.409335575057,1.6770797201e-111
453.5,0.628665487711,0.333333877232,0.409335604137,1.58657294347e-111
453.6,0.628665616907,0.33333370159,0.409335625141,1.50095053704e-111
453.7,0.628665749183,0.333333525824,0.409335638052,1.41994890614e-111
453.8,0.628665884161,0.333333350417,0.409335642875,1.34331868156e-111
453.9,0.628666021456,0.333333175847,0.409335639638,1.27082395181e-111
454,0.628666160682,0.333333002587,0.409335628391,1.20224153685e-111
454.1,0.628666301448,0.333332831107,0.409335609204,1.13736030102e-111
454.2,0.628666443359,0.333332661866,0.40933558217,1.07598050302e-111
454.3,0.628666586023,0.333332495317,0.409335547402,1.01791318103e-111
454.4,0.628666729043,0.333332331902,0.409335505036,9.62979570913e-112
454.5,0.628666872026,0.333332172054,0.409335455225,9.11010555909e-112
454.6,0.628667014582,0.333332016192,0.409335398143,8.61846145993e-112
454.7,0.628667156322,0.333331864723,0.409335333983,8.1533498532e-112
454.8,0.628667296861,0.33333171804,0.409335262956,7.7133388627e-112
454.9,0.62866743582,0.33333157652,0.409335185293,7.29707388628e-112
455,0.628667572828,0.333331440525,0.409335101238,6.90327342559e-112
455.1,0.628667707518,0.3333313104,0.409335011054,6.53072514086e-112
455.2,0.628667839534,0.333331186471,0.40933491502,6.17828211865e-112
455.3,0.628667968527,0.333331069048,0.409334813427,5.84485934095e-112
455.4,0.628668094159,0.333330958418,0.409334706582,5.52943034483e-112
455.5,0.628668216103,0.33333085485,0.409334594804,5.23102406245e-112
455.6,0.628668334044,0.333330758592,0.409334478425,4.94872183153e-112
455.7,0.628668447678,0.333330669872,0.409334357785,4.68165456713e-112
455.8,0.628668556716,0.333330588895,0.409334233238,4.42900008618e-112
455.9,0.628668660883,0.333330515842,0.409334105143,4.18998057624e-112
456,0.628668759918,0.333330450875,0.40933397387,3.96386020103e-112
456.1,0.628668853575,0.333330394131,0.409333839794,3.74994283504e-112
456.2,0.628668941625,0.333330345722,0.409333703297,3.54756992048e-112
456.3,0.628669023855,0.333330305741,0.409333564764,3.35611843986e-112
456.4,0.628669100069,0.333330274254,0.409333424585,3.174998998e-112
456.5,0.628669170089,0.333330251305,0.409333283153,3.00365400751e-112
456.6,0.628669233755,0.333330236913,0.409333140861,2.84155597223e-112
456.7,0.628669290922,0.333330231075,0.409332998103,2.68820586331e-112
456.8,0.628669341469,0.333330233764,0.409332855273,2.5431315829e-112
456.9,0.62866938529,0.333330244928,0.409332712763,2.40588651077e-112
457,0.628669422298,0.333330264496,0.40933257096,2.27604812937e-112
457.1,0.628669452427,0.333330292371,0.40933243025,2.15321672306e-112
457.2,0.628669475628,0.333330328435,0.409332291013,2.03701414759e-112
457.3,0.628669491874,0.333330372548,0.409332153623,1.92708266594e-112
457.4,0.628669501154,0.333330424548,0.409332018446,1.82308384703e-112
457.5,0.628669503479,0.333330484254,0.409331885842,1.72469752379e-112
457.6,0.628669498877,0.333330551462,0.409331756161,1.63162080756e-112
457.7,0.628669487395,0.333330625952,0.409331629744,1.54356715561e-112
457.8,0.6286694691,0.333330707482,0.40933150692,1.46026548899e-112
457.9,0.628669444075,0.333330795794,0.409331388008,1.38145935802e-112
458,0.628669412425,0.333330890611,0.409331273313,1.30690615278e-112
458.1,0.628669374268,0.333330991641,0.409331163129,1.23637635622e-112
458.2,0.628669329741,0.333331098576,0.409331057735,1.16965283759e-112
458.3,0.628669279,0.333331211094,0.409330957395,1.10653018401e-112
458.4,0.628669222214,0.333331328858,0.409330862358,1.04681406803e-112
458.5,0.628669159568,0.333331451518,0.409330772858,9.9032064947e-113
458.6,0.628669091266,0.333331578716,0.409330689113,9.36876009387e-113
458.7,0.628669017521,0.333331710078,0.409330611323,8.86315614695e-113
458.8,0.628668938563,0.333331845225,0.40933053967,8.38483811628e-113
458.9,0.628668854635,0.333331983767,0.409330474321,7.93233346557e-113
459,0.628668765992,0.333332125308,0.409330415422,7.50424912657e-113
459.1,0.6286686729,0.333332269445,0.409330363102,7.09926721049e-113
459.2,0.628668575637,0.333332415769,0.409330317472,6.71614095078e-113
459.3,0.62866847449,0.33333256387,0.409330278623,6.3536908649e-113
459.4,0.628668369756,0.333332713332,0.409330246626,6.01080112322e-113
459.5,0.628668261739,0.33333286374,0.409330221535,5.68641611391e-113
459.6,0.628668150753,0.333333014676,0.409330203385,5.37953719315e-113
459.7,0.628668037115,0.333333165724,0.409330192189,5.08921961074e-113
459.8,0.628667921151,0.333333316471,0.409330187944,4.81456960169e-113
459.9,0.62866780319,0.333333466505,0.409330190625,4.55474163468e-113
460,0.628667683565,0.333333615417,0.409330200191,4.30893580906e-113
460.1,0.628667562613,0.333333762808,0.409330216581,4.07639539228e-113
460.2,0.62866744067,0.333333908279,0.409330239716,3.8564044903e-113
460.3,0.628667318077,0.333334051443,0.409330269498,3.64828584363e-113
460.4,0.628667195172,0.333334191918,0.409330305812,3.45139874238e-113
460.5,0.628667072293,0.333334329334,0.409330348526,3.26513705376e-113
460.6,0.628666949777,0.33333446333,0.409330397491,3.0889273561e-113
460.7,0.628666827958,0.333334593556,0.40933045254,2.92222717352e-113
460.8,0.628666707166,0.333334719674,0.409330513493,2.76452330589e-113
460.9,0.628666587726,0.333334841359,0.409330580153,2.6153302489e-113
461,0.628666469959,0.333334958301,0.409330652308,2.47418869944e-113
461.1,0.628666354179,0.333335070203,0.409330729734,2.34066414157e-113
461.2,0.628666240693,0.333335176783,0.409330812191,2.21434550886e-113
461.3,0.6286661298,0.333335277777,0.409330899429,2.09484391886e-113
461.4,0.628666021792,0.333335372937,0.409330991184,1.98179147596e-113
461.5,0.628665916948,0.333335462031,0.409331087182,1.87484013874e-113
461.6,0.628665815542,0.333335544845,0.409331187139,1.77366064852e-113
461.7,0.628665717832,0.333335621184,0.409331290761,1.67794151575e-113
461.8,0.628665624069,0.333335690873,0.409331397746,1.58738806101e-113
461.9,0.628665534488,0.333335753753,0.409331507785,1.50172150785e-113
462,0.628665449315,0.333335809686,0.409331620559,1.42067812456e-113
462.1,0.62866536876,0.333335858555,0.409331735747,1.34400841225e-113
462.2,0.628665293021,0.33333590026,0.409331853021,1.27147633672e-113
462.3,0.628665222281,0.333335934725,0.409331972048,1.20285860186e-113
462.4,0.628665156708,0.333335961891,0.409332092495,1.13794396219e-113
462.5,0.628665096456,0.33333598172,0.409332214025,1.07653257251e-113
462.6,0.628665041664,0.333335994194,0.409332336298,1.01843537269e-113
462.7,0.628664992454,0.333335999318,0.409332458976,9.63473505614e-114
462.8,0.628664948932,0.333335997114,0.409332581721,9.11477766564e-114
462.9,0.62866491119,0.333335987624,0.409332704197,8.62288082302e-114
463,0.628664879301,0.333335970912,0.40933282607,8.15753018277e-114
463.1,0.628664853323,0.33333594706,0.409332947008,7.7172931242e-114
463.2,0.628664833297,0.333335916169,0.409333066685,7.30081434097e-114
463.3,0.62866481925,0.333335878358,0.40933318478,6.90681166867e-114
463.4,0.628664811188,0.333335833767,0.409333300978,6.53407213762e-114
463.5,0.628664809104,0.333335782552,0.409333414968,6.18144823855e-114
463.6,0.628664812973,0.333335724887,0.409333526451,5.84785438997e-114
463.7,0.628664822755,0.333335660961,0.409333635134,5.53226359607e-114
463.8,0.628664838393,0.333335590982,0.409333740733,5.23370428501e-114
463.9,0.628664859815,0.333335515171,0.409333842974,4.95125731791e-114
464,0.628664886933,0.333335433766,0.409333941594,4.68405315912e-114
464.1,0.628664919645,0.333335347018,0.409334036341,4.43126919935e-114
464.2,0.628664957831,0.333335255192,0.409334126976,4.19212722313e-114
464.3,0.628665001361,0.333335158564,0.409334213271,3.96589101303e-114
464.4,0.628665050087,0.333335057423,0.409334295011,3.75186408317e-114
464.5,0.628665103851,0.33333495207,0.409334371995,3.54938753497e-114
464.6,0.62866516248,0.333334842813,0.409334444037,3.35783802871e-114
464.7,0.628665225788,0.333334729973,0.409334510963,3.17662586452e-114
464.8,0.628665293579,0.333334613875,0.409334572618,3.00519316691e-114
464.9,0.628665365644,0.333334494855,0.409334628857,2.84301216732e-114
465,0.628665441765,0.333334373253,0.409334679554,2.68958357932e-114
465.1,0.628665521712,0.333334249415,0.409334724599,2.54443506152e-114
465.2,0.628665605247,0.333334123692,0.409334763897,2.40711976343e-114
465.3,0.628665692124,0.333333996437,0.409334797368,2.27721494977e-114
465.4,0.628665782087,0.333333868007,0.409334824951,2.15432069904e-114
465.5,0.628665874875,0.33333373876,0.409334846599,2.03805867235e-114
465.6,0.628665970219,0.333333609054,0.409334862284,1.92807094866e-114
465.7,0.628666067845,0.333333479246,0.409334871991,1.82401892285e-114
465.8,0.628666167474,0.333333349692,0.409334875726,1.72558226334e-114
465.9,0.628666268824,0.333333220746,0.409334873507,1.63245792591e-114
466,0.628666371607,0.333333092758,0.409334865371,1.54435922073e-114
466.1,0.628666475536,0.333332966074,0.40933485137,1.46101492978e-114
466.2,0.62866658032,0.333332841034,0.409334831572,1.38216847186e-114
466.3,0.628666685667,0.333332717973,0.40933480606,1.30757711272e-114
466.4,0.628666791286,0.333332597217,0.409334774932,1.23701121774e-114
466.5,0.628666896887,0.333332479085,0.409334738303,1.17025354499e-114
466.6,0.62866700218,0.333332363889,0.409334696301,1.10709857644e-114
466.7,0.628667106878,0.333332251929,0.409334649067,1.04735188526e-114
466.8,0.628667210698,0.333332143494,0.409334596757,9.90829537248e-115
466.9,0.62866731336,0.333332038865,0.409334539541,9.3735752458e-115
467,0.628667414588,0.333331938309,0.409334477599,8.86771230104e-115
467.1,0.628667514112,0.33333184208,0.409334411125,8.38914920559e-115
467.2,0.628667611669,0.333331750421,0.409334340324,7.93641267137e-115
467.3,0.628667707001,0.33333166356,0.409334265412,7.50810891917e-115
467.4,0.628667799857,0.333331581709,0.409334186614,7.1029193878e-115
467.5,0.628667889997,0.333331505069,0.409334104167,6.71959667478e-115
467.6,0.628667977187,0.333331433822,0.409334018313,6.35696069613e-115
467.7,0.628668061203,0.333331368138,0.409333929307,6.01389505338e-115
467.8,0.628668141831,0.333331308167,0.409333837406,5.68934359666e-115
467.9,0.628668218867,0.333331254045,0.409333742878,5.38230717323e-115
468,0.628668292118,0.333331205891,0.409333645995,5.09184055155e-115
468.1,0.628668361403,0.333331163807,0.409333547033,4.8170495113e-115
468.2,0.628668426552,0.333331127878,0.409333446275,4.55708809046e-115
468.3,0.628668487406,0.33333109817,0.409333344006,4.31115598095e-115
468.4,0.628668543822,0.333331074734,0.409333240513,4.0784960648e-115
468.5,0.628668595668,0.333331057603,0.409333136086,3.85839208337e-115
468.6,0.628668642823,0.333331046791,0.409333031015,3.65016643223e-115
468.7,0.628668685182,0.333331042297,0.409332925592,3.45317807517e-115
468.8,0.628668722655,0.333331044101,0.409332820107,3.26682057066e-115
468.9,0.628668755162,0.333331052166,0.40933271485,3.09052020495e-115
469,0.628668782639,0.333331066438,0.409332610107,2.92373422578e-115
469.1,0.628668805038,0.333331086848,0.409332506163,2.76594917156e-115
469.2,0.628668822321,0.333331113308,0.409332403298,2.61667929056e-115
469.3,0.628668834467,0.333331145716,0.40933230179,2.47546504558e-115
469.4,0.62866884147,0.333331183952,0.409332201908,2.34187169917e-115
469.5,0.628668843335,0.333331227883,0.40933210392,2.21548797527e-115
469.6,0.628668840084,0.33333127736,0.409332008082,2.09592479312e-115
469.7,0.628668831751,0.333331332219,0.409331914647,1.9828140694e-115
469.8,0.628668818384,0.333331392282,0.40933182386,1.87580758508e-115
469.9,0.628668800046,0.33333145736,0.409331735954,1.77457591341e-115
470,0.628668776812,0.333331527248,0.409331651157,1.67880740576e-115
470.1,0.62866874877,0.333331601731,0.409331569684,1.58820723218e-115
470.2,0.628668716021,0.333331680582,0.409331491744,1.50249647377e-115
470.3,0.628668678678,0.333331763562,0.40933141753,1.42141126398e-115
470.4,0.628668636868,0.333331850424,0.409331347228,1.34470197632e-115
470.5,0.628668590727,0.333331940911,0.40933128101,1.27213245585e-115
470.6,0.628668540403,0.333332034755,0.409331219038,1.20347929215e-115
470.7,0.628668486055,0.333332131684,0.409331161459,1.13853113156e-115
470.8,0.628668427852,0.333332231415,0.409331108409,1.07708802651e-115
470.9,0.628668365974,0.333332333663,0.409331060011,1.01896081996e-115
471,0.628668300607,0.333332438133,0.409331016374,9.63970563093e-116
471.1,0.62866823195,0.333332544529,0.409330977593,9.11947964378e-116
471.2,0.628668160205,0.33333265255,0.409330943751,8.62732868424e-116
471.3,0.628668085586,0.333332761891,0.409330914914,8.16173762918e-116
471.4,0.628668008312,0.333332872247,0.409330891137,7.7212731219e-116
471.5,0.628667928607,0.33333298331,0.409330872459,7.30457915946e-116
471.6,0.628667846701,0.333333094771,0.409330858906,6.91037291815e-116
471.7,0.628667762831,0.333333206325,0.409330850489,6.53744080422e-116
471.8,0.628667677236,0.333333317665,0.409330847205,6.18463471777e-116
471.9,0.628667590159,0.333333428487,0.409330849038,5.85086851829e-116
472,0.628667501846,0.33333353849,0.409330855956,5.53511468086e-116
472.1,0.628667412545,0.333333647377,0.409330867915,5.23640113288e-116
472.2,0.628667322506,0.333333754855,0.409330884858,4.95380826151e-116
472.3,0.62866723198,0.333333860637,0.409330906711,4.68646608254e-116
472.4,0.628667141215,0.333333964442,0.409330933392,4.4335515621e-116
472.5,0.628667050463,0.333334065995,0.409330964801,4.19428608295e-116
472.6,0.628666959972,0.33333416503,0.409331000831,3.96793304739e-116
472.7,0.628666869988,0.333334261288,0.409331041358,3.75379560963e-116
472.8,0.628666780756,0.333334354519,0.409331086248,3.55121453053e-116
472.9,0.628666692515,0.333334444484,0.409331135358,3.35956614804e-116
473,0.628666605503,0.333334530951,0.409331188531,3.17826045725e-116
473.1,0.628666519952,0.333334613703,0.409331245601,3.006739294e-116
473.2,0.628666436088,0.333334692531,0.409331306392,2.84447461658e-116
473.3,0.628666354134,0.333334767239,0.409331370719,2.69096688006e-116
473.4,0.628666274303,0.333334837643,0.409331438388,2.54574349842e-116
473.5,0.628666196804,0.333334903572,0.409331509197,2.40835738971e-116
473.6,0.628666121837,0.333334964868,0.409331582935,2.27838559962e-116
473.7,0.628666049596,0.333335021386,0.409331659387,2.15542799941e-116
473.8,0.628665980263,0.333335072996,0.409331738329,2.03910605409e-116
473.9,0.628665914014,0.333335119581,0.409331819532,1.92906165706e-116
474,0.628665851016,0.333335161038,0.409331902762,1.82495602765e-116
474.1,0.628665791424,0.33333519728,0.409331987782,1.72646866819e-116
474.2,0.628665735385,0.333335228235,0.40933207435,1.63329637729e-116
474.3,0.628665683033,0.333335253843,0.40933216222,1.54515231645e-116
474.4,0.628665634495,0.333335274061,0.409332251145,1.46176512698e-116
474.5,0.628665589883,0.333335288862,0.409332340877,1.38287809461e-116
474.6,0.6286655493,0.333335298232,0.409332431166,1.30824835919e-116
474.7,0.628665512837,0.333335302173,0.40933252176,1.237646167e-116
474.8,0.628665480573,0.333335300702,0.409332612412,1.17085416345e-116
474.9,0.628665452575,0.333335293849,0.409332702872,1.10766672393e-116
475,0.628665428899,0.33333528166,0.409332792893,1.0478893208e-116
475.1,0.628665409587,0.333335264196,0.409332882231,9.91337924494e-117
475.2,0.62866539467,0.333335241532,0.409332970645,9.37838436969e-117
475.3,0.628665384168,0.333335213755,0.409333057897,8.87226155754e-117
475.4,0.628665378086,0.333335180967,0.409333143755,8.39345266881e-117
475.5,0.628665376419,0.333335143284,0.409333227989,7.94048365206e-117
475.6,0.62866537915,0.333335100833,0.409333310378,7.51196000607e-117
475.7,0.628665386248,0.333335053754,0.409333390704,7.10656248674e-117
475.8,0.628665397673,0.3333350022,0.409333468759,6.72304304574e-117
475.9,0.628665413371,0.333334946335,0.409333544341,6.36022098823e-117
476,0.628665433277,0.333334886333,0.409333617253,6.016979338e-117
476.1,0.628665457317,0.33333482238,0.409333687311,5.69226139879e-117
476.2,0.628665485403,0.333334754671,0.409333754337,5.38506750114e-117
476.3,0.628665517437,0.333334683409,0.409333818162,5.09445192481e-117
476.4,0.628665553313,0.333334608808,0.409333878628,4.81951998732e-117
476.5,0.628665592913,0.33333453109,0.409333935585,4.55942528958e-117
476.6,0.628665636109,0.333334450482,0.409333988897,4.31336711017e-117
476.7,0.628665682765,0.333334367221,0.409334038434,4.08058794026e-117
476.8,0.628665732736,0.333334281547,0.409334084081,3.86037115156e-117
476.9,0.628665785868,0.333334193708,0.409334125731,3.65203879007e-117
477,0.628665842,0.333334103954,0.409334163292,3.45494948902e-117
477.1,0.628665900963,0.333334012542,0.40933419668,3.26849649428e-117
477.2,0.628665962581,0.33333391973,0.409334225826,3.09210579648e-117
477.3,0.628666026672,0.33333382578,0.40933425067,2.92523436383e-117
477.4,0.628666093048,0.333333730954,0.409334271167,2.76736847037e-117
477.5,0.628666161516,0.333333635516,0.409334287282,2.6180221144e-117
477.6,0.628666231877,0.333333539732,0.409334298992,2.47673552231e-117
477.7,0.62866630393,0.333333443865,0.40933430629,2.34307373311e-117
477.8,0.628666377468,0.333333348178,0.409334309175,2.21662525935e-117
477.9,0.628666452282,0.333333252933,0.409334307664,2.09700082035e-117
478,0.628666528162,0.333333158388,0.409334301781,1.98383214375e-117
478.1,0.628666604894,0.333333064798,0.409334291566,1.87677083175e-117
478.2,0.628666682263,0.333332972415,0.409334277067,1.77548728852e-117
478.3,0.628666760055,0.333332881486,0.409334258347,1.67966970557e-117
478.4,0.628666838054,0.333332792254,0.409334235478,1.58902310176e-117
478.5,0.628666916045,0.333332704952,0.409334208544,1.50326841519e-117
478.6,0.628666993815,0.333332619812,0.409334177637,1.42214164411e-117
478.7,0.628667071152,0.333332537055,0.409334142865,1.34539303415e-117
478.8,0.628667147847,0.333332456896,0.40933410434,1.2727863094e-117
478.9,0.628667223692,0.333332379541,0.409334062188,1.20409794509e-117
479,0.628667298484,0.333332305189,0.409334016541,1.13911647938e-117
479.1,0.628667372024,0.333332234028,0.409333967544,1.07764186239e-117
479.2,0.628667444116,0.333332166236,0.409333915347,1.01948484032e-117
479.3,0.62866751457,0.333332101982,0.409333860109,9.64466372849e-118
479.4,0.628667583202,0.333332041425,0.409333801996,9.12417081879e-118
479.5,0.628667649832,0.333331984711,0.409333741183,8.63176730153e-118
479.6,0.628667714289,0.333331931977,0.409333677849,8.16593727925e-118
479.7,0.628667776406,0.333331883348,0.40933361218,7.7252466628e-118
479.8,0.628667836025,0.333331838934,0.409333544369,7.30833875647e-118
479.9,0.628667892997,0.333331798838,0.409333474612,6.91393008123e-118
480,0.628667947177,0.333331763147,0.40933340311,6.54080642346e-118
480.1,0.628667998431,0.333331731937,0.409333330067,6.1878190969e-118
480.2,0.628668046635,0.33333170527,0.409333255691,5.85388140636e-118
480.3,0.62866809167,0.333331683196,0.409333180192,5.53796530223e-118
480.4,0.628668133431,0.333331665754,0.409333103784,5.23909821554e-118
480.5,0.628668171818,0.333331652968,0.40933302668,4.95636006386e-118
480.6,0.628668206745,0.333331644848,0.409332949094,4.68888041875e-118
480.7,0.628668238132,0.333331641394,0.409332871242,4.43583582611e-118
480.8,0.628668265911,0.333331642592,0.409332793338,4.19644727106e-118
480.9,0.628668290025,0.333331648414,0.409332715596,3.96997777975e-118
481,0.628668310425,0.333331658823,0.409332638227,3.75573015051e-118
481.1,0.628668327076,0.333331673766,0.409332561443,3.55304480746e-118
481.2,0.628668339949,0.333331693179,0.40933248545,3.36129776997e-118
481.3,0.62866834903,0.333331716986,0.409332410452,3.17989873171e-118
481.4,0.628668354311,0.333331745101,0.409332336651,3.00828924331e-118
481.5,0.628668355798,0.333331777425,0.409332264241,2.84594099319e-118
481.6,0.628668353506,0.333331813847,0.409332193414,2.69235418108e-118
481.7,0.62866834746,0.333331854248,0.409332124357,2.54705597936e-118
481.8,0.628668337696,0.333331898497,0.40933205725,2.40959907744e-118
481.9,0.628668324258,0.333331946453,0.409331992266,2.27956030468e-118
482,0.628668307203,0.333331997966,0.409331929573,2.15653932763e-118
482.1,0.628668286595,0.333332052877,0.409331869331,2.04015741758e-118
482.2,0.628668262509,0.333332111019,0.409331811693,1.93005628462e-118
482.3,0.628668235028,0.333332172216,0.409331756803,1.82589697463e-118
482.4,0.628668204244,0.333332236285,0.409331704799,1.72735882578e-118
482.5,0.628668170259,0.333332303036,0.409331655807,1.63413848133e-118
482.6,0.628668133182,0.333332372272,0.409331609947,1.54594895579e-118
482.7,0.628668093129,0.333332443793,0.409331567328,1.46251875134e-118
482.8,0.628668050226,0.333332517389,0.409331528052,1.38359102208e-118
482.9,0.628668004604,0.33333259285,0.409331492209,1.30892278326e-118
483,0.628667956403,0.333332669959,0.409331459879,1.23828416325e-118
483.1,0.628667905766,0.333332748496,0.409331431134,1.1714576959e-118
483.2,0.628667852845,0.33333282824,0.409331406035,1.10823765099e-118
483.3,0.628667797797,0.333332908965,0.40933138463,1.04842940096e-118
483.4,0.628667740783,0.333332990446,0.409331366962,9.91848821663e-119
483.5,0.628667681969,0.333333072456,0.409331353059,9.38321725565e-119
483.6,0.628667621525,0.333333154767,0.40933134294,8.87683325493e-119
483.7,0.628667559625,0.333333237153,0.409331336614,8.39777727327e-119
483.8,0.628667496446,0.333333319387,0.409331334079,7.94457450063e-119
483.9,0.628667432167,0.333333401245,0.409331335324,7.51582971794e-119
484,0.628667366971,0.333333482505,0.409331340325,7.11022300175e-119
484.1,0.628667301039,0.333333562946,0.40933134905,6.72650566081e-119
484.2,0.628667234557,0.333333642354,0.409331361456,6.36349639185e-119
484.3,0.628667167709,0.333333720515,0.409331377491,6.02007764292e-119
484.4,0.628667100681,0.333333797222,0.409331397093,5.69519217289e-119
484.5,0.628667033656,0.333333872271,0.40933142019,5.38783979667e-119
484.6,0.628666966818,0.333333945467,0.409331446701,5.09707430609e-119
484.7,0.62866690035,0.333334016617,0.409331476536,4.82200055694e-119
484.8,0.628666834432,0.333334085537,0.409331509597,4.56177171319e-119
484.9,0.628666769241,0.33333415205,0.409331545776,4.31558663996e-119
485,0.628666704953,0.333334215984,0.40933158496,4.08268743716e-119
485.1,0.628666641738,0.33333427718,0.409331627026,3.86235710628e-119
485.2,0.628666579765,0.333334335481,0.409331671844,3.65391734302e-119
485.3,0.628666519197,0.333334390744,0.409331719277,3.45672644909e-119
485.4,0.628666460193,0.333334442833,0.409331769182,3.27017735673e-119
485.5,0.628666402907,0.33333449162,0.409331821411,3.09369575976e-119
485.6,0.628666347487,0.333334536988,0.409331875807,2.92673834558e-119
485.7,0.628666294075,0.333334578831,0.409331932213,2.76879112254e-119
485.8,0.628666242808,0.333334617052,0.409331990462,2.61936783754e-119
485.9,0.628666193814,0.333334651564,0.409332050386,2.47800847912e-119
486,0.628666147218,0.333334682292,0.409332111812,2.34427786123e-119
486.1,0.628666103134,0.333334709169,0.409332174565,2.21776428351e-119
486.2,0.628666061671,0.333334732143,0.409332238466,2.09807826385e-119
486.3,0.628666022928,0.33333475117,0.409332303334,1.9848513393e-119
486.4,0.628665986999,0.333334766217,0.409332368987,1.87773493176e-119
486.5,0.628665953967,0.333334777264,0.409332435241,1.77639927484e-119
486.6,0.628665923909,0.3333347843,0.409332501911,1.68053239867e-119
486.7,0.628665896892,0.333334787326,0.409332568813,1.58983916945e-119
486.8,0.628665872974,0.333334786355,0.409332635762,1.50404038088e-119
486.9,0.628665852205,0.333334781408,0.409332702575,1.4228718946e-119
487,0.628665834627,0.33333477252,0.409332769069,1.34608382698e-119
487.1,0.628665820271,0.333334759735,0.409332835064,1.27343977989e-119
487.2,0.628665809161,0.333334743107,0.409332900381,1.20471611292e-119
487.3,0.62866580131,0.333334722701,0.409332964846,1.13970125483e-119
487.4,0.628665796724,0.333334698593,0.409333028285,1.07819505228e-119
487.5,0.628665795399,0.333334670867,0.409333090531,1.02000815361e-119
487.6,0.628665797322,0.333334639616,0.409333151418,9.64961425891e-120
487.7,0.628665802471,0.333334604945,0.409333210787,9.12885403489e-120
487.8,0.628665810816,0.333334566966,0.409333268482,8.63619766316e-120
487.9,0.628665822319,0.333334525799,0.409333324355,8.17012846286e-120
488,0.628665836931,0.333334481574,0.409333378261,7.72921160393e-120
488.1,0.628665854597,0.333334434425,0.409333430063,7.31208968982e-120
488.2,0.628665875253,0.333334384499,0.409333479629,6.91747857868e-120
488.3,0.628665898828,0.333334331945,0.409333526835,6.54416342997e-120
488.4,0.628665925242,0.33333427692,0.409333571563,6.1909949645e-120
488.5,0.628665954409,0.333334219588,0.409333613704,5.85688592631e-120
488.6,0.628665986235,0.333334160117,0.409333653155,5.54080773538e-120
488.7,0.628666020618,0.333334098682,0.409333689821,5.24178732114e-120
488.8,0.628666057454,0.333334035459,0.409333723616,4.95890412673e-120
488.9,0.628666096627,0.333333970632,0.409333754462,4.69128727505e-120
489,0.628666138019,0.333333904386,0.409333782289,4.43811288761e-120
489.1,0.628666181505,0.333333836909,0.409333807037,4.19860154822e-120
489.2,0.628666226956,0.333333768393,0.409333828653,3.97201590349e-120
489.3,0.628666274237,0.333333699031,0.409333847093,3.75765839275e-120
489.4,0.62866632321,0.333333629016,0.409333862323,3.55486910065e-120
489.5,0.628666373732,0.333333558545,0.409333874318,3.36302372549e-120
489.6,0.628666425657,0.333333487811,0.409333883061,3.18153165726e-120
489.7,0.628666478835,0.333333417011,0.409333888545,3.00983415944e-120
489.8,0.628666533114,0.333333346338,0.40933389077,2.84740264882e-120
489.9,0.628666588341,0.333333275985,0.409333889747,2.69373706827e-120
490,0.628666644359,0.333333206145,0.409333885496,2.54836434724e-120
490.1,0.628666701011,0.333333137004,0.409333878044,2.41083694539e-120
490.2,0.628666758138,0.333333068749,0.409333867428,2.28073147476e-120
490.3,0.628666815581,0.333333001563,0.409333853692,2.15764739641e-120
490.4,0.628666873183,0.333332935625,0.409333836891,2.04120578724e-120
490.5,0.628666930783,0.333332871107,0.409333817085,1.93104817353e-120
490.6,0.628666988224,0.333332808181,0.409333794344,1.82683542728e-120
490.7,0.628667045351,0.333332747011,0.409333768745,1.72824672221e-120
490.8,0.628667102007,0.333332687754,0.409333740373,1.63497854606e-120
490.9,0.62866715804,0.333332630565,0.409333709319,1.54674376623e-120
491,0.6286672133,0.333332575588,0.409333675682,1.46327074578e-120
491.1,0.628667267639,0.333332522964,0.409333639567,1.38430250719e-120
491.2,0.628667320913,0.333332472824,0.409333601085,1.30959594124e-120
491.3,0.628667372982,0.333332425295,0.409333560354,1.23892105858e-120
491.4,0.628667423708,0.333332380492,0.409333517496,1.17206028168e-120
491.5,0.62866747296,0.333332338524,0.409333472641,1.10880777501e-120
491.6,0.628667520611,0.333332299493,0.40933342592,1.04896881135e-120
491.7,0.628667566537,0.33333226349,0.40933337747,9.92359172317e-121
491.8,0.628667610622,0.333332230599,0.409333327435,9.38804581228e-121
491.9,0.628667652754,0.333332200894,0.409333275957,8.88140166579e-121
492,0.628667692828,0.33333217444,0.409333223187,8.40209954476e-121
492.1,0.628667730745,0.333332151294,0.409333169274,7.94866388457e-121
492.2,0.62866776641,0.333332131503,0.409333114372,7.51969875229e-121
492.3,0.628667799739,0.333332115103,0.409333058637,7.11388354918e-121
492.4,0.628667830651,0.333332102122,0.409333002226,6.72996894516e-121
492.5,0.628667859074,0.333332092579,0.409332945296,6.36677303263e-121
492.6,0.628667884942,0.333332086483,0.409332888005,6.0231776879e-121
492.7,0.628667908198,0.333332083832,0.409332830514,5.69812512895e-121
492.8,0.628667928791,0.333332084618,0.409332772979,5.390614659e-121
492.9,0.628667946679,0.333332088819,0.409332715559,5.09969958578e-121
493,0.628667961825,0.333332096409,0.409332658411,4.82448430704e-121
493.1,0.628667974202,0.333332107348,0.40933260169,4.56412155344e-121
493.2,0.62866798379,0.33333212159,0.409332545549,4.31780978011e-121
493.3,0.628667990577,0.333332139079,0.409332490139,4.08479069911e-121
493.4,0.628667994559,0.333332159752,0.409332435607,3.86434694489e-121
493.5,0.628667995738,0.333332183534,0.4093323821,3.65579986594e-121
493.6,0.628667994126,0.333332210347,0.409332329757,3.45850743544e-121
493.7,0.628667989741,0.3333322401,0.409332278718,3.27186227475e-121
493.8,0.628667982608,0.333332272697,0.409332229114,3.09528978358e-121
493.9,0.628667972762,0.333332308036,0.409332181075,2.92824637104e-121
494,0.628667960244,0.333332346005,0.409332134725,2.77021778212e-121
494.1,0.6286679451,0.333332386487,0.409332090181,2.62071751459e-121
494.2,0.628667927385,0.333332429358,0.409332047557,2.4792853212e-121
494.3,0.628667907161,0.33333247449,0.40933200696,2.34548579282e-121
494.4,0.628667884497,0.333332521746,0.409331968491,2.21890701801e-121
494.5,0.628667859466,0.333332570988,0.409331932244,2.09915931489e-121
494.6,0.628667832148,0.333332622069,0.409331898307,1.98587403151e-121
494.7,0.628667802631,0.333332674842,0.409331866762,1.87870241091e-121
494.8,0.628667771006,0.333332729152,0.409331837684,1.77731451746e-121
494.9,0.62866773737,0.333332784843,0.409331811139,1.68139822115e-121
495,0.628667701826,0.333332841757,0.409331787187,1.59065823664e-121
495.1,0.62866766448,0.33333289973,0.409331765881,1.50481521422e-121
495.2,0.628667625445,0.333332958598,0.409331747266,1.42360487981e-121
495.3,0.628667584835,0.333333018197,0.409331731379,1.34677722142e-121
495.4,0.628667542769,0.333333078358,0.40933171825,1.27409571939e-121
495.5,0.62866749937,0.333333138915,0.409331707902,1.20533661831e-121
495.6,0.628667454765,0.333333199699,0.409331700348,1.14028823816e-121
495.7,0.62866740908,0.333333260543,0.409331695595,1.07875032264e-121
495.8,0.628667362446,0.33333332128,0.409331693642,1.02053342265e-121
495.9,0.628667314997,0.333333381744,0.409331694481,9.65458313079e-122
496,0.628667266866,0.33333344177,0.409331698094,9.13355441044e-122
496.1,0.628667218188,0.333333501198,0.409331704459,8.6406440391e-122
496.2,0.6286671691,0.333333559866,0.409331713543,8.17433455475e-122
496.3,0.628667119737,0.333333617618,0.409331725308,7.73319038814e-122
496.4,0.628667070238,0.3333336743,0.409331739709,7.31585344328e-122
496.5,0.628667020737,0.333333729763,0.409331756692,6.92103891646e-122
496.6,0.62866697137,0.333333783861,0.409331776199,6.54753134088e-122
496.7,0.628666922273,0.333333836452,0.409331798163,6.19418084476e-122
496.8,0.628666873577,0.3333338874,0.409331822511,5.85989961139e-122
496.9,0.628666825415,0.333333936574,0.409331849165,5.5436585302e-122
497,0.628666777916,0.333333983848,0.40933187804,5.24448402856e-122
497.1,0.628666731207,0.333334029102,0.409331909046,4.96145507461e-122
497.2,0.62866668541,0.333334072222,0.409331942087,4.69370034176e-122
497.3,0.628666640648,0.333334113101,0.409331977063,4.44039552628e-122
497.4,0.628666597038,0.333334151638,0.409332013867,4.20076080958e-122
497.5,0.628666554693,0.33333418774,0.409332052391,3.97405845755e-122
497.6,0.628666513722,0.333334221319,0.409332092519,3.75959054932e-122
497.7,0.628666474233,0.333334252297,0.409332134134,3.55669682871e-122
497.8,0.628666436324,0.333334280602,0.409332177114,3.36475267157e-122
497.9,0.628666400091,0.33333430617,0.409332221335,3.18316716282e-122
498,0.628666365627,0.333334328945,0.40933226667,3.0113812773e-122
498.1,0.628666333015,0.333334348877,0.409332312987,2.84886615872e-122
498.2,0.628666302337,0.333334365928,0.409332360157,2.6951214916e-122
498.3,0.628666273665,0.333334380064,0.409332408044,2.54967396098e-122
498.4,0.62866624707,0.333334391262,0.409332456515,2.41207579525e-122
498.5,0.628666222613,0.333334399506,0.409332505434,2.28190338774e-122
498.6,0.62866620035,0.333334404787,0.409332554664,2.15875599252e-122
498.7,0.628666180332,0.333334407108,0.409332604069,2.04225449073e-122
498.8,0.628666162601,0.333334406476,0.409332653513,1.93204022342e-122
498.9,0.628666147195,0.333334402907,0.40933270286,1.82777388739e-122
499,0.628666134145,0.333334396427,0.409332751976,1.72913449061e-122
499.1,0.628666123474,0.333334387068,0.409332800727,1.63581836403e-122
499.2,0.628666115199,0.333334374869,0.409332848981,1.54753822674e-122
499.3,0.628666109332,0.333334359879,0.409332896609,1.46402230147e-122
499.4,0.628666105875,0.333334342153,0.409332943484,1.385013478e-122
499.5,0.628666104827,0.333334321753,0.40933298948,1.31026852156e-122
499.6,0.628666106178,0.333334298749,0.409333034477,1.23955732405e-122
499.7,0.628666109912,0.333334273216,0.409333078356,1.17266219561e-122
499.8,0.628666116007,0.333334245237,0.409333121002,1.10937719444e-122
499.9,0.628666124435,0.333334214901,0.409333162306,1.04950749283e-122
500,0.62866613516,0.333334182304,0.40933320216,9.92868777319e-123
