t,S,x,y,z
0,0.5,0.2,0.1,0.05
0.1,0.54195766768,0.186367670025,0.0960799920551,0.047734042647
0.2,0.580111846022,0.173936919525,0.0921639864317,0.0455359474085
0.3,0.614843867684,0.162570158911,0.0882731099896,0.0434054696081
0.4,0.646488916949,0.152151457655,0.0844258789775,0.0413424412946
0.5,0.675343655227,0.14258168863,0.0806383402123,0.0393467232679
0.6,0.701672060344,0.133775099442,0.0769242170728,0.0374181642607
0.7,0.725710023637,0.12565681993,0.0732950629316,0.0355565669038
0.8,0.747669053583,0.118161000788,0.069760421529,0.0337616601112
0.9,0.767739317465,0.111229388352,0.0663279921621,0.0320330774968
1,0.786092179691,0.104810207884,0.0630037968611,0.0303703413923
1.1,0.802882348554,0.0988572700035,0.059792346593,0.0287728519924
1.2,0.818249712233,0.0933292420499,0.0566968037477,0.0272398811155
1.3,0.83232092381,0.0881890440026,0.053719138553,0.0257705700436
1.4,0.845210780469,0.0834033404234,0.0508602775489,0.0243639308915
1.5,0.857023431609,0.0789421079344,0.0481202427393,0.0230188509592
1.6,0.867853443102,0.0747782632413,0.0454982805087,0.0217340995311
1.7,0.877786739328,0.0708873405459,0.0429929798018,0.0205083366172
1.8,0.886901440432,0.0672472098804,0.0406023794142,0.0193401231609
1.9,0.895268609069,0.0638378298225,0.0383240645273,0.0182279322822
2,0.902952918409,0.060641029439,0.0361552528366,0.0171701611677
2.1,0.910013251239,0.0576403153276,0.0340928707883,0.0161651432712
2.2,0.916503238452,0.0548207003876,0.0321336205439,0.0152111605322
2.3,0.922471743982,0.0521685515319,0.0302740383666,0.0143064553692
2.4,0.927963302208,0.0496714539971,0.0285105451517,0.0134492422513
2.5,0.933018513059,0.0473180902635,0.0268394898329,0.0126377186897
2.6,0.937674399338,0.0450981318782,0.0252571863821,0.0118700755328
2.7,0.941964730215,0.0430021427036,0.0237599450882,0.0111445064799
2.8,0.945920314365,0.0410214923068,0.0223440987661,0.0104592167596
2.9,0.949569265808,0.0391482783627,0.0210060244977,0.00981243094547
3,0.952937245154,0.0373752570816,0.0197421614596,0.00920239990025
3.1,0.956047678668,0.0356957807875,0.0185490253412,0.00862740686097
3.2,0.958921957286,0.0341037418743,0.0174232198082,0.00808577268911
3.3,0.961579617514,0.0325935224558,0.0163614454187,0.00757586032195
3.4,0.964038505902,0.0311599491016,0.0153605063532,0.00709607846935
3.5,0.966314928667,0.0297982521191,0.0144173152787,0.00664488460581
3.6,0.968423787811,0.0285040289012,0.0135288966287,0.0062207873115
3.7,0.970378705022,0.0272732109112,0.0126923885452,0.00582234801768
3.8,0.972192134452,0.0261020339261,0.0119050436975,0.00544818221273
3.9,0.97387546541,0.0249870111963,0.0111642291644,0.00509696016399
4,0.975439115884,0.023924909221,0.0104674255422,0.00476740720945
4.1,0.976892617719,0.0229127258677,0.00981222541577,0.00445830367067
4.2,0.978244694221,0.0219476705957,0.00919633131527,0.00416848443589
4.3,0.979503330859,0.0210271465679,0.0086175532586,0.003896838259
4.4,0.980675839684,0.0201487344589,0.00807380596909,0.0036423068167
4.5,0.98176891805,0.0193101777865,0.00756310584253,0.00340388356302
4.6,0.982788702117,0.0185093696149,0.00708356772716,0.00318061241651
4.7,0.983740815635,0.0177443404899,0.0066334015705,0.0029715863125
4.8,0.984630414406,0.0170132474847,0.00621090897828,0.00277594564909
4.9,0.985462226823,0.0163143642451,0.00581447972374,0.00259287665281
5,0.986240590835,0.015646071936,0.00544258823895,0.00242160968662
5.1,0.986969487647,0.0150068510008,0.00509379011486,0.00226141752029
5.2,0.987652572462,0.0143952736535,0.00476671863195,0.00211161358061
5.3,0.988293202508,0.0138099970333,0.00446008133929,0.00197155019647
5.4,0.988894462609,0.0132497569577,0.00417265669691,0.00184061685177
5.5,0.989459188508,0.0127133622158,0.00390329079287,0.00171823845701
5.6,0.989989988143,0.0121996893511,0.00365089414454,0.00160387364886
5.7,0.990489261058,0.0117076778875,0.00341443859118,0.00149701312517
5.8,0.990959216118,0.0112363259559,0.00319295428318,0.00139717802165
5.9,0.991401887672,0.0107846862848,0.00298552677184,0.0013039183352
6,0.991819150303,0.0103518625208,0.0027912942024,0.00121681139755
6.1,0.992212732292,0.00993700584761,0.00260944461167,0.00113546040223
6.2,0.992584227914,0.00953931187832,0.00243921333103,0.00105949298683
6.3,0.992935108654,0.00915801779342,0.00227988049456,0.000988559871738
6.4,0.993266733457,0.00879239970433,0.00213076865155,0.000922333556234
6.5,0.993580358083,0.00844177022129,0.00199124048202,0.000860507071857
6.6,0.993877143657,0.00810547620762,0.00186069661363,0.000802792792905
6.7,0.994158164472,0.0077828967038,0.00173857353772,0.000748921303303
6.8,0.994424415125,0.00747344100658,0.00162434162226,0.000698640318873
6.9,0.994676817037,0.00717654688955,0.001517503219,0.000651713663776
7,0.994916224407,0.00689167895296,0.00141759086199,0.000607920299663
7.1,0.995143429663,0.00661832709189,0.00132416555477,0.00056705340597
7.2,0.995359168436,0.00635600507256,0.00123681514299,0.000528919509614
7.3,0.995564124122,0.00610424920781,0.00115515276958,0.000493337662305
7.4,0.995758932043,0.0058626171235,0.00107881540921,0.000460138663604
7.5,0.99594418326,0.00563068660838,0.00100746247914,0.000429164327841
7.6,0.996120428064,0.0054080545406,0.00094077452319,0.000400266792989
7.7,0.996288179169,0.00519433588463,0.000878451965837,0.000373307869567
7.8,0.996447914634,0.00498916275319,0.000820213933431,0.00034815842772
7.9,0.996600080548,0.00479218352883,0.000765797139533,0.000324697820588
8,0.996745093478,0.0046030620407,0.000714954831471,0.000302813342159
8.1,0.996883342726,0.00442147679216,0.000667455795274,0.000282399717827
8.2,0.997015192386,0.00424712023544,0.000623083416234,0.000263358625947
8.3,0.99714098324,0.00407969808981,0.000581634792394,0.000245598248698
8.4,0.997261034492,0.00391892870003,0.00054291989838,0.000229032850673
8.5,0.997375645365,0.0037645424321,0.000506760797063,0.00021358238364
8.6,0.997485096559,0.00361628110377,0.00047299089663,0.000199172115997
8.7,0.997589651601,0.00347389744714,0.000441454250726,0.000185732285511
8.8,0.997689558079,0.0033371546013,0.000412004899445,0.000173197773981
8.9,0.997785048777,0.00320582563277,0.000384506248996,0.00016150780255
9,0.997876342721,0.00307969308198,0.000358830488007,0.000150605646421
9.1,0.997963646141,0.00295854853401,0.000334858038473,0.000140438367846
9.2,0.998047153358,0.00284219221187,0.000312477039479,0.000130956566247
9.3,0.998127047599,0.00273043259114,0.000291582861885,0.000122114144453
9.4,0.998203501751,0.00262308603421,0.000272077652272,0.00011386809005
9.5,0.998276679052,0.00251997644325,0.000253869904491,0.000106178270919
9.6,0.998346733735,0.00242093493054,0.000236874057275,9.90072440625e-05
9.7,0.99841381162,0.00232579950515,0.000221010116428,9.23200769083e-05
9.8,0.998478050656,0.00223441477496,0.00020620330018,8.60841802926e-05
9.9,0.998539581433,0.00214663166316,0.000192383706374,8.02691523867e-05
10,0.998598527644,0.00206230713836,0.000179486000218,7.48466328722e-05
10.1,0.998655006521,0.00198130395752,0.000167449121399,6.97901667109e-05
10.2,0.998709129235,0.00190349042095,0.000156216009422,6.50750768946e-05
10.3,0.998761001269,0.00182874013874,0.000145733346094,6.06783455963e-05
10.4,0.998810722763,0.001756931808,0.000135951314134,5.65785031818e-05
10.5,0.998858388834,0.00168794900027,0.000126823370946,5.27555245721e-05
10.6,0.998904089873,0.00162167995858,0.000118306036638,4.91907324789e-05
10.7,0.998947911823,0.0015580174037,0.000110358695443,4.58667070672e-05
10.8,0.998989936435,0.00149685834896,0.000102943409702,4.27672016231e-05
10.9,0.999030241511,0.00143810392343,9.60247456707e-05,3.98770638363e-05
11,0.999068901124,0.00138165920273,8.95696104084e-05,3.71821623264e-05
11.1,0.999105985828,0.00132743304737,8.35470990767e-05,3.46693180711e-05
11.2,0.999141562854,0.00127533794811,7.79283520021e-05,3.23262404115e-05
11.3,0.999175696289,0.00122528987793,7.26864208996e-05,3.0141467333e-05
11.4,0.999208447247,0.00117720815048,6.7796143688e-05,2.81043097403e-05
11.5,0.999239874029,0.00113101528449,6.32340273602e-05,2.62047994605e-05
11.6,0.999270032271,0.00108663687401,5.89781384065e-05,2.4433640729e-05
11.7,0.999298975083,0.00104400146417,5.5008000315e-05,2.27821649252e-05
11.8,0.999326753182,0.00100304043207,5.13044977054e-05,2.12422883441e-05
11.9,0.999353415009,0.000963687872823,4.78497866763e-05,1.98064727996e-05
12,0.999379006854,0.000925880490222,4.46272109738e-05,1.84676888731e-05
12.1,0.999403572953,0.000889557492079,4.16212236109e-05,1.72193816294e-05
12.2,0.9994271556,0.000854660489829,3.88173135924e-05,1.60554386364e-05
12.3,0.999449795236,0.000821133402334,3.62019374183e-05,1.49701601331e-05
12.4,0.999471530542,0.000788922363626,3.37624550612e-05,1.39582312052e-05
12.5,0.999492398525,0.000757975634465,3.14870701307e-05,1.30146958304e-05
12.6,0.999512434596,0.000728243517512,2.93647739566e-05,1.21349326714e-05
12.7,0.999531672648,0.000699678275967,2.73852933375e-05,1.13146324975e-05
12.8,0.999550145126,0.000672234055538,2.55390417206e-05,1.05497771264e-05
12.9,0.999567883097,0.000645866809576,2.38170735887e-05,9.83661978434e-06
13,0.99958491631,0.000620534227248,2.22110418492e-05,9.17166678935e-06
13.1,0.999601273262,0.000596195664626,2.07131580292e-05,8.55166046816e-06
13.2,0.999616981251,0.000572812078562,1.93161550946e-05,7.97356322495e-06
13.3,0.999632066431,0.000550345963223,1.80132527232e-05,7.4345426837e-06
13.4,0.999646553866,0.000528761289192,1.6798124872e-05,6.93195783241e-06
13.5,0.999660467577,0.000508023445016,1.56648694881e-05,6.4633461016e-06
13.6,0.999673830589,0.000488099181097,1.46079802244e-05,6.02641131435e-06
13.7,0.999686664974,0.000468956555838,1.36223200282e-05,5.61901244913e-06
13.8,0.999698991896,0.000450564883945,1.27030964809e-05,5.23915316086e-06
13.9,0.999710831645,0.000432894686789,1.18458387728e-05,4.88497200897e-06
14,0.999722203682,0.000415917644765,1.10463762064e-05,4.55473334495e-06
14.1,0.99973312667,0.000399606551537,1.03008181286e-05,4.24681881489e-06
14.2,0.999743618512,0.000383935270115,9.6055351956e-06,3.95971943569e-06
14.3,0.999753696377,0.000368878690681,8.95714188474e-06,3.69202820606e-06
14.4,0.999763376742,0.000354412690089,8.35248017032e-06,3.4424332165e-06
14.5,0.99977267541,0.000340514092975,7.78860428641e-06,3.20971122442e-06
14.6,0.999781607548,0.000327160634415,7.26276650509e-06,2.99272166314e-06
14.7,0.999790187707,0.000314330924061,6.77240386305e-06,2.79040105548e-06
14.8,0.999798429851,0.000302004411701,6.31512577354e-06,2.60175780461e-06
14.9,0.999806347383,0.000290161354185,5.88870246526e-06,2.42586733676e-06
15,0.999813953165,0.000278782783655,5.49105419332e-06,2.26186757201e-06
15.1,0.999821259542,0.00026785047704,5.12024117097e-06,2.10895470099e-06
15.2,0.999828278365,0.000257346926751,4.77445417435e-06,1.96637924695e-06
15.3,0.999835021008,0.000247255312543,4.45200577554e-06,1.83344239381e-06
15.4,0.999841498392,0.000237559474475,4.15132216207e-06,1.70949256232e-06
15.5,0.999847720999,0.000228243886952,3.87093550401e-06,1.59392221751e-06
15.6,0.999853698895,0.000219293633786,3.60947683201e-06,1.4861648919e-06
15.7,0.999859441741,0.00021069438424,3.3656693925e-06,1.38569240978e-06
15.8,0.999864958815,0.000202432370015,3.13832244799e-06,1.29201229913e-06
15.9,0.999870259027,0.000194494363155,2.92632549298e-06,1.20466537838e-06
16,0.999875350928,0.000186867654809,2.72864285769e-06,1.12322350623e-06
16.1,0.999880242732,0.00017954003484,2.54430867371e-06,1.04728748358e-06
16.2,0.999884942328,0.000172499772234,2.37242217742e-06,9.76485097229e-07
16.3,0.999889457288,0.000165735596277,2.21214332861e-06,9.10469295745e-07
16.4,0.999893794887,0.000159236678482,2.06268872322e-06,8.48916488689e-07
16.5,0.999897962109,0.000152992615218,1.92332778053e-06,7.9152496073e-07
16.6,0.999901965663,0.000146993411029,1.79337918649e-06,7.38013392965e-07
16.7,0.999905811992,0.000141229462605,1.67220757592e-06,6.88119484172e-07
16.8,0.999909507284,0.000135691543389,1.55922043776e-06,6.41598665264e-07
16.9,0.999913057481,0.000130370788783,1.45386522827e-06,5.98222900616e-07
17,0.999916468291,0.00012525868194,1.35562667837e-06,5.57779570426e-07
17.1,0.999919745198,0.000120347040113,1.26402428198e-06,5.20070428612e-07
17.2,0.999922893466,0.000115628001543,1.17860995338e-06,4.84910631151e-07
17.3,0.999925918154,0.000111094012858,1.09896584209e-06,4.52127830092e-07
17.4,0.999928824121,0.000106737816972,1.02470229483e-06,4.21561328819e-07
17.5,0.999931616032,0.000102552441457,9.55455954648e-07,3.93061294404e-07
17.6,0.99993429837,9.85311873697e-05,8.9088798791e-07,3.66488023205e-07
17.7,0.999936875442,9.46676185229e-05,8.30682430773e-07,3.41711256112e-07
17.8,0.999939351383,9.09555511734e-05,7.74544646913e-07,3.18609540076e-07
17.9,0.999941730166,8.73890441166e-05,7.22199889145e-07,2.97069632799e-07
18,0.999944015609,8.39623891708e-05,6.73391957924e-07,2.76985947664e-07
18.1,0.999946211376,8.06701020339e-05,6.2788195021e-07,2.58260036192e-07
18.2,0.999948320991,7.75069135002e-05,5.85447092628e-07,2.40800105482e-07
18.3,0.999950347837,7.44677610212e-05,5.45879653255e-07,2.2452056827e-07
18.4,0.999952295163,7.15477805986e-05,5.0898592674e-07,2.09341623407e-07
18.5,0.999954166093,6.87422989947e-05,4.74585287831e-07,1.951888647e-07
18.6,0.999955963625,6.60468262496e-05,4.42509308695e-07,1.81992916186e-07
18.7,0.999957690641,6.34570484906e-05,4.12600935751e-07,1.69689092076e-07
18.8,0.999959349909,6.09688210257e-05,3.84713722002e-07,1.58217079672e-07
18.9,0.999960944088,5.85781617066e-05,3.58711111125e-07,1.47520643733e-07
19,0.999962475734,5.62812445534e-05,3.34465769851e-07,1.37547350822e-07
19.1,0.9999639473,5.40743936282e-05,3.1185896536e-07,1.28248312279e-07
19.2,0.999965361145,5.19540771505e-05,2.90779984679e-07,1.19577944588e-07
19.3,0.999966719533,4.99169018423e-05,2.71125593243e-07,1.11493745924e-07
19.4,0.999968024641,4.79596074961e-05,2.52799529977e-07,1.03956087824e-07
19.5,0.99996927856,4.60790617554e-05,2.35712036454e-07,9.69280209289e-08
19.6,0.999970483298,4.42722551001e-05,2.19779417813e-07,9.03750938622e-08
19.7,0.999971640785,4.25362960289e-05,2.04923633309e-07,8.42651843566e-08
19.8,0.999972752875,4.08684064303e-05,1.91071914497e-07,7.85683417925e-08
19.9,0.999973821349,3.92659171358e-05,1.78156409176e-07,7.32566403833e-08
20,0.999974847918,3.77262636468e-05,1.66113849372e-07,6.83040422863e-08
20.1,0.999975834227,3.624698203e-05,1.54885241729e-07,6.36862699677e-08
20.2,0.999976781854,3.48257049729e-05,1.44415578796e-07,5.93806871956e-08
20.3,0.999977692317,3.34601579949e-05,1.34653569806e-07,5.53661880798e-08
20.4,0.999978567074,3.21481558063e-05,1.25551389632e-07,5.16230936115e-08
20.5,0.999979407526,3.08875988106e-05,1.17064444687e-07,4.81330551988e-08
20.6,0.999980215017,2.96764697441e-05,1.09151154634e-07,4.48789647228e-08
20.7,0.999980990843,2.85128304464e-05,1.01772748832e-07,4.18448706748e-08
20.8,0.999981736243,2.73948187591e-05,9.48930765288e-08,3.90158999625e-08
20.9,0.999982452412,2.63206455445e-05,8.847842987e-08,3.63781850033e-08
21,0.999983140496,2.52885918226e-05,8.24973788598e-08,3.39187957461e-08
21.1,0.999983801596,2.42970060193e-05,7.6920617468e-08,3.16256762883e-08
21.2,0.999984436772,2.33443013237e-05,7.17208201299e-08,2.94875857788e-08
21.3,0.99998504704,2.24289531478e-05,6.68725079385e-08,2.74940433155e-08
21.4,0.999985633376,2.15494966865e-05,6.23519238737e-08,2.56352765683e-08
21.5,0.99998619672,2.07045245736e-05,5.81369164593e-08,2.39021738757e-08
21.6,0.999986737972,1.9892684629e-05,5.42068312782e-08,2.22862395795e-08
21.7,0.999987258001,1.91126776948e-05,5.05424098161e-08,2.07795523792e-08
21.8,0.999987757636,1.83632555559e-05,4.71256951379e-08,1.93747265026e-08
21.9,0.99998823768,1.76432189426e-05,4.39399439363e-08,1.80648755e-08
22,0.9999886989,1.69514156108e-05,4.09695445216e-08,1.68435784881e-08
22.1,0.999989142033,1.62867384985e-05,3.81999403521e-08,1.57048486738e-08
22.2,0.99998956779,1.56481239537e-05,3.56175587307e-08,1.46431040081e-08
22.3,0.999989976852,1.50345500321e-05,3.32097443189e-08,1.36531398223e-08
22.4,0.999990369874,1.44450348619e-05,3.09646971425e-08,1.27301033152e-08
22.5,0.999990747484,1.38786350721e-05,2.88714147861e-08,1.18694697643e-08
22.6,0.999991110287,1.3334444283e-05,2.6919638493e-08,1.10670203464e-08
22.7,0.999991458864,1.28115916556e-05,2.50998029077e-08,1.03188214563e-08
22.8,0.999991793772,1.23092404978e-05,2.34029892133e-08,9.62120542453e-09
22.9,0.999992115548,1.18265869256e-05,2.18208814362e-08,8.97075253872e-09
23,0.999992424706,1.13628585765e-05,2.03457257029e-08,8.3642742799e-09
23.1,0.999992721742,1.09173133736e-05,1.89702922502e-08,7.79879769256e-09
23.2,0.99999300713,1.04892383378e-05,1.76878400024e-08,7.27155081122e-09
23.3,0.999993281328,1.00779484469e-05,1.64920835424e-08,6.77994907227e-09
23.4,0.999993544774,9.68278553958e-06,1.53771623147e-08,6.32158264448e-09
23.5,0.99999379789,9.30311726164e-06,1.43376119093e-08,5.894204616e-09
23.6,0.99999404108,8.93833605448e-06,1.33683372867e-08,5.49571998006e-09
23.7,0.999994274735,8.58785818262e-06,1.24645878123e-08,5.1241753652e-09
23.8,0.999994499228,8.25112279956e-06,1.16219339774e-08,4.77774945989e-09
23.9,0.999994714918,7.92759105031e-06,1.08362456944e-08,4.45474408446e-09
24,0.999994922151,7.616745209e-06,1.01036720581e-08,4.15357586666e-09
24.1,0.999995121258,7.31808785041e-06,9.42062247516e-09,3.87276847993e-09
24.2,0.999995312558,7.03114105392e-06,8.78374906885e-09,3.61094540647e-09
24.3,0.999995496356,6.75544563873e-06,8.18993027301e-09,3.36682318959e-09
24.4,0.999995672948,6.490560429e-06,7.63625553482e-09,3.13920514214e-09
24.5,0.999995842615,6.23606154788e-06,7.12001105148e-09,2.92697548043e-09
24.6,0.999996005629,5.99154173918e-06,6.63866647091e-09,2.7290938546e-09
24.7,0.999996162251,5.75660971563e-06,6.18986249133e-09,2.54459024887e-09
24.8,0.999996312733,5.53088953275e-06,5.77139929901e-09,2.3725602265e-09
24.9,0.999996457313,5.3140199872e-06,5.38122578749e-09,2.21216049625e-09
25,0.999996596224,5.10565403878e-06,5.01742950543e-09,2.06260477856e-09
25.1,0.999996729689,4.90545825506e-06,4.67822728401e-09,1.92315995124e-09
25.2,0.99999685792,4.71311227782e-06,4.36195649777e-09,1.79314245566e-09
25.3,0.999996981123,4.52830831038e-06,4.06706691612e-09,1.67191494598e-09
25.4,0.999997099496,4.35075062504e-06,3.79211310574e-09,1.55888316488e-09
25.5,0.999997213226,4.18015508986e-06,3.53574734641e-09,1.45349303049e-09
25.6,0.999997322498,4.01624871396e-06,3.29671302576e-09,1.35522792029e-09
25.7,0.999997427484,3.85876921065e-06,3.07383848049e-09,1.26360613865e-09
25.8,0.999997528354,3.70746457776e-06,2.86603125385e-09,1.17817855553e-09
25.9,0.999997625269,3.56209269431e-06,2.67227274136e-09,1.09852640483e-09
26,0.999997718384,3.4224209331e-06,2.4916131984e-09,1.02425923166e-09
26.1,0.999997807848,3.28822578843e-06,2.32316708526e-09,9.55012978276e-10
26.2,0.999997893803,3.15929251842e-06,2.16610872692e-09,8.90448199475e-10
26.3,0.999997976389,3.03541480143e-06,2.01966826613e-09,8.3024839866e-10
26.4,0.999998055736,2.91639440582e-06,1.88312789012e-09,7.74118476351e-10
26.5,0.999998131972,2.80204087278e-06,1.75581831232e-09,7.2178328362e-10
26.6,0.999998205218,2.69217121154e-06,1.63711549195e-09,6.72986273302e-10
26.7,0.999998275593,2.58660960653e-06,1.52643757537e-09,6.27488242407e-10
26.8,0.999998343208,2.48518713606e-06,1.4232420441e-09,5.85066159543e-10
26.9,0.999998408172,2.38774150195e-06,1.32702305576e-09,5.4551207162e-10
27,0.999998470588,2.29411676989e-06,1.23730896469e-09,5.08632084459e-10
27.1,0.999998530557,2.20416311984e-06,1.15366001013e-09,4.74245412326e-10
27.2,0.999998588175,2.11773660633e-06,1.07566616082e-09,4.4218349172e-10
27.3,0.999998643534,2.03469892809e-06,1.00294510511e-09,4.12289155073e-10
27.4,0.999998696722,1.95491720673e-06,9.35140377154e-10,3.84415860317e-10
27.5,0.999998747824,1.87826377414e-06,8.71919609572e-10,3.58426972531e-10
27.6,0.999998796922,1.80461596815e-06,8.12972904387e-10,3.3419509416e-10
27.7,0.999998844096,1.73385593625e-06,7.58011314004e-10,3.11601440512e-10
27.8,0.999998889419,1.66587044703e-06,7.06765424905e-10,2.90535257471e-10
27.9,0.999998932966,1.60055070894e-06,6.58984037084e-10,2.70893278587e-10
28,0.999998974805,1.53779219624e-06,6.14432932752e-10,2.52579218857e-10
28.1,0.999999015004,1.4774944817e-06,5.72893728284e-10,2.35503302741e-10
28.2,0.999999053626,1.41956107591e-06,5.34162803773e-10,2.1958182408e-10
28.3,0.999999090734,1.36389927288e-06,4.98050304947e-10,2.04736735768e-10
28.4,0.999999126387,1.31042000169e-06,4.64379212568e-10,1.90895267165e-10
28.5,0.999999160641,1.25903768393e-06,4.32984474725e-10,1.77989567378e-10
28.6,0.999999193553,1.20967009679e-06,4.03712197806e-10,1.65956372652e-10
28.7,0.999999225174,1.16223824147e-06,3.76418892143e-10,1.54736696254e-10
28.8,0.999999255556,1.11666621676e-06,3.50970768673e-10,1.44275539315e-10
28.9,0.999999284746,1.07288109757e-06,3.27243083128e-10,1.34521621235e-10
29,0.999999312791,1.03081281828e-06,3.05119524573e-10,1.25427128295e-10
29.1,0.999999339737,9.90394060559e-07,2.84491645275e-10,1.16947479282e-10
29.2,0.999999365627,9.51560145694e-07,2.65258329118e-10,1.09041106945e-10
29.3,0.999999390501,9.14248931051e-07,2.47325295951e-10,1.01669254239e-10
29.4,0.9999994144,8.7840071065e-07,2.30604639445e-10,9.4795784334e-11
29.5,0.999999437361,8.4395811962e-07,2.15014396197e-10,8.83870034722e-11
29.6,0.999999459423,8.10866042404e-07,2.00478143957e-10,8.24114958027e-11
29.7,0.999999480619,7.7907152456e-07,1.86924627021e-10,7.68399693802e-11
29.8,0.999999500984,7.4852368802e-07,1.7428740695e-10,7.16451125759e-11
29.9,0.999999520551,7.19173649678e-07,1.62504536895e-10,6.68014601957e-11
30,0.99999953935,6.90974443164e-07,1.5151825795e-10,6.22852686501e-11
30.1,0.999999557413,6.6388094369e-07,1.41274716021e-10,5.80743995632e-11
30.2,0.999999574767,6.37849795836e-07,1.31723697841e-10,5.41482112498e-11
30.3,0.99999959144,6.12839344176e-07,1.22818384839e-10,5.04874575303e-11
30.4,0.99999960746,5.88809566616e-07,1.14515123631e-10,4.70741933857e-11
30.5,0.999999622852,5.65722010355e-07,1.06773212047e-10,4.38916869914e-11
30.6,0.99999963764,5.43539730349e-07,9.95546996053e-11,4.09243376974e-11
30.7,0.999999651849,5.22227230191e-07,9.2824201491e-11,3.81575995539e-11
30.8,0.9999996655,5.01750405309e-07,8.65487250989e-11,3.55779100075e-11
30.9,0.999999678616,4.82076488391e-07,8.06975083095e-11,3.31726234171e-11
31,0.999999691217,4.63173996953e-07,7.52418686959e-11,3.09299490649e-11
31.1,0.999999703325,4.45012682957e-07,7.01550629255e-11,2.88388933588e-11
31.2,0.999999714958,4.27563484408e-07,6.54121556668e-11,2.68892059413e-11
31.3,0.999999726134,4.10798478848e-07,6.09898973588e-11,2.50713294423e-11
31.4,0.999999736873,3.94690838677e-07,5.68666102436e-11,2.33763526293e-11
31.5,0.99999974719,3.79214788221e-07,5.30220821041e-11,2.17959667239e-11
31.6,0.999999757103,3.64345562483e-07,4.94374671854e-11,2.03224246726e-11
31.7,0.999999766627,3.5005936752e-07,4.60951938142e-11,1.89485031705e-11
31.8,0.999999775778,3.36333342359e-07,4.2978878264e-11,1.76674672529e-11
31.9,0.99999978457,3.23145522422e-07,4.00732444433e-11,1.64730372802e-11
32,0.999999793017,3.10474804375e-07,3.73640490131e-11,1.53593581554e-11
32.1,0.999999801133,2.98300912356e-07,3.48380115672e-11,1.4320970622e-11
32.2,0.99999980893,2.86604365533e-07,3.24827495325e-11,1.33527845031e-11
32.3,0.999999816422,2.75366446929e-07,3.02867174703e-11,1.24500537494e-11
32.4,0.999999823621,2.64569173469e-07,2.82391504813e-11,1.16083531735e-11
32.5,0.999999830536,2.54195267207e-07,2.63300114367e-11,1.08235567584e-11
32.6,0.999999837181,2.44228127672e-07,2.45499417768e-11,1.0091817431e-11
32.7,0.999999843565,2.3465180531e-07,2.28902156357e-11,9.40954820438e-12
32.8,0.999999849699,2.25450975957e-07,2.13426970678e-11,8.77340459394e-12
32.9,0.999999855593,2.1661091632e-07,1.98998001655e-11,8.18026822299e-12
33,0.999999861255,2.08117480411e-07,1.85544518736e-11,7.62723153634e-12
33.1,0.999999866695,1.99957076918e-07,1.73000573175e-11,7.11158354753e-12
33.2,0.999999871922,1.92116647451e-07,1.61304674753e-11,6.6307965495e-12
33.3,0.999999876944,1.84583645647e-07,1.50399490359e-11,6.18251372385e-12
33.4,0.999999881769,1.77346017091e-07,1.4023156294e-11,5.76453758763e-12
33.5,0.999999886405,1.70392180033e-07,1.3075104946e-11,5.37481922135e-12
33.6,0.999999890859,1.63711006846e-07,1.21911476571e-11,5.01144822513e-12
33.7,0.999999895139,1.57291806226e-07,1.13669512803e-11,4.67264335391e-12
33.8,0.99999989925,1.5112430608e-07,1.05984756152e-11,4.35674378583e-12
33.9,0.999999903201,1.45198637089e-07,9.88195360321e-12,4.06220098084e-12
34,0.999999906996,1.39505316917e-07,9.21387286167e-12,3.78757108977e-12
34.1,0.999999910643,1.34035235037e-07,8.59095846607e-12,3.53150787657e-12
34.2,0.999999914147,1.28779638147e-07,8.01015689657e-12,3.29275611907e-12
34.3,0.999999917513,1.2373011617e-07,7.46862106969e-12,3.07014545589e-12
34.4,0.999999920748,1.18878588793e-07,6.96369638199e-12,2.8625846493e-12
34.5,0.999999923855,1.14217292535e-07,6.49290769726e-12,2.66905623597e-12
34.6,0.999999926841,1.09738768327e-07,6.05394721349e-12,2.48861153941e-12
34.7,0.999999929709,1.05435849573e-07,5.64466315007e-12,2.3203660195e-12
34.8,0.999999932466,1.01301650685e-07,5.26304919977e-12,2.16349493651e-12
34.9,0.999999935114,9.73295560604e-08,4.90723469392e-12,2.0172293082e-12
35,0.999999937658,9.35132095008e-08,4.5754754324e-12,1.88085214031e-12
35.1,0.999999940102,8.98465040362e-08,4.26614513363e-12,1.75369491178e-12
35.2,0.999999942451,8.63235721551e-08,3.97772746252e-12,1.63513429775e-12
35.3,0.999999944707,8.29387764141e-08,3.70880859748e-12,1.52458911394e-12
35.4,0.999999946876,7.96867004172e-08,3.45807029985e-12,1.42151746774e-12
35.5,0.999999948959,7.65621401485e-08,3.22428345194e-12,1.32541410181e-12
35.6,0.99999995096,7.35600956444e-08,3.00630203191e-12,1.23580791735e-12
35.7,0.999999952883,7.06757629928e-08,2.80305749596e-12,1.15225966473e-12
35.8,0.99999995473,6.79045266457e-08,2.6135535404e-12,1.07435979032e-12
35.9,0.999999956505,6.52419520332e-08,2.43686121773e-12,1.00172642886e-12
36,0.999999958211,6.26837784675e-08,2.27211438297e-12,9.34003531504e-13
36.1,0.999999959849,6.02259123248e-08,2.11850544786e-12,8.70859120546e-13
36.2,0.999999961424,5.78644204946e-08,1.97528142201e-12,8.11983662008e-13
36.3,0.999999962936,5.55955240858e-08,1.8417402218e-12,7.57088548322e-13
36.4,0.99999996439,5.34155923799e-08,1.71722722875e-12,7.05904683578e-13
36.5,0.999999965786,5.13211370207e-08,1.60113208062e-12,6.58181164412e-13
36.6,0.999999967127,4.93088064327e-08,1.49288567935e-12,6.13684050078e-13
36.7,0.999999968416,4.73753804574e-08,1.39195740144e-12,5.72195215668e-13
36.8,0.999999969655,4.55177652005e-08,1.29785249676e-12,5.3351128287e-13
36.9,0.999999970845,4.37329880811e-08,1.21010966333e-12,4.97442622999e-13
37,0.999999971988,4.20181930749e-08,1.12829878601e-12,4.63812427443e-13
37.1,0.999999973086,4.03706361438e-08,1.05201882808e-12,4.32455840944e-13
37.2,0.999999974142,3.87876808452e-08,9.80895865375e-13,4.03219153479e-13
37.3,0.999999975155,3.72667941127e-08,9.1458125328e-13,3.75959046772e-13
37.4,0.99999997613,3.58055422029e-08,8.52749917707e-13,3.50541891749e-13
37.5,0.999999977066,3.44015868009e-08,7.95098761568e-13,3.26843093485e-13
37.6,0.999999977965,3.30526812785e-08,7.41345179002e-13,3.04746480445e-13
37.7,0.999999978829,3.17566670989e-08,6.91225670038e-13,2.84143735006e-13
37.8,0.999999979659,3.05114703628e-08,6.44494548924e-13,2.64933862485e-13
37.9,0.999999980457,2.93150984898e-08,6.00922739773e-13,2.47022696065e-13
38,0.999999981223,2.81656370295e-08,5.60296653636e-13,2.30322435188e-13
38.1,0.999999981959,2.70612465983e-08,5.22417141492e-13,2.14751215155e-13
38.2,0.999999982667,2.60001599358e-08,4.87098518017e-13,2.00232705828e-13
38.3,0.999999983346,2.4980679077e-08,4.54167651358e-13,1.86695737458e-13
38.4,0.999999983999,2.40011726348e-08,4.23463114439e-13,1.74073951808e-13
38.5,0.999999984627,2.30600731899e-08,3.94834393648e-13,1.62305476873e-13
38.6,0.999999985229,2.21558747825e-08,3.68141151021e-13,1.51332623574e-13
38.7,0.999999985809,2.12871305021e-08,3.43252536302e-13,1.4110160297e-13
38.8,0.999999986365,2.04524501725e-08,3.20046545519e-13,1.31562262589e-13
38.9,0.9999999869,1.9650498127e-08,2.98409422919e-13,1.22667840571e-13
39,0.999999987413,1.88799910713e-08,2.7823510334e-13,1.14374736449e-13
39.1,0.999999987907,1.81396960296e-08,2.59424692276e-13,1.06642297419e-13
39.2,0.999999988381,1.74284283719e-08,2.418859811e-13,9.94326190542e-14
39.3,0.999999988837,1.67450499182e-08,2.25532995055e-13,9.27103595033e-14
39.4,0.999999989274,1.60884671172e-08,2.1028557181e-13,8.64425662423e-14
39.5,0.999999989695,1.54576292962e-08,1.96068968499e-13,8.05985145412e-14
39.6,0.999999990099,1.48515269801e-08,1.82813495335e-13,7.51495568519e-14
39.7,0.999999990487,1.42691902759e-08,1.70454173991e-13,7.00689823775e-14
39.8,0.99999999086,1.37096873206e-08,1.58930419073e-13,6.5331886136e-14
39.9,0.999999991219,1.31721227902e-08,1.48185741137e-13,6.09150468761e-14
40,0.999999991563,1.26556364666e-08,1.38167469769e-13,5.67968132466e-14
40.1,0.999999991894,1.21594018615e-08,1.28826495405e-13,5.29569976616e-14
40.2,0.999999992212,1.16826248937e-08,1.20117028585e-13,4.93767773405e-14
40.3,0.999999992517,1.12245426183e-08,1.11996375503e-13,4.60386020392e-14
40.4,0.99999999281,1.07844220059e-08,1.04424728716e-13,4.29261080186e-14
40.5,0.999999993092,1.03615587697e-08,9.7364972009e-14,4.00240378292e-14
40.6,0.999999993363,9.95527623816e-09,9.07824984532e-14,3.73181655197e-14
40.7,0.999999993623,9.56492427264e-09,8.46450407613e-14,3.47952269008e-14
40.8,0.999999993873,9.18987822668e-09,7.89225131137e-14,3.24428545246e-14
40.9,0.999999994114,8.82953794658e-09,7.35868636776e-14,3.02495170589e-14
41,0.999999994344,8.48332681102e-09,6.86119370975e-14,2.82044627609e-14
41.1,0.999999994566,8.1506908083e-09,6.39733462812e-14,2.6297666772e-14
41.2,0.999999994779,7.83109764985e-09,5.96483528543e-14,2.45197819762e-14
41.3,0.999999994984,7.52403591844e-09,5.56157556971e-14,2.28620931801e-14
41.4,0.999999995181,7.22901424976e-09,5.18557870162e-14,2.13164743913e-14
41.5,0.99999999537,6.94556054622e-09,4.83500154431e-14,1.98753489846e-14
41.6,0.999999995551,6.6732212214e-09,4.50812556837e-14,1.85316525618e-14
41.7,0.999999995726,6.41156047427e-09,4.20334842756e-14,1.72787983213e-14
41.8,0.999999995893,6.16015959182e-09,3.91917610416e-14,1.61106447702e-14
41.9,0.999999996054,5.918616279e-09,3.65421558527e-14,1.50214656184e-14
42,0.999999996209,5.68654401497e-09,3.40716803424e-14,1.40059217086e-14
42.1,0.999999996358,5.46357143458e-09,3.17682242383e-14,1.30590348432e-14
42.2,0.9999999965,5.24934173415e-09,2.96204959968e-14,1.21761633817e-14
42.3,0.999999996638,5.04351210044e-09,2.76179674526e-14,1.13529794873e-14
42.4,0.999999996769,4.84575316213e-09,2.57508222094e-14,1.05854479115e-14
42.5,0.999999996896,4.65574846272e-09,2.40099075198e-14,9.86980621364e-15
42.6,0.999999997018,4.47319395415e-09,2.23866894187e-14,9.20254631728e-15
42.7,0.999999997135,4.29779751026e-09,2.08732108896e-14,8.58039731364e-15
42.8,0.999999997247,4.12927845932e-09,1.94620528597e-14,8.00030942759e-15
42.9,0.999999997355,3.96736713489e-09,1.81462978311e-14,7.45943906763e-15
43,0.999999997459,3.81180444431e-09,1.69194959717e-14,6.95513488663e-15
43.1,0.999999997558,3.66234145409e-09,1.57756334976e-14,6.48492478492e-15
43.2,0.999999997654,3.51873899154e-09,1.47091031941e-14,6.04650379202e-15
43.3,0.999999997746,3.3807672621e-09,1.37146769288e-14,5.63772276773e-15
43.4,0.999999997835,3.24820548157e-09,1.27874800231e-14,5.25657786698e-15
43.5,0.999999997919,3.1208415228e-09,1.19229673572e-14,4.90120071703e-15
43.6,0.999999998001,2.99847157629e-09,1.1116901089e-14,4.56984925869e-15
43.7,0.999999998079,2.88089982402e-09,1.0365329881e-14,4.26089920671e-15
43.8,0.999999998155,2.76793812611e-09,9.66456953054e-15,3.97283608758e-15
43.9,0.999999998227,2.65940571973e-09,9.01118490968e-15,3.70424781556e-15
44,0.999999998297,2.55512892988e-09,8.4019731264e-15,3.45381777064e-15
44.1,0.999999998363,2.45494089144e-09,7.83394782397e-15,3.22031834443e-15
44.2,0.999999998428,2.35868128219e-09,7.30432454182e-15,3.00260492248e-15
44.3,0.999999998489,2.26619606621e-09,6.81050706611e-15,2.79961027334e-15
44.4,0.999999998548,2.17733724742e-09,6.35007470311e-15,2.61033931701e-15
44.5,0.999999998605,2.09196263276e-09,5.92077041292e-15,2.43386424704e-15
44.6,0.99999999866,2.00993560462e-09,5.52048974549e-15,2.26931998244e-15
44.7,0.999999998713,1.93112490226e-09,5.1472705246e-15,2.11589992702e-15
44.8,0.999999998763,1.85540441174e-09,4.79928322925e-15,1.97285201549e-15
44.9,0.999999998812,1.78265296413e-09,4.47482202538e-15,1.83947502684e-15
45,0.999999998858,1.71275414158e-09,4.17229640384e-15,1.7151151469e-15
45.1,0.999999998903,1.64559609107e-09,3.89022338372e-15,1.5991627634e-15
45.2,0.999999998946,1.58107134539e-09,3.62722024279e-15,1.49104947762e-15
45.3,0.999999998987,1.51907665118e-09,3.3819977394e-15,1.3902453181e-15
45.4,0.999999999027,1.45951280369e-09,3.15335379256e-15,1.29625614276e-15
45.5,0.999999999065,1.40228448808e-09,2.94016758943e-15,1.20862121652e-15
45.6,0.999999999102,1.34730012682e-09,2.741394091e-15,1.12691095289e-15
45.7,0.999999999137,1.2944717332e-09,2.5560589094e-15,1.05072480806e-15
45.8,0.999999999171,1.24371477053e-09,2.38325353135e-15,9.79689317463e-16
45.9,0.999999999203,1.19494801683e-09,2.22213086471e-15,9.13456265031e-16
46,0.999999999235,1.14809343489e-09,2.07190108601e-15,8.51700976271e-16
46.1,0.999999999265,1.10307604739e-09,1.93182776871e-15,7.94120726684e-16
46.2,0.999999999293,1.05982381691e-09,1.80122427325e-15,7.4043325782e-16
46.3,0.999999999321,1.01826753064e-09,1.67945038117e-15,6.90375393645e-16
46.4,0.999999999348,9.78340689658e-10,1.56590915671e-15,6.43701750451e-16
46.5,0.999999999373,9.39979402509e-10,1.46004402068e-15,6.00183533984e-16
46.6,0.999999999398,9.03122282944e-10,1.36133602205e-15,5.59607417897e-16
46.7,0.999999999422,8.67710351709e-10,1.26930129411e-15,5.21774498021e-16
46.8,0.999999999444,8.33686942159e-10,1.18348868253e-15,4.8649931734e-16
46.9,0.999999999466,8.0099760958e-10,1.10347753379e-15,4.53608956877e-16
47,0.999999999487,7.69590044065e-10,1.02887563316e-15,4.22942188047e-16
47.1,0.999999999507,7.3941398681e-10,9.59317282027e-16,3.94348682313e-16
47.2,0.999999999526,7.10421149684e-10,8.94461505286e-16,3.67688274277e-16
47.3,0.999999999545,6.82565137962e-10,8.33990379848e-16,3.42830274588e-16
47.4,0.999999999563,6.55801376084e-10,7.77607476189e-16,3.19652829303e-16
47.5,0.99999999958,6.30087036319e-10,7.25036405252e-16,2.98042322558e-16
47.6,0.999999999596,6.05380970239e-10,6.7601946359e-16,2.77892819624e-16
47.7,0.999999999612,5.81643642867e-10,6.303163701e-16,2.59105547614e-16
47.8,0.999999999627,5.58837069414e-10,5.87703088169e-16,2.41588411299e-16
47.9,0.999999999642,5.36924754497e-10,5.47970727439e-16,2.25255541657e-16
48,0.999999999656,5.15871633738e-10,5.10924519835e-16,2.1002687494e-16
48.1,0.99999999967,4.95644017651e-10,4.76382864805e-16,1.95827760209e-16
48.2,0.999999999683,4.76209537736e-10,4.44176439119e-16,1.82588593385e-16
48.3,0.999999999695,4.57537094679e-10,4.14147366841e-16,1.70244476058e-16
48.4,0.999999999707,4.39596808586e-10,3.86148445425e-16,1.5873489735e-16
48.5,0.999999999718,4.22359971173e-10,3.60042424128e-16,1.48003437292e-16
48.6,0.999999999729,4.05798999822e-10,3.35701331203e-16,1.37997490256e-16
48.7,0.99999999974,3.89887393446e-10,3.13005846586e-16,1.28668007078e-16
48.8,0.99999999975,3.74599690081e-10,2.91844716985e-16,1.19969254619e-16
48.9,0.99999999976,3.59911426138e-10,2.72114210519e-16,1.11858591586e-16
49,0.999999999769,3.45799097263e-10,2.53717608224e-16,1.04296259498e-16
49.1,0.999999999779,3.32240120717e-10,2.36564729934e-16,9.72451877955e-17
49.2,0.999999999787,3.19212799247e-10,2.2057149222e-16,9.06708121162e-17
49.3,0.999999999796,3.06696286358e-10,2.05659496213e-16,8.45409048631e-17
49.4,0.999999999804,2.94670552959e-10,1.91755643291e-16,7.88254172238e-17
49.5,0.999999999811,2.83116355312e-10,1.78791776753e-16,7.3496331871e-17
49.6,0.999999999819,2.72015204234e-10,1.66704347708e-16,6.85275256224e-17
49.7,0.999999999826,2.61349335516e-10,1.55434103567e-16,6.38946413839e-17
49.8,0.999999999833,2.51101681493e-10,1.4492579758e-16,5.95749687515e-17
49.9,0.999999999839,2.41255843732e-10,1.35127918019e-16,5.55473326851e-17
50,0.999999999845,2.31796066791e-10,1.25992435667e-16,5.17919897079e-17
50.1,0.999999999852,2.22707213009e-10,1.17474568379e-16,4.82905311243e-17
50.2,0.999999999857,2.13974738282e-10,1.0953256156e-16,4.50257927804e-17
50.3,0.999999999863,2.05584668786e-10,1.02127483483e-16,4.19817709249e-17
50.4,0.999999999868,1.97523578621e-10,9.52230344482e-17,3.91435437591e-17
50.5,0.999999999873,1.89778568322e-10,8.87853688375e-17,3.64971982903e-17
50.6,0.999999999878,1.82337244221e-10,8.27829292069e-17,3.40297621298e-17
50.7,0.999999999883,1.75187698612e-10,7.71862915904e-17,3.17291399027e-17
50.8,0.999999999888,1.68318490695e-10,7.19680212642e-17,2.95840539563e-17
50.9,0.999999999892,1.61718628274e-10,6.7102538261e-17,2.75839890766e-17
51,0.999999999896,1.55377550159e-10,6.25659919776e-17,2.57191409434e-17
51.1,0.9999999999,1.49285109274e-10,5.8336144259e-17,2.3980368069e-17
51.2,0.999999999904,1.43431556413e-10,5.43922603867e-17,2.23591469866e-17
51.3,0.999999999908,1.37807524643e-10,5.07150074375e-17,2.08475304687e-17
51.4,0.999999999912,1.32404014313e-10,4.72863595132e-17,1.94381085694e-17
51.5,0.999999999915,1.27212378653e-10,4.40895093777e-17,1.81239723008e-17
51.6,0.999999999919,1.22224309939e-10,4.1108786068e-17,1.68986797654e-17
51.7,0.999999999922,1.17431826197e-10,3.83295780751e-17,1.57562245778e-17
51.8,0.999999999925,1.1282725843e-10,3.57382617181e-17,1.46910064215e-17
51.9,0.999999999928,1.08403238348e-10,3.33221343613e-17,1.36978035956e-17
52,0.999999999931,1.04152686575e-10,3.10693521456e-17,1.27717474188e-17
52.1,0.999999999933,1.0006880132e-10,2.896887193e-17,1.19082983627e-17
52.2,0.999999999936,9.6145047497e-11,2.7010397158e-17,1.1103223799e-17
52.3,0.999999999938,9.23751462619e-11,2.51843273841e-17,1.03525772513e-17
52.4,0.999999999941,8.87530649685e-11,2.3481711212e-17,9.65267904918e-18
52.5,0.999999999943,8.52730075141e-11,2.18942024155e-17,9.000098291e-18
52.6,0.999999999945,8.19294050642e-11,2.04140190246e-17,8.39163602509e-18
52.7,0.999999999948,7.87169071417e-11,1.90339051784e-17,7.82430956871e-18
52.8,0.99999999995,7.56303730644e-11,1.77470955575e-17,7.2953378869e-18
52.9,0.999999999952,7.26648637194e-11,1.65472822195e-17,6.80212795988e-18
53,0.999999999953,6.9815633659e-11,1.5428583678e-17,6.34226207201e-18
53.1,0.999999999955,6.70781235073e-11,1.43855160716e-17,5.91348596018e-18
53.2,0.999999999957,6.44479526639e-11,1.34129662816e-17,5.51369776338e-18
53.3,0.999999999959,6.19209122944e-11,1.25061668678e-17,5.14093771941e-18
53.4,0.99999999996,5.94929585951e-11,1.16606726985e-17,4.79337855811e-18
53.5,0.999999999962,5.71602063221e-11,1.08723391602e-17,4.46931654405e-18
53.6,0.999999999963,5.4918922574e-11,1.01373018411e-17,4.16716312489e-18
53.7,0.999999999965,5.27655208187e-11,9.45195758734e-18,3.88543714419e-18
53.8,0.999999999966,5.0696555154e-11,8.81294684059e-18,3.62275758088e-18
53.9,0.999999999968,4.87087147933e-11,8.21713716946e-18,3.37783677943e-18
54,0.999999999969,4.67988187681e-11,7.66160791425e-18,3.1494741378e-18
54.1,0.99999999997,4.49638108372e-11,7.1436358699e-18,2.93655022204e-18
54.2,0.999999999971,4.32007545964e-11,6.66068193685e-18,2.73802127888e-18
54.3,0.999999999972,4.15068287796e-11,6.21037867436e-18,2.5529141192e-18
54.4,0.999999999973,3.98793227441e-11,5.79051869533e-18,2.3803213475e-18
54.5,0.999999999974,3.83156321331e-11,5.39904384565e-18,2.2193969138e-18
54.6,0.999999999975,3.68132547079e-11,5.03403511515e-18,2.06935196635e-18
54.7,0.999999999976,3.53697863442e-11,4.69370323061e-18,1.92945098464e-18
54.8,0.999999999977,3.39829171846e-11,4.37637988474e-18,1.79900817389e-18
54.9,0.999999999978,3.26504279425e-11,4.08050955814e-18,1.6773841033e-18
55,0.999999999979,3.1370186351e-11,3.80464189412e-18,1.56398257152e-18
55.1,0.99999999998,3.01401437502e-11,3.54742458907e-18,1.45824768413e-18
55.2,0.999999999981,2.89583318098e-11,3.30759676347e-18,1.35966112858e-18
55.3,0.999999999981,2.78228593783e-11,3.08398278103e-18,1.26773963346e-18
55.4,0.999999999982,2.67319094577e-11,2.87548648575e-18,1.18203259948e-18
55.5,0.999999999983,2.56837362953e-11,2.68108582857e-18,1.10211989069e-18
55.6,0.999999999984,2.46766625905e-11,2.49982785721e-18,1.02760977488e-18
55.7,0.999999999984,2.37090768105e-11,2.33082404492e-18,9.5813700337e-19
55.8,0.999999999985,2.27794306116e-11,2.17324593479e-18,8.93361020566e-19
55.9,0.999999999985,2.18862363615e-11,2.02632107875e-18,8.32964294522e-19
56,0.999999999986,2.10280647589e-11,1.88932925098e-18,7.76650760416e-19
56.1,0.999999999987,2.02035425462e-11,1.7615989174e-18,7.24144369238e-19
56.2,0.999999999987,1.94113503118e-11,1.64250394375e-18,6.75187734598e-19
56.3,0.999999999988,1.86502203793e-11,1.53146052633e-18,6.29540871017e-19
56.4,0.999999999988,1.79189347783e-11,1.42792433019e-18,5.86980017515e-19
56.5,0.999999999989,1.72163232958e-11,1.33138782077e-18,5.4729654074e-19
56.6,0.999999999989,1.65412616037e-11,1.24137777599e-18,5.10295912243e-19
56.7,0.999999999989,1.5892669459e-11,1.15745296651e-18,4.75796754899e-19
56.8,0.99999999999,1.52695089762e-11,1.07920199281e-18,4.436299538e-19
56.9,0.99999999999,1.46707829654e-11,1.00624126854e-18,4.13637827249e-19
57,0.999999999991,1.40955333372e-11,9.38213140123e-19,3.85673353806e-19
57.1,0.999999999991,1.35428395696e-11,8.7478413361e-19,3.59599451592e-19
57.2,0.999999999991,1.30118172346e-11,8.15643319935e-19,3.35288306306e-19
57.3,0.999999999992,1.25016165832e-11,7.60500790759e-19,3.12620744687e-19
57.4,0.999999999992,1.20114211855e-11,7.0908623734e-19,2.91485650321e-19
57.5,0.999999999992,1.15404466242e-11,6.6114762548e-19,2.71779418951e-19
57.6,0.999999999993,1.10879392396e-11,6.16449960046e-19,2.53405450608e-19
57.7,0.999999999993,1.06531749234e-11,5.74774133031e-19,2.36273676078e-19
57.8,0.999999999993,1.02354579599e-11,5.35915849482e-19,2.20300115382e-19
57.9,0.999999999993,9.83411991272e-12,4.99684626049e-19,2.05406466107e-19
58,0.999999999994,9.4485185555e-12,4.65902857232e-19,1.91519719567e-19
58.1,0.999999999994,9.07803684376e-12,4.34404944762e-19,1.78571802915e-19
58.2,0.999999999994,8.72208192772e-12,4.05036485834e-19,1.66499245447e-19
58.3,0.999999999994,8.38008420357e-12,3.77653516229e-19,1.55242867474e-19
58.4,0.999999999995,8.051496402e-12,3.52121804599e-19,1.44747490218e-19
58.5,0.999999999995,7.73579271241e-12,3.28316194464e-19,1.34961665326e-19
58.6,0.999999999995,7.43246794156e-12,3.06119990694e-19,1.25837422674e-19
58.7,0.999999999995,7.14103670509e-12,2.85424387474e-19,1.17330035215e-19
58.8,0.999999999995,6.86103265085e-12,2.66127934932e-19,1.09397799724e-19
58.9,0.999999999996,6.59200771261e-12,2.48136041836e-19,1.02001832374e-19
59,0.999999999996,6.33353139309e-12,2.31360511905e-19,9.51058781245e-20
59.1,0.999999999996,6.08519007502e-12,2.15719111471e-19,8.86761330001e-20
59.2,0.999999999996,5.84658635932e-12,2.01135166372e-19,8.26810783826e-20
59.3,0.999999999996,5.61733842912e-12,1.87537186091e-19,7.70913265072e-20
59.4,0.999999999996,5.39707943885e-12,1.74858513315e-19,7.18794764038e-20
59.5,0.999999999997,5.18545692711e-12,1.63036997173e-19,6.70199795771e-20
59.6,0.999999999997,4.98213225275e-12,1.5201468858e-19,6.2489014768e-20
59.7,0.999999999997,4.7867800529e-12,1.41737556168e-19,5.82643711817e-20
59.8,0.999999999997,4.59908772237e-12,1.3215522142e-19,5.43253396106e-20
59.9,0.999999999997,4.41875491339e-12,1.2322071172e-19,5.06526109173e-20
60,0.999999999997,4.24549305499e-12,1.14890230093e-19,4.72281813815e-20
60.1,0.999999999997,4.07902489123e-12,1.07122940506e-19,4.40352644455e-20
60.2,0.999999999997,3.91908403753e-12,9.98807676986e-20,4.1058208427e-20
60.3,0.999999999997,3.76541455441e-12,9.31282105299e-20,3.82824197938e-20
60.4,0.999999999998,3.61777053791e-12,8.68321679572e-20,3.56942916268e-20
60.5,0.999999999998,3.4759157261e-12,8.09617767725e-20,3.32811369188e-20
60.6,0.999999999998,3.33962312102e-12,7.54882603115e-20,3.10311263826e-20
60.7,0.999999999998,3.20867462542e-12,7.03847873901e-20,2.89332304639e-20
60.8,0.999999999998,3.08286069378e-12,6.5626340778e-20,2.69771652745e-20
60.9,0.999999999998,2.96197999696e-12,6.11895945646e-20,2.51533421806e-20
61,0.999999999998,2.84583910006e-12,5.70527998147e-20,2.34528207992e-20
61.1,0.999999999998,2.73425215287e-12,5.31956779557e-20,2.18672651725e-20
61.2,0.999999999998,2.62704059246e-12,4.95993213717e-20,2.03889029051e-20
61.3,0.999999999998,2.52403285746e-12,4.62461007186e-20,1.90104870634e-20
61.4,0.999999999998,2.42506411352e-12,4.31195785049e-20,1.77252606514e-20
61.5,0.999999999998,2.32997598953e-12,4.0204428515e-20,1.65269234876e-20
61.6,0.999999999999,2.23861632422e-12,3.74863606803e-20,1.54096013219e-20
61.7,0.999999999999,2.15083892263e-12,3.49520510292e-20,1.43678170398e-20
61.8,0.999999999999,2.06650332218e-12,3.25890763727e-20,1.33964638135e-20
61.9,0.999999999999,1.98547456792e-12,3.03858534064e-20,1.24907800683e-20
62,0.999999999999,1.90762299657e-12,2.83315819287e-20,1.16463261415e-20
62.1,0.999999999999,1.83282402898e-12,2.64161918986e-20,1.08589625189e-20
62.2,0.999999999999,1.76095797087e-12,2.46302940717e-20,1.01248295433e-20
62.3,0.999999999999,1.69190982121e-12,2.2965133975e-20,9.44032849376e-21
62.4,0.999999999999,1.62556908821e-12,2.14125489916e-20,8.80210394547e-21
62.5,0.999999999999,1.56182961257e-12,1.99649283483e-20,8.20702732094e-21
62.6,0.999999999999,1.50058939751e-12,1.86151758068e-20,7.65218155386e-21
62.7,0.999999999999,1.44175044563e-12,1.73566748788e-20,7.13484678962e-21
62.8,0.999999999999,1.38521860206e-12,1.61832563911e-20,6.65248705263e-21
62.9,0.999999999999,1.33090340377e-12,1.50891682451e-20,6.20273781489e-21
63,0.999999999999,1.27871793488e-12,1.40690472192e-20,5.7833944051e-21
63.1,0.999999999999,1.22857868749e-12,1.31178926792e-20,5.39240120141e-21
63.2,0.999999999999,1.1804054281e-12,1.22310420643e-20,5.02784155465e-21
63.3,0.999999999999,1.13412106924e-12,1.14041480318e-20,4.68792839303e-21
63.4,0.999999999999,1.08965154605e-12,1.06331571462e-20,4.37099546183e-21
63.5,0.999999999999,1.0469256978e-12,9.91429000918e-21,4.07548915545e-21
63.6,0.999999999999,1.00587515402e-12,9.24402273333e-21,3.79996090164e-21
63.7,0.999999999999,9.66434225089e-13,8.61906966764e-21,3.54306006058e-21
63.8,0.999999999999,9.28539797101e-13,8.03636729146e-21,3.30352730405e-21
63.9,0.999999999999,8.92131230887e-13,7.49305919706e-21,3.08018844219e-21
64,0.999999999999,8.57150264975e-13,6.98648208754e-21,2.87194866764e-21
64.1,0.999999999999,8.23540922354e-13,6.51415272132e-21,2.6777871888e-21
64.2,0.999999999999,7.91249420908e-13,6.07375573929e-21,2.49675222587e-21
64.3,0.999999999999,7.60224087344e-13,5.66313231494e-21,2.32795634524e-21
64.4,1,7.30415274509e-13,5.28026957177e-21,2.17057210931e-21
64.5,1,7.01775281944e-13,4.92329071617e-21,2.02382802039e-21
64.6,1,6.7425827955e-13,4.59044583736e-21,1.88700473876e-21
64.7,1,6.47820234253e-13,4.28010332938e-21,1.75943155656e-21
64.8,1,6.22418839539e-13,3.99074189287e-21,1.64048310989e-21
64.9,1,5.98013447759e-13,3.72094307776e-21,1.52957631332e-21
65,1,5.74565005078e-13,3.46938432993e-21,1.42616750162e-21
65.1,1,5.52035988985e-13,3.23483250811e-21,1.32974976466e-21
65.2,1,5.30390348249e-13,3.016137839e-21,1.23985046259e-21
65.3,1,5.09593445226e-13,2.81222828107e-21,1.15602890893e-21
65.4,1,4.89612000434e-13,2.62210426944e-21,1.07787421032e-21
65.5,1,4.704140393e-13,2.44483381598e-21,1.00500325234e-21
65.6,1,4.51968840988e-13,2.27954794072e-21,9.37058821468e-22
65.7,1,4.34246889247e-13,2.12543641211e-21,8.73707854026e-22
65.8,1,4.17219825174e-13,1.98174377526e-21,8.14639803499e-22
65.9,1,4.00860401832e-13,1.84776564869e-21,7.59565118233e-22
66,1,3.85142440654e-13,1.72284527148e-21,7.08213822057e-22
66.1,1,3.7004078955e-13,1.60637028378e-21,6.60334190859e-22
66.2,1,3.55531282655e-13,1.49776972508e-21,6.1569151863e-22
66.3,1,3.41590701664e-13,1.39651123531e-21,5.7406696694e-22
66.4,1,3.28196738671e-13,1.30209844523e-21,5.35256492188e-22
66.5,1,3.15327960479e-13,1.21406854325e-21,4.99069845381e-22
66.6,1,3.02963774298e-13,1.13199000667e-21,4.65329639536e-22
66.7,1,2.91084394791e-13,1.05546048641e-21,4.33870480123e-22
66.8,1,2.79670812418e-13,9.84104834688e-22,4.04538154307e-22
66.9,1,2.6870476301e-13,9.17573266004e-22,3.77188874992e-22
67,1,2.5816869855e-13,8.55539642534e-22,3.51688575981e-22
67.1,1,2.48045759087e-13,7.97699875385e-22,3.27912254776e-22
67.2,1,2.38319745757e-13,7.43770433949e-22,3.05743359825e-22
67.3,1,2.28975094865e-13,6.93486956044e-22,2.85073219179e-22
67.4,1,2.19996852975e-13,6.46602952002e-22,2.65800507783e-22
67.5,1,2.11370652985e-13,6.0288859638e-22,2.47830750785e-22
67.6,1,2.03082691135e-13,5.62129601358e-22,2.31075860415e-22
67.7,1,1.95119704917e-13,5.24126166293e-22,2.15453704181e-22
67.8,1,1.87468951855e-13,4.88691998303e-22,2.00887702254e-22
67.9,1,1.80118189111e-13,4.55653399056e-22,1.87306452077e-22
68,1,1.73055653897e-13,4.248484133e-22,1.74643378346e-22
68.1,1,1.6627004465e-13,3.96126034958e-22,1.62836406657e-22
68.2,1,1.59750502947e-13,3.69345466899e-22,1.51827659223e-22
68.3,1,1.53486596131e-13,3.44375430748e-22,1.41563171151e-22
68.4,1,1.47468300614e-13,3.21093523357e-22,1.31992625907e-22
68.5,1,1.4168598584e-13,2.9938561679e-22,1.23069108669e-22
68.6,1,1.36130398871e-13,2.79145298864e-22,1.14748876345e-22
68.7,1,1.30792649583e-13,2.60273351517e-22,1.06991143145e-22
68.8,1,1.25664196438e-13,2.42677264441e-22,9.97578806534e-23
68.9,1,1.20736832817e-13,2.26270781597e-22,9.30136314083e-23
69,1,1.16002673887e-13,2.10973478387e-22,8.67253350922e-23
69.1,1,1.11454143984e-13,1.96710367412e-22,8.08621664693e-23
69.2,1,1.0708396449e-13,1.83411530887e-22,7.53953842803e-23
69.3,1,1.02885142184e-13,1.71011777899e-22,7.02981903525e-23
69.4,1,9.88509580564e-14,1.59450324844e-22,6.55455982353e-23
69.5,1,9.49749565507e-14,1.48670497467e-22,6.11143107168e-23
69.6,1,9.12509352379e-14,1.38619453041e-22,5.69826056202e-23
69.7,1,8.76729348893e-14,1.29247921334e-22,5.31302293225e-23
69.8,1,8.42352299412e-14,1.20509963088e-22,4.95382974705e-23
69.9,1,8.09323193321e-14,1.1236274482e-22,4.61892024103e-23
70,1,7.77589177004e-14,1.04766328858e-22,4.30665268738e-23
70.1,1,7.47099469264e-14,9.76834775617e-23,4.0154963502e-23
70.2,1,7.17805280065e-14,9.10794707856e-23,3.74402398078e-23
70.3,1,6.89659732455e-14,8.49219356809e-23,3.49090482127e-23
70.4,1,6.62617787551e-14,7.91806880034e-23,3.25489808123e-23
70.5,1,6.36636172474e-14,7.38275841504e-23,3.03484685537e-23
70.6,1,6.11673311095e-14,6.88363832005e-23,2.82967245231e-23
70.7,1,5.87689257512e-14,6.41826182809e-23,2.6383691069e-23
70.8,1,5.6464563212e-14,5.98434766306e-23,2.45999904991e-23
70.9,1,5.42505560205e-14,5.57976877721e-23,2.29368791111e-23
71,1,5.21233612926e-14,5.20254192439e-23,2.13862043312e-23
71.1,1,5.00795750631e-14,4.85081793811e-23,1.99403647496e-23
71.2,1,4.81159268378e-14,4.52287266699e-23,1.85922728593e-23
71.3,1,4.62292743608e-14,4.21709852293e-23,1.7335320312e-23
71.4,1,4.44165985856e-14,3.93199660072e-23,1.6163345525e-23
71.5,1,4.26749988441e-14,3.6661693304e-23,1.50706034766e-23
71.6,1,4.10016882052e-14,3.4183136264e-23,1.40517375438e-23
71.7,1,3.9393989015e-14,3.18721449976e-23,1.31017532448e-23
71.8,1,3.78493286117e-14,2.9717391023e-23,1.22159937554e-23
71.9,1,3.63652352091e-14,2.77083117336e-23,1.13901170816e-23
72,1,3.49393339412e-14,2.58350586205e-23,1.06200747749e-23
72.1,1,3.35693430618e-14,2.40884489947e-23,9.90209208705e-24
72.2,1,3.2253070293e-14,2.24599209738e-23,9.23264946612e-24
72.3,1,3.09884093178e-14,2.09414915115e-23,8.60846530358e-24
72.4,1,2.97733364086e-14,1.9525717265e-23,8.02647984794e-24
72.5,1,2.86059071898e-14,1.82056581072e-23,7.48384020583e-24
72.6,1,2.74842535253e-14,1.69748431065e-23,6.97788635709e-24
72.7,1,2.64065805301e-14,1.58272388064e-23,6.50613811537e-24
72.8,1,2.53711636974e-14,1.47572196492e-23,6.06628297023e-24
72.9,1,2.43763461395e-14,1.37595404e-23,5.65616475125e-24
73,1,2.3420535936e-14,1.28293104337e-23,5.27377305845e-24
73.1,1,2.25022035866e-14,1.1961969762e-23,4.91723340729e-24
73.2,1,2.16198795636e-14,1.115326668e-23,4.58479804e-24
73.3,1,2.07721519605e-14,1.03992369243e-23,4.27483735802e-24
73.4,1,1.99576642321e-14,9.69618423993e-24,3.98583193372e-24
73.5,1,1.91751130243e-14,9.04066226199e-24,3.71636506219e-24
73.6,1,1.84232460883e-14,8.42945762095e-24,3.46511581651e-24
73.7,1,1.77008602766e-14,7.85957419094e-24,3.23085257257e-24
73.8,1,1.70067996177e-14,7.32821840274e-24,3.0124269717e-24
73.9,1,1.63399534664e-14,6.83278554964e-24,2.80876829134e-24
74,1,1.56992547268e-14,6.37084701924e-24,2.61887819639e-24
74.1,1,1.50836781441e-14,5.94013838831e-24,2.44182584541e-24
74.2,1,1.44922386644e-14,5.53854832266e-24,2.27674332755e-24
74.3,1,1.39239898584e-14,5.1641082273e-24,2.12282140812e-24
74.4,1,1.33780224068e-14,4.81498259647e-24,1.9793055617e-24
74.5,1,1.28534626452e-14,4.48946001591e-24,1.84549227343e-24
74.6,1,1.23494711661e-14,4.18594477355e-24,1.72072559044e-24
74.7,1,1.18652414755e-14,3.90294903734e-24,1.60439390628e-24
74.8,1,1.13999987026e-14,3.63908556182e-24,1.49592696291e-24
74.9,1,1.09529983598e-14,3.39306088796e-24,1.39479305525e-24
75,1,1.05235251512e-14,3.1636690025e-24,1.30049642477e-24
75.1,1,1.01108918279e-14,2.94978542617e-24,1.21257482926e-24
75.2,1,9.71443808868e-15,2.75036170141e-24,1.13059727698e-24
75.3,1,9.3335295229e-15,2.5644202529e-24,1.05416191386e-24
75.4,1,8.96755659562e-15,2.39104959545e-24,9.82894053665e-25
75.5,1,8.61593367208e-15,2.22939986589e-24,9.16444341261e-25
75.6,1,8.27809808057e-15,2.07867865706e-24,8.54487040081e-25
75.7,1,7.95350921208e-15,1.93814713341e-24,7.96718435362e-25
75.8,1,7.64164765517e-15,1.80711640927e-24,7.42855345338e-25
75.9,1,7.34201436481e-15,1.68494417185e-24,6.92633733078e-25
76,1,7.05412986381e-15,1.57103153273e-24,6.45807412181e-25
76.1,1,6.77753347556e-15,1.46482009199e-24,6.02146839968e-25
76.2,1,6.51178258682e-15,1.36578920105e-24,5.61437992263e-25
76.3,1,6.25645193947e-15,1.27345341035e-24,5.23481314247e-25
76.4,1,6.01113295001e-15,1.18736008975e-24,4.88090742241e-25
76.5,1,5.77543305571e-15,1.10708720969e-24,4.5509279162e-25
76.6,1,5.54897508646e-15,1.03224127241e-24,4.2432570639e-25
76.7,1,5.33139666119e-15,9.62455383053e-25,3.95638666266e-25
76.8,1,5.122349608e-15,8.97387451095e-25,3.68891047343e-25
76.9,1,4.92149940702e-15,8.36718513463e-25,3.43951732762e-25
77,1,4.72852465506e-15,7.80151170955e-25,3.20698469973e-25
77.1,1,4.54311655135e-15,7.27408130392e-25,2.99017271457e-25
77.2,1,4.36497840337e-15,6.78230845328e-25,2.78801855952e-25
77.3,1,4.19382515209e-15,6.32378248654e-25,2.59953127468e-25
77.4,1,4.02938291578e-15,5.89625570889e-25,2.42378689517e-25
77.5,1,3.87138855178e-15,5.49763238356e-25,2.25992392183e-25
77.6,1,3.71958923541e-15,5.12595845855e-25,2.10713909817e-25
77.7,1,3.57374205537e-15,4.77941198786e-25,1.96468347282e-25
77.8,1,3.43361362505e-15,4.45629420027e-25,1.83185872813e-25
77.9,1,3.29897970908e-15,4.15502117202e-25,1.70801375705e-25
78,1,3.16962486446e-15,3.87411606237e-25,1.59254147139e-25
78.1,1,3.04534209585e-15,3.61220187416e-25,1.48487582587e-25
78.2,1,2.9259325243e-15,3.36799470373e-25,1.38448904337e-25
78.3,1,2.81120506902e-15,3.14029744723e-25,1.29088902777e-25
78.4,1,2.7009761416e-15,2.92799393247e-25,1.20361695168e-25
78.5,1,2.59506935226e-15,2.73004344736e-25,1.12224500728e-25
78.6,1,2.49331522752e-15,2.5454756384e-25,1.04637430921e-25
78.7,1,2.39555093907e-15,2.37338575397e-25,9.75632939219e-26
78.8,1,2.30162004321e-15,2.21293020926e-25,9.09674123026e-26
78.9,1,2.21137223046e-15,2.063322451e-25,8.48174530439e-26
79,1,2.12466308506e-15,1.92382910178e-25,7.90832690384e-26
79.1,1,2.04135385389e-15,1.79376636506e-25,7.37367513094e-26
79.2,1,1.96131122439e-15,1.67249667314e-25,6.8751691221e-26
79.3,1,1.88440711128e-15,1.55942556185e-25,6.41036520026e-26
79.4,1,1.81051845158e-15,1.45399875648e-25,5.97698489607e-26
79.5,1,1.73952700767e-15,1.35569945469e-25,5.57290377878e-26
79.6,1,1.67131917809e-15,1.26404579321e-25,5.19614104227e-26
79.7,1,1.60578581576e-15,1.17858848566e-25,4.84484979518e-26
79.8,1,1.54282205333e-15,1.09890862025e-25,4.5173080074e-26
79.9,1,1.48232713533e-15,1.02461560616e-25,4.21191006872e-26
80,1,1.42420425699e-15,9.55345258966e-26,3.92715891808e-26
80.1,1,1.36836040931e-15,8.90758015338e-26,3.66165870501e-26
80.2,1,1.31470623022e-15,8.30537268534e-26,3.41410794716e-26
80.3,1,1.26315586158e-15,7.74387816383e-26,3.18329315043e-26
80.4,1,1.21362681181e-15,7.22034414207e-26,2.96808286041e-26
80.5,1,1.16603982386e-15,6.73220425567e-26,2.76742211602e-26
80.6,1,1.1203187484e-15,6.27706564234e-26,2.58032727805e-26
80.7,1,1.07639042195e-15,5.85269721207e-26,2.4058812074e-26
80.8,1,1.03418454981e-15,5.45701871032e-26,2.24322876921e-26
80.9,1,9.93633593593e-16,5.08809052063e-26,2.09157264105e-26
81,1,9.54672663111e-16,4.74410415656e-26,1.9501694044e-26
81.1,1,9.17239412564e-16,4.42337339657e-26,1.81832590043e-26
81.2,1,8.81273940766e-16,4.12432601811e-26,1.69539583214e-26
81.3,1,8.46718695288e-16,3.84549609057e-26,1.58077659619e-26
81.4,1,8.13518380366e-16,3.58551678932e-26,1.47390632894e-26
81.5,1,7.81619868412e-16,3.34311369554e-26,1.37426115222e-26
81.6,1,7.50972115002e-16,3.11709854897e-26,1.28135260527e-26
81.7,1,7.21526077192e-16,2.9063634231e-26,1.19472525028e-26
81.8,1,6.93234635039e-16,2.7098752941e-26,1.11395443985e-26
81.9,1,6.660525162e-16,2.52667097694e-26,1.03864423537e-26
82,1,6.39936223486e-16,2.35585240384e-26,9.68425466142e-27
82.1,1,6.14843965256e-16,2.19658222195e-26,9.02953919671e-27
82.2,1,5.90735588545e-16,2.04807968867e-26,8.41908654363e-27
82.3,1,5.67572514805e-16,1.90961684439e-26,7.84990426254e-27
82.4,1,5.45317678178e-16,1.7805149441e-26,7.31920222126e-27
82.5,1,5.23935466177e-16,1.66014113013e-26,6.82437891775e-27
82.6,1,5.033916627e-16,1.54790532991e-26,6.36300872762e-27
82.7,1,4.8365339328e-16,1.44325736341e-26,5.93283001365e-27
82.8,1,4.64689072473e-16,1.34568424618e-26,5.53173403928e-27
82.9,1,4.46468353322e-16,1.25470767468e-26,5.1577546316e-27
83,1,4.28962078787e-16,1.16988168166e-26,4.8090585431e-27
83.1,1,4.12142235096e-16,1.09079045001e-26,4.48393646516e-27
83.2,1,3.95981906909e-16,1.0170462744e-26,4.18079464897e-27
83.3,1,3.80455234253e-16,9.48287660809e-27,3.898147093e-27
83.4,1,3.65537371141e-16,8.84177554433e-27,3.63460825861e-27
83.5,1,3.51204445808e-16,8.24401687454e-27,3.38888627811e-27
83.6,1,3.37433522515e-16,7.68667038503e-27,3.15977662208e-27
83.7,1,3.24202564849e-16,7.16700396267e-27,2.94615619471e-27
83.8,1,3.11490400453e-16,6.68247020204e-27,2.74697782843e-27
83.9,1,2.99276687152e-16,6.2306939181e-27,2.56126515065e-27
84,1,2.87541880401e-16,5.80946050297e-27,2.38810779761e-27
84.1,1,2.76267202003e-16,5.41670506996e-27,2.22665695176e-27
84.2,1,2.65434610069e-16,5.0505023315e-27,2.07612118088e-27
84.3,1,2.55026770139e-16,4.70905716131e-27,1.93576255843e-27
84.4,1,2.45027027451e-16,4.3906957948e-27,1.80489304629e-27
84.5,1,2.35419380282e-16,4.09385762416e-27,1.68287112195e-27
84.6,1,2.26188454347e-16,3.81708754835e-27,1.56909863381e-27
84.7,1,2.17319478194e-16,3.55902884013e-27,1.46301786899e-27
84.8,1,2.08798259571e-16,3.31841649541e-27,1.36410881946e-27
84.9,1,2.0061116271e-16,3.09407103219e-27,1.27188663294e-27
85,1,1.92745086507e-16,2.88489270877e-27,1.18589923618e-27
85.1,1,1.85187443565e-16,2.68985613275e-27,1.10572511885e-27
85.2,1,1.77926140041e-16,2.50800523462e-27,1.03097126733e-27
85.3,1,1.709495563e-16,2.33844858105e-27,9.61271238159e-28
85.4,1,1.64246528321e-16,2.18035500515e-27,8.96283361714e-28
85.5,1,1.57806329828e-16,2.032949532e-27,8.35689067348e-28
85.6,1,1.51618655131e-16,1.89550957982e-27,7.7919132176e-28
85.7,1,1.45673602628e-16,1.7673614178e-27,7.26513172934e-28
85.8,1,1.39961658968e-16,1.6478768635e-27,6.77396392525e-28
85.9,1,1.34473683823e-16,1.5364702035e-27,6.31600210018e-28
86,1,1.29200895261e-16,1.43259532221e-27,5.88900132473e-28
86.1,1,1.24134855696e-16,1.33574302486e-27,5.4908684406e-28
86.2,1,1.19267458383e-16,1.24543854136e-27,5.11965179994e-28
86.3,1,1.14590914449e-16,1.16123919904e-27,4.77353169834e-28
86.4,1,1.10097740426e-16,1.08273225262e-27,4.45081145466e-28
86.5,1,1.05780746275e-16,1.00953286096e-27,4.1499090939e-28
86.6,1,1.01633023887e-16,9.41282200549e-28,3.86934959233e-28
86.7,1,9.76479360198e-17,8.7764570658e-28,3.60775764695e-28
86.8,1,9.38191056828e-17,8.18311432884e-28,3.36385093374e-28
86.9,1,9.01404059308e-17,7.6298852278e-28,3.13643382171e-28
87,1,8.66059500592e-17,7.11405783301e-28,2.92439151191e-28
87.1,1,8.32100821847e-17,6.63310355796e-28,2.72668457269e-28
87.2,1,7.9947368194e-17,6.18466476424e-28,2.54234384442e-28
87.3,1,7.68125870488e-17,5.76654320438e-28,2.37046568861e-28
87.4,1,7.38007224305e-17,5.37668924599e-28,2.21020755836e-28
87.5,1,7.0906954713e-17,5.01319182452e-28,2.06078386813e-28
87.6,1,6.81266532508e-17,4.6742690752e-28,1.92146214281e-28
87.7,1,6.54553689681e-17,4.3582595983e-28,1.79155942714e-28
87.8,1,6.28888272404e-17,4.063614315e-28,1.67043893786e-28
87.9,1,6.04229210533e-17,3.7888888738e-28,1.5575069422e-28
88,1,5.80537044307e-17,3.53273657024e-28,1.45220984737e-28
88.1,1,5.57773861207e-17,3.29390174545e-28,1.35403148689e-28
88.2,1,5.35903235283e-17,3.07121363084e-28,1.26249059034e-28
88.3,1,5.14890168867e-17,2.86358060901e-28,1.17713842412e-28
88.4,1,4.94701036571e-17,2.66998486265e-28,1.09755659183e-28
88.5,1,4.75303531475e-17,2.48947738518e-28,1.02335498322e-28
88.6,1,4.56666613433e-17,2.32117332874e-28,9.54169861924e-29
88.7,1,4.387604594e-17,2.16424766665e-28,8.896620824e-29
88.8,1,4.21556415709e-17,2.01793114914e-28,8.29515427436e-29
88.9,1,4.05026952221e-17,1.88150653245e-28,7.73435058059e-29
89,1,3.89145618266e-17,1.75430506297e-28,7.21146068234e-29
89.1,1,3.73887000322e-17,1.63570319895e-28,6.72392137271e-29
89.2,1,3.59226681346e-17,1.5251195539e-28,6.26934273346e-29
89.3,1,3.45141201699e-17,1.42201204668e-28,5.84549641956e-29
89.4,1,3.31608021609e-17,1.32587524416e-28,5.45030473589e-29
89.5,1,3.186054851e-17,1.23623788362e-28,5.08183045235e-29
89.6,1,3.0611278534e-17,1.15266056262e-28,4.73826730759e-29
89.7,1,2.94109931344e-17,1.07473358504e-28,4.41793115467e-29
89.8,1,2.82577715985e-17,1.00207495274e-28,4.11925170539e-29
89.9,1,2.71497685258e-17,9.34328493016e-29,3.84076483274e-29
90,1,2.60852108751e-17,8.71162112652e-29,3.58110539377e-29
90.1,1,2.50623951268e-17,8.12266169974e-29,3.33900053759e-29
90.2,1,2.40796845577e-17,7.57351957003e-29,3.11326346591e-29
90.3,1,2.31355066212e-17,7.06150284205e-29,2.90278761536e-29
90.4,1,2.22283504311e-17,6.58410160918e-29,2.70654123306e-29
90.5,1,2.13567643439e-17,6.13897565004e-29,2.52356231903e-29
90.6,1,2.05193536361e-17,5.72394295666e-29,2.35295391042e-29
90.7,1,1.97147782718e-17,5.33696903829e-29,2.1938796846e-29
90.8,1,1.89417507588e-17,4.97615694834e-29,2.04555985954e-29
90.9,1,1.81990340881e-17,4.63973798552e-29,1.90726737129e-29
91,1,1.74854397546e-17,4.32606302369e-29,1.7783243099e-29
91.1,1,1.67998258552e-17,4.03359442782e-29,1.65809859634e-29
91.2,1,1.61410952613e-17,3.76089851651e-29,1.54600088402e-29
91.3,1,1.55081938634e-17,3.50663853409e-29,1.44148166984e-29
91.4,1,1.49001088843e-17,3.26956809783e-29,1.34402860046e-29
91.5,1,1.43158672582e-17,3.04852508819e-29,1.25316396085e-29
91.6,1,1.3754534074e-17,2.84242595206e-29,1.16844233243e-29
91.7,1,1.32152110788e-17,2.65026039124e-29,1.08944840967e-29
91.8,1,1.26970352406e-17,2.47108640994e-29,1.01579496429e-29
91.9,1,1.21991773678e-17,2.30402569708e-29,9.47120946995e-30
92,1,1.17208407813e-17,2.14825932087e-29,8.83089717683e-30
92.1,1,1.12612600407e-17,2.00302371434e-29,8.23387395191e-30
92.2,1,1.08196997186e-17,1.86760693238e-29,7.67721318666e-30
92.3,1,1.03954532244e-17,1.74134516176e-29,7.15818612935e-30
92.4,1,9.98784167324e-18,1.62361946715e-29,6.67424850875e-30
92.5,1,9.59621279958e-18,1.51385275705e-29,6.22302806209e-30
92.6,1,9.21993991369e-18,1.41150695493e-29,5.8023129062e-30
92.7,1,8.8584208987e-18,1.31608036153e-29,5.41004069491e-30
92.8,1,8.51107724703e-18,1.22710519559e-29,5.04428850938e-30
92.9,1,8.17735313476e-18,1.14414530075e-29,4.70326343197e-30
93,1,7.8567145321e-18,1.06679400749e-29,4.38529375737e-30
93.1,1,7.54864834887e-18,9.94672139699e-30,4.08882079785e-30
93.2,1,7.25266161347e-18,9.2742615589e-30,3.81239124262e-30
93.3,1,6.96828068397e-18,8.64726416172e-30,3.55465003369e-30
93.4,1,6.69505049021e-18,8.06265566349e-30,3.31433372334e-30
93.5,1,6.43253380559e-18,7.51757031268e-30,3.09026428076e-30
93.6,1,6.1803105474e-18,7.00933610026e-30,2.88134331726e-30
93.7,1,5.93797710462e-18,6.53546166154e-30,2.68654670204e-30
93.8,1,5.70514569205e-18,6.09362406346e-30,2.50491954188e-30
93.9,1,5.48144372975e-18,5.68165741761e-30,2.33557150021e-30
94,1,5.26651324685e-18,5.29754226301e-30,2.17767243275e-30
94.1,1,5.06001030873e-18,4.93939566672e-30,2.03044831808e-30
94.2,1,4.86160446663e-18,4.60546199373e-30,1.89317746342e-30
94.3,1,4.67097822887e-18,4.29410430077e-30,1.76518696688e-30
94.4,1,4.48782655281e-18,4.00379631208e-30,1.6458494189e-30
94.5,1,4.31185635669e-18,3.73311493755e-30,1.53457982668e-30
94.6,1,4.14278605065e-18,3.48073329677e-30,1.43083274655e-30
94.7,1,3.98034508613e-18,3.24541421466e-30,1.3340996102e-30
94.8,1,3.82427352294e-18,3.02600415679e-30,1.24390623169e-30
94.9,1,3.67432161327e-18,2.8214275748e-30,1.15981048297e-30
95,1,3.53024940208e-18,2.63068163406e-30,1.08140012659e-30
95.1,1,3.39182634309e-18,2.45283129774e-30,1.00829079488e-30
95.2,1,3.25883092988e-18,2.28700474329e-30,9.40124105815e-31
95.3,1,3.13105034141e-18,2.13238908874e-30,8.76565906207e-31
95.4,1,3.00828010148e-18,1.98822640798e-30,8.17304633689e-31
95.5,1,2.89032375152e-18,1.85381001538e-30,7.62049789433e-31
95.6,1,2.77699253619e-18,1.72848100162e-30,7.10530514129e-31
95.7,1,2.66810510138e-18,1.61162500374e-30,6.6249426023e-31
95.8,1,2.56348720395e-18,1.50266919349e-30,6.17705553962e-31
95.9,1,2.46297143296e-18,1.40107946938e-30,5.75944841037e-31
96,1,2.36639694172e-18,1.30635783845e-30,5.3700741039e-31
96.1,1,2.27360919045e-18,1.21803997515e-30,5.00702390692e-31
96.2,1,2.18445969894e-18,1.13569294523e-30,4.66851814694e-31
96.3,1,2.098805809e-18,1.05891308345e-30,4.35289746833e-31
96.4,1,2.01651045612e-18,9.87324014827e-31,4.05861469816e-31
96.5,1,1.93744195018e-18,9.2057480967e-31,3.78422726195e-31
96.6,1,1.8614737647e-18,8.58338263299e-31,3.52839011217e-31
96.7,1,1.78848433438e-18,8.0030929209e-31,3.28984913481e-31
96.8,1,1.71835686057e-18,7.46203437959e-31,3.06743500172e-31
96.9,1,1.65097912433e-18,6.95755473946e-31,2.86005743857e-31
97,1,1.58624330691e-18,6.48718104074e-31,2.66669988031e-31
97.1,1,1.52404581721e-18,6.04860751101e-31,2.48641448794e-31
97.2,1,1.46428712596e-18,5.63968426231e-31,2.31831750229e-31
97.3,1,1.40687160651e-18,5.25840675241e-31,2.16158491172e-31
97.4,1,1.35170738178e-18,4.9029059585e-31,2.01544841289e-31
97.5,1,1.29870617724e-18,4.57143921529e-31,1.87919164452e-31
97.6,1,1.24778317965e-18,4.26238167242e-31,1.75214667577e-31
97.7,1,1.19885690136e-18,3.97421832945e-31,1.63369073206e-31
97.8,1,1.15184904988e-18,3.70553660934e-31,1.52324314221e-31
97.9,1,1.10668440262e-18,3.45501943399e-31,1.42026249201e-31
98,1,1.06329068652e-18,3.22143876791e-31,1.3242439702e-31
98.1,1,1.02159846235e-18,3.00364959841e-31,1.23471689386e-31
98.2,1,9.81541013683e-19,2.80058432273e-31,1.15124240117e-31
98.3,1,9.43054240042e-19,2.61124751464e-31,1.07341130007e-31
98.4,1,9.0607655438e-19,2.4347110449e-31,1.0008420624e-31
98.5,1,8.70548784512e-19,2.27010953152e-31,9.33178953689e-32
98.6,1,8.36414078426e-19,2.1166360977e-31,8.70090289287e-32
98.7,1,8.0361781331e-19,1.97353841649e-31,8.11266808493e-32
98.8,1,7.72107508143e-19,1.84011502289e-31,7.56420158534e-32
98.9,1,7.41832739714e-19,1.71571187526e-31,7.05281481071e-32
99,1,7.12745061935e-19,1.59971914923e-31,6.57600094245e-32
99.1,1,6.84797928315e-19,1.49156824833e-31,6.13142263845e-32
99.2,1,6.57946617478e-19,1.39072901671e-31,5.71690057533e-32
99.3,1,6.32148161599e-19,1.29670714035e-31,5.33040276546e-32
99.4,1,6.07361277644e-19,1.20904172389e-31,4.97003459613e-32
99.5,1,5.83546301311e-19,1.12730303137e-31,4.63402954216e-32
99.6,1,5.60665123556e-19,1.05109037961e-31,4.32074050638e-32
99.7,1,5.38681129613e-19,9.80030174111e-32,4.02863174557e-32
99.8,1,5.17559140403e-19,9.13774077664e-32,3.75627134225e-32
99.9,1,4.97265356236e-19,8.51997302805e-32,3.50232418541e-32
100,1,4.77767302728e-19,7.94397019713e-32,3.26554542579e-32
100.1,1,4.59033778834e-19,7.40690871734e-32,3.04477437363e-32
100.2,1,4.41034806918e-19,6.90615591266e-32,2.83892880898e-32
100.3,1,4.23741584785e-19,6.43925709228e-32,2.64699967665e-32
100.4,1,4.07126439591e-19,6.00392351764e-32,2.46804613981e-32
100.5,1,3.91162783559e-19,5.59802118304e-32,2.301190968e-32
100.6,1,3.75825071433e-19,5.21956035478e-32,2.14561623699e-32
100.7,1,3.61088759601e-19,4.86668581743e-32,2.00055931926e-32
100.8,1,3.46930266822e-19,4.5376677796e-32,1.86530914564e-32
100.9,1,3.33326936485e-19,4.23089339449e-32,1.73920271961e-32
101,1,3.20257000359e-19,3.94485885371e-32,1.62162186733e-32
101.1,1,3.0769954376e-19,3.67816201561e-32,1.51199020733e-32
101.2,1,2.95634472077e-19,3.42949553197e-32,1.40977032507e-32
101.3,1,2.84042478621e-19,3.19764043941e-32,1.31446113859e-32
101.4,1,2.72905013729e-19,2.98146018399e-32,1.22559544213e-32
101.5,1,2.62204255083e-19,2.77989504985e-32,1.14273761594e-32
101.6,1,2.51923079184e-19,2.59195696447e-32,1.06548149088e-32
101.7,1,2.42045033959e-19,2.41672465514e-32,9.93448357324e-33
101.8,1,2.32554312427e-19,2.25333913287e-32,9.26285108766e-33
101.9,1,2.23435727409e-19,2.10099948164e-32,8.63662510885e-33
102,1,2.14674687224e-19,1.95895893231e-32,8.05273587635e-33
102.1,1,2.06257172338e-19,1.82652120194e-32,7.50832116446e-33
102.2,1,1.98169712932e-19,1.70303708062e-32,7.00071225162e-33
102.3,1,1.90399367345e-19,1.58790124904e-32,6.52742083836e-33
102.4,1,1.82933701367e-19,1.48054931123e-32,6.08612684962e-33
102.5,1,1.75760768338e-19,1.38045502786e-32,5.67466706176e-33
102.6,1,1.68869090036e-19,1.28712773663e-32,5.29102449841e-33
102.7,1,1.62247638306e-19,1.20010994707e-32,4.9333185433e-33
102.8,1,1.55885817412e-19,1.11897509786e-32,4.5997957214e-33
102.9,1,1.49773447083e-19,1.04332546587e-32,4.28882110347e-33
103,1,1.43900746223e-19,9.7279021653e-33,3.99887029157e-33
103.1,1,1.38258317257e-19,9.07023585959e-33,3.72852194647e-33
103.2,1,1.32837131096e-19,8.45703186058e-33,3.47645082027e-33
103.3,1,1.27628512684e-19,7.88528424157e-33,3.24142126004e-33
103.4,1,1.22624127122e-19,7.35219029505e-33,3.02228115057e-33
103.5,1,1.17815966324e-19,6.85513679389e-33,2.81795626682e-33
103.6,1,1.13196336207e-19,6.39168718124e-33,2.62744500795e-33
103.7,1,1.08757844379e-19,5.95956962657e-33,2.44981348756e-33
103.8,1,1.04493388304e-19,5.55666588912e-33,2.28419095572e-33
103.9,1,1.00396143944e-19,5.1810009343e-33,2.12976553061e-33
104,1,9.64595548328e-20,4.83073325208e-33,1.98578021859e-33
104.1,1,9.26773215887e-20,4.50414582986e-33,1.85152920351e-33
104.2,1,8.90433918314e-20,4.19963773572e-33,1.72635438673e-33
104.3,1,8.55519504979e-20,3.91571627064e-33,1.60964216115e-33
104.4,1,8.21974105373e-20,3.65098965125e-33,1.50082040332e-33
104.5,1,7.89744039699e-20,3.40416018737e-33,1.39935566885e-33
104.6,1,7.58777732976e-20,3.17401792068e-33,1.30475057749e-33
104.7,1,7.29025632508e-20,2.95943469352e-33,1.21654137497e-33
104.8,1,7.00440128585e-20,2.75935861865e-33,1.13429565968e-33
104.9,1,6.72975478303e-20,2.57280892294e-33,1.05761026303e-33
105,1,6.46587732362e-20,2.39887113955e-33,9.86109273124e-34
105.1,1,6.21234664739e-20,2.23669262527e-33,9.19442192014e-34
105.2,1,5.96875705116e-20,2.08547838084e-33,8.57282217596e-34
105.3,1,5.73471873962e-20,1.94448715384e-33,7.99324641603e-34
105.4,1,5.50985720154e-20,1.81302780513e-33,7.4528535593e-34
105.5,1,5.29381261048e-20,1.69045592082e-33,6.94899459937e-34
105.6,1,5.086239249e-20,1.5761706534e-33,6.47919961902e-34
105.7,1,4.88680495544e-20,1.46961177635e-33,6.04116568272e-34
105.8,1,4.69519059239e-20,1.37025693793e-33,5.6327455476e-34
105.9,1,4.51108953597e-20,1.27761910061e-33,5.2519371377e-34
106,1,4.33420718523e-20,1.19124415361e-33,4.89687372973e-34
106.1,1,4.16426049067e-20,1.11070868682e-33,4.56581480247e-34
106.2,1,4.00097750132e-20,1.03561791531e-33,4.25713750466e-34
106.3,1,3.84409692955e-20,9.65603744023e-34,3.96932869984e-34
106.4,1,3.69336773299e-20,9.00322963406e-34,3.70097754891e-34
106.5,1,3.54854871276e-20,8.39455567e-34,3.45076859422e-34
106.6,1,3.40940812754e-20,7.82703182758e-34,3.21747531118e-34
106.7,1,3.2757233227e-20,7.29787610425e-34,2.99995409585e-34
106.8,1,3.14728037404e-20,6.80449457805e-34,2.79713865898e-34
106.9,1,3.02387374543e-20,6.34446869217e-34,2.60803479905e-34
107,1,2.90530595994e-20,5.91554339917e-34,2.43171552874e-34
107.1,1,2.79138728381e-20,5.51561610678e-34,2.26731653077e-34
107.2,1,2.68193542287e-20,5.14272637095e-34,2.11403192106e-34
107.3,1,2.57677523078e-20,4.79504628574e-34,1.97111029829e-34
107.4,1,2.47573842881e-20,4.470871523e-34,1.83785106048e-34
107.5,1,2.3786633365e-20,4.16861297764e-34,1.7136009707e-34
107.6,1,2.28539461301e-20,3.88678897794e-34,1.59775095487e-34
107.7,1,2.19578300848e-20,3.62401802231e-34,1.48973311607e-34
107.8,1,2.10968512521e-20,3.37901200724e-34,1.38901795073e-34
107.9,1,2.02696318824e-20,3.15056991294e-34,1.295111753e-34
108,1,1.94748482481e-20,2.93757191601e-34,1.20755419459e-34
108.1,1,1.87112285259e-20,2.73897390002e-34,1.12591606824e-34
108.2,1,1.79775507613e-20,2.55380233727e-34,1.04979718376e-34
108.3,1,1.72726409132e-20,2.38114951653e-34,9.78824406294e-35
108.4,1,1.65953709757e-20,2.22016909349e-34,9.12649827203e-35
108.5,1,1.59446571723e-20,2.07007194192e-34,8.50949058624e-35
108.6,1,1.5319458222e-20,1.93012228541e-34,7.93419643317e-35
108.7,1,1.47187736733e-20,1.79963409058e-34,7.39779572022e-35
108.8,1,1.41416423025e-20,1.67796770415e-34,6.89765901047e-35
108.9,1,1.35871405766e-20,1.56452671736e-34,6.43133463319e-35
109,1,1.30543811742e-20,1.45875504234e-34,5.99653666574e-35
109.1,1,1.25425115669e-20,1.36013418624e-34,5.59113372798e-35
109.2,1,1.20507126539e-20,1.26818070949e-34,5.21313853424e-35
109.3,1,1.15781974521e-20,1.18244385606e-34,4.86069815165e-35
109.4,1,1.11242098364e-20,1.10250334378e-34,4.53208491703e-35
109.5,1,1.06880233298e-20,1.02796730416e-34,4.22568796794e-35
109.6,1,1.02689399406e-20,9.58470361468e-35,3.94000534616e-35
109.7,1,9.86628904626e-21,8.93671841597e-35,3.67363663516e-35
109.8,1,9.47942631927e-21,8.3325410213e-35,3.42527609521e-35
109.9,1,9.10773269678e-21,7.76920975239e-35,3.19370626265e-35
110,1,8.75061338969e-21,7.24396315869e-35,2.97779198189e-35
110.1,1,8.40749693092e-21,6.7542264808e-35,2.77647484089e-35
110.2,1,8.07783426093e-21,6.29759902895e-35,2.58876798277e-35
110.3,1,7.76109784913e-21,5.87184241485e-35,2.41375126831e-35
110.4,1,7.45678084967e-21,5.47486957907e-35,2.25056676537e-35
110.5,1,7.16439629044e-21,5.10473456033e-35,2.09841454332e-35
110.6,1,6.88347629375e-21,4.75962295631e-35,1.95654875179e-35
110.7,1,6.6135713277e-21,4.43784302956e-35,1.82427396452e-35
110.8,1,6.35424948673e-21,4.13781741448e-35,1.70094177033e-35
110.9,1,6.10509580059e-21,3.85807538516e-35,1.58594759468e-35
111,1,5.86571157022e-21,3.59724564586e-35,1.47872773598e-35
111.1,1,5.63571372978e-21,3.35404960889e-35,1.37875660235e-35
111.2,1,5.41473423366e-21,3.12729512699e-35,1.28554413519e-35
111.3,1,5.20241946752e-21,2.91587064943e-35,1.19863340687e-35
111.4,1,4.99842968243e-21,2.71873977318e-35,1.1175983809e-35
111.5,1,4.80243845123e-21,2.53493616245e-35,1.04204182349e-35
111.6,1,4.61413214612e-21,2.36355881173e-35,9.71593356304e-36
111.7,1,4.43320943684e-21,2.20376762904e-35,9.05907640881e-36
111.8,1,4.25938080847e-21,2.05477931783e-35,8.44662685764e-36
111.9,1,4.09236809811e-21,1.91586353722e-35,7.87558268113e-36
112,1,3.93190404979e-21,1.78633932189e-35,7.34314462005e-36
112.1,1,3.77773188679e-21,1.66557174399e-35,6.84670266242e-36
112.2,1,3.62960490078e-21,1.5529688007e-35,6.38382324919e-36
112.3,1,3.48728605697e-21,1.44797851229e-35,5.95223734492e-36
112.4,1,3.35054761484e-21,1.35008621621e-35,5.54982931503e-36
112.5,1,3.21917076371e-21,1.25881204434e-35,5.17462655487e-36
112.6,1,3.0929452726e-21,1.17370857057e-35,4.82478982009e-36
112.7,1,2.97166915379e-21,1.09435861757e-35,4.4986042106e-36
112.8,1,2.85514833962e-21,1.02037321178e-35,4.19447076417e-36
112.9,1,2.74319637192e-21,9.51389676666e-36,3.9108986183e-36
113,1,2.63563410366e-21,8.87069854847e-36,3.64649770198e-36
113.1,1,2.53228941227e-21,8.27098450485e-36,3.39997192164e-36
113.2,1,2.43299692419e-21,7.71181483687e-36,3.17011280759e-36
113.3,1,2.33759775025e-21,7.19044849417e-36,2.95579359021e-36
113.4,1,2.24593923142e-21,6.70432973833e-36,2.75596367643e-36
113.5,1,2.15787469453e-21,6.25107561463e-36,2.56964349979e-36
113.6,1,2.07326321752e-21,5.82846427086e-36,2.39591971857e-36
113.7,1,1.99196940398e-21,5.4344240657e-36,2.23394073859e-36
113.8,1,1.91386316645e-21,5.06702341361e-36,2.0829125387e-36
113.9,1,1.83881951831e-21,4.72446131618e-36,1.94209477849e-36
114,1,1.7667183737e-21,4.4050585336e-36,1.81079716914e-36
114.1,1,1.69744435541e-21,4.10724935305e-36,1.68837608961e-36
114.2,1,1.63088661023e-21,3.82957391361e-36,1.57423143163e-36
114.3,1,1.56693863156e-21,3.57067104992e-36,1.46780365796e-36
114.4,1,1.505498089e-21,3.32927161987e-36,1.36857105952e-36
114.5,1,1.44646666458e-21,3.10419228316e-36,1.276047198e-36
114.6,1,1.38974989541e-21,2.89432970062e-36,1.18977852132e-36
114.7,1,1.33525702258e-21,2.69865512563e-36,1.10934214034e-36
114.8,1,1.28290084584e-21,2.5162093612e-36,1.03434375582e-36
114.9,1,1.23259758417e-21,2.34609805798e-36,9.64415725583e-37
115,1,1.18426674159e-21,2.18748733016e-36,8.99215262355e-37
115.1,1,1.13783097846e-21,2.03959966776e-36,8.38422753386e-37
115.2,1,1.09321598765e-21,1.90171012531e-36,7.81740193727e-37
115.3,1,1.05035037564e-21,1.77314276809e-36,7.28889725404e-37
115.4,1,1.00916554833e-21,1.65326735878e-36,6.7961227536e-37
115.5,1,9.6959560119e-22,1.54149626798e-36,6.33666285479e-37
115.6,1,9.31577213872e-22,1.43728159368e-36,5.90826528464e-37
115.7,1,8.95049548843e-22,1.34011247541e-36,5.50883003777e-37
115.8,1,8.59954154047e-22,1.24951259005e-36,5.13639908214e-37
115.9,1,8.26234869363e-22,1.16503781686e-36,4.78914676076e-37
116,1,7.93837736744e-22,1.0862740604e-36,4.46537084237e-37
116.1,1,7.62710913864e-22,1.01283522064e-36,4.16348417702e-37
116.2,1,7.32804591167e-22,9.44361300312e-37,3.88200691593e-37
116.3,1,7.04070912155e-22,8.8051664017e-37,3.61955925725e-37
116.4,1,6.76463896813e-22,8.2098827362e-37,3.37485468225e-37
116.5,1,6.49939368026e-22,7.6548439254e-37,3.14669364881e-37
116.6,1,6.24454880889e-22,7.1373291684e-37,2.9339577113e-37
116.7,1,5.99969654785e-22,6.65480160726e-37,2.73560403788e-37
116.8,1,5.76444508129e-22,6.20489589131e-37,2.55066029863e-37
116.9,1,5.53841795668e-22,5.78540658223e-37,2.37821989913e-37
117,1,5.32125348239e-22,5.39427734292e-37,2.21743753633e-37
117.1,1,5.11260414894e-22,5.02959085741e-37,2.0675250549e-37
117.2,1,4.91213607286e-22,4.68955943211e-37,1.9277475837e-37
117.3,1,4.71952846249e-22,4.37251623258e-37,1.79741993338e-37
117.4,1,4.53447310454e-22,4.07690711271e-37,1.67590323766e-37
117.5,1,4.35667387096e-22,3.80128299622e-37,1.56260182156e-37
117.6,1,4.18584624505e-22,3.5442927734e-37,1.4569602814e-37
117.7,1,4.02171686616e-22,3.30467667786e-37,1.35846076222e-37
117.8,1,3.86402309227e-22,3.08126011123e-37,1.26662041928e-37
117.9,1,3.71251257969e-22,2.87294788523e-37,1.18098905111e-37
118,1,3.56694287929e-22,2.67871885311e-37,1.10114689263e-37
118.1,1,3.42708104848e-22,2.49762090391e-37,1.0267025575e-37
118.2,1,3.2927032785e-22,2.32876629527e-37,9.57291119496e-38
118.3,1,3.16359453624e-22,2.17132730172e-37,8.9257232367e-38
118.4,1,3.03954822018e-22,2.02453215712e-37,8.3222891841e-38
118.5,1,2.92036582975e-22,1.8876612715e-37,7.75965100274e-38
118.6,1,2.80585664768e-22,1.76004370363e-37,7.23505063959e-38
118.7,1,2.69583743487e-22,1.64105387203e-37,6.74591650307e-38
118.8,1,2.59013213709e-22,1.53010848842e-37,6.28985085707e-38
118.9,1,2.48857160333e-22,1.42666369839e-37,5.86461806727e-38
119,1,2.39099331505e-22,1.33021241546e-37,5.46813364204e-38
119.1,1,2.29724112619e-22,1.24028183534e-37,5.09845401427e-38
119.2,1,2.20716501323e-22,1.15643111821e-37,4.75376701398e-38
119.3,1,2.12062083517e-22,1.07824922777e-37,4.43238298512e-38
119.4,1,2.03747010288e-22,1.00535291629e-37,4.13272650279e-38
119.5,1,1.95757975744e-22,9.37384845978e-38,3.85332865056e-38
119.6,1,1.88082195725e-22,8.74011837265e-38,3.59281981986e-38
119.7,1,1.80707387345e-22,8.14923235591e-38,3.34992299608e-38
119.8,1,1.73621749338e-22,7.59829388564e-38,3.12344749871e-38
119.9,1,1.66813943171e-22,7.08460226081e-38,2.9122831446e-38
120,1,1.60273074902e-22,6.60563936448e-38,2.71539480584e-38
120.1,1,1.53988677746e-22,6.15905731998e-38,2.53181733558e-38
120.2,1,1.47950695328e-22,5.7426669816e-38,2.36065083683e-38
120.3,1,1.42149465586e-22,5.35442720343e-38,2.20105625122e-38
120.4,1,1.36575705316e-22,4.99243483362e-38,2.0522512459e-38
120.5,1,1.31220495313e-22,4.65491538516e-38,1.91350637858e-38
120.6,1,1.26075266097e-22,4.34021433731e-38,1.78414152174e-38
120.7,1,1.21131784204e-22,4.04678902518e-38,1.66352252871e-38
120.8,1,1.16382139009e-22,3.77320107755e-38,1.55105812504e-38
120.9,1,1.11818730066e-22,3.51810936598e-38,1.44619701011e-38
121,1,1.07434254947e-22,3.28026343059e-38,1.34842515459e-38
121.1,1,1.03221697556e-22,3.05849735035e-38,1.25726328075e-38
121.2,1,9.91743169031e-23,2.85172402767e-38,1.17226451297e-38
121.3,1,9.52856363156e-23,2.65892985948e-38,1.09301218719e-38
121.4,1,9.1549433075e-23,2.47916976855e-38,1.01911780842e-38
121.5,1,8.79597284588e-23,2.3115625707e-38,9.50219146325e-39
121.6,1,8.45107781739e-23,2.15528665525e-38,8.85978459591e-39
121.7,1,8.11970631641e-23,2.00957595748e-38,8.26080840294e-39
121.8,1,7.80132807782e-23,1.87371620339e-38,7.70232670234e-39
121.9,1,7.49543362854e-23,1.7470414083e-38,7.18160181617e-39
122,1,7.20153347216e-23,1.62893061222e-38,6.69608115043e-39
122.1,1,6.91915730576e-23,1.51880483589e-38,6.24338468226e-39
122.2,1,6.64785326721e-23,1.41612424263e-38,5.82129329304e-39
122.3,1,6.38718721217e-23,1.32038549205e-38,5.4277378903e-39
122.4,1,6.13674201934e-23,1.23111927268e-38,5.06078926499e-39
122.5,1,5.89611692298e-23,1.14788800142e-38,4.71864863453e-39
122.6,1,5.66492687161e-23,1.07028367847e-38,4.39963882515e-39
122.7,1,5.44280191181e-23,9.97925887351e-39,4.10219605039e-39
122.8,1,5.22938659627e-23,9.30459930091e-39,3.82486224543e-39
122.9,1,5.02433941494e-23,8.67555088489e-39,3.56627791964e-39
123,1,4.82733224859e-23,8.08903002936e-39,3.32517549234e-39
123.1,1,4.63804984373e-23,7.54216160842e-39,3.10037307917e-39
123.2,1,4.45618930812e-23,7.03226487243e-39,2.89076869842e-39
123.3,1,4.2814596261e-23,6.55684030701e-39,2.69533486919e-39
123.4,1,4.11358119292e-23,6.11355738037e-39,2.51311357461e-39
123.5,1,3.95228536725e-23,5.70024311911e-39,2.3432115657e-39
123.6,1,3.79731404137e-23,5.31487145622e-39,2.18479598259e-39
123.7,1,3.64841922809e-23,4.95555329938e-39,2.03709027193e-39
123.8,1,3.50536266395e-23,4.62052727057e-39,1.89937038014e-39
123.9,1,3.36791542792e-23,4.30815107179e-39,1.77096120415e-39
124,1,3.23585757511e-23,4.01689343456e-39,1.65123328205e-39
124.1,1,3.10897778477e-23,3.74532661361e-39,1.53959970741e-39
124.2,1,2.98707302216e-23,3.49211938807e-39,1.43551325232e-39
124.3,1,2.86994821367e-23,3.25603053581e-39,1.33846368486e-39
124.4,1,2.75741593461e-23,3.03590274902e-39,1.24797526793e-39
124.5,1,2.64929610932e-23,2.83065696103e-39,1.16360442722e-39
124.6,1,2.54541572303e-23,2.63928705674e-39,1.08493757675e-39
124.7,1,2.44560854493e-23,2.46085494066e-39,1.01158909155e-39
124.8,1,2.34971486227e-23,2.29448593836e-39,9.43199417246e-40
124.9,1,2.25758122469e-23,2.13936450879e-39,8.7943330758e-40
125,1,2.16906019871e-23,1.99473024653e-39,8.19978181008e-40
125.1,1,2.08401013181e-23,1.85987415425e-39,7.64542588431e-40
125.2,1,2.00229492573e-23,1.73413516722e-39,7.12854784509e-40
125.3,1,1.92378381871e-23,1.6168969128e-39,6.64661395567e-40
125.4,1,1.84835117623e-23,1.50758468892e-39,6.19726177558e-40
125.5,1,1.77587628996e-23,1.40566264694e-39,5.7782885799e-40
125.6,1,1.70624318464e-23,1.31063116488e-39,5.38764056154e-40
125.7,1,1.63934043243e-23,1.22202439831e-39,5.02340276346e-40
125.8,1,1.57506097465e-23,1.13940799676e-39,4.68378969155e-40
125.9,1,1.51330195047e-23,1.06237697454e-39,4.36713656215e-40
126,1,1.45396453226e-23,9.90553725468e-40,4.07189114124e-40
126.1,1,1.39695376749e-23,9.23586171913e-40,3.79660613543e-40
126.2,1,1.34217842679e-23,8.61146038843e-40,3.53993209729e-40
126.3,1,1.28955085792e-23,8.02927244655e-40,3.30061081041e-40
126.4,1,1.23898684554e-23,7.48644400752e-40,3.07746912154e-40
126.5,1,1.19040547644e-23,6.98031412569e-40,2.86941318988e-40
126.6,1,1.14372901008e-23,6.5084017518e-40,2.67542312501e-40
126.7,1,1.09888275413e-23,6.06839357086e-40,2.49454798739e-40
126.8,1,1.05579494504e-23,5.65813266223e-40,2.32590112691e-40
126.9,1,1.0143966331e-23,5.27560792648e-40,2.16865583644e-40
127,1,9.74621572198e-24,4.9189442269e-40,2.02204129941e-40
127.1,1,9.36406113737e-24,4.58639319763e-40,1.88533881116e-40
127.2,1,8.99689104837e-24,4.27632467314e-40,1.75787825596e-40
127.3,1,8.64411790448e-24,3.98721869715e-40,1.63903482201e-40
127.4,1,8.30517719341e-24,3.71765807184e-40,1.52822593865e-40
127.5,1,7.97952653772e-24,3.46632141071e-40,1.42490842062e-40
127.6,1,7.66664482687e-24,3.23197666116e-40,1.32857580532e-40
127.7,1,7.36603138339e-24,3.01347506495e-40,1.23875587016e-40
127.8,1,7.07720516163e-24,2.80974552701e-40,1.15500831771e-40
127.9,1,6.79970397801e-24,2.61978936489e-40,1.07692261738e-40
128,1,6.53308377143e-24,2.44267541328e-40,1.00411599296e-40
128.1,1,6.27691789269e-24,2.27753545939e-40,9.36231546305e-41
128.2,1,6.03079642172e-24,2.12355998695e-40,8.72936507777e-41
128.3,1,5.79432551167e-24,1.97999420804e-40,8.13920605023e-41
128.4,1,5.56712675862e-24,1.84613436302e-40,7.58894542018e-41
128.5,1,5.34883659611e-24,1.7213242708e-40,7.07588580939e-41
128.6,1,5.13910571329e-24,1.60495211215e-40,6.59751219905e-41
128.7,1,4.93759849602e-24,1.49644743062e-40,6.15147960115e-41
128.8,1,4.74399248975e-24,1.39527833612e-40,5.7356015634e-41
128.9,1,4.55797788357e-24,1.30094889765e-40,5.34783945117e-41
129,1,4.37925701443e-24,1.21299671219e-40,4.98629245412e-41
129.1,1,4.20754389079e-24,1.13099063801e-40,4.64918826847e-41
129.2,1,4.04256373505e-24,1.05452868125e-40,4.33487440911e-41
129.3,1,3.88405254373e-24,9.83236025316e-41,4.04181010913e-41
129.4,1,3.73175666513e-24,9.16763193515e-41,3.76855876699e-41
129.5,1,3.58543239334e-24,8.54784335952e-41,3.5137809043e-41
129.6,1,3.44484557832e-24,7.96995632195e-41,3.27622759968e-41
129.7,1,3.30977125116e-24,7.43113801952e-41,3.05473436655e-41
129.8,1,3.17999326413e-24,6.92874716428e-41,2.84821544483e-41
129.9,1,3.05530394475e-24,6.46032103567e-41,2.65565847852e-41
130,1,2.93550376351e-24,6.02356340828e-41,2.47611955316e-41
130.1,1,2.82040101458e-24,5.6163332957e-41,2.30871856872e-41
130.2,1,2.70981150898e-24,5.23663445545e-41,2.15263492538e-41
130.3,1,2.60355827992e-24,4.88260560337e-41,2.00710350094e-41
130.4,1,2.50147129957e-24,4.55251128963e-41,1.87141090019e-41
130.5,1,2.40338720697e-24,4.24473339151e-41,1.74489195784e-41
130.6,1,2.30914904665e-24,3.9577631814e-41,1.6269264779e-41
130.7,1,2.21860601745e-24,3.69019393099e-41,1.51693619344e-41
130.8,1,2.1316132312e-24,3.44071401551e-41,1.41438193195e-41
130.9,1,2.0480314809e-24,3.20810048413e-41,1.31876097234e-41
131,1,1.9677270179e-24,2.99121306505e-41,1.22960458055e-41
131.1,1,1.89057133793e-24,2.78898857588e-41,1.14647571183e-41
131.2,1,1.81644097545e-24,2.60043571194e-41,1.06896686839e-41
131.3,1,1.74521730605e-24,2.42463018688e-41,9.96698101768e-42
131.4,1,1.67678635668e-24,2.26071020181e-41,9.29315150402e-42
131.5,1,1.61103862322e-24,2.10787222077e-41,8.66487702981e-42
131.6,1,1.54786889525e-24,1.9653670318e-41,8.07907779285e-42
131.7,1,1.48717608775e-24,1.8324960743e-41,7.5328822046e-42
131.8,1,1.42886307927e-24,1.70860801468e-41,7.02361281366e-42
131.9,1,1.37283655656e-24,1.59309555353e-41,6.54877318088e-42
132,1,1.31900686522e-24,1.48539244863e-41,6.10603564183e-42
132.1,1,1.26728786628e-24,1.38497073924e-41,5.69322989657e-42
132.2,1,1.21759679828e-24,1.29133815802e-41,5.30833237087e-42
132.3,1,1.16985414494e-24,1.20403571795e-41,4.94945629662e-42
132.4,1,1.12398350781e-24,1.12263546236e-41,4.61484246287e-42
132.5,1,1.07991148408e-24,1.04673836712e-41,4.30285059222e-42
132.6,1,1.03756754912e-24,9.7597238456e-42,4.01195130017e-42
132.7,1,9.96883943606e-25,9.09990619763e-42,3.74071859805e-42
132.8,1,9.57795565077e-25,8.48469630041e-42,3.48782290283e-42
132.9,1,9.20239863793e-25,7.91107839429e-42,3.25202451953e-42
133,1,8.84156742619e-25,7.37624060364e-42,3.0321675642e-42
133.1,1,8.49488460864e-25,6.87756115298e-42,2.82717429778e-42
133.2,1,8.1617954188e-25,6.41259551508e-42,2.63603984305e-42
133.3,1,7.8417668429e-25,5.97906442782e-42,2.45782725869e-42
133.4,1,7.53428676696e-25,5.57484272133e-42,2.2916629464e-42
133.5,1,7.23886315724e-25,5.19794890032e-42,2.13673236854e-42
133.6,1,6.95502327294e-25,4.84653543085e-42,1.99227605522e-42
133.7,1,6.6823129097e-25,4.51887968369e-42,1.85758588144e-42
133.8,1,6.42029567276e-25,4.21337548998e-42,1.7320015958e-42
133.9,1,6.16855227862e-25,3.9285252678e-42,1.61490758399e-42
134,1,5.92667988416e-25,3.66293268105e-42,1.50572985104e-42
134.1,1,5.69429144194e-25,3.41529579455e-42,1.40393320756e-42
134.2,1,5.47101508087e-25,3.18440069199e-42,1.30901864629e-42
134.3,1,5.25649351114e-25,2.96911552532e-42,1.22052089594e-42
134.4,1,5.05038345248e-25,2.7683849664e-42,1.13800614044e-42
134.5,1,4.85235508481e-25,2.58122503379e-42,1.06106989237e-42
134.6,1,4.6620915205e-25,2.4067182693e-42,9.89335010132e-43
134.7,1,4.47928829726e-25,2.24400924055e-42,9.22449849265e-43
134.8,1,4.30365289093e-25,2.09230034771e-42,8.60086538629e-43
134.9,1,4.13490424738e-25,1.95084791359e-42,8.01939373203e-43
135,1,3.97277233279e-25,1.81895853821e-42,7.47723315515e-43
135.1,1,3.8169977015e-25,1.6959856997e-42,6.97172598387e-43
135.2,1,3.66733108087e-25,1.58132658505e-42,6.50039422144e-43
135.3,1,3.52353297238e-25,1.47441913515e-42,6.06092739904e-43
135.4,1,3.38537326837e-25,1.37473928957e-42,5.65117124977e-43
135.5,1,3.25263088383e-25,1.28179841758e-42,5.26911714852e-43
135.6,1,3.12509340265e-25,1.19514092292e-42,4.91289226565e-43
135.7,1,3.00255673763e-25,1.11434201045e-42,4.58075038636e-43
135.8,1,2.88482480397e-25,1.0390056038e-42,4.27106335078e-43
135.9,1,2.77170920546e-25,9.68762403835e-43,3.9823130727e-43
136,1,2.66302893301e-25,9.03268078295e-43,3.71308409792e-43
136.1,1,2.55861007499e-25,8.42201573921e-43,3.4620566657e-43
136.2,1,2.45828553896e-25,7.8526354264e-43,3.22800023927e-43
136.3,1,2.36189478425e-25,7.32174874156e-43,3.00976747375e-43
136.4,1,2.2692835651e-25,6.82675327755e-43,2.80628859188e-43
136.5,1,2.18030368379e-25,6.36522256602e-43,2.61656613995e-43
136.6,1,2.09481275353e-25,5.93489418289e-43,2.43967009827e-43
136.7,1,2.01267397059e-25,5.53365865793e-43,2.27473332224e-43
136.8,1,1.9337558954e-25,5.15954913413e-43,2.12094729159e-43
136.9,1,1.8579322422e-25,4.81073172617e-43,1.97755814703e-43
137,1,1.78508167697e-25,4.48549653071e-43,1.8438629948e-43
137.1,1,1.71508762326e-25,4.18224924445e-43,1.7192064611e-43
137.2,1,1.64783807565e-25,3.89950334884e-43,1.60297747948e-43
137.3,1,1.58322542051e-25,3.63587282317e-43,1.49460629531e-43
137.4,1,1.52114626383e-25,3.39006535029e-43,1.39356167295e-43
137.5,1,1.46150126569e-25,3.16087598169e-43,1.29934829151e-43
137.6,1,1.40419498138e-25,2.94718123082e-43,1.21150431692e-43
137.7,1,1.34913570862e-25,2.74793356576e-43,1.12959913788e-43
137.8,1,1.29623534083e-25,2.56215627423e-43,1.05323125513e-43
137.9,1,1.24540922613e-25,2.38893867573e-43,9.8202631322e-44
138,1,1.19657603188e-25,2.22743165739e-43,9.15635265433e-44
138.1,1,1.14965761458e-25,2.07684351162e-43,8.53732662779e-44
138.2,1,1.10457889473e-25,1.93643605515e-43,7.96015058628e-44
138.3,1,1.06126773676e-25,1.80552101046e-43,7.42199521218e-44
138.4,1,1.0196548336e-25,1.68345663187e-43,6.92022246722e-44
138.5,1,9.796735957e-26,1.56964455964e-43,6.45237266082e-44
138.6,1,9.41260044565e-26,1.46352688686e-43,6.01615239268e-44
138.7,1,9.04352710314e-26,1.36458342457e-43,5.60942331056e-44
138.8,1,8.68892533339e-26,1.27232915182e-43,5.23019162801e-44
138.9,1,8.3482276979e-26,1.18631183804e-43,4.87659835089e-44
139,1,8.02088900779e-26,1.10610982628e-43,4.54691016454e-44
139.1,1,7.70638545129e-26,1.03132996616e-43,4.23951093709e-44
139.2,1,7.40421375564e-26,9.61605686731e-44,3.95289379717e-44
139.3,1,7.11389038165e-26,8.96595199496e-44,3.68565374723e-44
139.4,1,6.83495074997e-26,8.35979822968e-44,3.43648077624e-44
139.5,1,6.5669484977e-26,7.79462420503e-44,3.20415343799e-44
139.6,1,6.30945476405e-26,7.26765943727e-44,2.98753286362e-44
139.7,1,6.06205750411e-26,6.7763207445e-44,2.78555717881e-44
139.8,1,5.82436082948e-26,6.31819958388e-44,2.59723629852e-44
139.9,1,5.59598437478e-26,5.89105024495e-44,2.42164707358e-44
140,1,5.37656268895e-26,5.49277884115e-44,2.2579287654e-44
140.1,1,5.16574465048e-26,5.12143304561e-44,2.10527882665e-44
140.2,1,4.96319290554e-26,4.7751925208e-44,1.96294896715e-44
140.3,1,4.76858332812e-26,4.45235999526e-44,1.83024148576e-44
140.4,1,4.58160450138e-26,4.15135294358e-44,1.70650585026e-44
140.5,1,4.4019572193e-26,3.87069582885e-44,1.59113550842e-44
140.6,1,4.2293540079e-26,3.60901286956e-44,1.48356491469e-44
140.7,1,4.06351866523e-26,3.36502129554e-44,1.38326675789e-44
140.8,1,3.90418581935e-26,3.13752505982e-44,1.28974937634e-44
140.9,1,3.75110050372e-26,2.92540897558e-44,1.20255434773e-44
141,1,3.60401774917e-26,2.72763324953e-44,1.12125424192e-44
141.1,1,3.46270219192e-26,2.54322838484e-44,1.04545052571e-44
141.2,1,3.32692769693e-26,2.37129042864e-44,9.74771609193e-45
141.3,1,3.19647699603e-26,2.21097654086e-44,9.08871024233e-45
141.4,1,3.07114134028e-26,2.06150086266e-44,8.47425726087e-45
141.5,1,2.95072016589e-26,1.92213066408e-44,7.90134509834e-45
141.6,1,2.83502077328e-26,1.79218275224e-44,7.36716533865e-45
141.7,1,2.72385801875e-26,1.67102012234e-44,6.86909943199e-45
141.8,1,2.61705401816e-26,1.55804883501e-44,6.40470585872e-45
141.9,1,2.51443786234e-26,1.45271510487e-44,5.97170816099e-45
142,1,2.41584534354e-26,1.35450258587e-44,5.5679837836e-45
142.1,1,2.3211186927e-26,1.26292984011e-44,5.19155366917e-45
142.2,1,2.23010632697e-26,1.1775479779e-44,4.84057255685e-45
142.3,1,2.14266260714e-26,1.09793845724e-44,4.51331993682e-45
142.4,1,2.0586476046e-26,1.02371103217e-44,4.20819161636e-45
142.5,1,1.97792687744e-26,9.54501839762e-45,3.92369185608e-45
142.6,1,1.90037125526e-26,8.89971616484e-45,3.65842603783e-45
142.7,1,1.82585663252e-26,8.29804035103e-45,3.41109382826e-45
142.8,1,1.75426376993e-26,7.73704154064e-45,3.18048280459e-45
142.9,1,1.68547810364e-26,7.21396971686e-45,2.96546251132e-45
143,1,1.6193895619e-26,6.726260781e-45,2.76497891872e-45
143.1,1,1.55589238895e-26,6.27152398329e-45,2.57804925599e-45
143.2,1,1.49488497576e-26,5.84753020342e-45,2.4037571937e-45
143.3,1,1.43626969746e-26,5.45220102339e-45,2.24124835197e-45
143.4,1,1.37995275709e-26,5.0835985391e-45,2.08972611225e-45
143.5,1,1.32584403554e-26,4.73991586074e-45,1.94844771236e-45
143.6,1,1.27385694731e-26,4.41946825544e-45,1.81672060542e-45
143.7,1,1.22390830197e-26,4.12068488865e-45,1.69389906499e-45
143.8,1,1.17591817102e-26,3.84210112396e-45,1.57938101974e-45
143.9,1,1.12980976002e-26,3.58235134344e-45,1.47260510209e-45
144,1,1.08550928568e-26,3.34016225336e-45,1.37304789635e-45
144.1,1,1.04294585779e-26,3.11434664252e-45,1.28022137299e-45
144.2,1,1.00205136577e-26,2.90379756253e-45,1.19367049629e-45
144.3,1,9.62760369719e-27,2.70748290157e-45,1.11297099375e-45
144.4,1,9.2500999566e-27,2.52444032493e-45,1.03772727631e-45
144.5,1,8.88739834941e-27,2.35377255769e-45,9.67570499178e-46
144.6,1,8.53891847565e-27,2.19464298625e-45,9.02156753758e-46
144.7,1,8.20410269319e-27,2.04627155729e-45,8.41165381792e-46
144.8,1,7.88241522534e-27,1.90793095387e-45,7.84297403503e-46
144.9,1,7.57334130352e-27,1.77894303019e-45,7.31274051995e-46
145,1,7.27638634352e-27,1.65867548732e-45,6.81835406739e-46
145.1,1,6.99107515404e-27,1.54653877361e-45,6.35739119437e-46
145.2,1,6.71695117633e-27,1.44198319476e-45,5.92759226036e-46
145.3,1,6.45357575352e-27,1.3444962192e-45,5.52685039049e-46
145.4,1,6.20052742875e-27,1.25359996567e-45,5.15320114765e-46
145.5,1,5.95740127072e-27,1.16884886063e-45,4.80481290281e-46
145.6,1,5.7238082257e-27,1.08982745406e-45,4.47997785639e-46
145.7,1,5.49937449498e-27,1.01614838293e-45,4.17710366662e-46
145.8,1,5.28374093672e-27,9.47450472352e-46,3.89470564387e-46
145.9,1,5.07656249122e-27,8.83396965089e-46,3.6313994727e-46
146,1,4.87750762876e-27,8.23673870774e-46,3.38589442596e-46
146.1,1,4.6862578191e-27,7.67988426729e-46,3.15698703762e-46
146.2,1,4.50250702174e-27,7.16067662842e-46,2.94355520341e-46
146.3,1,4.32596119619e-27,6.67657063469e-46,2.74455268021e-46
146.4,1,4.15633783149e-27,6.22519319796e-46,2.55900395744e-46
146.5,1,3.99336549404e-27,5.80433166551e-46,2.38599947503e-46
146.6,1,3.83678339335e-27,5.41192297361e-46,2.22469116482e-46
146.7,1,3.68634096465e-27,5.04604353441e-46,2.07428829328e-46
146.8,1,3.54179746795e-27,4.70489980647e-46,1.93405358536e-46
146.9,1,3.40292160282e-27,4.38681950283e-46,1.80329961036e-46
147,1,3.26949113825e-27,4.09024339349e-46,1.68138541214e-46
147.1,1,3.14129255704e-27,3.81371766201e-46,1.56771336717e-46
147.2,1,3.01812071409e-27,3.55588677893e-46,1.46172625493e-46
147.3,1,2.89977850818e-27,3.31548685696e-46,1.36290452649e-46
147.4,1,2.78607656654e-27,3.09133945541e-46,1.27076375763e-46
147.5,1,2.67683294181e-27,2.88234580346e-46,1.18485227417e-46
147.6,1,2.57187282086e-27,2.68748141399e-46,1.10474893794e-46
147.7,1,2.47102824513e-27,2.50579106152e-46,1.03006108229e-46
147.8,1,2.37413784177e-27,2.33638409974e-46,9.60422587251e-47
147.9,1,2.28104656546e-27,2.17843009552e-46,8.95492084852e-47
148,1,2.19160545031e-27,2.03115475817e-46,8.34951285692e-47
148.1,1,2.10567137145e-27,1.89383614379e-46,7.78503418703e-47
148.2,1,2.02310681601e-27,1.76580111639e-46,7.25871776375e-47
148.3,1,1.9437796631e-27,1.6464220481e-46,6.76798358337e-47
148.4,1,1.86756297235e-27,1.53511374261e-46,6.31042606637e-47
148.5,1,1.79433478078e-27,1.43133056647e-46,5.88380226526e-47
148.6,1,1.72397790768e-27,1.33456377442e-46,5.48602086969e-47
148.7,1,1.65637976703e-27,1.24433901554e-46,5.11513195478e-47
148.8,1,1.59143218739e-27,1.16021400796e-46,4.76931742265e-47
148.9,1,1.52903123877e-27,1.08177637079e-46,4.44688209005e-47
149,1,1.46907706634e-27,1.00864160265e-46,4.14624537862e-47
149.1,1,1.41147373065e-27,9.40451196808e-47,3.86593356685e-47
149.2,1,1.35612905404e-27,8.76870883828e-47,3.6045725659e-47
149.3,1,1.30295447325e-27,8.17588992938e-47,3.36088118385e-47
149.4,1,1.2518648976e-27,7.6231492424e-47,3.13366484527e-47
149.5,1,1.20277857286e-27,7.10777724184e-47,2.92180973539e-47
149.6,1,1.15561695044e-27,6.62724757357e-47,2.72427734022e-47
149.7,1,1.11030456169e-27,6.17920468059e-47,2.54009935573e-47
149.8,1,1.06676889711e-27,5.76145225613e-47,2.36837294124e-47
149.9,1,1.02494029036e-27,5.3719424773e-47,2.20825629364e-47
150,1,9.84751806743e-28,5.00876596673e-47,2.05896452097e-47
150.1,1,9.46139136105e-28,4.67014243274e-47,1.91976579476e-47
150.2,1,9.09040489938e-28,4.35441194238e-47,1.7899777627e-47
150.3,1,8.73396502495e-28,4.0600267844e-47,1.66896420371e-47
150.4,1,8.3915013579e-28,3.78554388244e-47,1.55613190919e-47
150.5,1,8.0624658833e-28,3.52961772097e-47,1.45092777509e-47
150.6,1,7.7463320742e-28,3.29099374967e-47,1.35283609062e-47
150.7,1,7.44259404906e-28,3.06850223354e-47,1.26137601025e-47
150.8,1,7.15076576224e-28,2.86105251893e-47,1.17609919653e-47
150.9,1,6.87038022621e-28,2.66762768708e-47,1.09658762244e-47
151,1,6.6009887643e-28,2.48727956925e-47,1.02245152215e-47
151.1,1,6.34216029271e-28,2.31912409875e-47,9.53327480411e-48
151.2,1,6.09348063064e-28,2.16233697727e-47,8.88876651083e-48
151.3,1,5.8545518376e-28,2.01614963416e-47,8.2878309613e-48
151.4,1,5.62499157654e-28,1.8798454589e-47,7.72752236875e-48
151.5,1,5.40443250206e-28,1.75275628826e-47,7.20509409982e-48
151.6,1,5.19252167259e-28,1.63425913098e-47,6.71798521052e-48
151.7,1,4.98891998559e-28,1.52377311385e-47,6.26380789252e-48
151.8,1,4.79330163494e-28,1.4207566343e-47,5.84033576807e-48
151.9,1,4.60535358952e-28,1.32470470541e-47,5.44549297633e-48
152,1,4.42477509237e-28,1.23514648053e-47,5.07734399748e-48
152.1,1,4.25127717938e-28,1.15164294512e-47,4.73408416479e-48
152.2,1,4.08458221685e-28,1.07378476477e-47,4.41403081817e-48
152.3,1,3.9244234573e-28,1.00119027858e-47,4.11561505574e-48
152.4,1,3.77054461254e-28,9.33503628303e-48,3.83737404309e-48
152.5,1,3.62269944358e-28,8.7039301389e-48,3.57794384245e-48
152.6,1,3.48065136661e-28,8.11549067042e-48,3.33605272668e-48
152.7,1,3.34417307441e-28,7.56683334661e-48,3.11051494524e-48
152.8,1,3.2130461726e-28,7.05526864865e-48,2.90022491167e-48
152.9,1,3.08706083014e-28,6.57828888579e-48,2.70415178398e-48
153,1,2.96601544362e-28,6.13355590267e-48,2.52133441148e-48
153.1,1,2.84971631459e-28,5.71888961771e-48,2.35087662318e-48
153.2,1,2.73797733964e-28,5.33225733628e-48,2.19194283482e-48
153.3,1,2.63061971256e-28,4.97176378651e-48,2.04375395277e-48
153.4,1,2.52747163826e-28,4.63564182858e-48,1.90558355498e-48
153.5,1,2.4283680578e-28,4.32224379227e-48,1.77675432998e-48
153.6,1,2.33315038431e-28,4.03003340004e-48,1.65663475677e-48
153.7,1,2.24166624919e-28,3.75757823622e-48,1.54463600905e-48
153.8,1,2.15376925833e-28,3.50354272527e-48,1.44020906885e-48
153.9,1,2.06931875778e-28,3.26668158482e-48,1.34284203517e-48
154,1,1.98817960871e-28,3.04583372129e-48,1.2520576147e-48
154.1,1,1.91022197119e-28,2.8399165382e-48,1.16741078211e-48
154.2,1,1.83532109635e-28,2.64792062927e-48,1.08848659854e-48
154.3,1,1.76335712683e-28,2.46890483034e-48,1.01489817753e-48
154.4,1,1.69421490491e-28,2.30199160574e-48,9.46284788562e-49
154.5,1,1.62778378829e-28,2.14636274667e-48,8.82310088727e-49
154.6,1,1.56395747302e-28,2.00125536028e-48,8.22660473971e-49
154.7,1,1.50263382336e-28,1.86595812998e-48,7.67043541813e-49
154.8,1,1.4437147084e-28,1.7398078286e-48,7.15186657986e-49
154.9,1,1.38710584498e-28,1.62218606721e-48,6.66835619986e-49
155,1,1.33271664684e-28,1.51251626381e-48,6.21753410969e-49
155.1,1,1.28046007967e-28,1.41026081688e-48,5.79719037894e-49
155.2,1,1.2302525218e-28,1.31491847012e-48,5.40526448215e-49
155.3,1,1.18201363043e-28,1.22602185522e-48,5.03983519812e-49
155.4,1,1.13566621306e-28,1.14313520088e-48,4.69911119208e-49
155.5,1,1.09113610391e-28,1.06585219662e-48,4.38142223455e-49
155.6,1,1.04835204531e-28,9.93794001062e-49,4.0852110139e-49
155.7,1,1.00724557365e-28,9.26607384851e-49,3.80902550238e-49
155.8,1,9.67750909795e-29,8.63962999116e-49,3.55151183829e-49
155.9,1,9.29804853861e-29,8.05553761004e-49,3.31140768934e-49
156,1,8.93346684062e-29,7.51093348363e-49,3.08753606474e-49
156.1,1,8.58318059549e-29,7.00314796187e-49,2.8787995455e-49
156.2,1,8.24662927048e-29,6.52969187955e-49,2.68417490498e-49
156.3,1,7.92327431169e-29,6.08824435439e-49,2.50270809295e-49
156.4,1,7.61259828218e-29,5.67664141012e-49,2.3335095589e-49
156.5,1,7.31410403402e-29,5.29286536862e-49,2.17574989141e-49
156.6,1,7.02731391275e-29,4.9350349593e-49,2.02865575242e-49
156.7,1,6.75176899298e-29,4.60139609708e-49,1.89150608627e-49
156.8,1,6.48702834405e-29,4.29031328386e-49,1.76362858516e-49
156.9,1,6.23266832445e-29,4.00026159134e-49,1.64439639341e-49
157,1,5.98828190387e-29,3.72981918578e-49,1.5332250347e-49
157.1,1,5.75347801191e-29,3.47766035819e-49,1.42956954688e-49
157.2,1,5.52788091223e-29,3.24254902571e-49,1.33292181064e-49
157.3,1,5.31112960137e-29,3.02333267232e-49,1.24280805866e-49
157.4,1,5.10287723096e-29,2.8189366992e-49,1.15878655322e-49
157.5,1,4.9027905528e-29,2.62835915704e-49,1.08044542082e-49
157.6,1,4.71054938551e-29,2.45066583452e-49,1.00740063312e-49
157.7,1,4.5258461022e-29,2.28498567877e-49,9.39294124489e-50
157.8,1,4.34838513822e-29,2.13050652546e-49,8.75792036748e-50
157.9,1,4.17788251817e-29,1.98647111761e-49,8.16583082588e-50
158,1,4.01406540148e-29,1.85217339348e-49,7.61377019646e-50
158.1,1,3.85667164581e-29,1.72695502548e-49,7.09903227737e-50
158.2,1,3.70544938757e-29,1.61020219302e-49,6.61909382275e-50
158.3,1,3.56015663889e-29,1.50134257357e-49,6.17160217371e-50
158.4,1,3.42056090038e-29,1.39984253716e-49,5.7543637257e-50
158.5,1,3.28643878906e-29,1.30520453049e-49,5.36533317534e-50
158.6,1,3.15757568095e-29,1.21696463794e-49,5.00260349443e-50
158.7,1,3.03376536758e-29,1.13469030746e-49,4.66439658165e-50
158.8,1,2.91480972604e-29,1.05797823019e-49,4.34905454633e-50
158.9,1,2.80051840192e-29,9.86452363425e-50,4.05503158144e-50
159,1,2.69070850471e-29,9.1976208729e-50,3.78088638606e-50
159.1,1,2.58520431517e-29,8.57580485974e-50,3.52527510013e-50
159.2,1,2.48383700406e-29,7.99602745195e-50,3.28694471684e-50
159.3,1,2.38644436208e-29,7.45544658001e-50,3.06472694036e-50
159.4,1,2.29287054021e-29,6.95141231585e-50,2.85753245889e-50
159.5,1,2.20296580038e-29,6.48145388293e-50,2.66434560486e-50
159.6,1,2.11658627582e-29,6.04326754445e-50,2.48421937606e-50
159.7,1,2.03359374086e-29,5.6347053105e-50,2.31627079354e-50
159.8,1,1.95385538974e-29,5.2537644085e-50,2.15967657312e-50
159.9,1,1.8772436241e-29,4.89857746574e-50,2.01366908978e-50
160,1,1.80363584875e-29,4.56740335539e-50,1.87753261465e-50
160.1,1,1.73291427555e-29,4.25861866159e-50,1.75059980657e-50
160.2,1,1.66496573491e-29,3.97070972141e-50,1.63224844078e-50
160.3,1,1.59968149465e-29,3.70226520489e-50,1.52189835874e-50
160.4,1,1.53695708607e-29,3.45196919669e-50,1.41900862421e-50
160.5,1,1.47669213673e-29,3.21859474551e-50,1.32307487161e-50
160.6,1,1.41879020984e-29,3.0009978495e-50,1.23362683356e-50
160.7,1,1.36315864999e-29,2.79811184843e-50,1.15022603569e-50
160.8,1,1.3097084348e-29,2.60894219488e-50,1.07246364717e-50
160.9,1,1.25835403253e-29,2.432561579e-50,9.99958476698e-51
161,1,1.20901326517e-29,2.26810538281e-50,9.32355103837e-51
161.1,1,1.16160717697e-29,2.11476744183e-50,8.69322136777e-51
161.2,1,1.11605990807e-29,1.9717960933e-50,8.10550587839e-51
161.3,1,1.07229857314e-29,1.83849049151e-50,7.55752358823e-51
161.4,1,1.03025314469e-29,1.71419717224e-50,7.04658828747e-51
161.5,1,9.89856341071e-30,1.5983068495e-50,6.57019537067e-51
161.6,1,9.51043518779e-30,1.49025142879e-50,6.1260095592e-51
161.7,1,9.13752569017e-30,1.38950122231e-50,5.71185345369e-51
161.8,1,8.7792381831e-30,1.29556235244e-50,5.32569686043e-51
161.9,1,8.43499933013e-30,1.20797433072e-50,4.96564683937e-51
162,1,8.10425827564e-30,1.12630780057e-50,4.62993842487e-51
162.1,1,7.7864857634e-30,1.05016243256e-50,4.3169259739e-51
162.2,1,7.48117328959e-30,9.7916496202e-51,4.02507509906e-51
162.3,1,7.1878322891e-30,9.12967359258e-51,3.75295514703e-51
162.4,1,6.90599335377e-30,8.51245123549e-51,3.49923218548e-51
162.5,1,6.63520548116e-30,7.93695692423e-51,3.26266246416e-51
162.6,1,6.3750353529e-30,7.40036958502e-51,3.04208631803e-51
162.7,1,6.12506664129e-30,6.90005886611e-51,2.83642248255e-51
162.8,1,5.88489934306e-30,6.43357224375e-51,2.64466279338e-51
162.9,1,5.65414913929e-30,5.998623e-51,2.46586724428e-51
163,1,5.43244678042e-30,5.59307901316e-51,2.29915937928e-51
163.1,1,5.21943749538e-30,5.21495230612e-51,2.14372199622e-51
163.2,1,5.01478042388e-30,4.86238930134e-51,1.99879314088e-51
163.3,1,4.81814807093e-30,4.53366173455e-51,1.86366237183e-51
163.4,1,4.62922578282e-30,4.22715818284e-51,1.73766727789e-51
163.5,1,4.44771124359e-30,3.94137616545e-51,1.62019023096e-51
163.6,1,4.27331399124e-30,3.6749147786e-51,1.51065535842e-51
163.7,1,4.10575495297e-30,3.42646782825e-51,1.4085257202e-51
163.8,1,3.94476599856e-30,3.19481742717e-51,1.31330067669e-51
163.9,1,3.79008951134e-30,2.97882802483e-51,1.22451343463e-51
164,1,3.64147797594e-30,2.77744084092e-51,1.14172875884e-51
164.1,1,3.49869358219e-30,2.58966867523e-51,1.06454083875e-51
164.2,1,3.3615078446e-30,2.41459106839e-51,9.92571299093e-52
164.3,1,3.22970123672e-30,2.25134978977e-51,9.25467345092e-52
164.4,1,3.10306283986e-30,2.09914463043e-51,8.6290003309e-52
164.5,1,2.98139000556e-30,1.95722948051e-51,8.04562658051e-52
164.6,1,2.86448803134e-30,1.82490867176e-51,7.50169250095e-52
164.7,1,2.75216984909e-30,1.70153356745e-51,6.99453172673e-52
164.8,1,2.64425572576e-30,1.58649938265e-51,6.52165815514e-52
164.9,1,2.54057297572e-30,1.47924221967e-51,6.0807537594e-52
165,1,2.44095568447e-30,1.37923630377e-51,5.66965722565e-52
165.1,1,2.34524444308e-30,1.28599140583e-51,5.28635335819e-52
165.2,1,2.25328609314e-30,1.19905043925e-51,4.92896320102e-52
165.3,1,2.16493348168e-30,1.11798721931e-51,4.59573482718e-52
165.4,1,2.08004522567e-30,1.04240437402e-51,4.28503475079e-52
165.5,1,1.99848548578e-30,9.7193139618e-52,3.99533991973e-52
165.6,1,1.92012374904e-30,9.06222827172e-52,3.72523024958e-52
165.7,1,1.84483461994e-30,8.44956563514e-52,3.47338166244e-52
165.8,1,1.77249761982e-30,7.87832277911e-52,3.23855959624e-52
165.9,1,1.70299699405e-30,7.34569947048e-52,3.01961295294e-52
166,1,1.63622152679e-30,6.84908478917e-52,2.81546845583e-52
166.1,1,1.57206436305e-30,6.38604432944e-52,2.62512538836e-52
166.2,1,1.51042283769e-30,5.95430826642e-52,2.44765068859e-52
166.3,1,1.4511983111e-30,5.55176022944e-52,2.28217437533e-52
166.4,1,1.39429601143e-30,5.17642692753e-52,2.12788528351e-52
166.5,1,1.33962488283e-30,4.82646847643e-52,1.98402708782e-52
166.6,1,1.28709743985e-30,4.5001693794e-52,1.84989459521e-52
166.7,1,1.23662962737e-30,4.19593011789e-52,1.72483028805e-52
166.8,1,1.18814068612e-30,3.91225931069e-52,1.60822110097e-52
166.9,1,1.14155302345e-30,3.64776640316e-52,1.49949541559e-52
167,1,1.09679208916e-30,3.40115485077e-52,1.39812025847e-52
167.1,1,1.05378625621e-30,3.17121576341e-52,1.30359868849e-52
167.2,1,1.01246670609e-30,2.95682197939e-52,1.21546736079e-52
167.3,1,9.72767318707e-31,2.75692254015e-52,1.1332942555e-52
167.4,1,9.34624566567e-31,2.5705375384e-52,1.05667655996e-52
167.5,1,8.9797741313e-31,2.39675331464e-52,9.85238694148e-53
167.6,1,8.62767215132e-31,2.23471797842e-52,9.18630469557e-53
167.7,1,8.28937628746e-31,2.08363723231e-52,8.56525372593e-53
167.8,1,7.96434519415e-31,1.94277047833e-52,7.98618964e-53
167.9,1,7.65205875231e-31,1.8114271875e-52,7.44627386494e-53
168,1,7.35201723699e-31,1.68896351483e-52,6.94285973301e-53
168.1,1,7.06374051777e-31,1.57477914328e-52,6.47347950754e-53
168.2,1,6.78676729038e-31,1.46831434091e-52,6.03583228613e-53
168.3,1,6.52065433858e-31,1.36904721715e-52,5.62777272158e-53
168.4,1,6.26497582488e-31,1.27649116443e-52,5.24730050544e-53
168.5,1,6.01932260909e-31,1.19019247288e-52,4.89255056247e-53
168.6,1,5.78330159366e-31,1.10972810622e-52,4.56178390803e-53
168.7,1,5.55653509462e-31,1.03470362801e-52,4.2533791236e-53
168.8,1,5.33866023719e-31,9.64751268194e-53,3.96582440857e-53
168.9,1,5.12932837512e-31,8.99528120212e-53,3.69771016939e-53
169,1,4.92820453276e-31,8.38714460119e-53,3.44772210975e-53
169.1,1,4.73496686906e-31,7.82012179282e-53,3.21463478788e-53
169.2,1,4.54930616253e-31,7.29143323054e-53,2.99730560948e-53
169.3,1,4.37092531643e-31,6.79848728242e-53,2.79466922665e-53
169.4,1,4.19953888335e-31,6.33886752685e-53,2.60573231562e-53
169.5,1,4.03487260843e-31,5.91032090725e-53,2.42956870741e-53
169.6,1,3.8766629905e-31,5.51074668759e-53,2.26531484783e-53
169.7,1,3.72465686043e-31,5.13818615458e-53,2.11216556426e-53
169.8,1,3.57861097597e-31,4.79081301606e-53,1.96937011874e-53
169.9,1,3.43829163254e-31,4.46692444851e-53,1.83622852782e-53
170,1,3.30347428927e-31,4.16493274978e-53,1.71208813128e-53
170.1,1,3.17394320965e-31,3.88335755623e-53,1.59634039274e-53
170.2,1,3.0494911163e-31,3.62081858591e-53,1.48841791666e-53
170.3,1,2.92991885933e-31,3.37602887251e-53,1.38779166693e-53
170.4,1,2.81503509762e-31,3.14778845656e-53,1.29396837357e-53
170.5,1,2.70465599263e-31,2.93497850327e-53,1.20648811467e-53
170.6,1,2.59860491426e-31,2.73655581801e-53,1.12492206191e-53
170.7,1,2.49671215815e-31,2.55154773254e-53,1.0488703784e-53
170.8,1,2.39881467416e-31,2.37904733702e-53,9.77960258706e-54
170.9,1,2.30475580541e-31,2.21820903431e-53,9.11844101333e-54
171,1,2.21438503767e-31,2.06824439485e-53,8.50197804801e-54
171.1,1,2.12755775841e-31,1.92841829182e-53,7.92719178896e-54
171.2,1,2.04413502546e-31,1.79804529749e-53,7.39126463324e-54
171.3,1,1.96398334467e-31,1.67648632329e-53,6.89156946533e-54
171.4,1,1.88697445623e-31,1.56314548699e-53,6.42565677894e-54
171.5,1,1.81298512949e-31,1.45746719169e-53,5.99124266953e-54
171.6,1,1.74189696576e-31,1.35893340225e-53,5.58619763863e-54
171.7,1,1.67359620879e-31,1.26706110592e-53,5.20853615504e-54
171.8,1,1.60797356281e-31,1.18139994461e-53,4.85640692172e-54
171.9,1,1.54492401759e-31,1.10153000719e-53,4.52808380077e-54
172,1,1.48434668039e-31,1.02705977115e-53,4.22195735186e-54
172.1,1,1.42614461456e-31,9.57624183292e-54,3.93652694279e-54
172.2,1,1.37022468437e-31,8.92882870295e-54,3.67039339335e-54
172.3,1,1.31649740601e-31,8.32518470164e-54,3.42225211659e-54
172.4,1,1.26487680437e-31,7.7623507654e-54,3.19088672367e-54
172.5,1,1.21528027546e-31,7.23756788161e-54,2.97516306118e-54
172.6,1,1.16762845428e-31,6.74826356397e-54,2.77402365146e-54
172.7,1,1.12184508772e-31,6.29203924215e-54,2.5864825089e-54
172.8,1,1.07785691265e-31,5.866658504e-54,2.41162030659e-54
172.9,1,1.03559353859e-31,5.47003613263e-54,2.24857986983e-54
173,1,9.94987335133e-32,5.10022788474e-54,2.0965619742e-54
173.1,1,9.55973323686e-32,4.75542095985e-54,1.95482142779e-54
173.2,1,9.18489073509e-32,4.43392511402e-54,1.8226634183e-54
173.3,1,8.82474601804e-32,4.13416437424e-54,1.69944010699e-54
173.4,1,8.47872277734e-32,3.85466931302e-54,1.58454745306e-54
173.5,1,8.14626730197e-32,3.59406984525e-54,1.47742225258e-54
173.6,1,7.82684759224e-32,3.35108851203e-54,1.3775393777e-54
173.7,1,7.51995250848e-32,3.12453421858e-54,1.28440920245e-54
173.8,1,7.22509095308e-32,2.91329639549e-54,1.1975752026e-54
173.9,1,6.94179108463e-32,2.71633955471e-54,1.11661171777e-54
174,1,6.66959956292e-32,2.53269821358e-54,1.04112186489e-54
174.1,1,6.40808082343e-32,2.36147216204e-54,9.70735592593e-55
174.2,1,6.15681638038e-32,2.20182204976e-54,9.05107867298e-55
174.3,1,5.91540415707e-32,2.05296527174e-54,8.43916981818e-55
174.4,1,5.68345784243e-32,1.91417213185e-54,7.86862978362e-55
174.5,1,5.46060627288e-32,1.78476226598e-54,7.33666178138e-55
174.6,1,5.24649283835e-32,1.6641013068e-54,6.84065810371e-55
174.7,1,5.04077491168e-32,1.55159777416e-54,6.37818734e-55
174.8,1,4.84312330028e-32,1.44670017561e-54,5.94698245803e-55
174.9,1,4.65322171942e-32,1.348894303e-54,5.54492969096e-55
175,1,4.47076628606e-32,1.25770071182e-54,5.17005817567e-55
175.1,1,4.29546503256e-32,1.172672371e-54,4.82053029156e-55
175.2,1,4.12703743953e-32,1.09339247149e-54,4.49463265252e-55
175.3,1,3.96521398689e-32,1.01947238315e-54,4.19076770797e-55
175.4,1,3.80973572258e-32,9.50549749618e-55,3.90744591157e-55
175.5,1,3.66035384822e-32,8.86286712058e-55,3.64327841957e-55
175.6,1,3.51682932093e-32,8.26368252989e-55,3.39697028261e-55
175.7,1,3.37893247085e-32,7.70500652054e-55,3.16731409792e-55
175.8,1,3.2464426336e-32,7.1841004621e-55,2.9531840906e-55
175.9,1,3.11914779718e-32,6.69841087245e-55,2.75353059513e-55
176,1,2.99684426269e-32,6.24555690068e-55,2.56737490982e-55
176.1,1,2.87933631837e-32,5.82331865607e-55,2.3938044993e-55
176.2,1,2.76643592646e-32,5.42962632627e-55,2.23196852122e-55
176.3,1,2.65796242224e-32,5.06255003102e-55,2.08107365541e-55
176.4,1,2.55374222495e-32,4.72029036189e-55,1.94038021508e-55
176.5,1,2.45360856005e-32,4.4011695616e-55,1.80919852081e-55
176.6,1,2.35740119231e-32,4.1036232996e-55,1.68688551979e-55
176.7,1,2.26496616941e-32,3.82619300377e-55,1.57284163354e-55
176.8,1,2.17615557561e-32,3.56751871049e-55,1.4665078188e-55
176.9,1,2.090827295e-32,3.32633239806e-55,1.3673628271e-55
177,1,2.00884478413e-32,3.10145177091e-55,1.27492064956e-55
177.1,1,1.93007685349e-32,2.89177446394e-55,1.18872813452e-55
177.2,1,1.85439745758e-32,2.69627263874e-55,1.10836276618e-55
177.3,1,1.78168549324e-32,2.51398794515e-55,1.0334305934e-55
177.4,1,1.71182460579e-32,2.34402682338e-55,9.63564298588e-56
177.5,1,1.64470300293e-32,2.18555612381e-55,8.98421397086e-56
177.6,1,1.58021327575e-32,2.0377990229e-55,8.37682558316e-56
177.7,1,1.51825222695e-32,1.90003121517e-55,7.81050040418e-56
177.8,1,1.45872070563e-32,1.77157736265e-55,7.28246230724e-56
177.9,1,1.40152344864e-32,1.65180778443e-55,6.79012284898e-56
178,1,1.34656892818e-32,1.54013536987e-55,6.3310685808e-56
178.1,1,1.29376920528e-32,1.43601270069e-55,5.90304921814e-56
178.2,1,1.24303978914e-32,1.33892936743e-55,5.50396660961e-56
178.3,1,1.19429950185e-32,1.24840946749e-55,5.13186445177e-56
178.4,1,1.14747034856e-32,1.1640092722e-55,4.78491869943e-56
178.5,1,1.10247739264e-32,1.08531505171e-55,4.46142862411e-56
178.6,1,1.05924863575e-32,1.01194104687e-55,4.15980847708e-56
178.7,1,1.01771490267e-32,9.43527578211e-56,3.87857971603e-56
178.8,1,9.77809730549e-33,8.79739282836e-56,3.61636375724e-56
178.9,1,9.39469262612e-33,8.20263470446e-56,3.37187521779e-56
179,1,9.02632145926e-33,7.6480859054e-56,3.14391561456e-56
179.1,1,8.67239433245e-33,7.13102803231e-56,2.93136748933e-56
179.2,1,8.33234488678e-33,6.64892646691e-56,2.73318893093e-56
179.3,1,8.0056289706e-33,6.19941794677e-56,2.54840846784e-56
179.4,1,7.69172376872e-33,5.78029898059e-56,2.37612030601e-56
179.5,1,7.39012696587e-33,5.38951504672e-56,2.21547988868e-56
179.6,1,7.1003559428e-33,5.02515052186e-56,2.06569975633e-56
179.7,1,6.82194700406e-33,4.68541929068e-56,1.92604568659e-56
179.8,1,6.55445463596e-33,4.36865599031e-56,1.79583309503e-56
179.9,1,6.29745079364e-33,4.07330784666e-56,1.6744236794e-56
180,1,6.05052421611e-33,3.79792706281e-56,1.56122229057e-56
180.1,1,5.81327976817e-33,3.54116372182e-56,1.45567401523e-56
180.2,1,5.5853378081e-33,3.30175916951e-56,1.3572614556e-56
180.3,1,5.36633358012e-33,3.07853984447e-56,1.2655021932e-56
180.4,1,5.15591663075e-33,2.87041152532e-56,1.17994642402e-56
180.5,1,4.95375024797e-33,2.6763539668e-56,1.10017475358e-56
180.6,1,4.75951092245e-33,2.49541589853e-56,1.02579614105e-56
180.7,1,4.57288782982e-33,2.32671036189e-56,9.56445982404e-57
180.8,1,4.39358233332e-33,2.16941036214e-56,8.91784323069e-57
180.9,1,4.2213075059e-33,2.0227448145e-56,8.3149419152e-57
181,1,4.05578767108e-33,1.88599476429e-56,7.75280045462e-57
181.1,1,3.89675796182e-33,1.7584898626e-56,7.22866323086e-57
181.2,1,3.74396389665e-33,1.63960508026e-56,6.73996092264e-57
181.3,1,3.59716097247e-33,1.52875764392e-56,6.28429791069e-57
181.4,1,3.45611427328e-33,1.42540417933e-56,5.85944053438e-57
181.5,1,3.32059809427e-33,1.32903804768e-56,5.46330614237e-57
181.6,1,3.19039558065e-33,1.23918686207e-56,5.09395288341e-57
181.7,1,3.0652983806e-33,1.15541017191e-56,4.74957018739e-57
181.8,1,2.94510631194e-33,1.07729730375e-56,4.42846988994e-57
181.9,1,2.82962704169e-33,1.00446534821e-56,4.12907795702e-57
182,1,2.71867577839e-33,9.36557282987e-57,3.84992676904e-57
182.1,1,2.61207497636e-33,8.73240222646e-57,3.58964792655e-57
182.2,1,2.50965405156e-33,8.14203786889e-57,3.34696554236e-57
182.3,1,2.41124910867e-33,7.59158579041e-57,3.12068998714e-57
182.4,1,2.31670267877e-33,7.07834767427e-57,2.90971205786e-57
182.5,1,2.22586346742e-33,6.59980762665e-57,2.71299754045e-57
182.6,1,2.13858611249e-33,6.15361984366e-57,2.52958214014e-57
182.7,1,2.0547309516e-33,5.73759711229e-57,2.35856675442e-57
182.8,1,1.9741637986e-33,5.34970008862e-57,2.19911306566e-57
182.9,1,1.89675572885e-33,4.98802730098e-57,2.0504394317e-57
183,1,1.82238287293e-33,4.65080582896e-57,1.91181705421e-57
183.1,1,1.7509262184e-33,4.33638261252e-57,1.78256640614e-57
183.2,1,1.68227141938e-33,4.04321634866e-57,1.66205390066e-57
183.3,1,1.61630861353e-33,3.76986993604e-57,1.54968878532e-57
183.4,1,1.55293224629e-33,3.51500343022e-57,1.44492024622e-57
183.5,1,1.49204090195e-33,3.27736747529e-57,1.34723470783e-57
183.6,1,1.43353714138e-33,3.05579717952e-57,1.25615331555e-57
183.7,1,1.37732734607e-33,2.84920640508e-57,1.17122958827e-57
183.8,1,1.32332156836e-33,2.65658244374e-57,1.0920472298e-57
183.9,1,1.27143338748e-33,2.47698105261e-57,1.01821808811e-57
184,1,1.22157977128e-33,2.30952182548e-57,9.49380252671e-58
184.1,1,1.17368094333e-33,2.15338387702e-57,8.85196280332e-58
184.2,1,1.12766025528e-33,2.00780181882e-57,8.25351541187e-58
184.3,1,1.08344406423e-33,1.87206200747e-57,7.69552676253e-58
184.4,1,1.04096161482e-33,1.74549904625e-57,7.17526159432e-58
184.5,1,1.00014492608e-33,1.62749252338e-57,6.69016956676e-58
184.6,1,9.60928682604e-34,1.51746397074e-57,6.23787275818e-58
184.7,1,9.23250130024e-34,1.41487402825e-57,5.81615400909e-58
184.8,1,8.87048974623e-34,1.31921979989e-57,5.42294605371e-58
184.9,1,8.52267286829e-34,1.23003238851e-57,5.05632138617e-58
185,1,8.1884940852e-34,1.14687459734e-57,4.71448281193e-58
185.1,1,7.86741863963e-34,1.06933878677e-57,4.3957546379e-58
185.2,1,7.55893274234e-34,9.97044876167e-58,4.09857445821e-58
185.3,1,7.26254275011e-34,9.29638480709e-58,3.82148549526e-58
185.4,1,6.9777743757e-34,8.66789174161e-58,3.56312945865e-58
185.5,1,6.70417192896e-34,8.0818886915e-58,3.32223988677e-58
185.6,1,6.4412975876e-34,7.53550306913e-58,3.09763593868e-58
185.7,1,6.18873069661e-34,7.02605649155e-58,2.88821660554e-58
185.8,1,5.94606709506e-34,6.55105165104e-58,2.69295531356e-58
185.9,1,5.71291846942e-34,6.10816007333e-58,2.51089489165e-58
186,1,5.48891173216e-34,5.69521070337e-58,2.34114287941e-58
186.1,1,5.2736884247e-34,5.31017926289e-58,2.18286715228e-58
186.2,1,5.06690414383e-34,4.95117832732e-58,2.03529184247e-58
186.3,1,4.86822799059e-34,4.61644807365e-58,1.89769353563e-58
186.4,1,4.67734204075e-34,4.3043476538e-58,1.7693977247e-58
186.5,1,4.49394083605e-34,4.01334715113e-58,1.64977550346e-58
186.6,1,4.31773089546e-34,3.74202008086e-58,1.53824048366e-58
186.7,1,4.14843024546e-34,3.48903639736e-58,1.4342459205e-58
186.8,1,3.98576796889e-34,3.25315597433e-58,1.3372820325e-58
186.9,1,3.82948377143e-34,3.03322252566e-58,1.24687350258e-58
187,1,3.67932756499e-34,2.82815793733e-58,1.16257714801e-58
187.1,1,3.53505906763e-34,2.63695698249e-58,1.08397974797e-58
187.2,1,3.39644741895e-34,2.45868239383e-58,1.01069601791e-58
187.3,1,3.26327081077e-34,2.29246026913e-58,9.42366720905e-59
187.4,1,3.13531613208e-34,2.13747578732e-58,8.78656906658e-59
187.5,1,3.01237862811e-34,1.99296921429e-58,8.19254269587e-59
187.6,1,2.89426157261e-34,1.85823217867e-58,7.63867617895e-59
187.7,1,2.78077595311e-34,1.73260419935e-58,7.12225446153e-59
187.8,1,2.6717401684e-34,1.61546944782e-58,6.64074604374e-59
187.9,1,2.56697973796e-34,1.50625372939e-58,6.19179057075e-59
188,1,2.46632702275e-34,1.4044216685e-58,5.77318726233e-59
188.1,1,2.36962095695e-34,1.30947408425e-58,5.38288412456e-59
188.2,1,2.27670679023e-34,1.22094554349e-58,5.01896789102e-59
188.3,1,2.1874358401e-34,1.13840207919e-58,4.6796546439e-59
188.4,1,2.10166525399e-34,1.06143906321e-58,4.36328106927e-59
188.5,1,2.01925778067e-34,9.89679222741e-59,4.06829630351e-59
188.6,1,1.9400815506e-34,9.22770790974e-59,3.79325433094e-59
188.7,1,1.86400986491e-34,8.60385782695e-59,3.53680689551e-59
188.8,1,1.79092099268e-34,8.02218386521e-59,3.29769689158e-59
188.9,1,1.72069797612e-34,7.47983465808e-59,3.07475220163e-59
189,1,1.65322844343e-34,6.97415160913e-59,2.86687995055e-59
189.1,1,1.58840442895e-34,6.50265585945e-59,2.67306114831e-59
189.2,1,1.52612220044e-34,6.06303613633e-59,2.49234569492e-59
189.3,1,1.46628209304e-34,5.65313742339e-59,2.32384772301e-59
189.4,1,1.40878834981e-34,5.27095039665e-59,2.16674125534e-59
189.5,1,1.3535489685e-34,4.91460157488e-59,2.02025615582e-59
189.6,1,1.30047555431e-34,4.58234413572e-59,1.88367435432e-59
189.7,1,1.24948317846e-34,4.27254935284e-59,1.75632632668e-59
189.8,1,1.20049024226e-34,3.98369861183e-59,1.63758781274e-59
189.9,1,1.15341834657e-34,3.71437596605e-59,1.52687675615e-59
190,1,1.10819216631e-34,3.46326119555e-59,1.4236504512e-59
190.1,1,1.06473932994e-34,3.22912333546e-59,1.3274028824e-59
190.2,1,1.02299030366e-34,3.0108146417e-59,1.23766224408e-59
190.3,1,9.82878280108e-35,2.80726496481e-59,1.15398862751e-59
190.4,1,9.443390715e-35,2.61747650403e-59,1.07597186454e-59
190.5,1,9.07311006876e-35,2.44051891611e-59,1.00322951689e-59
190.6,1,8.71734833433e-35,2.27552475475e-59,9.35405001495e-60
190.7,1,8.37553621704e-35,2.12168521837e-59,8.72165842504e-60
190.8,1,8.04712674457e-35,1.9782461854e-59,8.13202041485e-60
190.9,1,7.73159439171e-35,1.84450451752e-59,7.58224557817e-60
191,1,7.42843423936e-35,1.71980461293e-59,7.0696389181e-60
191.1,1,7.13716116662e-35,1.60353519254e-59,6.59168763622e-60
191.2,1,6.85730907441e-35,1.49512630353e-59,6.14604881477e-60
191.3,1,6.5884301397e-35,1.39404652539e-59,5.73053793174e-60
191.4,1,6.33009409882e-35,1.29980036494e-59,5.3431181523e-60
191.5,1,6.08188755898e-35,1.21192582738e-59,4.98189034424e-60
191.6,1,5.84341333678e-35,1.12999215164e-59,4.64508376842e-60
191.7,1,5.61428982258e-35,1.05359769873e-59,4.33104739863e-60
191.8,1,5.39415036988e-35,9.82367982964e-60,4.03824182821e-60
191.9,1,5.18264270858e-35,9.15953836191e-60,3.76523172391e-60
192,1,4.9794283813e-35,8.54029696184e-60,3.51067878989e-60
192.1,1,4.78418220177e-35,7.9629201074e-60,3.27333520737e-60
192.2,1,4.59659173444e-35,7.42457749655e-60,3.05203751784e-60
192.3,1,4.41635679455e-35,6.92263017321e-60,2.84570091976e-60
192.4,1,4.24318896773e-35,6.454617591e-60,2.65331395089e-60
192.5,1,4.07681114853e-35,6.01824555172e-60,2.47393353008e-60
192.6,1,3.91695709692e-35,5.6113749591e-60,2.30668033431e-60
192.7,1,3.76337101234e-35,5.23201133305e-60,2.15073448821e-60
192.8,1,3.61580712426e-35,4.87829503262e-60,2.00533154507e-60
192.9,1,3.47402929901e-35,4.5484921401e-60,1.86975873949e-60
193,1,3.33781066179e-35,4.24098596133e-60,1.74335149342e-60
193.1,1,3.20693323374e-35,3.95426910065e-60,1.62549015839e-60
193.2,1,3.08118758304e-35,3.6869360717e-60,1.515596978e-60
193.3,1,2.96037248984e-35,3.43767640765e-60,1.41313325576e-60
193.4,1,2.84429462419e-35,3.20526823733e-60,1.31759671437e-60
193.5,1,2.73276823676e-35,2.98857229563e-60,1.22851903361e-60
193.6,1,2.62561486153e-35,2.78652633879e-60,1.14546355458e-60
193.7,1,2.52266303024e-35,2.5981399373e-60,1.06802313922e-60
193.8,1,2.423747998e-35,2.42248962079e-60,9.95818174525e-61
193.9,1,2.32871147964e-35,2.25871435122e-60,9.28494711679e-61
194,1,2.23740139647e-35,2.10601130201e-60,8.65722730986e-61
194.1,1,2.14967163287e-35,1.96363192265e-60,8.07194524125e-61
194.2,1,2.06538180251e-35,1.83087826925e-60,7.52623185757e-61
194.3,1,1.98439702367e-35,1.70709958325e-60,7.01741207118e-61
194.4,1,1.90658770343e-35,1.59168910139e-60,6.54299164691e-61
194.5,1,1.83182933027e-35,1.48408108135e-60,6.10064497529e-61
194.6,1,1.76000227485e-35,1.38374802849e-60,5.68820367241e-61
194.7,1,1.69099159856e-35,1.29019811007e-60,5.30364595053e-61
194.8,1,1.6246868696e-35,1.20297274429e-60,4.94508670725e-61
194.9,1,1.56098198624e-35,1.12164435229e-60,4.61076828474e-61
195,1,1.49977500708e-35,1.04581426221e-60,4.29905185372e-61
195.1,1,1.44096798791e-35,9.75110754857e-61,4.00840937987e-61
195.2,1,1.38446682494e-35,9.09187241554e-61,3.73741613345e-61
195.3,1,1.33018110426e-35,8.47720565163e-61,3.48474370525e-61
195.4,1,1.27802395713e-35,7.90409415966e-61,3.24915349473e-61
195.5,1,1.227911921e-35,7.36972854644e-61,3.02949063842e-61
195.6,1,1.1797648059e-35,6.87148935109e-61,2.82467834873e-61
195.7,1,1.1335055662e-35,6.40693420452e-61,2.63371263558e-61
195.8,1,1.08906017722e-35,5.97378585684e-61,2.45565738483e-61
195.9,1,1.04635751688e-35,5.56992101437e-61,2.28963976942e-61
196,1,1.00532925179e-35,5.19335993117e-61,2.13484597082e-61
196.1,1,9.65909727993e-36,4.84225670438e-61,1.99051718965e-61
196.2,1,9.28035865831e-36,4.51489022557e-61,1.85594592605e-61
196.3,1,8.91647059045e-36,4.20965574388e-61,1.73047251153e-61
196.4,1,8.56685077781e-36,3.92505699953e-61,1.61348187527e-61
196.5,1,8.23093975412e-36,3.65969888914e-61,1.50440052903e-61
196.6,1,7.90819999006e-36,3.41228062696e-61,1.40269375594e-61
196.7,1,7.59811503315e-36,3.18158936837e-61,1.30786298926e-61
196.8,1,7.30018868132e-36,2.96649426455e-61,1.21944336847e-61
196.9,1,7.01394418883e-36,2.76594091905e-61,1.13700146049e-61
197,1,6.73892350343e-36,2.57894621915e-61,1.06013313498e-61
197.1,1,6.47468653335e-36,2.40459351661e-61,9.88461583338e-62
197.2,1,6.22081044307e-36,2.24202813428e-61,9.2163547152e-62
197.3,1,5.97688897667e-36,2.09045317646e-61,8.59327217853e-62
197.4,1,5.74253180777e-36,1.94912562254e-61,8.01231387204e-62
197.5,1,5.5173639149e-36,1.81735268468e-61,7.47063193745e-62
197.6,1,5.3010249814e-36,1.69448841178e-61,6.96557104928e-62
197.7,1,5.09316881881e-36,1.57993052305e-61,6.49465539847e-62
197.8,1,4.89346281293e-36,1.47311745558e-61,6.05557655596e-62
197.9,1,4.70158739155e-36,1.37352561158e-61,5.64618215676e-62
198,1,4.51723551306e-36,1.28066679172e-61,5.26446534903e-62
198.1,1,4.34011217511e-36,1.19408580196e-61,4.90855495655e-62
198.2,1,4.16993394258e-36,1.11335822219e-61,4.57670630616e-62
198.3,1,4.00642849399e-36,1.03808832571e-61,4.2672926754e-62
198.4,1,3.84933418575e-36,9.67907139409e-62,3.97879731828e-62
198.5,1,3.69839963344e-36,9.02470635029e-62,3.70980603022e-62
198.6,1,3.55338330957e-36,8.41458042749e-62,3.45900021564e-62
198.7,1,3.4140531571e-36,7.8457027877e-62,3.22515042412e-62
198.8,1,3.28018621804e-36,7.31528479208e-62,3.00711032372e-62
198.9,1,3.15156827675e-36,6.820726331e-62,2.80381108161e-62
199,1,3.02799351707e-36,6.3596030783e-62,2.61425612468e-62
199.1,1,2.90926419302e-36,5.92965460727e-62,2.43751625431e-62
199.2,1,2.79519031236e-36,5.52877331e-62,2.27272509144e-62
199.3,1,2.68558933253e-36,5.15499406592e-62,2.11907482961e-62
199.4,1,2.5802858686e-36,4.80648460872e-62,1.97581227505e-62
199.5,1,2.47911141255e-36,4.48153654465e-62,1.84223515455e-62
199.6,1,2.38190406366e-36,4.17855697792e-62,1.71768867292e-62
199.7,1,2.28850826943e-36,3.89606070234e-62,1.60156230316e-62
199.8,1,2.19877457669e-36,3.63266292085e-62,1.49328679366e-62
199.9,1,2.11255939236e-36,3.3870724572e-62,1.39233137776e-62
200,1,2.02972475376e-36,3.15808542668e-62,1.29820117188e-62
200.1,1,1.9501381078e-36,2.94457933457e-62,1.21043474966e-62
200.2,1,1.87367209886e-36,2.74550757378e-62,1.12860187998e-62
200.3,1,1.80020436502e-36,2.5598942943e-62,1.05230141803e-62
200.4,1,1.72961734223e-36,2.38682961962e-62,9.81159338854e-63
200.5,1,1.66179807619e-36,2.22546518651e-62,9.14826903891e-63
200.6,1,1.5966380416e-36,2.07500998632e-62,8.52978951473e-63
200.7,1,1.53403296852e-36,1.93472648749e-62,7.95312302865e-63
200.8,1,1.47388267547e-36,1.80392702015e-62,7.41544276087e-63
200.9,1,1.41609090914e-36,1.68197040515e-62,6.91411300211e-63
201,1,1.36056519038e-36,1.56825881103e-62,6.44667623331e-63
201.1,1,1.3072166662e-36,1.46223482342e-62,6.01084107888e-63
201.2,1,1.25595996756e-36,1.36337871261e-62,5.60447107439e-63
201.3,1,1.20671307283e-36,1.27120588583e-62,5.22557419361e-63
201.4,1,1.15939717647e-36,1.18526451178e-62,4.87229308359e-63
201.5,1,1.11393656293e-36,1.10513330573e-62,4.54289595992e-63
201.6,1,1.07025848555e-36,1.03041946444e-62,4.23576811751e-63
201.7,1,1.02829305008e-36,9.60756740557e-63,3.94940401533e-63
201.8,1,9.87973102871e-37,8.95803647329e-63,3.68239989621e-63
201.9,1,9.49234123405e-37,8.3524178462e-63,3.43344690565e-63
202,1,9.12014121051e-37,7.78774278108e-63,3.20132467581e-63
202.1,1,8.76253535863e-37,7.26124324011e-63,2.98489534324e-63
202.2,1,8.41895143278e-37,6.77033832192e-63,2.78309797111e-63
202.3,1,8.08883962535e-37,6.31262161004e-63,2.59494334846e-63
202.4,1,7.77167168703e-37,5.88584937662e-63,2.41950914111e-63
202.5,1,7.46694008146e-37,5.48792958366e-63,2.25593537038e-63
202.6,1,7.17415717305e-37,5.11691162789e-63,2.10342019745e-63
202.7,1,6.89285444669e-37,4.77097677886e-63,1.96121599277e-63
202.8,1,6.62258175799e-37,4.44842926353e-63,1.82862567117e-63
202.9,1,6.362906613e-37,4.14768795361e-63,1.70499927472e-63
203,1,6.11341347608e-37,3.86727861485e-63,1.58973078669e-63
203.1,1,5.87370310499e-37,3.60582668034e-63,1.48225516083e-63
203.2,1,5.64339191199e-37,3.36205051241e-63,1.38204555148e-63
203.3,1,5.42211135004e-37,3.13475511999e-63,1.28861073103e-63
203.4,1,5.20950732303e-37,2.9228263008e-63,1.20149268188e-63
203.5,1,5.00523961915e-37,2.72522517953e-63,1.12026435125e-63
203.6,1,4.80898136651e-37,2.54098311525e-63,1.04452755777e-63
203.7,1,4.62041851002e-37,2.36919695314e-63,9.73911039586e-64
203.8,1,4.43924930889e-37,2.20902459725e-63,9.08068634449e-64
203.9,1,4.26518385375e-37,2.0596808825e-63,8.46677582812e-64
204,1,4.09794360273e-37,1.92043372583e-63,7.89436945668e-64
204.1,1,3.93726093574e-37,1.7906005375e-63,7.36066129347e-64
204.2,1,3.78287872625e-37,1.66954487509e-63,6.86303510046e-64
204.3,1,3.63454992977e-37,1.55667332359e-63,6.39905151348e-64
204.4,1,3.4920371886e-37,1.45143258653e-63,5.96643608444e-64
204.5,1,3.35511245193e-37,1.35330677369e-63,5.563068132e-64
204.6,1,3.22355661099e-37,1.26181487223e-63,5.186970346e-64
204.7,1,3.09715914835e-37,1.17650838874e-63,4.83629909465e-64
204.8,1,2.9757178011e-37,1.09696915073e-63,4.50933538708e-64
204.9,1,2.8590382372e-37,1.02280725677e-63,4.2044764468e-64
205,1,2.74693374443e-37,9.53659165165e-64,3.92022785494e-64
205.1,1,2.6392249317e-37,8.89185911898e-64,3.65519622458e-64
205.2,1,2.53573944193e-37,8.29071449002e-64,3.40808237034e-64
205.3,1,2.43631167625e-37,7.73021095311e-64,3.17767493984e-64
205.4,1,2.34078252902e-37,7.20760091926e-64,2.96284447558e-64
205.5,1,2.24899913324e-37,6.72032255347e-64,2.76253787838e-64
205.6,1,2.16081461588e-37,6.26598721664e-64,2.57577324506e-64
205.7,1,2.0760878629e-37,5.84236775642e-64,2.40163505518e-64
205.8,1,1.99468329343e-37,5.44738758971e-64,2.23926968312e-64
205.9,1,1.91647064278e-37,5.07911052328e-64,2.08788121365e-64
206,1,1.84132475403e-37,4.73573126253e-64,1.94672754031e-64
206.1,1,1.76912537772e-37,4.41556656193e-64,1.81511672762e-64
206.2,1,1.69975697945e-37,4.11704697373e-64,1.69240361925e-64
206.3,1,1.63310855498e-37,3.83870915458e-64,1.57798667537e-64
206.4,1,1.56907345261e-37,3.57918869215e-64,1.47130502402e-64
206.5,1,1.50754920253e-37,3.33721341684e-64,1.37183571159e-64
206.6,1,1.44843735279e-37,3.11159716557e-64,1.27909113941e-64
206.7,1,1.39164331183e-37,2.90123396722e-64,1.19261667349e-64
206.8,1,1.33707619708e-37,2.70509262114e-64,1.11198841588e-64
206.9,1,1.28464868949e-37,2.52221164223e-64,1.03681112677e-64
207,1,1.23427689389e-37,2.35169454771e-64,9.66716287015e-65
207.1,1,1.18588020464e-37,2.1927054626e-64,9.01360291617e-65
207.2,1,1.13938117671e-37,2.0444650222e-64,8.40422765413e-65
207.3,1,1.09470540176e-37,1.90624655172e-64,7.83604992581e-65
207.4,1,1.05178138899e-37,1.77737250404e-64,7.30628452331e-65
207.5,1,1.01054045084e-37,1.65721113844e-64,6.81233453601e-65
207.6,1,9.70916593003e-38,1.54517342376e-64,6.35177862052e-65
207.7,1,9.32846408855e-38,1.440710151e-64,5.92235913119e-65
207.8,1,8.96268977979e-38,1.34330924107e-64,5.5219710532e-65
207.9,1,8.61125768682e-38,1.2524932346e-64,5.14865168371e-65
208,1,8.27360544332e-38,1.16781695142e-64,4.80057101074e-65
208.1,1,7.94919273365e-38,1.08886530828e-64,4.47602274244e-65
208.2,1,7.63750042828e-38,1.01525128416e-64,4.17341594282e-65
208.3,1,7.33802975302e-38,9.46614023e-65,3.89126723299e-65
208.4,1,7.05030149088e-38,8.82617064883e-65,3.62819351964e-65
208.5,1,6.77385521528e-38,8.22946696641e-65,3.38290521514e-65
208.6,1,6.50824855319e-38,7.67310414061e-65,3.15419991593e-65
208.7,1,6.25305647728e-38,7.15435488021e-65,2.94095650837e-65
208.8,1,6.0078706258e-38,6.67067627573e-65,2.74212967302e-65
208.9,1,5.77229864906e-38,6.2196973341e-65,2.55674476051e-65
209,1,5.54596358165e-38,5.799207356e-65,2.38389301378e-65
209.1,1,5.32850323917e-38,5.4071450991e-65,2.22272711336e-65
209.2,1,5.11956963869e-38,5.04158867374e-65,2.07245702384e-65
209.3,1,4.91882844186e-38,4.70074612191e-65,1.93234612105e-65
209.4,1,4.72595841994e-38,4.38294663302e-65,1.80170758119e-65
209.5,1,4.54065093975e-38,4.08663235361e-65,1.67990101398e-65
209.6,1,4.36260946979e-38,3.81035075074e-65,1.56632932349e-65
209.7,1,4.19154910572e-38,3.55274749167e-65,1.46043578117e-65
209.8,1,4.02719611446e-38,3.31255980493e-65,1.36170129673e-65
209.9,1,3.86928749617e-38,3.08861029019e-65,1.26964187363e-65
210,1,3.71757056337e-38,2.87980114667e-65,1.18380623647e-65
210.1,1,3.57180253659e-38,2.68510879172e-65,1.10377361885e-65
210.2,1,3.43175015589e-38,2.50357884318e-65,1.02915170079e-65
210.3,1,3.29718930759e-38,2.33432144103e-65,9.59574685567e-66
210.4,1,3.16790466562e-38,2.17650688529e-65,8.94701506562e-66
210.5,1,3.04368934697e-38,2.02936156883e-65,8.3421415538e-66
210.6,1,2.92434458063e-38,1.89216418514e-65,7.77816122956e-66
210.7,1,2.80967938951e-38,1.76424219247e-65,7.25230946068e-66
210.8,1,2.69951028484e-38,1.64496851708e-65,6.76200852119e-66
210.9,1,2.59366097256e-38,1.53375847927e-65,6.30485495532e-66
211,1,2.49196207118e-38,1.4300669273e-65,5.87860779575e-66
211.1,1,2.39425084076e-38,1.33338556507e-65,5.48117757842e-66
211.2,1,2.30037092248e-38,1.24324046042e-65,5.11061609993e-66
211.3,1,2.21017208845e-38,1.15918972196e-65,4.76510686749e-66
211.4,1,2.1235100013e-38,1.08082133285e-65,4.44295619445e-66
211.5,1,2.04024598318e-38,1.00775113118e-65,4.14258489782e-66
211.6,1,1.96024679391e-38,9.39620926712e-66,3.86252055717e-66
211.7,1,1.88338441772e-38,8.76096745122e-66,3.60139029677e-66
211.8,1,1.80953585841e-38,8.16867190793e-66,3.35791405578e-66
211.9,1,1.73858294253e-38,7.6164192038e-66,3.13089831339e-66
212,1,1.67041213027e-38,7.10150219545e-66,2.91923023817e-66
212.1,1,1.6049143338e-38,6.62139675909e-66,2.72187223295e-66
212.2,1,1.54198474266e-38,6.17374941733e-66,2.53785684858e-66
212.3,1,1.48152265608e-38,5.75636580238e-66,2.36628204143e-66
212.4,1,1.42343132183e-38,5.36719989926e-66,2.20630675158e-66
212.5,1,1.36761778137e-38,5.00434401628e-66,2.05714678e-66
212.6,1,1.31399272114e-38,4.66601943347e-66,1.91807094431e-66
212.7,1,1.26247032959e-38,4.35056768333e-66,1.78839749462e-66
212.8,1,1.21296815992e-38,4.05644242103e-66,1.66749077152e-66
212.9,1,1.16540699807e-38,3.78220184418e-66,1.55475809012e-66
213,1,1.11971073606e-38,3.52650162515e-66,1.44964683468e-66
213.1,1,1.07580625012e-38,3.28808832118e-66,1.3516417497e-66
213.2,1,1.03362328369e-38,3.06579322998e-66,1.26026241415e-66
213.3,1,9.93094335027e-39,2.85852666075e-66,1.17506088641e-66
213.4,1,9.54154549176e-39,2.66527259252e-66,1.09561950851e-66
213.5,1,9.16741614168e-39,2.48508369364e-66,1.0215488587e-66
213.6,1,8.80795661324e-39,2.3170766779e-66,9.52485842587e-67
213.7,1,8.46259169451e-39,2.16042797472e-66,8.88091913178e-67
213.8,1,8.13076872795e-39,2.01436969199e-66,8.28051411356e-67
213.9,1,7.811956726e-39,1.87818585182e-66,7.72070018514e-67
214,1,7.50564552146e-39,1.75120888087e-66,7.19873313798e-67
214.1,1,7.21134495104e-39,1.63281633789e-66,6.71205428902e-67
214.2,1,6.92858407104e-39,1.52242786249e-66,6.25827793796e-67
214.3,1,6.65691040374e-39,1.41950233024e-66,5.83517967262e-67
214.4,1,6.3958892133e-39,1.32353520006e-66,5.4406854648e-67
214.5,1,6.14510281012e-39,1.23405604097e-66,5.07286150344e-67
214.6,1,5.90414988247e-39,1.15062622602e-66,4.72990471505e-67
214.7,1,5.67264485425e-39,1.07283678216e-66,4.41013392506e-67
214.8,1,5.45021726803e-39,1.00030638546e-66,4.11198161669e-67
214.9,1,5.23651119221e-39,9.32679491814e-67,3.83398624698e-67
215,1,5.03118465148e-39,8.69624594122e-67,3.57478508229e-67
215.1,1,4.83390907956e-39,8.10832597199e-67,3.33310751822e-67
215.2,1,4.64436879347e-39,7.56015302607e-67,3.10776885108e-67
215.3,1,4.46226048829e-39,7.04903995906e-67,2.89766447045e-67
215.4,1,4.2872927519e-39,6.57248129411e-67,2.70176444441e-67
215.5,1,4.11918559858e-39,6.12814094009e-67,2.51910847081e-67
215.6,1,3.95767002102e-39,5.71384074006e-67,2.34880116986e-67
215.7,1,3.80248755985e-39,5.32754979396e-67,2.19000769497e-67
215.8,1,3.65338989001e-39,4.96737450314e-67,2.04194964034e-67
215.9,1,3.51013842343e-39,4.63154928789e-67,1.90390122521e-67
216,1,3.37250392719e-39,4.31842793263e-67,1.7751857361e-67
216.1,1,3.24026615675e-39,4.0264755161e-67,1.65517220953e-67
216.2,1,3.11321350345e-39,3.75426088722e-67,1.54327233905e-67
216.3,1,2.99114265594e-39,3.50044964956e-67,1.43893759136e-67
216.4,1,2.87385827482e-39,3.26379762015e-67,1.34165651742e-67
216.5,1,2.76117268007e-39,3.04314473045e-67,1.25095224528e-67
216.6,1,2.65290555069e-39,2.83740933976e-67,1.1663801425e-67
216.7,1,2.54888363617e-39,2.64558293294e-67,1.08752563653e-67
216.8,1,2.44894047926e-39,2.46672517672e-67,1.01400218249e-67
216.9,1,2.35291614959e-39,2.29995931019e-67,9.45449368325e-68
217,1,2.26065698773e-39,2.14446784685e-67,8.81531148061e-68
217.1,1,2.17201535936e-39,1.9994885674e-67,8.21934194508e-68
217.2,1,2.08684941895e-39,1.86431078322e-67,7.6636636333e-68
217.3,1,2.00502288283e-39,1.73827185266e-67,7.14555260953e-68
217.4,1,1.92640481108e-39,1.62075393274e-67,6.66246909295e-68
217.5,1,1.85086939802e-39,1.51118095047e-67,6.21204500759e-68
217.6,1,1.77829577087e-39,1.40901577898e-67,5.79207237406e-68
217.7,1,1.70856779634e-39,1.31375760448e-67,5.40049248603e-68
217.8,1,1.6415738948e-39,1.22493947127e-67,5.03538581843e-68
217.9,1,1.57720686171e-39,1.14212599277e-67,4.69496261796e-68
218,1,1.51536369609e-39,1.06491121722e-67,4.37755412968e-68
218.1,1,1.45594543568e-39,9.92916637682e-68,4.08160441682e-68
218.2,1,1.39885699858e-39,9.25789336658e-68,3.80566273355e-68
218.3,1,1.34400703112e-39,8.63200256036e-68,3.54837641341e-68
218.4,1,1.29130776165e-39,8.0484258407e-68,3.30848423857e-68
218.5,1,1.24067486009e-39,7.50430251385e-68,3.0848102573e-68
218.6,1,1.19202730299e-39,6.99696528663e-68,2.8762580195e-68
218.7,1,1.1452872439e-39,6.52392719136e-68,2.68180520184e-68
218.8,1,1.10037988873e-39,6.08286939475e-68,2.50049859639e-68
218.9,1,1.05723337615e-39,5.67162983097e-68,2.33144943796e-68
219,1,1.01577866252e-39,5.2881926032e-68,2.17382904738e-68
219.1,1,9.7594941147e-40,4.9306781017e-68,2.02686476931e-68
219.2,1,9.37681887687e-40,4.59733378998e-68,1.88983618469e-68
219.3,1,9.00914854975e-40,4.28652561383e-68,1.76207157925e-68
219.4,1,8.65589478235e-40,3.99672999121e-68,1.64294465072e-68
219.5,1,8.3164922933e-40,3.72652634364e-68,1.53187143878e-68
219.6,1,7.99039796619e-40,3.47459013253e-68,1.42830746241e-68
219.7,1,7.67708998054e-40,3.23968636628e-68,1.33174505088e-68
219.8,1,7.37606697673e-40,3.02066354636e-68,1.24171085514e-68
219.9,1,7.08684725372e-40,2.81644802264e-68,1.15776352744e-68
220,1,6.80896799826e-40,2.6260387304e-68,1.0794915579e-68
220.1,1,6.54198454426e-40,2.44850228306e-68,1.00651125723e-68
220.2,1,6.28546966122e-40,2.28296839676e-68,9.38464875905e-69
220.3,1,6.03901287061e-40,2.12862562418e-68,8.75018850494e-69
220.4,1,5.80221978899e-40,1.98471737688e-68,8.15862168503e-69
220.5,1,5.5747114969e-40,1.85053821647e-68,7.60704843809e-69
220.6,1,5.35612393255e-40,1.72543039654e-68,7.09276495141e-69
220.7,1,5.14610730918e-40,1.60878063841e-68,6.61325020675e-69
220.8,1,4.94432555541e-40,1.50001712484e-68,6.16615362227e-69
220.9,1,4.75045577737e-40,1.39860669696e-68,5.74928353e-69
221,1,4.56418774205e-40,1.30405224072e-68,5.36059643227e-69
221.1,1,4.38522338087e-40,1.21589025009e-68,4.99818698447e-69
221.2,1,4.21327631267e-40,1.13368855487e-68,4.66027865506e-69
221.3,1,4.04807138544e-40,1.05704420226e-68,4.34521501702e-69
221.4,1,3.88934423607e-40,9.85581481553e-69,4.05145162804e-69
221.5,1,3.73684086724e-40,9.18950082415e-69,3.77754845964e-69
221.6,1,3.59031724104e-40,8.56823377647e-69,3.52216283816e-69
221.7,1,3.4495388884e-40,7.9889682207e-69,3.28404286301e-69
221.8,1,3.31428053392e-40,7.44886459642e-69,3.06202126978e-69
221.9,1,3.18432573538e-40,6.94527531503e-69,2.85500970837e-69
222,1,3.05946653737e-40,6.47573178129e-69,2.66199340786e-69
222.1,1,2.93950313855e-40,6.03793229225e-69,2.48202620212e-69
222.2,1,2.82424357187e-40,5.62973075431e-69,2.31422589171e-69
222.3,1,2.71350339745e-40,5.24912616306e-69,2.1577699193e-69
222.4,1,2.60710540737e-40,4.89425279435e-69,2.01189133753e-69
222.5,1,2.50487934216e-40,4.56337105852e-69,1.87587504944e-69
222.6,1,2.4066616183e-40,4.25485897291e-69,1.74905430302e-69
222.7,1,2.31229506647e-40,3.96720421091e-69,1.63080742282e-69
222.8,1,2.22162868007e-40,3.69899668857e-69,1.52055476249e-69
222.9,1,2.13451737353e-40,3.44892165228e-69,1.41775586338e-69
223,1,2.05082175018e-40,3.21575323393e-69,1.32190680515e-69
223.1,1,1.97040787915e-40,2.99834844166e-69,1.23253773562e-69
223.2,1,1.89314708111e-40,2.79564155693e-69,1.14921056749e-69
223.3,1,1.8189157223e-40,2.60663891036e-69,1.0715168309e-69
223.4,1,1.74759501669e-40,2.43041401075e-69,9.99075671059e-70
223.5,1,1.67907083595e-40,2.26610300344e-69,9.31531981315e-70
223.6,1,1.61323352677e-40,2.11290043568e-69,8.68554662424e-70
223.7,1,1.54997773541e-40,1.97005530831e-69,8.09834999496e-70
223.8,1,1.4892022391e-40,1.83686739434e-69,7.55085148674e-70
223.9,1,1.43080978409e-40,1.71268380647e-69,7.04036726128e-70
224,1,1.37470692999e-40,1.59689579661e-69,6.56439492429e-70
224.1,1,1.32080390026e-40,1.4889357718e-69,6.12060125884e-70
224.2,1,1.26901443857e-40,1.38827451186e-69,5.70681078786e-70
224.3,1,1.21925567071e-40,1.29441857519e-69,5.32099510998e-70
224.4,1,1.17144797204e-40,1.20690787988e-69,4.9612629563e-70
224.5,1,1.12551484005e-40,1.1253134484e-69,4.62585091939e-70
224.6,1,1.08138277193e-40,1.04923530475e-69,4.31311480905e-70
224.7,1,1.03898114695e-40,9.78300513775e-70,4.02152159251e-70
224.8,1,9.98242113472e-41,9.12161353056e-70,3.74964187948e-70
224.9,1,9.59100480341e-41,8.50493608348e-70,3.49614291529e-70
225,1,9.21493612598e-41,7.92994984294e-70,3.25978204773e-70
225.1,1,8.8536133123e-41,7.39383622573e-70,3.03940063555e-70
225.2,1,8.5064581688e-41,6.89396720228e-70,2.83391836881e-70
225.3,1,8.17291517317e-41,6.42789241405e-70,2.6423279732e-70
225.4,1,7.85245058547e-41,5.99332716189e-70,2.46369027238e-70
225.5,1,7.54455159399e-41,5.58814120643e-70,2.29712958413e-70
225.6,1,7.24872549465e-41,5.21034832564e-70,2.14182942777e-70
225.7,1,6.96449890257e-41,4.85809657839e-70,1.99702852175e-70
225.8,1,6.69141699458e-41,4.52965922621e-70,1.86201705186e-70
225.9,1,6.42904278136e-41,4.2234262688e-70,1.73613319171e-70
226,1,6.17695640819e-41,3.93789655186e-70,1.61875985849e-70
226.1,1,5.93475448309e-41,3.67167040839e-70,1.50932168797e-70
226.2,1,5.70204943131e-41,3.42344279752e-70,1.40728221412e-70
226.3,1,5.47846887513e-41,3.19199690721e-70,1.31214123931e-70
226.4,1,5.26365503795e-41,2.97619818945e-70,1.22343238237e-70
226.5,1,5.05726417181e-41,2.77498879866e-70,1.1407207924e-70
226.6,1,4.85896600727e-41,2.58738240618e-70,1.06360101707e-70
226.7,1,4.66844322499e-41,2.41245936526e-70,9.91695015167e-71
226.8,1,4.48539094785e-41,2.24936220295e-70,9.24650303374e-71
226.9,1,4.30951625317e-41,2.09729141676e-70,8.62138228442e-71
227,1,4.1405377039e-41,1.95550155553e-70,8.03852356105e-71
227.1,1,3.97818489832e-41,1.8232975652e-70,7.4950696895e-71
227.2,1,3.8221980373e-41,1.70003138164e-70,6.98835665826e-71
227.3,1,3.67232750859e-41,1.58509875389e-70,6.51590055947e-71
227.4,1,3.52833348736e-41,1.47793628207e-70,6.07538541278e-71
227.5,1,3.38998555246e-41,1.37801865562e-70,5.66465181243e-71
227.6,1,3.25706231768e-41,1.28485607822e-70,5.28168634184e-71
227.7,1,3.12935107749e-41,1.1979918668e-70,4.92461170382e-71
227.8,1,3.00664746666e-41,1.1170002129e-70,4.59167751808e-71
227.9,1,2.88875513322e-41,1.04148409535e-70,4.28125174087e-71
228,1,2.77548542429e-41,9.71073334033e-71,3.99181266465e-71
228.1,1,2.66665708418e-41,9.05422775329e-71,3.72194145875e-71
228.2,1,2.56209596432e-41,8.4421060012e-71,3.4703152142e-71
228.3,1,2.46163474462e-41,7.87136746252e-71,3.23570045885e-71
228.4,1,2.36511266568e-41,7.33921437628e-71,3.0169471109e-71
228.5,1,2.27237527159e-41,6.84303812741e-71,2.81298284119e-71
228.6,1,2.18327416273e-41,6.38040645939e-71,2.62280781663e-71
228.7,1,2.09766675833e-41,5.94905155123e-71,2.44548979903e-71
228.8,1,2.01541606826e-41,5.54685890068e-71,2.28015957526e-71
228.9,1,1.93639047389e-41,5.17185695889e-71,2.12600669638e-71
229,1,1.86046351738e-41,4.82220746591e-71,1.98227550478e-71
229.1,1,1.78751369943e-41,4.49619643953e-71,1.84826143001e-71
229.2,1,1.71742428475e-41,4.19222577331e-71,1.72330753492e-71
229.3,1,1.65008311534e-41,3.90880540269e-71,1.60680129536e-71
229.4,1,1.58538243094e-41,3.64454600068e-71,1.49817159761e-71
229.5,1,1.52321869666e-41,3.39815216741e-71,1.39688593877e-71
229.6,1,1.46349243727e-41,3.16841607999e-71,1.30244781643e-71
229.7,1,1.40610807801e-41,2.95421157188e-71,1.21439429479e-71
229.8,1,1.35097379166e-41,2.75448861232e-71,1.13229373539e-71
229.9,1,1.2980013516e-41,2.56826815913e-71,1.0557436812e-71
230,1,1.24710599062e-41,2.39463735944e-71,9.84368883755e-72
230.1,1,1.19820626529e-41,2.23274507486e-71,9.17819463722e-72
230.2,1,1.15122392562e-41,2.08179770923e-71,8.55769195765e-72
230.3,1,1.10608378984e-41,1.94105531838e-71,7.97913909398e-72
230.4,1,1.06271362409e-41,1.80982798296e-71,7.43969997941e-72
230.5,1,1.02104402687e-41,1.6874724264e-71,6.93673028277e-72
230.6,1,9.81008317926e-42,1.57338886164e-71,6.46776444602e-72
230.7,1,9.42542431584e-42,1.46701805091e-71,6.03050359808e-72
230.8,1,9.05584814219e-42,1.36783856436e-71,5.62280428578e-72
230.9,1,8.70076325759e-42,1.27536422404e-71,5.24266796661e-72
231,1,8.35960145046e-42,1.18914172062e-71,4.88823121189e-72
231.1,1,8.03181678912e-42,1.1087483913e-71,4.55775657225e-72
231.2,1,7.71688474819e-42,1.03379014788e-71,4.2496240606e-72
231.3,1,7.41430136922e-42,9.63899544968e-72,3.96232321104e-72
231.4,1,7.12358245424e-42,8.9873397874e-72,3.69444567444e-72
231.5,1,6.84426279097e-42,8.37974007517e-72,3.44467831484e-72
231.6,1,6.57589540834e-42,7.81321785852e-72,3.21179677232e-72
231.7,1,6.31805086131e-42,7.28499604487e-72,2.99465946131e-72
231.8,1,6.07031654357e-42,6.79248529029e-72,2.79220197445e-72
231.9,1,5.83229602738e-42,6.33327130648e-72,2.60343186491e-72
232,1,5.60360842911e-42,5.90510302596e-72,2.42742378139e-72
232.1,1,5.38388779984e-42,5.50588156732e-72,2.26331493207e-72
232.2,1,5.17278253967e-42,5.13364994651e-72,2.11030085516e-72
232.3,1,4.96995483514e-42,4.78658348369e-72,1.9676314755e-72
232.4,1,4.77508011867e-42,4.46298085866e-72,1.83460742761e-72
232.5,1,4.58784654912e-42,4.16125577098e-72,1.71057662746e-72
232.6,1,4.40795451285e-42,3.87992916392e-72,1.59493107592e-72
232.7,1,4.23511614421e-42,3.61762197411e-72,1.48710387837e-72
232.8,1,4.06905486494e-42,3.37304837142e-72,1.38656646575e-72
232.9,1,3.90950494157e-42,3.14500945576e-72,1.29282600356e-72
233,1,3.75621106017e-42,2.93238738011e-72,1.20542297593e-72
233.1,1,3.60892791784e-42,2.73413987078e-72,1.12392893313e-72
233.2,1,3.46741983012e-42,2.54929511828e-72,1.04794439127e-72
233.3,1,3.33146035389e-42,2.37694701341e-72,9.77096874024e-73
233.4,1,3.20083192497e-42,2.21625070555e-72,9.11039086791e-73
233.5,1,3.07532551002e-42,2.06641846122e-72,8.49447214218e-73
233.6,1,2.95474027198e-42,1.92671580258e-72,7.92019332874e-73
233.7,1,2.83888324876e-42,1.79645790704e-72,7.38473931219e-73
233.8,1,2.72756904439e-42,1.67500625025e-72,6.88548529631e-73
233.9,1,2.62061953241e-42,1.56176547604e-72,6.41998393734e-73
234,1,2.51786357078e-42,1.456180478e-72,5.98595334708e-73
234.1,1,2.41913672803e-42,1.35773367836e-72,5.58126590707e-73
234.2,1,2.32428102016e-42,1.26594249078e-72,5.20393783901e-73
234.3,1,2.23314465779e-42,1.18035695476e-72,4.85211948028e-73
234.4,1,2.1455818033e-42,1.10055752991e-72,4.52408621686e-73
234.5,1,2.06145233745e-42,1.02615303934e-72,4.21823002933e-73
234.6,1,1.98062163514e-42,9.56778752157e-73,3.9330516103e-73
234.7,1,1.90296035e-42,8.9209459553e-73,3.66715301482e-73
234.8,1,1.8283442074e-42,8.31783487645e-73,3.41923080767e-73
234.9,1,1.75665380561e-42,7.75549783381e-73,3.18806967391e-73
235,1,1.68777442468e-42,7.23117825055e-73,2.97253646138e-73
235.1,1,1.6215958429e-42,6.74230591146e-73,2.77157462604e-73
235.2,1,1.55801216043e-42,6.28648436377e-73,2.58419905273e-73
235.3,1,1.49692162981e-42,5.86147916972e-73,2.40949122618e-73
235.4,1,1.43822649316e-42,5.46520695336e-73,2.24659472841e-73
235.5,1,1.38183282574e-42,5.09572518783e-73,2.09471104061e-73
235.6,1,1.32765038565e-42,4.75122267308e-73,1.95309562875e-73
235.7,1,1.27559246942e-42,4.43001065738e-73,1.82105429394e-73
235.8,1,1.22557577328e-42,4.13051455907e-73,1.69793976938e-73
235.9,1,1.17752025985e-42,3.85126624791e-73,1.58314854755e-73
236,1,1.13134903005e-42,3.59089684837e-73,1.47611792173e-73
236.1,1,1.08698820006e-42,3.34813002934e-73,1.37632322767e-73
236.2,1,1.04436678311e-42,3.12177574761e-73,1.28327527168e-73
236.3,1,1.00341657581e-42,2.9107244142e-73,1.19651793255e-73
236.4,1,9.64072049108e-43,2.71394145526e-73,1.11562592572e-73
236.5,1,9.26270243365e-43,2.53046224047e-73,1.04020271847e-73
236.6,1,8.89950667626e-43,2.35938735453e-73,9.69878586152e-74
236.7,1,8.55055202822e-43,2.19987818813e-73,9.04308799788e-74
236.8,1,8.21528008764e-43,2.05115282716e-73,8.4317193621e-74
236.9,1,7.89315434788e-43,1.91248221973e-73,7.86168302442e-74
237,1,7.58365933904e-43,1.78318660236e-73,7.33018466604e-74
237.1,1,7.28629980308e-43,1.66263216778e-73,6.83461888139e-74
237.2,1,7.0005999013e-43,1.55022795802e-73,6.37255640643e-74
237.3,1,6.7261024529e-43,1.4454229675e-73,5.94173221037e-74
237.4,1,6.4623682034e-43,1.34770344205e-73,5.54003439249e-74
237.5,1,6.20897512175e-43,1.25659036044e-73,5.16549382963e-74
237.6,1,5.96551772493e-43,1.17163708622e-73,4.81627452352e-74
237.7,1,5.73160642919e-43,1.09242717837e-73,4.4906646007e-74
237.8,1,5.50686692655e-43,1.01857234981e-73,4.18706792097e-74
237.9,1,5.29093958584e-43,9.49710564092e-74,3.90399625305e-74
238,1,5.08347887727e-43,8.8550426066e-74,3.64006197928e-74
238.1,1,4.88415281944e-43,8.25638700141e-74,3.39397129356e-74
238.2,1,4.69264244812e-43,7.69820421488e-74,3.16451785906e-74
238.3,1,4.50864130587e-43,7.17775803434e-74,2.95057689477e-74
238.4,1,4.33185495161e-43,6.69249723201e-74,2.75109966185e-74
238.5,1,4.16200048945e-43,6.24004305887e-74,2.56510832266e-74
238.6,1,3.99880611601e-43,5.81817758405e-74,2.39169114744e-74
238.7,1,3.84201068548e-43,5.42483282249e-74,2.229998045e-74
238.8,1,3.69136329172e-43,5.05808059772e-74,2.07923639556e-74
238.9,1,3.54662286676e-43,4.7161230899e-74,1.93866716535e-74
239,1,3.40755779504e-43,4.39728402295e-74,1.80760128383e-74
239.1,1,3.27394554277e-43,4.10000044737e-74,1.6853962659e-74
239.2,1,3.14557230186e-43,3.82281507875e-74,1.57145306242e-74
239.3,1,3.02223264771e-43,3.56436915407e-74,1.46521312367e-74
239.4,1,2.90372921058e-43,3.32339577113e-74,1.36615566136e-74
239.5,1,2.78987235969e-43,3.0987136781e-74,1.27379509568e-74
239.6,1,2.68047989977e-43,2.88922148313e-74,1.18767867504e-74
239.7,1,2.57537677956e-43,2.69389225521e-74,1.10738425664e-74
239.8,1,2.47439481164e-43,2.51176849025e-74,1.03251823716e-74
239.9,1,2.37737240332e-43,2.34195741735e-74,9.62713623268e-75
240,1,2.28415429804e-43,2.18362662242e-74,8.97628232676e-75
240.1,1,2.19459132695e-43,2.03599996773e-74,8.36943016721e-75
240.2,1,2.10854017019e-43,1.89835378725e-74,7.80360496405e-75
240.3,1,2.02586312755e-43,1.77001333923e-74,7.27603304148e-75
240.4,1,1.94642789812e-43,1.65034949865e-74,6.78412824132e-75
240.5,1,1.87010736858e-43,1.53877567323e-74,6.32547924566e-75
240.6,1,1.79677940981e-43,1.43474492794e-74,5.89783775661e-75
240.7,1,1.72632668144e-43,1.33774730395e-74,5.49910747508e-75
240.8,1,1.65863644405e-43,1.2473073188e-74,5.12733382477e-75
240.9,1,1.59360037884e-43,1.16298163558e-74,4.78069437081e-75
241,1,1.53111441422e-43,1.08435688968e-74,4.45748988621e-75
241.1,1,1.47107855931e-43,1.01104766251e-74,4.1561360222e-75
241.2,1,1.41339674395e-43,9.42694592156e-75,3.8751555418e-75
241.3,1,1.35797666492e-43,8.78962611786e-75,3.61317107835e-75
241.4,1,1.30472963827e-43,8.19539307159e-75,3.36889838372e-75
241.5,1,1.2535704574e-43,7.64133385166e-75,3.14114003288e-75
241.6,1,1.2044172567e-43,7.12473245914e-75,2.92877955412e-75
241.7,1,1.15719138057e-43,6.64305651339e-75,2.73077595613e-75
241.8,1,1.11181725753e-43,6.19394483838e-75,2.54615862505e-75
241.9,1,1.06822227931e-43,5.77519588815e-75,2.3740225665e-75
242,1,1.02633668462e-43,5.38475695487e-75,2.21352396932e-75
242.1,1,9.86093447601e-44,5.02071410642e-75,2.06387606921e-75
242.2,1,9.47428170473e-44,4.68128280435e-75,1.92434529199e-75
242.3,1,9.10278980546e-44,4.36479915601e-75,1.79424765762e-75
242.4,1,8.74586431191e-44,4.0697117582e-75,1.67294542735e-75
242.5,1,8.40293406714e-44,3.79457409215e-75,1.5598439775e-75
242.6,1,8.0734503096e-44,3.5380374327e-75,1.45438888464e-75
242.7,1,7.75688579499e-44,3.29884423685e-75,1.35606320778e-75
242.8,1,7.45273395254e-44,3.07582197928e-75,1.26438495434e-75
242.9,1,7.16050807441e-44,2.86787740461e-75,1.17890471741e-75
243,1,6.87974053686e-44,2.67399116831e-75,1.09920347277e-75
243.1,1,6.60998205192e-44,2.49321283982e-75,1.02489052483e-75
243.2,1,6.35080094847e-44,2.32465624356e-75,9.55601591435e-76
243.3,1,6.10178248145e-44,2.16749511491e-75,8.90997018148e-76
243.4,1,5.86252816818e-44,2.02095904982e-75,8.30760113277e-76
243.5,1,5.63265515072e-44,1.88432972834e-75,7.74595595445e-76
243.6,1,5.4117955832e-44,1.75693739337e-75,7.2222814612e-76
243.7,1,5.19959604319e-44,1.63815756754e-75,6.73401060006e-76
243.8,1,4.99571696616e-44,1.52740799201e-75,6.27874986668e-76
243.9,1,4.79983210208e-44,1.42414577223e-75,5.85426757244e-76
244,1,4.61162799338e-44,1.32786471667e-75,5.45848290462e-76
244.1,1,4.43080347334e-44,1.2380928555e-75,5.08945572634e-76
244.2,1,4.25706918415e-44,1.15439012694e-75,4.74537706593e-76
244.3,1,4.09014711387e-44,1.07634622012e-75,4.4245602494e-76
244.4,1,3.92977015159e-44,1.00357856372e-75,4.12543263235e-76
244.5,1,3.77568165994e-44,9.35730450603e-76,3.84652789085e-76
244.6,1,3.62763506447e-44,8.72469289241e-76,3.58647883353e-76
244.7,1,3.48539345904e-44,8.13484973347e-76,3.34401069961e-76
244.8,1,3.34872922674e-44,7.58488361736e-76,3.11793491002e-76
244.9,1,3.21742367563e-44,7.07209860955e-76,2.90714324098e-76
245,1,3.09126668883e-44,6.59398103732e-76,2.71060239147e-76
245.1,1,2.97005638823e-44,6.14818716778e-76,2.52734891803e-76
245.2,1,2.8535988115e-44,5.73253171887e-76,2.35648451192e-76
245.3,1,2.74170760166e-44,5.3449771471e-76,2.19717159563e-76
245.4,1,2.63420370892e-44,4.9836236595e-76,2.04862921704e-76
245.5,1,2.53091510411e-44,4.64669990086e-76,1.91012922125e-76
245.6,1,2.43167650342e-44,4.33255427053e-76,1.78099268111e-76
245.7,1,2.33632910392e-44,4.03964682625e-76,1.66058656917e-76
245.8,1,2.24472032943e-44,3.7665417354e-76,1.54832065452e-76
245.9,1,2.15670358637e-44,3.51190023651e-76,1.44364460951e-76
246,1,2.07213802916e-44,3.27447407666e-76,1.34604531205e-76
246.1,1,1.99088833489e-44,3.05309939252e-76,1.25504433027e-76
246.2,1,1.91282448669e-44,2.84669100515e-76,1.17019557725e-76
246.3,1,1.83782156577e-44,2.65423710039e-76,1.09108312431e-76
246.4,1,1.76575955143e-44,2.47479426897e-76,1.01731916211e-76
246.5,1,1.6965231291e-44,2.30748288193e-76,9.48542099627e-77
246.6,1,1.63000150572e-44,2.15148277865e-76,8.84414791614e-77
246.7,1,1.5660882325e-44,2.00602924645e-76,8.24622885935e-77
246.8,1,1.50468103456e-44,1.87040927195e-76,7.688732826e-77
246.9,1,1.4456816473e-44,1.74395804586e-76,7.16892696988e-77
247,1,1.3889956591e-44,1.62605570414e-76,6.68426320209e-77
247.1,1,1.33453236029e-44,1.51612428936e-76,6.23236570026e-77
247.2,1,1.28220459798e-44,1.41362491761e-76,5.81101926232e-77
247.3,1,1.23192863657e-44,1.31805513685e-76,5.41815844755e-77
247.4,1,1.18362402381e-44,1.22894646389e-76,5.05185745178e-77
247.5,1,1.137213462e-44,1.14586208793e-76,4.71032066709e-77
247.6,1,1.09262268435e-44,1.06839472925e-76,4.39187387977e-77
247.7,1,1.0497803361e-44,9.96164642778e-77,4.09495606331e-77
247.8,1,1.00861786036e-44,9.28817756536e-77,3.81811172623e-77
247.9,1,9.69069388372e-45,8.66023936014e-77,3.55998377725e-77
248,1,9.31071634154e-45,8.07475365832e-77,3.31930687288e-77
248.1,1,8.9456379319e-45,7.52885040829e-77,3.09490121465e-77
248.2,1,8.59487445145e-45,7.01985359169e-77,2.88566676576e-77
248.3,1,8.25786460379e-45,6.54526810555e-77,2.69057785871e-77
248.4,1,7.93406910127e-45,6.10276753125e-77,2.50867816744e-77
248.5,1,7.62296980201e-45,5.69018273047e-77,2.33907601945e-77
248.6,1,7.32406888075e-45,5.30549121203e-77,2.18094002483e-77
248.7,1,7.03688803225e-45,4.94680721767e-77,2.03349500074e-77
248.8,1,6.76096770588e-45,4.61237247803e-77,1.8960181715e-77
248.9,1,6.49586637026e-45,4.30054759362e-77,1.76783562554e-77
249,1,6.24115980669e-45,4.00980399851e-77,1.64831901187e-77
249.1,1,5.99644043033e-45,3.73871646725e-77,1.5368824599e-77
249.2,1,5.76131663797e-45,3.48595612845e-77,1.43297970754e-77
249.3,1,5.53541218137e-45,3.25028395064e-77,1.33610142336e-77
249.4,1,5.31836556522e-45,3.03054466852e-77,1.24577270991e-77
249.5,1,5.10982946861e-45,2.82566111988e-77,1.16155077573e-77
249.6,1,4.90947018931e-45,2.63462896533e-77,1.0830227648e-77
249.7,1,4.71696710973e-45,2.45651176502e-77,1.00980373272e-77
249.8,1,4.53201218385e-45,2.29043638823e-77,9.41534759704e-78
249.9,1,4.35430944436e-45,2.13558873328e-77,8.77881191175e-78
250,1,4.18357452894e-45,1.99120973677e-77,8.18530997265e-78
250.1,1,4.01953422531e-45,1.85659165271e-77,7.63193243252e-78
250.2,1,3.86192603399e-45,1.73107458308e-77,7.11596663403e-78
250.3,1,3.71049774825e-45,1.61404324306e-77,6.63488331224e-78
250.4,1,3.56500705052e-45,1.50492394489e-77,6.18632419614e-78
250.5,1,3.42522112464e-45,1.40318178565e-77,5.76809044842e-78
250.6,1,3.29091628331e-45,1.30831802514e-77,5.37813188677e-78
250.7,1,3.16187761014e-45,1.21986764112e-77,5.01453693387e-78
250.8,1,3.03789861572e-45,1.13739704968e-77,4.67552324684e-78
250.9,1,2.9187809072e-45,1.0605019799e-77,4.35942898019e-78
251,1,2.80433387084e-45,9.88805492062e-78,4.06470463945e-78
251.1,1,2.69437436696e-45,9.21956129889e-78,3.78990548557e-78
251.2,1,2.58872643689e-45,8.59626197734e-78,3.53368445278e-78
251.3,1,2.48722102142e-45,8.01510154198e-78,3.29478554528e-78
251.4,1,2.38969569022e-45,7.47323114367e-78,3.07203768033e-78
251.5,1,2.29599438195e-45,6.96799453309e-78,2.86434894767e-78
251.6,1,2.20596715453e-45,6.4969150398e-78,2.67070125686e-78
251.7,1,2.11946994519e-45,6.05768343158e-78,2.49014534672e-78
251.8,1,2.03636433994e-45,5.64814659456e-78,2.32179613195e-78
251.9,1,1.95651735208e-45,5.26629697869e-78,2.16482836451e-78
252,1,1.8798012094e-45,4.91026275673e-78,2.01847258823e-78
252.1,1,1.8060931497e-45,4.5782986485e-78,1.88201136692e-78
252.2,1,1.73527522435e-45,4.26877736555e-78,1.75477576751e-78
252.3,1,1.66723410958e-45,3.9801816342e-78,1.63614208095e-78
252.4,1,1.60186092508e-45,3.71109675783e-78,1.52552876477e-78
252.5,1,1.53905105981e-45,3.46020368208e-78,1.42239359236e-78
252.6,1,1.47870400458e-45,3.22627252879e-78,1.32623099499e-78
252.7,1,1.42072319123e-45,3.00815656718e-78,1.2365695835e-78
252.8,1,1.3650158381e-45,2.80478659256e-78,1.15296983754e-78
252.9,1,1.31149280152e-45,2.61516568506e-78,1.07502195106e-78
253,1,1.26006843322e-45,2.43836432278e-78,1.00234382344e-78
253.1,1,1.21066044325e-45,2.27351582524e-78,9.34579186394e-79
253.2,1,1.16318976827e-45,2.11981210492e-78,8.71395857608e-79
253.3,1,1.11758044509e-45,1.97649970599e-78,8.12484112326e-79
253.4,1,1.07375948904e-45,1.84287611091e-78,7.57555165106e-79
253.5,1,1.03165677726e-45,1.71828629667e-78,7.06339754184e-79
253.6,1,9.91204936425e-46,1.60211952385e-78,6.58586821556e-79
253.7,1,9.52339234952e-46,1.49380634279e-78,6.14062282291e-79
253.8,1,9.14997479433e-46,1.39281580215e-78,5.72547877046e-79
253.9,1,8.7911991509e-46,1.2986528462e-78,5.33840102159e-79
254,1,8.44649130167e-46,1.210855888e-78,4.97749212072e-79
254.1,1,8.11529964054e-46,1.12899454677e-78,4.64098289199e-79
254.2,1,7.79709419019e-46,1.05266753812e-78,4.32722376679e-79
254.3,1,7.49136575401e-46,9.81500706957e-79,4.03467669751e-79
254.4,1,7.19762510128e-46,9.15145193401e-79,3.76190761808e-79
254.5,1,6.91540218429e-46,8.53275722645e-79,3.50757941416e-79
254.6,1,6.64424538615e-46,7.95589010471e-79,3.2704453686e-79
254.7,1,6.38372079815e-46,7.41802276549e-79,3.04934305003e-79
254.8,1,6.13341152536e-46,6.91651858248e-79,2.84318861462e-79
254.9,1,5.89291701955e-46,6.44891918158e-79,2.6509714931e-79
255,1,5.66185243818e-46,6.01293238998e-79,2.47174943692e-79
255.1,1,5.43984802864e-46,5.60642099994e-79,2.30464389934e-79
255.2,1,5.22654853651e-46,5.22739229214e-79,2.14883572883e-79
255.3,1,5.0216126371e-46,4.87398826742e-79,2.00356115356e-79
255.4,1,4.82471238924e-46,4.54447653885e-79,1.86810803739e-79
255.5,1,4.63553271053e-46,4.23724183954e-79,1.74181238898e-79
255.6,1,4.45377087312e-46,3.95077810463e-79,1.62405510692e-79
255.7,1,4.2791360193e-46,3.68368108859e-79,1.51425894488e-79
255.8,1,4.11134869604e-46,3.43464148151e-79,1.41188568195e-79
255.9,1,3.95014040783e-46,3.20243849095e-79,1.31643348426e-79
256,1,3.79525318701e-46,2.9859338576e-79,1.22743444505e-79
256.1,1,3.64643918099e-46,2.78406627548e-79,1.1444522909e-79
256.2,1,3.50346025561e-46,2.59584618947e-79,1.06708024322e-79
256.3,1,3.36608761408e-46,2.42035094449e-79,9.9493902412e-80
256.4,1,3.23410143087e-46,2.25672026265e-79,9.27674997274e-80
256.5,1,3.10729049992e-46,2.10415202615e-79,8.64958434341e-80
256.6,1,2.98545189671e-46,1.96189834533e-79,8.06481898656e-80
256.7,1,2.86839065345e-46,1.82926189247e-79,7.51958738174e-80
256.8,1,2.7559194472e-46,1.70559248353e-79,7.01121680299e-80
256.9,1,2.64785830003e-46,1.59028389093e-79,6.53721521713e-80
257,1,2.54403429104e-46,1.4827708718e-79,6.09525906786e-80
257.1,1,2.44428127967e-46,1.3825263972e-79,5.68318188561e-80
257.2,1,2.34843963982e-46,1.28905906861e-79,5.29896366755e-80
257.3,1,2.25635600443e-46,1.20191070907e-79,4.94072097554e-80
257.4,1,2.16788302002e-46,1.12065411722e-79,4.60669770348e-80
257.5,1,2.08287911096e-46,1.04489097315e-79,4.2952564689e-80
257.6,1,2.00120825284e-46,9.74249885837e-80,4.00487058652e-80
257.7,1,1.92273975487e-46,9.083845726e-80,3.7341165844e-80
257.8,1,1.84734805072e-46,8.46972161591e-80,3.48166722611e-80
257.9,1,1.77491249757e-46,7.89711609101e-80,3.2462850046e-80
258,1,1.70531718309e-46,7.36322223835e-80,3.02681607594e-80
258.1,1,1.63845073991e-46,6.86542290964e-80,2.82218460321e-80
258.2,1,1.57420616748e-46,6.401277892e-80,2.63138748267e-80
258.3,1,1.51248066076e-46,5.96851194601e-80,2.45348942662e-80
258.4,1,1.45317544578e-46,5.5650036525e-80,2.28761837859e-80
258.5,1,1.39619562154e-46,5.18877501335e-80,2.1329612385e-80
258.6,1,1.34145000817e-46,4.83798175534e-80,1.98875987688e-80
258.7,1,1.288851001e-46,4.5109042895e-80,1.85430741848e-80
258.8,1,1.2383144304e-46,4.20593928173e-80,1.7289447772e-80
258.9,1,1.18975942708e-46,3.92159179319e-80,1.61205742522e-80
259,1,1.14310829267e-46,3.65646795217e-80,1.50307238061e-80
259.1,1,1.09828637541e-46,3.40926812129e-80,1.40145539856e-80
259.2,1,1.05522195066e-46,3.1787805267e-80,1.30670835249e-80
259.3,1,1.01384610615e-46,2.96387531793e-80,1.21836679228e-80
259.4,1,9.74092631717e-47,2.76349902942e-80,1.13599766751e-80
259.5,1,9.3589791331e-47,2.57666941635e-80,1.05919720461e-80
259.6,1,8.99200831233e-47,2.40247063975e-80,9.87588927643e-81
259.7,1,8.63942662325e-47,2.24004877701e-80,9.20821812743e-81
259.8,1,8.30066985995e-47,2.08860763597e-80,8.58568567437e-81
259.9,1,7.97519593933e-47,1.94740485199e-80,8.00524026245e-81
260,1,7.66248403368e-47,1.81574824886e-80,7.46403654758e-81
260.1,1,7.36203373724e-47,1.69299244574e-80,6.95942154853e-81
260.2,1,7.07336426542e-47,1.57853569356e-80,6.48892164198e-81
260.3,1,6.79601368549e-47,1.47181692518e-80,6.05023043684e-81
260.4,1,6.52953817736e-47,1.37231300507e-80,5.64119746833e-81
260.5,1,6.27351132335e-47,1.27953616491e-80,5.25981765634e-81
260.6,1,6.02752342588e-47,1.19303161251e-80,4.90422147661e-81
260.7,1,5.79118085183e-47,1.11237530245e-80,4.57266579625e-81
260.8,1,5.56410540266e-47,1.03717185743e-80,4.26352532893e-81
260.9,1,5.3459337092e-47,9.67052630046e-81,3.97528466771e-81
261,1,5.13631665021e-47,9.0167389578e-81,3.70653085654e-81
261.1,1,4.93491879367e-47,8.40715167997e-81,3.45594646394e-81
261.2,1,4.74141786003e-47,7.83877626942e-81,3.22230312491e-81
261.3,1,4.55550420652e-47,7.30882654925e-81,3.00445551953e-81
261.4,1,4.37688033164e-47,6.81470470529e-81,2.8013357586e-81
261.5,1,4.20526039908e-47,6.35398855171e-81,2.6119481488e-81
261.6,1,4.04036978032e-47,5.92441965737e-81,2.43536431186e-81
261.7,1,3.8819446152e-47,5.52389227507e-81,2.2707186336e-81
261.8,1,3.72973138966e-47,5.15044301911e-81,2.11720402072e-81
261.9,1,3.58348653006e-47,4.8022412408e-81,1.9740679444e-81
262,1,3.44297601343e-47,4.47758005463e-81,1.84060875143e-81
262.1,1,3.30797499295e-47,4.17486797108e-81,1.71617222471e-81
262.2,1,3.17826743821e-47,3.89262109516e-81,1.60014837621e-81
262.3,1,3.05364578944e-47,3.62945585237e-81,1.49196845691e-81
262.4,1,2.9339106254e-47,3.38408220637e-81,1.39110216872e-81
262.5,1,2.8188703443e-47,3.15529733528e-81,1.29705506498e-81
262.6,1,2.70834085715e-47,2.94197973539e-81,1.20936612666e-81
262.7,1,2.60214529317e-47,2.74308372357e-81,1.12760550251e-81
262.8,1,2.50011371682e-47,2.55763431134e-81,1.05137240183e-81
262.9,1,2.4020828558e-47,2.38472242548e-81,9.80293129888e-82
263,1,2.30789583982e-47,2.22350045171e-81,9.14019256005e-82
263.1,1,2.21740194956e-47,2.07317807973e-81,8.52225905576e-82
263.2,1,2.1304563755e-47,1.93301842911e-81,7.94610167524e-82
263.3,1,2.04691998615e-47,1.80233443707e-81,7.40889609434e-82
263.4,1,1.96665910549e-47,1.68048549053e-81,6.9080089307e-82
263.5,1,1.88954529896e-47,1.56687428581e-81,6.44098483485e-82
263.6,1,1.81545516804e-47,1.46094390067e-81,6.00553445413e-82
263.7,1,1.74427015271e-47,1.36217506421e-81,5.59952321027e-82
263.8,1,1.67587634175e-47,1.2700836115e-81,5.22096083568e-82
263.9,1,1.61016429048e-47,1.18421811013e-81,4.86799161717e-82
264,1,1.5470288456e-47,1.10415764731e-81,4.53888529921e-82
264.1,1,1.48636897691e-47,1.02950976655e-81,4.23202860225e-82
264.2,1,1.4280876157e-47,9.59908543868e-82,3.94591731441e-82
264.3,1,1.37209149935e-47,8.95012793979e-82,3.67914891782e-82
264.4,1,1.31829102213e-47,8.34504397844e-82,3.43041571349e-82
264.5,1,1.26660009179e-47,7.78086743235e-82,3.19849841098e-82
264.6,1,1.21693599182e-47,7.25483270744e-82,2.98226015138e-82
264.7,1,1.16921924906e-47,6.76436118088e-82,2.7806409345e-82
264.8,1,1.12337350656e-47,6.30704856067e-82,2.59265242271e-82
264.9,1,1.07932540132e-47,5.88065309983e-82,2.4173730961e-82
265,1,1.037004447e-47,5.4830846073e-82,2.25394373521e-82
265.1,1,9.96342921031e-48,5.11239420187e-82,2.10156320913e-82
265.2,1,9.57275756301e-48,4.76676475876e-82,1.95948454834e-82
265.3,1,9.1974043701e-48,4.44450200202e-82,1.82701128308e-82
265.4,1,8.83676898641e-48,4.14402619924e-82,1.70349402924e-82
265.5,1,8.49027431837e-48,3.86386441771e-82,1.58832730511e-82
265.6,1,8.1573659006e-48,3.60264330403e-82,1.48094656328e-82
265.7,1,7.8375110086e-48,3.35908235201e-82,1.38082542321e-82
265.8,1,7.5301978063e-48,3.13198762557e-82,1.28747309097e-82
265.9,1,7.23493452702e-48,2.92024590611e-82,1.20043195332e-82
266,1,6.95124868652e-48,2.72281923547e-82,1.1192753345e-82
266.1,1,6.67868632693e-48,2.53873982787e-82,1.04360540466e-82
266.2,1,6.41681129033e-48,2.36710532586e-82,9.73051229726e-83
266.3,1,6.16520452078e-48,2.2070743769e-82,9.07266953049e-83
266.4,1,5.92346339378e-48,2.0578625091e-82,8.45930100029e-83
266.5,1,5.69120107195e-48,1.9187382857e-82,7.88739997341e-83
266.6,1,5.46804588602e-48,1.78901971961e-82,7.35416299034e-83
266.7,1,5.25364074009e-48,1.66807093026e-82,6.85697612279e-83
266.8,1,5.04764254018e-48,1.55529902654e-82,6.39340216014e-83
266.9,1,4.84972164522e-48,1.45015120045e-82,5.96116866229e-83
267,1,4.65956133956e-48,1.35211201723e-82,5.55815682015e-83
267.1,1,4.47685732613e-48,1.26070088869e-82,5.18239106918e-83
267.2,1,4.30131723954e-48,1.17546971737e-82,4.83202940525e-83
267.3,1,4.13266017819e-48,1.09600069996e-82,4.50535435506e-83
267.4,1,3.97061625481e-48,1.02190427926e-82,4.20076455715e-83
267.5,1,3.81492616455e-48,9.52817234516e-83,3.91676691197e-83
267.6,1,3.66534077005e-48,8.88400900964e-83,3.65196926274e-83
267.7,1,3.52162070276e-48,8.28339509659e-83,3.40507357107e-83
267.8,1,3.38353597991e-48,7.72338639591e-83,3.174869554e-83
267.9,1,3.25086563649e-48,7.2012377443e-83,2.96022875116e-83
268,1,3.12339737164e-48,6.71438956847e-83,2.76009899309e-83
268.1,1,3.00092720895e-48,6.26045533809e-83,2.57349924349e-83
268.2,1,2.88325917002e-48,5.83720986704e-83,2.39951479017e-83
268.3,1,2.7702049609e-48,5.44257840553e-83,2.23729276113e-83
268.4,1,2.66158367072e-48,5.07462646968e-83,2.0860379438e-83
268.5,1,2.55722148225e-48,4.73155035866e-83,1.94500888689e-83
268.6,1,2.45695139372e-48,4.411668313e-83,1.8135142658e-83
268.7,1,2.36061295159e-48,4.11341227052e-83,1.69090949375e-83
268.8,1,2.26805199382e-48,3.83532017976e-83,1.57659356199e-83
268.9,1,2.17912040311e-48,3.57602883298e-83,1.47000609371e-83
269,1,2.09367586995e-48,3.33426718368e-83,1.370624597e-83
269.1,1,2.01158166485e-48,3.10885011598e-83,1.27796190365e-83
269.2,1,1.93270641958e-48,2.89867263516e-83,1.19156378104e-83
269.3,1,1.85692391692e-48,2.70270445096e-83,1.11100670547e-83
269.4,1,1.78411288869e-48,2.51998492711e-83,1.03589578606e-83
269.5,1,1.7141568217e-48,2.34961837229e-83,9.65862828987e-84
269.6,1,1.64694377134e-48,2.19076964947e-83,9.00564532626e-84
269.7,1,1.58236618239e-48,2.042660082e-83,8.39680804648e-84
269.8,1,1.52032071691e-48,1.90456363663e-83,7.82913192948e-84
269.9,1,1.46070808893e-48,1.77580336442e-83,7.29983422629e-84
270,1,1.40343290553e-48,1.65574808235e-83,6.80632031894e-84
270.1,1,1.34840351419e-48,1.54380927931e-83,6.34617100169e-84
270.2,1,1.29553185615e-48,1.43943823114e-83,5.91713062205e-84
270.3,1,1.24473332547e-48,1.34212331086e-83,5.51709602358e-84
270.4,1,1.19592663368e-48,1.2513874806e-83,5.14410623622e-84
270.5,1,1.14903367964e-48,1.16678595322e-83,4.7963328636e-84
270.6,1,1.10397942463e-48,1.08790401193e-83,4.47207112024e-84
270.7,1,1.06069177222e-48,1.01435497738e-83,4.1697314747e-84
270.8,1,1.01910145295e-48,9.45778312101e-84,3.88783185768e-84
270.9,1,9.79141913417e-49,8.81837853205e-84,3.62499039694e-84
271,1,9.40749209843e-49,8.22220164488e-84,3.37991864333e-84
271.1,1,9.03861905708e-49,7.66632999972e-84,3.15141525483e-84
271.2,1,8.68420973456e-49,7.14803871311e-84,2.93836010756e-84
271.3,1,8.34369700035e-49,6.66478712056e-84,2.73970880496e-84
271.4,1,8.01653596142e-49,6.21420632221e-84,2.55448755809e-84
271.5,1,7.70220309032e-49,5.79408757046e-84,2.38178841219e-84
271.6,1,7.40019538739e-49,5.4023714427e-84,2.22076479585e-84
271.7,1,7.11002957587e-49,5.03713774601e-84,2.07062737112e-84
271.8,1,6.83124132855e-49,4.6965961044e-84,1.93064016416e-84
271.9,1,6.56338452478e-49,4.37907718235e-84,1.80011695753e-84
272,1,6.3060305365e-49,4.08302450172e-84,1.67841792631e-84
272.1,1,6.05876754244e-49,3.80698681193e-84,1.56494650171e-84
272.2,1,5.82119986906e-49,3.54961097591e-84,1.45914644668e-84
272.3,1,5.59294735739e-49,3.30963533702e-84,1.36049912923e-84
272.4,1,5.37364475471e-49,3.08588353438e-84,1.26852098008e-84
272.5,1,5.16294113009e-49,2.87725873641e-84,1.18276112225e-84
272.6,1,4.96049931275e-49,2.6827382641e-84,1.10279916081e-84
272.7,1,4.76599535261e-49,2.50136857788e-84,1.02824312214e-84
272.8,1,4.57911800184e-49,2.33226060332e-84,9.58727532446e-85
272.9,1,4.3995682168e-49,2.17458537295e-84,8.93911626228e-85
273,1,4.22705867953e-49,2.0275699626e-84,8.33477675838e-85
273.1,1,4.06131333797e-49,1.89049370256e-84,7.77129433982e-85
273.2,1,3.90206696421e-49,1.76268464484e-84,7.24590681513e-85
273.3,1,3.74906473008e-49,1.64351626929e-84,6.75603873405e-85
273.4,1,3.60206179936e-49,1.53240441241e-84,6.29928876268e-85
273.5,1,3.460822936e-49,1.42880440373e-84,5.87341791214e-85
273.6,1,3.32512212769e-49,1.33220839589e-84,5.47633856301e-85
273.7,1,3.19474222417e-49,1.24214287516e-84,5.10610423187e-85
273.8,1,3.0694745898e-49,1.15816634024e-84,4.7609000296e-85
273.9,1,2.94911876963e-49,1.07986713806e-84,4.43903376479e-85
274,1,2.83348216866e-49,1.00686144585e-84,4.13892764865e-85
274.1,1,2.72237974368e-49,9.38791389614e-85,3.85911056065e-85
274.2,1,2.61563370709e-49,8.75323289859e-85,3.59821083709e-85
274.3,1,2.51307324246e-49,8.16146025885e-85,3.35494954722e-85
274.4,1,2.41453423117e-49,7.60969510677e-85,3.12813422393e-85
274.5,1,2.31985898978e-49,7.09523268893e-85,2.91665301823e-85
274.6,1,2.22889601771e-49,6.61555110996e-85,2.71946924902e-85
274.7,1,2.14149975478e-49,6.16829897021e-85,2.53561632121e-85
274.8,1,2.05753034834e-49,5.75128383916e-85,2.36419298755e-85
274.9,1,1.97685342942e-49,5.36246150817e-85,2.20435893066e-85
275,1,1.89933989774e-49,4.99992596971e-85,2.05533064381e-85
275.1,1,1.82486571511e-49,4.66190007415e-85,1.91637759015e-85
275.2,1,1.75331170695e-49,4.34672681816e-85,1.78681862167e-85
275.3,1,1.68456337158e-49,4.05286122208e-85,1.66601864014e-85
275.4,1,1.618510697e-49,3.77886275641e-85,1.55338548391e-85
275.5,1,1.55504798483e-49,3.52338828035e-85,1.44836702513e-85
275.6,1,1.4940736812e-49,3.28518545774e-85,1.35044846319e-85
275.7,1,1.43549021421e-49,3.06308661804e-85,1.25914980118e-85
275.8,1,1.37920383782e-49,2.8560030325e-85,1.17402349296e-85
275.9,1,1.32512448182e-49,2.66291957714e-85,1.09465224926e-85
276,1,1.27316560769e-49,2.48288975664e-85,1.02064699216e-85
276.1,1,1.22324407016e-49,2.3150310646e-85,9.51644947797e-86
276.2,1,1.17527998412e-49,2.15852065753e-85,8.87307868072e-86
276.3,1,1.12919659679e-49,2.01259132122e-85,8.27320372546e-86
276.4,1,1.08492016492e-49,1.8765277099e-85,7.71388402445e-86
276.5,1,1.04237983678e-49,1.7496628396e-85,7.19237779188e-86
276.6,1,1.00150753876e-49,1.63137481856e-85,6.70612860359e-86
276.7,1,9.62237866475e-50,1.52108379878e-85,6.25275286549e-86
276.8,1,9.24507980062e-50,1.41824913354e-85,5.83002812919e-86
276.9,1,8.88257503655e-50,1.32236672721e-85,5.43588219754e-86
277,1,8.5342842876e-50,1.2329665641e-85,5.06838296673e-86
277.1,1,8.19965021425e-50,1.14961040452e-85,4.7257289551e-86
277.2,1,7.87813733059e-50,1.07188963647e-85,4.40624047229e-86
277.3,1,7.56923114743e-50,9.9942327267e-86,4.10835138539e-86
277.4,1,7.27243734895e-50,9.31856082909e-86,3.83060144175e-86
277.5,1,6.98728100177e-50,8.68856852747e-86,3.57162911081e-86
277.6,1,6.71330579489e-50,8.10116759885e-86,3.33016490992e-86
277.7,1,6.45007330953e-50,7.5534786032e-86,3.10502518128e-86
277.8,1,6.19716231756e-50,7.04281676843e-86,2.89510628969e-86
277.9,1,5.95416810742e-50,6.56667882962e-86,2.69937921248e-86
278,1,5.72070183655e-50,6.12273075806e-86,2.5168844953e-86
278.1,1,5.4963899091e-50,5.70879631977e-86,2.34672754884e-86
278.2,1,5.28087337812e-50,5.32284640766e-86,2.18807426354e-86
278.3,1,5.0738073712e-50,4.96298909482e-86,2.04014692083e-86
278.4,1,4.87486053854e-50,4.62746036028e-86,1.90222038068e-86
278.5,1,4.68371452277e-50,4.31461544179e-86,1.77361852705e-86
278.6,1,4.50006344949e-50,4.0229207732e-86,1.65371095349e-86
278.7,1,4.32361343778e-50,3.75094646691e-86,1.54190987295e-86
278.8,1,4.15408213e-50,3.49735930455e-86,1.43766723639e-86
278.9,1,3.99119823987e-50,3.26091620155e-86,1.3404720463e-86
279,1,3.83470111844e-50,3.04045811357e-86,1.24984785172e-86
279.1,1,3.6843403369e-50,2.83490435478e-86,1.16535041277e-86
279.2,1,3.53987528594e-50,2.64324730042e-86,1.08656552289e-86
279.3,1,3.40107479064e-50,2.4645474474e-86,1.01310697847e-86
279.4,1,3.26771674062e-50,2.29792880882e-86,9.44614685632e-87
279.5,1,3.13958773453e-50,2.14257461993e-86,8.80752895077e-87
279.6,1,3.01648273863e-50,1.99772333432e-86,8.21208556235e-87
279.7,1,2.89820475866e-50,1.8626648908e-86,7.65689782688e-87
279.8,1,2.78456452462e-50,1.73673723274e-86,7.13924421345e-87
279.9,1,2.67538018789e-50,1.61932306261e-86,6.65658718343e-87
280,1,2.57047703024e-50,1.50984681601e-86,6.2065607515e-87
280.1,1,2.46968718424e-50,1.40777184026e-86,5.78695888758e-87
280.2,1,2.37284936463e-50,1.31259776369e-86,5.39572470284e-87
280.3,1,2.27980861024e-50,1.22385804289e-86,5.03094036685e-87
280.4,1,2.190416036e-50,1.14111767564e-86,4.69081770637e-87
280.5,1,2.10452859474e-50,1.06397106855e-86,4.37368943973e-87
280.6,1,2.02200884822e-50,9.92040048876e-87,4.0780010038e-87
280.7,1,1.94272474725e-50,9.24972010673e-87,3.80230293352e-87
280.8,1,1.86654942033e-50,8.62438186339e-87,3.54524375663e-87
280.9,1,1.79336097071e-50,8.04132034994e-87,3.30556336874e-87
281,1,1.72304228125e-50,7.49767739818e-87,3.08208685633e-87
281.1,1,1.65548082704e-50,6.99078806972e-87,2.87371873726e-87
281.2,1,1.59056849534e-50,6.51816759249e-87,2.67943759077e-87
281.3,1,1.52820141257e-50,6.07749918036e-87,2.49829105046e-87
281.4,1,1.46827977809e-50,5.66662267626e-87,2.32939113578e-87
281.5,1,1.41070770451e-50,5.28352396309e-87,2.17190989915e-87
281.6,1,1.35539306423e-50,4.92632509051e-87,2.02507536736e-87
281.7,1,1.30224734201e-50,4.59327506925e-87,1.88816775737e-87
281.8,1,1.25118549337e-50,4.2827412877e-87,1.76051594792e-87
281.9,1,1.20212580845e-50,3.99320150892e-87,1.64149418969e-87
282,1,1.15498978129e-50,3.72323640856e-87,1.53051903788e-87
282.1,1,1.10970198419e-50,3.47152261739e-87,1.42704649217e-87
282.2,1,1.06618994702e-50,3.23682623413e-87,1.33056933002e-87
282.3,1,1.02438404122e-50,3.01799677681e-87,1.24061462027e-87
282.4,1,9.84217368445e-51,2.8139615432e-87,1.15674140483e-87
282.5,1,9.45625653432e-51,2.62372035234e-87,1.07853853709e-87
282.6,1,9.08547141209e-51,2.44634064168e-87,1.00562266652e-87
282.7,1,8.72922498246e-51,2.28095289569e-87,9.37636359418e-88
282.8,1,8.38694717513e-51,2.12674638344e-87,8.74246346842e-88
282.9,1,8.0580902726e-51,1.98296518443e-87,8.15141890872e-88
283,1,7.74212803365e-51,1.84890448306e-87,7.60033261396e-88
283.1,1,7.4385548513e-51,1.7239071136e-87,7.0865031585e-88
283.2,1,7.14688494368e-51,1.60736033882e-87,6.60741174974e-88
283.3,1,6.86665157673e-51,1.49869284628e-87,6.16070988104e-88
283.4,1,6.59740631726e-51,1.39737194781e-87,5.74420781932e-88
283.5,1,6.33871831542e-51,1.30290096825e-87,5.355863871e-88
283.6,1,6.09017361522e-51,1.21481681074e-87,4.99377437358e-88
283.7,1,5.8513744921e-51,1.13268768666e-87,4.65616436394e-88
283.8,1,5.62193881654e-51,1.05611099892e-87,4.34137887741e-88
283.9,1,5.40149944249e-51,9.84711368533e-88,4.04787483517e-88
284,1,5.18970361993e-51,9.18138794413e-88,3.77421348007e-88
284.1,1,4.98621243036e-51,8.56066937728e-88,3.51905332383e-88
284.2,1,4.79070024446e-51,7.98191522164e-88,3.28114357106e-88
284.3,1,4.60285420103e-51,7.44228842368e-88,3.05931798789e-88
284.4,1,4.4223737063e-51,6.93914373221e-88,2.85248918504e-88
284.5,1,4.248969953e-51,6.47001473136e-88,2.65964328748e-88
284.6,1,4.08236545812e-51,6.03260175023e-88,2.47983496441e-88
284.7,1,3.92229361892e-51,5.62476058988e-88,2.3121827952e-88
284.8,1,3.76849828632e-51,5.24449201246e-88,2.15586494874e-88
284.9,1,3.62073335496e-51,4.88993194097e-88,2.01011515476e-88
285,1,3.47876236943e-51,4.55934232153e-88,1.8742189476e-88
285.1,1,3.34235814587e-51,4.25110260343e-88,1.7475101639e-88
285.2,1,3.21130240841e-51,3.96370179523e-88,1.62936767704e-88
285.3,1,3.08538543993e-51,3.69573105783e-88,1.51921235243e-88
285.4,1,2.9644057464e-51,3.44587679836e-88,1.41650420853e-88
285.5,1,2.8481697345e-51,3.21291423095e-88,1.32073976991e-88
285.6,1,2.73649140182e-51,2.99570137283e-88,1.23144959917e-88
285.7,1,2.6291920392e-51,2.79317344632e-88,1.14819599579e-88
285.8,1,2.52609994477e-51,2.60433765927e-88,1.07057085052e-88
285.9,1,2.42705014918e-51,2.42826833846e-88,9.98193644797e-89
286,1,2.33188415162e-51,2.26410239186e-88,9.3070958548e-89
286.1,1,2.24044966621e-51,2.1110350778e-88,8.6778786563e-89
286.2,1,2.15260037824e-51,1.96831606015e-88,8.09120042904e-89
286.3,1,2.06819571013e-51,1.83524573011e-88,7.54418527567e-89
286.4,1,1.9871005964e-51,1.71117177677e-88,7.03415172727e-89
286.5,1,1.90918526755e-51,1.59548598946e-88,6.55859959879e-89
286.6,1,1.83432504245e-51,1.48762127632e-88,6.11519773316e-89
286.7,1,1.76240012876e-51,1.3870488844e-88,5.70177257391e-89
286.8,1,1.69329543127e-51,1.29327580772e-88,5.31629751043e-89
286.9,1,1.62690036773e-51,1.20584237056e-88,4.95688294351e-89
287,1,1.56310869187e-51,1.12431997409e-88,4.62176702254e-89
287.1,1,1.50181832339e-51,1.04830899544e-88,4.30930700886e-89
287.2,1,1.44293118464e-51,9.77436828702e-89,4.01797122315e-89
287.3,1,1.38635304363e-51,9.11356058431e-89,3.74633153703e-89
287.4,1,1.33199336325e-51,8.49742756616e-89,3.49305637245e-89
287.5,1,1.27976515644e-51,7.9229489478e-89,3.25690417426e-89
287.6,1,1.2295848469e-51,7.38730863437e-89,3.03671732411e-89
287.7,1,1.18137213544e-51,6.88788091643e-89,2.8314164658e-89
287.8,1,1.13504987144e-51,6.42221759874e-89,2.6399952143e-89
287.9,1,1.09054392939e-51,5.98803599917e-89,2.4615152224e-89
288,1,1.04778309029e-51,5.583207759e-89,2.29510158097e-89
288.1,1,1.00669892768e-51,5.20574840975e-89,2.13993853016e-89
288.2,1,9.67225698117e-52,4.85380764525e-89,1.9952654605e-89
288.3,1,9.29300236027e-52,4.52566025145e-89,1.86037318444e-89
288.4,1,8.92861852577e-52,4.21969764945e-89,1.7346004599e-89
288.5,1,8.57852238578e-52,3.93442001022e-89,1.61733074882e-89
288.6,1,8.24215371179e-52,3.66842890245e-89,1.50798919494e-89
288.7,1,7.91897424216e-52,3.42042043741e-89,1.40603980585e-89
288.8,1,7.60846682079e-52,3.18917887733e-89,1.31098282552e-89
288.9,1,7.31013456955e-52,2.9735706758e-89,1.22235228452e-89
289,1,7.02350009321e-52,2.77253892117e-89,1.13971371583e-89
289.1,1,6.74810471544e-52,2.58509815556e-89,1.06266202511e-89
289.2,1,6.48350774489e-52,2.41032954409e-89,9.90819504861e-90
289.3,1,6.22928576995e-52,2.24737637085e-89,9.23833982976e-90
289.4,1,5.98503198123e-52,2.09543983919e-89,8.61377096347e-90
289.5,1,5.75035552056e-52,1.95377515605e-89,8.03142681244e-90
289.6,1,5.52488085552e-52,1.82168788099e-89,7.48845272495e-90
289.7,1,5.30824717856e-52,1.69853052203e-89,6.98218704141e-90
289.8,1,5.10010782957e-52,1.58369936167e-89,6.51014804685e-90
289.9,1,4.90012974119e-52,1.47663149741e-89,6.07002180556e-90
290,1,4.70799290581e-52,1.37680208246e-89,5.65965081821e-90
290.1,1,4.52338986351e-52,1.28372175293e-89,5.27702344573e-90
290.2,1,4.34602521003e-52,1.19693422891e-89,4.92026404831e-90
290.3,1,4.17561512409e-52,1.11601407787e-89,4.58762379095e-90
290.4,1,4.01188691319e-52,1.04056462913e-89,4.27747207074e-90
290.5,1,3.85457857727e-52,9.70216029419e-90,3.98828852359e-90
290.6,1,3.70343838942e-52,9.04623429806e-90,3.7186555714e-90
290.7,1,3.55822449311e-52,8.43465295294e-90,3.46725147314e-90
290.8,1,3.41870451511e-52,7.86441828638e-90,3.23284384562e-90
290.9,1,3.2846551937e-52,7.33273500739e-90,3.01428362238e-90
291,1,3.15586202136e-52,6.83699680391e-90,2.81049942095e-90
291.1,1,3.03211890155e-52,6.37477356669e-90,2.62049229095e-90
291.2,1,2.91322781886e-52,5.94379947689e-90,2.4433308172e-90
291.3,1,2.79899852221e-52,5.54196189902e-90,2.27814655394e-90
291.4,1,2.68924822034e-52,5.16729102481e-90,2.12412976774e-90
291.5,1,2.58380128936e-52,4.81795021719e-90,1.98052546812e-90
291.6,1,2.48248899169e-52,4.49222700713e-90,1.84662970665e-90
291.7,1,2.38514920603e-52,4.18852469907e-90,1.72178612613e-90
291.8,1,2.29162616795e-52,3.90535454394e-90,1.60538274321e-90
291.9,1,2.20177022065e-52,3.64132844132e-90,1.49684894835e-90
292,1,2.11543757544e-52,3.39515213494e-90,1.39565270878e-90
292.1,1,2.03249008167e-52,3.16561886826e-90,1.3012979604e-90
292.2,1,1.95279500565e-52,2.95160346895e-90,1.21332217614e-90
292.3,1,1.87622481826e-52,2.75205683326e-90,1.13129409859e-90
292.4,1,1.80265699086e-52,2.56600078337e-90,1.05481162602e-90
292.5,1,1.73197379923e-52,2.39252327229e-90,9.83499841268e-91
292.6,1,1.66406213519e-52,2.23077391307e-90,9.17009173878e-91
292.7,1,1.59881332559e-52,2.07995981015e-90,8.55013686522e-91
292.8,1,1.5361229584e-52,1.93934167264e-90,7.97209477249e-91
292.9,1,1.47589071567e-52,1.80823019026e-90,7.43313189759e-91
293,1,1.41802021296e-52,1.68598265437e-90,6.93060624386e-91
293.1,1,1.36241884512e-52,1.57199980741e-90,6.46205442999e-91
293.2,1,1.30899763809e-52,1.46572290532e-90,6.02517961443e-91
293.3,1,1.25767110655e-52,1.36663097862e-90,5.61784023632e-91
293.4,1,1.2083571171e-52,1.27423827856e-90,5.23803951757e-91
293.5,1,1.16097675684e-52,1.18809189602e-90,4.88391567462e-91
293.6,1,1.11545420707e-52,1.10776954133e-90,4.55373279196e-91
293.7,1,1.07171662201e-52,1.03287747421e-90,4.24587231273e-91
293.8,1,1.02969401219e-52,9.63048573679e-91,3.95882510451e-91
293.9,1,9.89319132472e-53,8.97940538369e-91,3.69118406154e-91
294,1,9.50527374431e-53,8.37234208619e-91,3.44163720712e-91
294.1,1,9.13256662978e-53,7.80632001931e-91,3.20896126228e-91
294.2,1,8.77447357025e-53,7.27856454223e-91,2.99201564927e-91
294.3,1,8.43042154042e-53,6.78648859697e-91,2.78973690045e-91
294.4,1,8.09985998364e-53,6.32768002668e-91,2.60113344514e-91
294.5,1,7.78225993089e-53,5.89988975123e-91,2.425280749e-91
294.6,1,7.47711315434e-53,5.50102074218e-91,2.26131678191e-91
294.7,1,7.18393135404e-53,5.12911774319e-91,2.10843779231e-91
294.8,1,6.90224537656e-53,4.78235768533e-91,1.96589436721e-91
294.9,1,6.63160446423e-53,4.45904075039e-91,1.83298775857e-91
295,1,6.37157553387e-53,4.15758203838e-91,1.70906645806e-91
295.1,1,6.12174248371e-53,3.87650379834e-91,1.59352300331e-91
295.2,1,5.88170552755e-53,3.61442818442e-91,1.48579100016e-91
295.3,1,5.65108055508e-53,3.37007050165e-91,1.38534234623e-91
295.4,1,5.42949851712e-53,3.14223290839e-91,1.29168464208e-91
295.5,1,5.21660483514e-53,2.92979854449e-91,1.20435877754e-91
295.6,1,5.01205883384e-53,2.73172605646e-91,1.12293668113e-91
295.7,1,4.81553319596e-53,2.54704449272e-91,1.04701922163e-91
295.8,1,4.62671343857e-53,2.37484854404e-91,9.76234251575e-92
295.9,1,4.44529740976e-53,2.21429410568e-91,9.1023478295e-92
296,1,4.27099480519e-53,2.06459413959e-91,8.48697286287e-92
296.1,1,4.1035267035e-53,1.92501481637e-91,7.91320104706e-92
296.2,1,3.94262512e-53,1.79487191802e-91,7.37821975197e-92
296.3,1,3.78803257783e-53,1.67352748388e-91,6.87940649865e-92
296.4,1,3.63950169595e-53,1.56038668342e-91,6.41431610397e-92
296.5,1,3.49679479325e-53,1.45489490028e-91,5.98066869427e-92
296.6,1,3.35968350823e-53,1.35653501364e-91,5.57633852945e-92
296.7,1,3.2279484336e-53,1.26482486321e-91,5.19934358257e-92
296.8,1,3.10137876514e-53,1.17931488572e-91,4.84783582397e-92
296.9,1,2.97977196435e-53,1.09958591117e-91,4.52009216219e-92
297,1,2.86293343443e-53,1.02524710803e-91,4.21450599744e-92
297.1,1,2.7506762088e-53,9.55934067405e-92,3.92957934597e-92
297.2,1,2.64282065194e-53,8.91307016688e-92,3.66391549702e-92
297.3,1,2.53919417196e-53,8.31049153999e-92,3.41621216609e-92
297.4,1,2.43963094438e-53,7.74865095228e-92,3.18525511115e-92
297.5,1,2.34397164679e-53,7.22479426053e-92,2.96991218046e-92
297.6,1,2.25206320391e-53,6.73635351862e-92,2.76912776273e-92
297.7,1,2.16375854262e-53,6.28093438947e-92,2.5819176125e-92
297.8,1,2.07891635662e-53,5.85630440798e-92,2.40736402541e-92
297.9,1,1.99740088032e-53,5.4603820375e-92,2.24461133956e-92
298,1,1.91908167157e-53,5.0912264661e-92,2.0928617411e-92
298.1,1,1.84383340291e-53,4.74702809274e-92,1.95137135332e-92
298.2,1,1.77153566108e-53,4.42609965659e-92,1.81944659018e-92
298.3,1,1.70207275424e-53,4.1268679661e-92,1.69644075634e-92
298.4,1,1.63533352695e-53,3.84786618717e-92,1.58175087705e-92
298.5,1,1.57121118218e-53,3.58772665274e-92,1.47481474239e-92
298.6,1,1.50960311052e-53,3.34517415854e-92,1.37510815131e-92
298.7,1,1.4504107259e-53,3.11901971193e-92,1.28214234199e-92
298.8,1,1.39353930788e-53,2.90815470357e-92,1.19546159591e-92
298.9,1,1.33889785005e-53,2.71154547295e-92,1.11464100396e-92
299,1,1.28639891443e-53,2.52822824137e-92,1.03928438351e-92
299.1,1,1.23595849152e-53,2.35730438757e-92,9.69022336312e-93
299.2,1,1.18749586589e-53,2.19793604261e-92,9.0351043773e-93
299.3,1,1.14093348698e-53,2.04934198268e-92,8.42427548361e-93
299.4,1,1.09619684507e-53,1.91079379953e-92,7.85474239811e-93
299.5,1,1.05321435197e-53,1.7816123298e-92,7.32371326896e-93
299.6,1,1.01191722654e-53,1.66116432578e-92,6.82858499075e-93
299.7,1,9.72239384555e-54,1.5488593512e-92,6.36693044409e-93
299.8,1,9.34117333009e-54,1.44414688697e-92,5.93648659785e-93
299.9,1,8.97490068484e-54,1.34651363245e-92,5.5351434158e-93
300,1,8.62298979544e-54,1.25548098931e-92,5.16093351319e-93
300.1,1,8.28487752937e-54,1.17060271545e-92,4.81202251265e-93
300.2,1,7.96002283489e-54,1.09146273745e-92,4.48670005205e-93
300.3,1,7.64790587518e-54,1.01767311106e-92,4.18337140031e-93
300.4,1,7.3480271965e-54,9.48872119436e-93,3.90054964002e-93
300.5,1,7.059906929e-54,8.84722500044e-93,3.6368483786e-93
300.6,1,6.78308401879e-54,8.24909791374e-93,3.39097495215e-93
300.7,1,6.51711549013e-54,7.69140791458e-93,3.16172408884e-93
300.8,1,6.26157573666e-54,7.17142120594e-93,2.94797200069e-93
300.9,1,6.01605584023e-54,6.68658881237e-93,2.7486708747e-93
301,1,5.78016291665e-54,6.23453408492e-93,2.56284373653e-93
301.1,1,5.55351948689e-54,5.81304105078e-93,2.38957966133e-93
301.2,1,5.33576287314e-54,5.42004355061e-93,2.2280293084e-93
301.3,1,5.12654461833e-54,5.05361511022e-93,2.07740075772e-93
301.4,1,4.92552992864e-54,4.71195949696e-93,1.93695562797e-93
301.5,1,4.73239713766e-54,4.39340191462e-93,1.80600545696e-93
301.6,1,4.54683719174e-54,4.09638079356e-93,1.68390832678e-93
301.7,1,4.36855315537e-54,3.8194401359e-93,1.57006571718e-93
301.8,1,4.19725973605e-54,3.56122237822e-93,1.46391957155e-93
301.9,1,4.03268282778e-54,3.32046173677e-93,1.36494956136e-93
302,1,3.87455907238e-54,3.0959780026e-93,1.27267053549e-93
302.1,1,3.72263543812e-54,2.88667075619e-93,1.18663014207e-93
302.2,1,3.57666881476e-54,2.69151397318e-93,1.10640661098e-93
302.3,1,3.43642562457e-54,2.50955099479e-93,1.03160668639e-93
302.4,1,3.30168144852e-54,2.33988983828e-93,9.61863698961e-94
302.5,1,3.17222066718e-54,2.18169882448e-93,8.96835768504e-94
302.6,1,3.04783611569e-54,2.03420250084e-93,8.36204128025e-94
302.7,1,2.92832875222e-54,1.89667784023e-93,7.79671561151e-94
302.8,1,2.8135073395e-54,1.76845069658e-93,7.26960945175e-94
302.9,1,2.70318813877e-54,1.6488925003e-93,6.77813892595e-94
303,1,2.59719461577e-54,1.53741717697e-93,6.31989484503e-94
303.1,1,2.49535715826e-54,1.43347827443e-93,5.89263089597e-94
303.2,1,2.39751280457e-54,1.33656628405e-93,5.4942526304e-94
303.3,1,2.30350498286e-54,1.24620614314e-93,5.12280719759e-94
303.4,1,2.21318326057e-54,1.1619549062e-93,4.77647377161e-94
303.5,1,2.12640310366e-54,1.08339957355e-93,4.4535546256e-94
303.6,1,2.04302564538e-54,1.01015506687e-93,4.15246680953e-94
303.7,1,1.962917464e-54,9.41862341496e-94,3.87173439057e-94
303.8,1,1.88595036934e-54,8.78186626414e-94,3.60998121809e-94
303.9,1,1.81200119762e-54,8.18815783194e-94,3.36592417773e-94
304,1,1.74095161441e-54,7.63458775893e-94,3.13836690159e-94
304.1,1,1.6726879252e-54,7.11844244396e-94,2.92619390365e-94
304.2,1,1.60710089353e-54,6.63719174212e-94,2.72836511161e-94
304.3,1,1.54408556615e-54,6.18847656189e-94,2.54391076852e-94
304.4,1,1.48354110511e-54,5.77009730095e-94,2.37192667896e-94
304.5,1,1.42537062634e-54,5.38000306367e-94,2.21156977674e-94
304.6,1,1.36948104466e-54,5.01628160764e-94,2.06205399212e-94
304.7,1,1.31578292483e-54,4.67714996988e-94,1.92264639857e-94
304.8,1,1.2641903384e-54,4.3609457267e-94,1.79266361989e-94
304.9,1,1.21462072621e-54,4.06611884452e-94,1.67146848036e-94
305,1,1.16699476632e-54,3.79122408164e-94,1.55846688126e-94
305.1,1,1.12123624702e-54,3.53491390361e-94,1.45310488862e-94
305.2,1,1.07727194493e-54,3.29593187763e-94,1.35486601782e-94
305.3,1,1.03503150779e-54,3.07310651353e-94,1.26326870182e-94
305.4,1,9.94447341873e-55,2.86534552114e-94,1.17786393046e-94
305.5,1,9.55454503865e-55,2.67163045581e-94,1.09823304945e-94
305.6,1,9.17990596904e-55,2.49101172607e-94,1.02398570813e-94
305.7,1,8.81995670747e-55,2.3226039387e-94,9.54757945931e-95
305.8,1,8.47412125832e-55,2.16558155854e-94,8.90210408293e-95
305.9,1,8.14184621109e-55,2.01917486169e-94,8.3002668311e-95
306,1,7.82259985481e-55,1.88266616235e-94,7.7391174969e-95
306.1,1,7.51587132722e-55,1.75538629472e-94,7.21590532564e-95
306.2,1,7.22116979722e-55,1.63671133275e-94,6.72806553066e-95
306.3,1,6.9380236795e-55,1.52605953163e-94,6.27320672072e-95
306.4,1,6.66597987985e-55,1.4228884761e-94,5.8490991774e-95
306.5,1,6.40460307016e-55,1.32669242153e-94,5.45366392503e-95
306.6,1,6.15347499178e-55,1.23699981476e-94,5.08496253955e-95
306.7,1,5.91219378619e-55,1.1533709825e-94,4.74118764634e-95
306.8,1,5.68037335199e-55,1.07539597615e-94,4.42065406047e-95
306.9,1,5.45764272704e-55,1.00269256211e-94,4.12179052593e-95
307,1,5.2436454948e-55,9.34904348182e-95,3.84313201333e-95
307.1,1,5.03803921407e-55,8.71699036449e-95,3.58331253831e-95
307.2,1,4.84049487091e-55,8.12766794404e-95,3.34105846552e-95
307.3,1,4.65069635224e-55,7.57818736128e-95,3.1151822652e-95
307.4,1,4.46833993994e-55,7.06585506176e-95,2.90457669196e-95
307.5,1,4.29313382484e-55,6.58815959194e-95,2.70820935703e-95
307.6,1,4.12479763977e-55,6.14275928809e-95,2.52511766751e-95
307.7,1,3.96306201093e-55,5.72747079739e-95,2.35440410772e-95
307.8,1,3.80766812681e-55,5.34025837519e-95,2.1952318396e-95
307.9,1,3.65836732404e-55,4.97922390574e-95,2.04682060051e-95
308,1,3.51492068947e-55,4.64259759764e-95,1.90844287838e-95
308.1,1,3.3770986779e-55,4.32872930836e-95,1.77942034544e-95
308.2,1,3.24468074471e-55,4.03608045516e-95,1.65912053311e-95
308.3,1,3.11745499293e-55,3.76321647304e-95,1.54695373155e-95
308.4,1,2.99521783424e-55,3.50879978244e-95,1.44237009898e-95
308.5,1,2.8777736631e-55,3.27158323244e-95,1.34485696631e-95
308.6,1,2.76493454378e-55,3.05040398724e-95,1.25393632405e-95
308.7,1,2.65651990961e-55,2.84417782592e-95,1.1691624791e-95
308.8,1,2.55235627405e-55,2.65189382761e-95,1.09011986998e-95
308.9,1,2.45227695306e-55,2.47260941591e-95,1.01642102973e-95
309,1,2.35612179838e-55,2.30544573844e-95,9.4770468654e-96
309.1,1,2.26373694124e-55,2.14958335865e-95,8.83633992827e-96
309.2,1,2.17497454616e-55,2.00425823898e-95,8.23894873972e-96
309.3,1,2.08969257438e-55,1.86875799553e-95,7.68194488745e-96
309.4,1,2.00775455654e-55,1.74241840593e-95,7.16259793792e-96
309.5,1,1.92902937433e-55,1.62462015338e-95,6.6783620518e-96
309.6,1,1.85339105067e-55,1.51478579071e-95,6.2268635042e-96
309.7,1,1.78071854811e-55,1.41237690974e-95,5.80588904872e-96
309.8,1,1.71089557512e-55,1.31689150202e-95,5.4133750681e-96
309.9,1,1.64381040007e-55,1.22786149797e-95,5.04739745833e-96
310,1,1.57935567236e-55,1.14485047241e-95,4.70616219677e-96
310.1,1,1.51742825067e-55,1.0674515052e-95,4.38799654775e-96
310.2,1,1.45792903791e-55,9.95285186496e-96,4.09134086289e-96
310.3,1,1.40076282266e-55,9.27997756934e-96,3.8147409357e-96
310.4,1,1.34583812677e-55,8.65259373453e-96,3.55684087299e-96
310.5,1,1.29306705901e-55,8.06762492424e-96,3.31637644837e-96
310.6,1,1.24236517441e-55,7.52220362069e-96,3.09216890495e-96
310.7,1,1.19365133914e-55,7.01365616802e-96,2.88311917708e-96
310.8,1,1.14684760068e-55,6.53948966601e-96,2.68820250277e-96
310.9,1,1.10187906305e-55,6.09737974994e-96,2.50646340024e-96
311,1,1.058673767e-55,5.68515919647e-96,2.33701098421e-96
311.1,1,1.01716257484e-55,5.30080729998e-96,2.17901459873e-96
311.2,1,9.77279059811e-56,4.94243996702e-96,2.03169974534e-96
311.3,1,9.38959399771e-56,4.60830048051e-96,1.89434428646e-96
311.4,1,9.02142275093e-56,4.2967508883e-96,1.76627490548e-96
311.5,1,8.66768770522e-56,4.00626397394e-96,1.64686380612e-96
311.6,1,8.32782280905e-56,3.73541577022e-96,1.53552563506e-96
311.7,1,8.00128420607e-56,3.48287857893e-96,1.43171461244e-96
311.8,1,7.68754936485e-56,3.24741446248e-96,1.33492185651e-96
311.9,1,7.38611624271e-56,3.0278691755e-96,1.24467288907e-96
312,1,7.09650248235e-56,2.82316650672e-96,1.16052530957e-96
312.1,1,6.81824463996e-56,2.63230300344e-96,1.08206662649e-96
312.2,1,6.55089744363e-56,2.45434305253e-96,1.00891223527e-96
312.3,1,6.29403308081e-56,2.28841429411e-96,9.40703532993e-97
312.4,1,6.04724051372e-56,2.13370334521e-96,8.77106160527e-97
312.5,1,5.81012482159e-56,1.98945181259e-96,8.17808363478e-97
312.6,1,5.58230656874e-56,1.85495257507e-96,7.62519463976e-97
312.7,1,5.36342119736e-56,1.72954631721e-96,7.1096843577e-97
312.8,1,5.15311844415e-56,1.61261829741e-96,6.62902575661e-97
312.9,1,4.95106177984e-56,1.50359533438e-96,6.18086264747e-97
313,1,4.75692787066e-56,1.40194299741e-96,5.7629981342e-97
313.1,1,4.57040606094e-56,1.30716298665e-96,5.37338384446e-97
313.2,1,4.39119787599e-56,1.21879069036e-96,5.01010988857e-97
313.3,1,4.21901654448e-56,1.13639290746e-96,4.67139549715e-97
313.4,1,4.05358653955e-56,1.0595657239e-96,4.35558029189e-97
313.5,1,3.89464313789e-56,9.87932532749e-97,4.06111614627e-97
313.6,1,3.74193199615e-56,9.21142188021e-97,3.78655959671e-97
313.7,1,3.59520874393e-56,8.58867283366e-97,3.53056476668e-97
313.8,1,3.45423859271e-56,8.00802547131e-97,3.29187676923e-97
313.9,1,3.31879596019e-56,7.46663345911e-97,3.06932555553e-97
314,1,3.18866410925e-56,6.96184289279e-97,2.86182017926e-97
314.1,1,3.06363480117e-56,6.4911792884e-97,2.66834344883e-97
314.2,1,2.94350796239e-56,6.05233545242e-97,2.48794694108e-97
314.3,1,2.82809136432e-56,5.64316017184e-97,2.31974635212e-97
314.4,1,2.7172003158e-56,5.26164766897e-97,2.16291716247e-97
314.5,1,2.61065736748e-56,4.90592776908e-97,2.01669059525e-97
314.6,1,2.50829202792e-56,4.5742567328e-97,1.88034984768e-97
314.7,1,2.40994049074e-56,4.26500870833e-97,1.75322657724e-97
314.8,1,2.31544537249e-56,3.9766677615e-97,1.63469762552e-97
314.9,1,2.22465546082e-56,3.70782044464e-97,1.52418196345e-97
315,1,2.13742547251e-56,3.45714886791e-97,1.42113784313e-97
315.1,1,2.05361582096e-56,3.22342423894e-97,1.32506014217e-97
315.2,1,1.97309239286e-56,3.00550083933e-97,1.23547788757e-97
315.3,1,1.89572633353e-56,2.80231040832e-97,1.151951947e-97
315.4,1,1.82139384078e-56,2.61285690617e-97,1.07407287621e-97
315.5,1,1.74997596676e-56,2.43621163162e-97,1.00145891191e-97
315.6,1,1.68135842763e-56,2.27150866931e-97,9.33754100358e-98
315.7,1,1.6154314207e-56,2.11794064513e-97,8.70626552487e-98
315.8,1,1.55208944868e-56,1.97475476845e-97,8.11766816986e-98
315.9,1,1.49123115091e-56,1.84124914193e-97,7.56886363363e-98
316,1,1.43275914113e-56,1.71676932085e-97,7.05716167572e-98
316.1,1,1.37657985165e-56,1.60070510497e-97,6.58005393253e-98
316.2,1,1.32260338361e-56,1.49248754736e-97,6.13520162135e-98
316.3,1,1.27074336316e-56,1.39158616545e-97,5.72042407563e-98
316.4,1,1.2209168032e-56,1.29750634053e-97,5.33368805536e-98
316.5,1,1.1730439706e-56,1.2097868932e-97,4.97309778013e-98
316.6,1,1.12704825861e-56,1.12799782263e-97,4.63688563599e-98
316.7,1,1.08285606429e-56,1.05173819869e-97,4.32340351062e-98
316.8,1,1.04039667069e-56,9.80634196617e-98,4.03111471426e-98
316.9,1,9.9960213373e-57,9.14337264516e-98,3.75858644692e-98
317,1,9.60407173442e-57,8.52522414745e-98,3.50448277469e-98
317.1,1,9.22749069529e-57,7.94886630841e-98,3.26755808109e-98
317.2,1,8.86567560991e-57,7.41147382123e-98,3.046650961e-98
317.3,1,8.51804749695e-57,6.91041238732e-98,2.84067852745e-98
317.4,1,8.18405007727e-57,6.44322580295e-98,2.64863110334e-98
317.5,1,7.86314888374e-57,6.00762391894e-98,2.46956727197e-98
317.6,1,7.55483040598e-57,5.60147141434e-98,2.30260926223e-98
317.7,1,7.25860126865e-57,5.22277732912e-98,2.14693864576e-98
317.8,1,6.97398744194e-57,4.86968530442e-98,2.00179232503e-98
317.9,1,6.700533483e-57,4.54046448274e-98,1.86645879259e-98
318,1,6.43780180715e-57,4.23350102321e-98,1.74027464333e-98
318.1,1,6.18537198766e-57,3.94729019061e-98,1.62262132238e-98
318.2,1,5.94284008298e-57,3.68042897911e-98,1.51292209304e-98
318.3,1,5.7098179903e-57,3.43160923473e-98,1.41063920955e-98
318.4,1,5.48593282456e-57,3.1996112428e-98,1.3152712811e-98
318.5,1,5.27082632174e-57,2.98329774889e-98,1.226350814e-98
318.6,1,5.06415426553e-57,2.78160838401e-98,1.14344192001e-98
318.7,1,4.86558593656e-57,2.59355446665e-98,1.06613817964e-98
318.8,1,4.67480358314e-57,2.4182141563e-98,9.94060649866e-99
318.9,1,4.49150191279e-57,2.25472793455e-98,9.26856006548e-99
319,1,4.31538760374e-57,2.10229439174e-98,8.64194812449e-99
319.1,1,4.14617883552e-57,1.96016629849e-98,8.05769902323e-99
319.2,1,3.98360483801e-57,1.8276469427e-98,7.51294877194e-99
319.3,1,3.82740545811e-57,1.70408671435e-98,7.00502700423e-99
319.4,1,3.67733074351e-57,1.58887992104e-98,6.53144388703e-99
319.5,1,3.53314054264e-57,1.48146181895e-98,6.08987791534e-99
319.6,1,3.3946041204e-57,1.38130584442e-98,5.67816453225e-99
319.7,1,3.26149978899e-57,1.28792103274e-98,5.29428551829e-99
319.8,1,3.13361455306e-57,1.20084961146e-98,4.93635909808e-99
319.9,1,3.01074376895e-57,1.11966475636e-98,4.60263071589e-99
320,1,2.8926908172e-57,1.0439684992e-98,4.29146443481e-99
320.1,1,2.7792667879e-57,9.73389776829e-99,4.00133491737e-99
320.2,1,2.6702901784e-57,9.07582612277e-99,3.73081994833e-99
320.3,1,2.56558660288e-57,8.46224418742e-99,3.47859346301e-99
320.4,1,2.46498851328e-57,7.8901441829e-99,3.24341904688e-99
320.5,1,2.36833493119e-57,7.35672167431e-99,3.02414387468e-99
320.6,1,2.27547119026e-57,6.85936182391e-99,2.81969305927e-99
320.7,1,2.1862486887e-57,6.39562657312e-99,2.62906438249e-99
320.8,1,2.10052465147e-57,5.96324269121e-99,2.45132338238e-99
320.9,1,2.01816190181e-57,5.56009063189e-99,2.28559877232e-99
321,1,1.93902864176e-57,5.1841941433e-99,2.1310781701e-99
321.1,1,1.86299824121e-57,4.83371058041e-99,1.98700411554e-99
321.2,1,1.78994903532e-57,4.5069218724e-99,1.85267035746e-99
321.3,1,1.71976412975e-57,4.20222610063e-99,1.72741839162e-99
321.4,1,1.6523312137e-57,3.91812964608e-99,1.61063423274e-99
321.5,1,1.58754238011e-57,3.6532398676e-99,1.50174540474e-99
321.6,1,1.52529395301e-57,3.40625827519e-99,1.40021813445e-99
321.7,1,1.46548632166e-57,3.17597416479e-99,1.30555473509e-99
321.8,1,1.40802378107e-57,2.96125868344e-99,1.21729116655e-99
321.9,1,1.35281437893e-57,2.76105929558e-99,1.13499476071e-99
322,1,1.29976976841e-57,2.5743946236e-99,1.05826210052e-99
322.1,1,1.24880506682e-57,2.40034963705e-99,9.86717042364e-100
322.2,1,1.19983871976e-57,2.2380711672e-99,9.20008872298e-100
322.3,1,1.15279237063e-57,2.08676372481e-99,8.5781058679e-100
322.4,1,1.10759073523e-57,1.94568560062e-99,7.99817289774e-100
322.5,1,1.06416148132e-57,1.8141452295e-99,7.45744698041e-100
322.6,1,1.0224351128e-57,1.6914978004e-99,6.95327747682e-100
322.7,1,9.82344858599e-58,1.57714209548e-99,6.48319294748e-100
322.8,1,9.43826565747e-58,1.47051754294e-99,6.0448890375e-100
322.9,1,9.06818596761e-58,1.3711014691e-99,5.63621718059e-100
323,1,8.71261730995e-58,1.27840653626e-99,5.25517406684e-100
323.1,1,8.37099069878e-58,1.19197835374e-99,4.89989182246e-100
323.2,1,8.04275945863e-58,1.11139325049e-99,4.56862885347e-100
323.3,1,7.7273983495e-58,1.03625619824e-99,4.25976130843e-100
323.4,1,7.42440272632e-58,9.6619887508e-100,3.97177511826e-100
323.5,1,7.13328773146e-58,9.00877859925e-100,3.70325857433e-100
323.6,1,6.85358751882e-58,8.39972949086e-100,3.45289540822e-100
323.7,1,6.58485450839e-58,7.83185586617e-100,3.21945833941e-100
323.8,1,6.32665867002e-58,7.30237400802e-100,3.00180305911e-100
323.9,1,6.07858683528e-58,6.80868839573e-100,2.7988626209e-100
324,1,5.8402420363e-58,6.34837898185e-100,2.60964221049e-100
324.1,1,5.61124287058e-58,5.91918932911e-100,2.43321426923e-100
324.2,1,5.39122289057e-58,5.51901554932e-100,2.26871394714e-100
324.3,1,5.17983001737e-58,5.14589599016e-100,2.11533486345e-100
324.4,1,4.9767259773e-58,4.79800161911e-100,1.97232515372e-100
324.5,1,4.78158576054e-58,4.47362705756e-100,1.83898378418e-100
324.6,1,4.59409710113e-58,4.17118222104e-100,1.71465711527e-100
324.7,1,4.41395997721e-58,3.88918452461e-100,1.59873569754e-100
324.8,1,4.24088613094e-58,3.62625161522e-100,1.49065128405e-100
324.9,1,4.07459860726e-58,3.38109459546e-100,1.38987404489e-100
325,1,3.91483131064e-58,3.15251170533e-100,1.2959099699e-100
325.1,1,3.76132857932e-58,2.93938243124e-100,1.20829844709e-100
325.2,1,3.6138447762e-58,2.74066201323e-100,1.12661000467e-100
325.3,1,3.47214389571e-58,2.55537632359e-100,1.0504442058e-100
325.4,1,3.33599918621e-58,2.38261709165e-100,9.79427685649e-101
325.5,1,3.20519278713e-58,2.22153745146e-100,9.13212321145e-101
325.6,1,3.07951538033e-58,2.07134779043e-100,8.51473524499e-101
325.7,1,2.95876585512e-58,1.93131187868e-100,7.93908652057e-101
325.8,1,2.84275098653e-58,1.80074325999e-100,7.40235520749e-101
325.9,1,2.731285126e-58,1.67900188686e-100,6.90191024822e-101
326,1,2.62418990437e-58,1.56549098292e-100,6.435298461e-101
326.1,1,2.52129394645e-58,1.45965411759e-100,6.00023251429e-101
326.2,1,2.42243259675e-58,1.36097247845e-100,5.59457971433e-101
326.3,1,2.32744765601e-58,1.26896232797e-100,5.21635155062e-101
326.4,1,2.23618712808e-58,1.18317263229e-100,4.86369394827e-101
326.5,1,2.14850497663e-58,1.10318285023e-100,4.53487817928e-101
326.6,1,2.06426089151e-58,1.02860087179e-100,4.2282923884e-101
326.7,1,1.98332006422e-58,9.59061096004e-101,3.9424336917e-101
326.8,1,1.90555297216e-58,8.94222638827e-101,3.67590080954e-101
326.9,1,1.8308351714e-58,8.33767662064e-101,3.4273871974e-101
327,1,1.75904709751e-58,7.77399815347e-101,3.19567464129e-101
327.1,1,1.69007387426e-58,7.24842783426e-101,2.97962728597e-101
327.2,1,1.62380512977e-58,6.75838931671e-101,2.77818606707e-101
327.3,1,1.56013481993e-58,6.30148043143e-101,2.59036351949e-101
327.4,1,1.49896105864e-58,5.87546141053e-101,2.41523893688e-101
327.5,1,1.44018595484e-58,5.47824390828e-101,2.25195385835e-101
327.6,1,1.38371545583e-58,5.10788076403e-101,2.09970786024e-101
327.7,1,1.32945919675e-58,4.7625564572e-101,1.9577546325e-101
327.8,1,1.27733035602e-58,4.44057820765e-101,1.82539832024e-101
327.9,1,1.22724551637e-58,4.14036767763e-101,1.70199011266e-101
328,1,1.17912453138e-58,3.86045323477e-101,1.58692506259e-101
328.1,1,1.1328903972e-58,3.59946273814e-101,1.47963912101e-101
328.2,1,1.08846912934e-58,3.35611681203e-101,1.37960637212e-101
328.3,1,1.04578964432e-58,3.12922257442e-101,1.28633645527e-101
328.4,1,1.00478364583e-58,2.9176677895e-101,1.19937216122e-101
328.5,1,9.6538551555e-59,2.72041541548e-101,1.11828719089e-101
328.6,1,9.27532208051e-59,2.53649852097e-101,1.04268406567e-101
328.7,1,8.91163149969e-59,2.36501554516e-101,9.72192178942e-102
328.8,1,8.56220143052e-59,2.20512587829e-101,9.06465979408e-102
328.9,1,8.22647271034e-59,2.05604574103e-101,8.45183277156e-102
329,1,7.90390810157e-59,1.91704434239e-101,7.88043664309e-102
329.1,1,7.59399143202e-59,1.78744029733e-101,7.34767042419e-102
329.2,1,7.2962267689e-59,1.66659828668e-101,6.85092249423e-102
329.3,1,7.01013762522e-59,1.55392594277e-101,6.38775779428e-102
329.4,1,6.73526619731e-59,1.44887094563e-101,5.95590589045e-102
329.5,1,6.47117263226e-59,1.35091831555e-101,5.55324984421e-102
329.6,1,6.21743432401e-59,1.25958788862e-101,5.17781583514e-102
329.7,1,5.97364523713e-59,1.17443196298e-101,4.8277634853e-102
329.8,1,5.73941525708e-59,1.09503310418e-101,4.50137683767e-102
329.9,1,5.51436956591e-59,1.02100209893e-101,4.19705594452e-102
330,1,5.29814804251e-59,9.51976047159e-102,3.91330902447e-102
330.1,1,5.09040468631e-59,8.87616583071e-102,3.64874514981e-102
330.2,1,4.89080706362e-59,8.27608216503e-102,3.4020674281e-102
330.3,1,4.69903577566e-59,7.71656786371e-102,3.17206664486e-102
330.4,1,4.51478394745e-59,7.19488018702e-102,2.95761533601e-102
330.5,1,4.33775673676e-59,6.70846182135e-102,2.75766226095e-102
330.6,1,4.1676708623e-59,6.25492834331e-102,2.57122724951e-102
330.7,1,4.00425415036e-59,5.83205653127e-102,2.39739639702e-102
330.8,1,3.84724509935e-59,5.4377734671e-102,2.23531758445e-102
330.9,1,3.69639246128e-59,5.07014637478e-102,2.08419630127e-102
331,1,3.55145483976e-59,4.72737314587e-102,1.94329175078e-102
331.1,1,3.41220030367e-59,4.40777350561e-102,1.8119132187e-102
331.2,1,3.27840601604e-59,4.10978077618e-102,1.68941668732e-102
331.3,1,3.14985787746e-59,3.83193419688e-102,1.57520167851e-102
331.4,1,3.0263501835e-59,3.57287176347e-102,1.46870831015e-102
331.5,1,2.90768529548e-59,3.33132355158e-102,1.36941455163e-102
331.6,1,2.79367332428e-59,3.1061054916e-102,1.27683366483e-102
331.7,1,2.68413182641e-59,2.89611356435e-102,1.19051181814e-102
331.8,1,2.57888551211e-59,2.70031838915e-102,1.11002586176e-102
331.9,1,2.47776596481e-59,2.51776017782e-102,1.03498125344e-102
332,1,2.38061137168e-59,2.34754402981e-102,9.65010124428e-103
332.1,1,2.28726626464e-59,2.18883554536e-102,8.99769476164e-103
332.2,1,2.1975812716e-59,2.04085673528e-102,8.38939498917e-103
332.3,1,2.11141287743e-59,1.9028822073e-102,7.82222004066e-103
332.4,1,2.02862319432e-59,1.77423561009e-102,7.29338962387e-103
332.5,1,1.94907974113e-59,1.65428631791e-102,6.80031141147e-103
332.6,1,1.87265523134e-59,1.54244633918e-102,6.3405683335e-103
332.7,1,1.79922736945e-59,1.43816743419e-102,5.91190672885e-103
332.8,1,1.7286786552e-59,1.34093842763e-102,5.51222529785e-103
332.9,1,1.6608961956e-59,1.2502827028e-102,5.13956480165e-103
333,1,1.59577152426e-59,1.16575586522e-102,4.79209845807e-103
333.1,1,1.53320042781e-59,1.08694356426e-102,4.4681229867e-103
333.2,1,1.47308277914e-59,1.0134594619e-102,4.16605025938e-103
333.3,1,1.4153223772e-59,9.44943339002e-103,3.88439951527e-103
333.4,1,1.35982679301e-59,8.81059329448e-103,3.62179010209e-103
333.5,1,1.3065072218e-59,8.21494273749e-103,3.37693470819e-103
333.6,1,1.25527834088e-59,7.65956183933e-103,3.14863305214e-103
333.7,1,1.20605817312e-59,7.14172812219e-103,2.93576599898e-103
333.8,1,1.15876795573e-59,6.65890316459e-103,2.73729007414e-103
333.9,1,1.1133320143e-59,6.20872015802e-103,2.55223234842e-103
334,1,1.06967764161e-59,5.78897230487e-103,2.37968566863e-103
334.1,1,1.02773498135e-59,5.39760200068e-103,2.21880421076e-103
334.2,1,9.87436916332e-60,5.03269074775e-103,2.06879933369e-103
334.3,1,9.48718961041e-60,4.69244975071e-103,1.92893571336e-103
334.4,1,9.11519158491e-60,4.37521114778e-103,1.79852773814e-103
334.5,1,8.75777981064e-60,4.07941983498e-103,1.67693614797e-103
334.6,1,8.41438235248e-60,3.80362584295e-103,1.56356490075e-103
334.7,1,8.08444970126e-60,3.5464772292e-103,1.45785825048e-103
334.8,1,7.76745389432e-60,3.30671345095e-103,1.35929802305e-103
334.9,1,7.46288767077e-60,3.08315918587e-103,1.2674010761e-103
335,1,7.17026365966e-60,2.8747185707e-103,1.1817169307e-103
335.1,1,6.88911360014e-60,2.68036982929e-103,1.10182556307e-103
335.2,1,6.61898759213e-60,2.4991602639e-103,1.02733534562e-103
335.3,1,6.3594533764e-60,2.33020158501e-103,9.57881127229e-104
335.4,1,6.11009564283e-60,2.172665557e-103,8.93122443234e-104
335.5,1,5.87051536584e-60,2.02577993808e-103,8.32741846492e-104
335.6,1,5.64032916588e-60,1.88882469475e-103,7.76443351247e-104
335.7,1,5.41916869592e-60,1.76112847228e-103,7.23950982211e-104
335.8,1,5.20668005203e-60,1.64206530361e-103,6.75007421729e-104
335.9,1,5.00252320703e-60,1.53105154097e-103,6.29372748412e-104
336,1,4.80637146643e-60,1.42754299476e-103,5.86823261037e-104
336.1,1,4.61791094559e-60,1.33103226597e-103,5.47150381969e-104
336.2,1,4.43684006747e-60,1.24104625889e-103,5.10159634708e-104
336.3,1,4.26286908003e-60,1.15714386201e-103,4.75669690568e-104
336.4,1,4.09571959259e-60,1.07891378568e-103,4.43511479802e-104
336.5,1,3.93512413029e-60,1.00597254598e-103,4.13527362826e-104
336.6,1,3.78082570613e-60,9.37962584867e-104,3.85570357461e-104
336.7,1,3.63257740973e-60,8.74550517434e-104,3.59503418436e-104
336.8,1,3.49014201217e-60,8.15425497652e-104,3.35198765586e-104
336.9,1,3.35329158644e-60,7.60297694606e-104,3.12537257472e-104
337,1,3.22180714265e-60,7.0889687174e-104,2.91407807358e-104
337.1,1,3.09547827764e-60,6.60971062162e-104,2.71706838653e-104
337.2,1,2.97410283828e-60,6.16285333497e-104,2.53337777187e-104
337.3,1,2.85748659798e-60,5.74620636252e-104,2.36210577798e-104
337.4,1,2.74544294585e-60,5.35772730033e-104,2.20241282936e-104
337.5,1,2.63779258817e-60,4.99551182358e-104,2.05351611098e-104
337.6,1,2.53436326139e-60,4.65778435158e-104,1.91468573096e-104
337.7,1,2.43498945652e-60,4.34288934387e-104,1.78524114261e-104
337.8,1,2.33951215427e-60,4.04928318477e-104,1.66454780841e-104
337.9,1,2.24777857059e-60,3.77552661653e-104,1.5520140895e-104
338,1,2.15964191218e-60,3.52027768415e-104,1.44708834546e-104
338.1,1,2.07496114157e-60,3.28228515706e-104,1.34925623017e-104
338.2,1,1.99360075147e-60,3.06038239561e-104,1.25803817048e-104
338.3,1,1.9154305479e-60,2.85348163222e-104,1.17298701536e-104
338.4,1,1.84032544185e-60,2.6605686391e-104,1.09368584396e-104
338.5,1,1.76816524914e-60,2.48069775654e-104,1.01974592182e-104
338.6,1,1.69883449805e-60,2.31298725725e-104,9.50804795385e-105
338.7,1,1.63222224459e-60,2.15661502419e-104,8.86524515155e-105
338.8,1,1.56822189495e-60,2.01081452047e-104,8.26589979127e-105
338.9,1,1.50673103492e-60,1.87487103187e-104,7.70707388135e-105
339,1,1.44765126599e-60,1.74811816324e-104,7.18602805654e-105
339.1,1,1.39088804794e-60,1.62993457187e-104,6.7002081496e-105
339.2,1,1.33635054751e-60,1.51974092166e-104,6.24723267078e-105
339.3,1,1.28395149305e-60,1.41699704322e-104,5.82488113376e-105
339.4,1,1.23360703491e-60,1.32119928593e-104,5.43108317081e-105
339.5,1,1.1852366112e-60,1.23187804906e-104,5.06390838387e-105
339.6,1,1.13876281894e-60,1.14859547983e-104,4.72155688169e-105
339.7,1,1.09411129014e-60,1.07094332696e-104,4.40235045683e-105
339.8,1,1.05121057282e-60,9.98540939531e-105,4.10472435901e-105
339.9,1,1.00999201669e-60,9.31033400943e-105,3.82721962477e-105
340,1,9.70389663265e-61,8.68089789167e-105,3.56847592556e-105
340.1,1,9.32340140328e-61,8.09401554544e-105,3.32722489948e-105
340.2,1,8.95782560525e-61,7.5468100728e-105,3.10228393372e-105
340.3,1,8.60658423929e-61,7.03659907189e-105,2.8925503674e-105
340.4,1,8.26911524429e-61,6.5608814878e-105,2.69699608633e-105
340.5,1,7.94487859784e-61,6.11732535236e-105,2.51466248321e-105
340.6,1,7.63335545216e-61,5.70375635291e-105,2.3446557585e-105
340.7,1,7.33404730373e-61,5.31814717371e-105,2.18614253903e-105
340.8,1,7.04647519567e-61,4.95860755812e-105,2.03834579283e-105
340.9,1,6.77017895125e-61,4.62337504254e-105,1.90054102007e-105
341,1,6.50471643753e-61,4.31080631678e-105,1.77205270159e-105
341.1,1,6.24966285786e-61,4.01936916858e-105,1.65225098751e-105
341.2,1,6.00461007209e-61,3.74763497271e-105,1.54054860969e-105
341.3,1,5.7691659435e-61,3.49427168782e-105,1.43639800295e-105
341.4,1,5.54295371123e-61,3.2580373268e-105,1.33928862087e-105
341.5,1,5.32561138746e-61,3.03777386854e-105,1.24874443317e-105
341.6,1,5.1167911781e-61,2.8324015813e-105,1.16432159214e-105
341.7,1,4.91615892627e-61,2.6409137299e-105,1.08560625689e-105
341.8,1,4.72339357755e-61,2.46237164067e-105,1.01221256478e-105
341.9,1,4.53818666627e-61,2.29590010007e-105,9.43780739832e-106
342,1,4.36024182186e-61,2.14068306443e-105,8.79975329167e-106
342.1,1,4.18927429459e-61,1.99595965966e-105,8.20483558586e-106
342.2,1,4.02501049996e-61,1.86102045145e-105,7.65013799361e-106
342.3,1,3.86718758083e-61,1.73520396765e-105,7.13294138668e-106
342.4,1,3.71555298689e-61,1.61789345572e-105,6.6507104667e-106
342.5,1,3.56986407041e-61,1.50851385938e-105,6.20108133715e-106
342.6,1,3.42988769806e-61,1.40652899973e-105,5.7818499155e-106
342.7,1,3.29539987778e-61,1.31143894687e-105,5.39096112884e-106
342.8,1,3.16618540035e-61,1.22277756925e-105,5.02649883989e-106
342.9,1,3.04203749506e-61,1.14011024869e-105,4.68667645409e-106
343,1,2.92275749876e-61,1.06303174989e-105,4.3698281617e-106
343.1,1,2.80815453801e-61,9.9116423396e-106,4.07440077202e-106
343.2,1,2.69804522363e-61,9.24155406257e-106,3.79894609966e-106
343.3,1,2.59225335722e-61,8.61676789428e-106,3.54211386548e-106
343.4,1,2.49060964922e-61,8.03422113221e-106,3.30264507758e-106
343.5,1,2.39295144802e-61,7.49105813144e-106,3.07936585969e-106
343.6,1,2.29912247966e-61,6.98461630632e-106,2.8711816968e-106
343.7,1,2.20897259778e-61,6.51241307843e-106,2.67707206993e-106
343.8,1,2.12235754332e-61,6.07213370702e-106,2.49608545345e-106
343.9,1,2.03913871373e-61,5.66161994207e-106,2.32733465076e-106
344,1,1.95918294112e-61,5.27885944465e-106,2.16999244522e-106
344.1,1,1.88236227919e-61,4.92197592235e-106,2.02328754517e-106
344.2,1,1.80855379851e-61,4.58921993173e-106,1.88650080301e-106
344.3,1,1.73763938975e-61,4.27896030254e-106,1.75896168998e-106
344.4,1,1.66950557472e-61,3.98967614172e-106,1.64004500919e-106
344.5,1,1.6040433248e-61,3.71994937797e-106,1.52916783094e-106
344.6,1,1.54114788641e-61,3.46845781039e-106,1.42578663517e-106
344.7,1,1.48071861344e-61,3.23396862701e-106,1.32939464714e-106
344.8,1,1.42265880615e-61,3.0153323616e-106,1.23951935321e-106
344.9,1,1.36687555646e-61,2.81147725892e-106,1.15572018459e-106
345,1,1.31327959928e-61,2.62140402103e-106,1.07758635765e-106
345.1,1,1.26178516965e-61,2.44418090869e-106,1.00473486029e-106
345.2,1,1.21230986548e-61,2.278939174e-106,9.3680857438e-107
345.3,1,1.16477451573e-61,2.12486880178e-106,8.73474525188e-107
345.4,1,1.11910305371e-61,1.98121453889e-106,8.14422249132e-107
345.5,1,1.07522239532e-61,1.84727219197e-106,7.59362271885e-107
345.6,1,1.03306232217e-61,1.72238517548e-106,7.08024689377e-107
345.7,1,9.92555369125e-62,1.60594129312e-106,6.60157844716e-107
345.8,1,9.53636716429e-62,1.49736973684e-106,6.15527094577e-107
345.9,1,9.16244085933e-62,1.39613828875e-106,5.73913658969e-107
346,1,8.80317641451e-62,1.30175071216e-106,5.35113548783e-107
346.1,1,8.45799893005e-62,1.21374431908e-106,4.98936565834e-107
346.2,1,8.12635604836e-62,1.13168770206e-106,4.65205370509e-107
346.3,1,7.80771707005e-62,1.05517861946e-106,4.33754612451e-107
346.4,1,7.5015721048e-62,9.83842023686e-107,4.04430120005e-107
346.5,1,7.20743125533e-62,9.1732822265e-107,3.77088144477e-107
346.6,1,6.92482383354e-62,8.55311165625e-107,3.51594655471e-107
346.7,1,6.65329760725e-62,7.97486844927e-107,3.27824683873e-107
346.8,1,6.39241807659e-62,7.43571805667e-107,3.05661709257e-107
346.9,1,6.14176777863e-62,6.93301756261e-107,2.84997088693e-107
347,1,5.90094561944e-62,6.46430272869e-107,2.65729524189e-107
347.1,1,5.66956623217e-62,6.02727591424e-107,2.47764566121e-107
347.2,1,5.44725936044e-62,5.61979481331e-107,2.31014150243e-107
347.3,1,5.23366926584e-62,5.23986195308e-107,2.15396165998e-107
347.4,1,5.02845415863e-62,4.88561490222e-107,2.00834054008e-107
347.5,1,4.83128565088e-62,4.55531714127e-107,1.87256430784e-107
347.6,1,4.64184823089e-62,4.24734955024e-107,1.74596738801e-107
347.7,1,4.45983875839e-62,3.96020247163e-107,1.62792920234e-107
347.8,1,4.28496597938e-62,3.69246831013e-107,1.51787112751e-107
347.9,1,4.11695006012e-62,3.44283463257e-107,1.4152536587e-107
348,1,3.95552213928e-62,3.21007773437e-107,1.31957376498e-107
348.1,1,3.80042389775e-62,2.99305664095e-107,1.23036242338e-107
348.2,1,3.65140714526e-62,2.79070751465e-107,1.1471823198e-107
348.3,1,3.50823342321e-62,2.60203843983e-107,1.06962570529e-107
348.4,1,3.37067362311e-62,2.42612456046e-107,9.97312397226e-108
348.5,1,3.23850761991e-62,2.2621035465e-107,9.29887915691e-108
348.6,1,3.11152391982e-62,2.10917136675e-107,8.67021745796e-108
348.7,1,2.98951932184e-62,1.96657834748e-107,8.08405717506e-108
348.8,1,2.87229859256e-62,1.83362549755e-107,7.5375249498e-108
348.9,1,2.75967415383e-62,1.70966108194e-107,7.02794168059e-108
349,1,2.6514657825e-62,1.59407742694e-107,6.55280938965e-108
349.1,1,2.5475003221e-62,1.48630794133e-107,6.10979897794e-108
349.2,1,2.44761140571e-62,1.38582433898e-107,5.69673880791e-108
349.3,1,2.35163918975e-62,1.29213404914e-107,5.31160405812e-108
349.4,1,2.25943009821e-62,1.20477780191e-107,4.95250679759e-108
349.5,1,2.17083657687e-62,1.12332737686e-107,4.61768673112e-108
349.6,1,2.08571685718e-62,1.04738350392e-107,4.30550257036e-108
349.7,1,2.00393472944e-62,9.76573906126e-108,4.0144239882e-108
349.8,1,1.9253593248e-62,9.10551474755e-108,3.74302411709e-108
349.9,1,1.84986490584e-62,8.48992567769e-108,3.48997255453e-108
350,1,1.77733066539e-62,7.91595423335e-108,3.25402884149e-108
350.1,1,1.70764053319e-62,7.38078680584e-108,3.03403638161e-108
350.2,1,1.64068299015e-62,6.88180000382e-108,2.82891677159e-108
350.3,1,1.57635088994e-62,6.4165477934e-108,2.63766451486e-108
350.4,1,1.51454128745e-62,5.9827495077e-108,2.45934209264e-108
350.5,1,1.45515527414e-62,5.57827866704e-108,2.29307536822e-108
350.6,1,1.39809781972e-62,5.20115255487e-108,2.13804930191e-108
350.7,1,1.34327762009e-62,4.84952249855e-108,1.99350395576e-108
350.8,1,1.29060695123e-62,4.52166480715e-108,1.85873076831e-108
350.9,1,1.24000152884e-62,4.21597232188e-108,1.73306908124e-108
351,1,1.19138037344e-62,3.93094653782e-108,1.61590290082e-108
351.1,1,1.14466568082e-62,3.66519025825e-108,1.5066578783e-108
351.2,1,1.09978269749e-62,3.41740074558e-108,1.40479849444e-108
351.3,1,1.05665960111e-62,3.18636333532e-108,1.30982543443e-108
351.4,1,1.01522738553e-62,2.97094548183e-108,1.22127314022e-108
351.5,1,9.75419750353e-63,2.77009120654e-108,1.13870752836e-108
351.6,1,9.37172994879e-63,2.58281592156e-108,1.06172386212e-108
351.7,1,9.00425916139e-63,2.40820160322e-108,9.89944767492e-109
351.8,1,8.65119710966e-63,2.24539229193e-108,9.23018383259e-109
351.9,1,8.31197881898e-63,2.09358989627e-108,8.60616636212e-109
352,1,7.98606146774e-63,1.9520502807e-108,8.02433632913e-109
352.1,1,7.67292351862e-63,1.82007961787e-108,7.48184160214e-109
352.2,1,7.37206388412e-63,1.69703098744e-108,6.97602287136e-109
352.3,1,7.08300112462e-63,1.58230120488e-108,6.50440061279e-109
352.4,1,6.80527267804e-63,1.47532786466e-108,6.06466293357e-109
352.5,1,6.53843411961e-63,1.37558658335e-108,5.65465423908e-109
352.6,1,6.28205845072e-63,1.28258842906e-108,5.27236466623e-109
352.7,1,6.03573541559e-63,1.19587752474e-108,4.91592023109e-109
352.8,1,5.79907084481e-63,1.11502881344e-108,4.58357364262e-109
352.9,1,5.57168602459e-63,1.03964597467e-108,4.27369573747e-109
353,1,5.3532170907e-63,9.69359481671e-109,3.98476749378e-109
353.1,1,5.14331444624e-63,9.03824789978e-109,3.71537258497e-109
353.2,1,4.94164220218e-63,8.42720648455e-109,3.46419043688e-109
353.3,1,4.74787763993e-63,7.85747524527e-109,3.22998975433e-109
353.4,1,4.56171069483e-63,7.32626135877e-109,3.0116224853e-109
353.5,1,4.38284346006e-63,6.83096081394e-109,2.80801819319e-109
353.6,1,4.21098970989e-63,6.36914564695e-109,2.61817880951e-109
353.7,1,4.04587444164e-63,5.9385520393e-109,2.4411737414e-109
353.8,1,3.88723343566e-63,5.53706922064e-109,2.2761353098e-109
353.9,1,3.7348128325e-63,5.16272912173e-109,2.12225449613e-109
354,1,3.58836872668e-63,4.81369672695e-109,1.97877697647e-109
354.1,1,3.44766677638e-63,4.48826107912e-109,1.84499942383e-109
354.2,1,3.31248182846e-63,4.1848268923e-109,1.72026606051e-109
354.3,1,3.18259755817e-63,3.90190673176e-109,1.60396544342e-109
354.4,1,3.05780612296e-63,3.63811372255e-109,1.49552746679e-109
354.5,1,2.93790782992e-63,3.39215475103e-109,1.39442056754e-109
354.6,1,2.82271081619e-63,3.16282412603e-109,1.30014911952e-109
354.7,1,2.71203074198e-63,2.94899766856e-109,1.212251004e-109
354.8,1,2.60569049555e-63,2.74962720109e-109,1.13029534431e-109
354.9,1,2.50351990982e-63,2.56373540934e-109,1.0538803937e-109
355,1,2.40535549006e-63,2.39041105155e-109,9.82631566008e-110
355.1,1,2.31104015226e-63,2.2288044915e-109,9.16199599392e-110
355.2,1,2.22042297175e-63,2.07812353366e-109,8.54258844274e-110
355.3,1,2.13335894171e-63,1.93762953979e-109,7.96505667002e-110
355.4,1,2.04970874111e-63,1.80663380817e-109,7.42656961434e-110
355.5,1,1.9693385118e-63,1.68449419757e-109,6.92448761152e-110
355.6,1,1.89211964425e-63,1.57061197948e-109,6.45634945501e-110
355.7,1,1.81792857181e-63,1.46442890314e-109,6.01986033101e-110
355.8,1,1.74664657293e-63,1.36542445898e-109,5.61288056934e-110
355.9,1,1.6781595812e-63,1.27311332711e-109,5.23341515473e-110
356,1,1.61235800283e-63,1.18704299824e-109,4.87960394728e-110
356.1,1,1.54913654125e-63,1.10679155552e-109,4.54971256404e-110
356.2,1,1.48839402864e-63,1.03196560629e-109,4.24212387706e-110
356.3,1,1.43003326402e-63,9.62198353663e-110,3.95533008626e-110
356.4,1,1.3739608577e-63,8.9714779848e-110,3.68792532812e-110
356.5,1,1.32008708189e-63,8.36495062847e-110,3.43859878422e-110
356.6,1,1.26832572704e-63,7.79942826981e-110,3.20612825554e-110
356.7,1,1.21859396395e-63,7.27213871758e-110,2.9893741713e-110
356.8,1,1.17081221118e-63,6.78049719778e-110,2.78727400271e-110
356.9,1,1.12490400773e-63,6.32209368311e-110,2.59883705451e-110
357,1,1.08079589069e-63,5.89468107901e-110,2.42313960858e-110
357.1,1,1.03841727765e-63,5.49616420839e-110,2.25932039581e-110
357.2,1,9.977003538e-64,5.1245895411e-110,2.10657637424e-110
357.3,1,9.58579963369e-64,4.77813561768e-110,1.96415879251e-110
357.4,1,9.20993505388e-64,4.4551041206e-110,1.83136951945e-110
357.5,1,8.84880833505e-64,4.1539115491e-110,1.7075576219e-110
357.6,1,8.5018415974e-64,3.87308145682e-110,1.5921161738e-110
357.7,1,8.16847962013e-64,3.61123721433e-110,1.48447928102e-110
357.8,1,7.84818895295e-64,3.36709526086e-110,1.38411930741e-110
357.9,1,7.54045706247e-64,3.13945881227e-110,1.29054428824e-110
358,1,7.244791512e-64,2.92721199441e-110,1.20329551867e-110
358.1,1,6.96071917359e-64,2.72931437315e-110,1.12194530513e-110
358.2,1,6.68778547089e-64,2.54479585411e-110,1.04609486878e-110
358.3,1,6.42555365175e-64,2.3727519273e-110,9.75372390685e-111
358.4,1,6.17360408931e-64,2.21233923318e-110,9.09431189183e-111
358.5,1,5.93153361052e-64,2.06277142856e-110,8.47948020425e-111
358.6,1,5.69895485096e-64,1.92331533187e-110,7.90621493847e-111
358.7,1,5.47549563501e-64,1.79328732917e-110,7.37170594749e-111
358.8,1,5.26079838024e-64,1.67205002303e-110,6.87333306761e-111
358.9,1,5.05451952525e-64,1.55900910805e-110,6.4086532744e-111
359,1,4.85632897985e-64,1.45361045753e-110,5.97538870698e-111
359.1,1,4.66590959689e-64,1.35533740715e-110,5.57141550193e-111
359.2,1,4.48295666473e-64,1.26370822232e-110,5.19475338214e-111
359.3,1,4.30717741965e-64,1.17827373665e-110,4.84355594945e-111
359.4,1,4.13829057736e-64,1.09861515022e-110,4.51610163364e-111
359.5,1,3.97602588287e-64,1.02434197652e-110,4.21078525328e-111
359.6,1,3.82012367806e-64,9.55090128377e-111,3.92611014711e-111
359.7,1,3.67033448613e-64,8.90520133153e-111,3.66068083744e-111
359.8,1,3.52641861243e-64,8.30315468655e-111,3.41319618949e-111
359.9,1,3.38814576086e-64,7.74181011547e-111,3.18244303321e-111
360,1,3.25529466534e-64,7.21841590656e-111,2.96729021637e-111
360.1,1,3.12765273579e-64,6.7304063808e-111,2.76668305961e-111
360.2,1,3.00501571788e-64,6.27538931492e-111,2.57963818643e-111
360.3,1,2.88718736623e-64,5.85113421474e-111,2.40523870262e-111
360.4,1,2.77397913032e-64,5.45556138127e-111,2.24262970173e-111
360.5,1,2.66520985284e-64,5.08673171602e-111,2.09101407423e-111
360.6,1,2.56070547974e-64,4.74283721555e-111,1.94964860015e-111
360.7,1,2.46029878171e-64,4.4221921086e-111,1.81784030577e-111
360.8,1,2.36382908663e-64,4.1232245925e-111,1.69494306668e-111
360.9,1,2.27114202239e-64,3.84446912814e-111,1.58035444047e-111
361,1,2.18208926993e-64,3.5845592559e-111,1.47351271355e-111
361.1,1,2.09652832584e-64,3.34222089729e-111,1.37389414767e-111
361.2,1,2.01432227435e-64,3.1162661094e-111,1.2810104125e-111
361.3,1,1.93533956824e-64,2.90558726159e-111,1.19440619185e-111
361.4,1,1.85945381834e-64,2.70915160591e-111,1.11365695174e-111
361.5,1,1.78654359126e-64,2.52599621454e-111,1.0383668593e-111
361.6,1,1.71649221506e-64,2.35522325955e-111,9.68166842406e-112
361.7,1,1.64918759262e-64,2.19599561171e-111,9.02712780499e-112
361.8,1,1.58452202217e-64,2.0475327369e-111,8.41683817688e-112
361.9,1,1.52239202501e-64,1.90910686994e-111,7.84780789928e-112
362,1,1.46269817988e-64,1.78003944708e-111,7.31724758511e-112
362.1,1,1.40534496389e-64,1.65969777964e-111,6.82255642709e-112
362.2,1,1.35024059967e-64,1.54749195265e-111,6.36130944859e-112
362.3,1,1.29729690848e-64,1.44287193301e-111,5.93124561638e-112
362.4,1,1.24642916911e-64,1.34532487326e-111,5.53025675706e-112
362.5,1,1.19755598234e-64,1.25437259759e-111,5.15637722279e-112
362.6,1,1.15059914062e-64,1.16956925786e-111,4.80777425564e-112
362.7,1,1.10548350301e-64,1.09049914798e-111,4.48273900347e-112
362.8,1,1.06213687485e-64,1.01677466619e-111,4.17967814309e-112
362.9,1,1.02048989229e-64,9.48034414993e-112,3.89710606982e-112
363,1,9.80475911271e-65,8.83941429599e-112,3.63363761502e-112
363.1,1,9.42030900893e-65,8.24181526118e-112,3.38798125603e-112
363.2,1,9.05093340933e-65,7.68461761434e-112,3.15893278508e-112
363.3,1,8.69604123416e-65,7.16508997197e-112,2.94536940631e-112
363.4,1,8.35506458021e-65,6.68068560894e-112,2.74624423179e-112
363.5,1,8.0274578121e-65,6.22902997452e-112,2.56058114968e-112
363.6,1,7.71269668911e-65,5.80790905226e-112,2.38747003933e-112
363.7,1,7.41027752628e-65,5.41525850691e-112,2.22606230989e-112
363.8,1,7.11971638844e-65,5.04915356504e-112,2.07556674047e-112
363.9,1,6.84054831577e-65,4.70779957981e-112,1.93524560161e-112
364,1,6.57232657981e-65,4.38952323358e-112,1.80441103895e-112
364.1,1,6.31462196854e-65,4.09276433532e-112,1.68242170129e-112
364.2,1,6.06702209961e-65,3.81606817259e-112,1.56867959676e-112
364.3,1,5.82913076041e-65,3.55807838047e-112,1.46262716143e-112
364.4,1,5.60056727404e-65,3.3175302927e-112,1.36374452615e-112
364.5,1,5.38096589016e-65,3.09324474227e-112,1.27154696811e-112
364.6,1,5.16997519971e-65,2.88412228115e-112,1.18558253479e-112
364.7,1,4.96725757256e-65,2.6891377908e-112,1.10542982843e-112
364.8,1,4.77248861726e-65,2.50733545702e-112,1.03069594037e-112
364.9,1,4.58535666194e-65,2.33782408456e-112,9.61014525002e-113
365,1,4.40556225554e-65,2.17977272848e-112,8.96044003953e-113
365.1,1,4.23281768865e-65,2.03240662083e-112,8.35465891651e-113
365.2,1,4.06684653312e-65,1.8950033728e-112,7.78983234119e-113
365.3,1,3.90738319967e-65,1.7668894335e-112,7.26319153304e-113
365.4,1,3.75417251297e-65,1.64743678826e-112,6.77215489821e-113
365.5,1,3.60696930321e-65,1.53605988006e-112,6.31431537454e-113
365.6,1,3.46553801387e-65,1.43221273918e-112,5.88742863217e-113
365.7,1,3.32965232471e-65,1.3353863068e-112,5.48940207178e-113
365.8,1,3.19909478963e-65,1.24510593965e-112,5.11828456671e-113
365.9,1,3.07365648873e-65,1.16092908326e-112,4.77225689853e-113
366,1,2.95313669395e-65,1.08244310258e-112,4.4496228392e-113
366.1,1,2.83734254792e-65,1.00926325925e-112,4.14880083619e-113
366.2,1,2.7260887553e-65,9.41030825582e-113,3.86831625969e-113
366.3,1,2.61919728628e-65,8.77411326115e-113,3.60679417398e-113
366.4,1,2.51649709172e-65,8.18092897986e-113,3.3629525975e-113
366.5,1,2.41782382938e-65,7.62784762193e-113,3.13559621855e-113
366.6,1,2.323019601e-65,7.11215798188e-113,2.9236105359e-113
366.7,1,2.23193269959e-65,6.63133214851e-113,2.72595639549e-113
366.8,1,2.14441736666e-65,6.18301311302e-113,2.54166489649e-113
366.9,1,2.06033355902e-65,5.76500321499e-113,2.36983264176e-113
367,1,1.97954672464e-65,5.3752533694e-113,2.20961730939e-113
367.1,1,1.90192758734e-65,5.01185302206e-113,2.06023352364e-113
367.2,1,1.82735193995e-65,4.67302078405e-113,1.92094900501e-113
367.3,1,1.75570044552e-65,4.35709569935e-113,1.79108098062e-113
367.4,1,1.68685844637e-65,4.06252910282e-113,1.66999283729e-113
367.5,1,1.62071578062e-65,3.78787702866e-113,1.55709100078e-113
367.6,1,1.55716660589e-65,3.53179313209e-113,1.45182202616e-113
367.7,1,1.49610922994e-65,3.29302208955e-113,1.35366988479e-113
367.8,1,1.43744594794e-65,3.07039344512e-113,1.26215343478e-113
367.9,1,1.38108288613e-65,2.86281587291e-113,1.17682406236e-113
368,1,1.32692985159e-65,2.66927182744e-113,1.09726348286e-113
368.1,1,1.27490018791e-65,2.48881255555e-113,1.02308169023e-113
368.2,1,1.22491063651e-65,2.32055344571e-113,9.53915045232e-114
368.3,1,1.17688120347e-65,2.16366969154e-113,8.89424492891e-114
368.4,1,1.13073503143e-65,2.01739224871e-113,8.29293900445e-114
368.5,1,1.08639827668e-65,1.88100406503e-113,7.73228507662e-114
368.6,1,1.04379999094e-65,1.75383656545e-113,7.2095348192e-114
368.7,1,1.00287200789e-65,1.63526637476e-113,6.72212570983e-114
368.8,1,9.63548833998e-66,1.52471226172e-113,6.26766846849e-114
368.9,1,9.25767543813e-66,1.42163228997e-113,5.84393534524e-114
369,1,8.89467679206e-66,1.32552116135e-113,5.44884919984e-114
369.1,1,8.54591152648e-66,1.235907739e-113,5.08047331954e-114
369.2,1,8.21082154257e-66,1.15235273782e-113,4.73700192534e-114
369.3,1,7.88887062487e-66,1.07444657109e-113,4.41675132008e-114
369.4,1,7.57954358321e-66,1.00180734271e-113,4.11815163491e-114
369.5,1,7.28234542835e-66,9.34078975079e-114,3.83973913383e-114
369.6,1,6.99680057982e-66,8.70929463669e-114,3.58014903844e-114
369.7,1,6.72245210494e-66,8.120492495e-114,3.33810883779e-114
369.8,1,6.45886098764e-66,7.57149701694e-114,3.11243205053e-114
369.9,1,6.20560542588e-66,7.05961702604e-114,2.9020124088e-114
370,1,5.96228015673e-66,6.58234328599e-114,2.70581843526e-114
370.1,1,5.72849580785e-66,6.13733620037e-114,2.52288838682e-114
370.2,1,5.50387827441e-66,5.72241434391e-114,2.35232554019e-114
370.3,1,5.28806812044e-66,5.33554376921e-114,2.19329379608e-114
370.4,1,5.08072000363e-66,4.97482803626e-114,2.04501358071e-114
370.5,1,4.88150212278e-66,4.63849891611e-114,1.90675802428e-114
370.6,1,4.69009568677e-66,4.32490772303e-114,1.7778493979e-114
370.7,1,4.50619440446e-66,4.03251723262e-114,1.65765579132e-114
370.8,1,4.32950399457e-66,3.75989414637e-114,1.54558801536e-114
370.9,1,4.15974171476e-66,3.50570206558e-114,1.44109671365e-114
371,1,3.99663590914e-66,3.26869494038e-114,1.34366966969e-114
371.1,1,3.83992557364e-66,3.04771096157e-114,1.25282929602e-114
371.2,1,3.68935993828e-66,2.84166686543e-114,1.16813029301e-114
371.3,1,3.54469806593e-66,2.64955262357e-114,1.08915746605e-114
371.4,1,3.40570846673e-66,2.47042649173e-114,1.01552369025e-114
371.5,1,3.27216872767e-66,2.30341039343e-114,9.46868012757e-115
371.6,1,3.14386515667e-66,2.14768561554e-114,8.82853883362e-115
371.7,1,3.02059244065e-66,2.00248879503e-114,8.23167504728e-115
371.8,1,2.90215331696e-66,1.86710817692e-114,7.67516294157e-115
371.9,1,2.78835825773e-66,1.74088012526e-114,7.1562744935e-115
372,1,2.6790251666e-66,1.62318586999e-114,6.6724661113e-115
372.1,1,2.5739790873e-66,1.51344847374e-114,6.22136616572e-115
372.2,1,2.47305192367e-66,1.41113000367e-114,5.80076336429e-115
372.3,1,2.37608217074e-66,1.3157288945e-114,5.40859591161e-115
372.4,1,2.28291465621e-66,1.22677748991e-114,5.04294140236e-115
372.5,1,2.19340029217e-66,1.14383974999e-114,4.70200739772e-115
372.6,1,2.10739583655e-66,1.06650911386e-114,4.38412263879e-115
372.7,1,2.02476366387e-66,9.94406506634e-115,4.08772885412e-115
372.8,1,1.94537154503e-66,9.27178481262e-115,3.81137312104e-115
372.9,1,1.86909243569e-66,8.64495485879e-115,3.55370074342e-115
373,1,1.79580427301e-66,8.06050248372e-115,3.31344861096e-115
373.1,1,1.72538978029e-66,7.51556270116e-115,3.08943900744e-115
373.2,1,1.65773627933e-66,7.00746421569e-115,2.88057383752e-115
373.3,1,1.59273551008e-66,6.53371632793e-115,2.68582924389e-115
373.4,1,1.53028345745e-66,6.09199672519e-115,2.50425058833e-115
373.5,1,1.47028018482e-66,5.68014009746e-115,2.33494777206e-115
373.6,1,1.41262967417e-66,5.29612752308e-115,2.17709087247e-115
373.7,1,1.35723967238e-66,4.93807657196e-115,2.02990607487e-115
373.8,1,1.30402154362e-66,4.60423207793e-115,1.8926718792e-115
373.9,1,1.25289012754e-66,4.29295753488e-115,1.76471556328e-115
374,1,1.20376360296e-66,4.00272707464e-115,1.6454098851e-115
374.1,1,1.15656335696e-66,3.73211798717e-115,1.53417000808e-115
374.2,1,1.11121385907e-66,3.47980374641e-115,1.43045063422e-115
374.3,1,1.06764254044e-66,3.24454750764e-115,1.33374333103e-115
374.4,1,1.02577967764e-66,3.02519604452e-115,1.24357403919e-115
374.5,1,9.85558281177e-67,2.82067409592e-115,1.15950074874e-115
374.6,1,9.46913988224e-67,2.629979095e-115,1.0811113323e-115
374.7,1,9.09784959671e-67,2.45217625467e-115,1.00802152487e-115
374.8,1,8.74111781152e-67,2.28639398518e-115,9.39873040124e-116
374.9,1,8.39837367969e-67,2.13181962165e-115,8.76331814109e-116
375,1,8.0690687375e-67,1.98769544038e-115,8.17086367663e-116
375.1,1,7.75267602679e-67,1.85331494447e-115,7.6184627954e-116
375.2,1,7.44868925171e-67,1.72801940057e-115,7.10340762762e-116
375.3,1,7.15662196857e-67,1.61119460977e-115,6.62317337228e-116
375.4,1,6.87600680741e-67,1.50226789682e-115,6.17540592049e-116
375.5,1,6.6063947241e-67,1.40070530284e-115,5.75791031568e-116
375.6,1,6.34735428178e-67,1.30600896788e-115,5.36863999392e-116
375.7,1,6.0984709605e-67,1.21771469039e-115,5.00568675164e-116
375.8,1,5.85934649382e-67,1.13538965173e-115,4.66727139162e-116
375.9,1,5.6295982316e-67,1.05863029446e-115,4.35173500138e-116
376,1,5.40885852759e-67,9.87060344122e-116,4.05753082116e-116
376.1,1,5.19677415118e-67,9.20328964735e-116,3.78321666173e-116
376.2,1,4.99300572211e-67,8.58109039e-116,3.52744783477e-116
376.3,1,4.79722716743e-67,8.0009556477e-116,3.28897056118e-116
376.4,1,4.60912519969e-67,7.46004159927e-116,3.0666158251e-116
376.5,1,4.42839881559e-67,6.95569668341e-116,2.85929364336e-116
376.6,1,4.25475881437e-67,6.48544860076e-116,2.66598772237e-116
376.7,1,4.08792733499e-67,6.04699219468e-116,2.48575047628e-116
376.8,1,3.92763741148e-67,5.63817815134e-116,2.31769838192e-116
376.9,1,3.77363254577e-67,5.25700246385e-116,2.16100764771e-116
377,1,3.62566629722e-67,4.90159660853e-116,2.0149101755e-116
377.1,1,3.48350188826e-67,4.57021838547e-116,1.8786897953e-116
377.2,1,3.34691182551e-67,4.26124337824e-116,1.75167875466e-116
377.3,1,3.21567753572e-67,3.97315699099e-116,1.63325444531e-116
377.4,1,3.08958901604e-67,3.70454702392e-116,1.52283635114e-116
377.5,1,2.96844449793e-67,3.45409675066e-116,1.41988320253e-116
377.6,1,2.85205012432e-67,3.22057846368e-116,1.32389032303e-116
377.7,1,2.74021963938e-67,3.00284745606e-116,1.23438715543e-116
377.8,1,2.63277409048e-67,2.79983641016e-116,1.1509349551e-116
377.9,1,2.52954154181e-67,2.61055016558e-116,1.07312463925e-116
378,1,2.43035679926e-67,2.43406084094e-116,1.00057478163e-116
378.1,1,2.3350611461e-67,2.26950328537e-116,9.32929742742e-117
378.2,1,2.24350208895e-67,2.11607083754e-116,8.69857926541e-117
378.3,1,2.15553311378e-67,1.97301137141e-116,8.11050154904e-117
378.4,1,2.07101345147e-67,1.83962360931e-116,7.56218152067e-117
378.5,1,1.98980785251e-67,1.71525368428e-116,7.05093131489e-117
378.6,1,1.91178637063e-67,1.59929193479e-116,6.57424478259e-117
378.7,1,1.83682415482e-67,1.49116991623e-116,6.12978520585e-117
378.8,1,1.76480124953e-67,1.39035761432e-116,5.71537384329e-117
378.9,1,1.69560240275e-67,1.29636084706e-116,5.32897924994e-117
379,1,1.62911688157e-67,1.20871884216e-116,4.96870731906e-117
379.1,1,1.56523829495e-67,1.12700197844e-116,4.63279199722e-117
379.2,1,1.50386442355e-67,1.05080967972e-116,4.31958662713e-117
379.3,1,1.44489705606e-67,9.7976845127e-117,4.02755587569e-117
379.4,1,1.38824183213e-67,9.13530048904e-117,3.75526820782e-117
379.5,1,1.3338080913e-67,8.51769771898e-117,3.50138886907e-117
379.6,1,1.28150872798e-67,7.94184871301e-117,3.26467334261e-117
379.7,1,1.23126005202e-67,7.40493065865e-117,3.04396124867e-117
379.8,1,1.18298165483e-67,6.90431158297e-117,2.83817065629e-117
379.9,1,1.13659628067e-67,6.43753745067e-117,2.64629277977e-117
380,1,1.09202970305e-67,6.00232013443e-117,2.46738703352e-117
380.1,1,1.04921060593e-67,5.59652619845e-117,2.30057642138e-117
380.2,1,1.00807046963e-67,5.21816644038e-117,2.14504323751e-117
380.3,1,9.68543461138e-68,4.86538614026e-117,2.00002505809e-117
380.4,1,9.30566328821e-68,4.53645596864e-117,1.86481100383e-117
380.5,1,8.94078301162e-68,4.22976350944e-117,1.73873825526e-117
380.6,1,8.59020989532e-68,3.94380535587e-117,1.62118880364e-117
380.7,1,8.25338294753e-68,3.67717974073e-117,1.51158642142e-117
380.8,1,7.92976317326e-68,3.42857966495e-117,1.40939383759e-117
380.9,1,7.61883271185e-68,3.19678649066e-117,1.31411010398e-117
381,1,7.32009400822e-68,2.98066396745e-117,1.22526813963e-117
381.1,1,7.0330690167e-68,2.77915266247e-117,1.14243244112e-117
381.2,1,6.75729843607e-68,2.59126476707e-117,1.06519694776e-117
381.3,1,6.49234097458e-68,2.41607925456e-117,9.93183051077e-118
381.4,1,6.23777264375e-68,2.25273736536e-117,9.26037738861e-118
381.5,1,5.99318607995e-68,2.10043839733e-117,8.63431864715e-118
381.6,1,5.75818989249e-68,1.95843578077e-117,8.05058534571e-118
381.7,1,5.53240803734e-68,1.82603341867e-117,7.50631602298e-118
381.8,1,5.31547921536e-68,1.70258227451e-117,6.9988426701e-118
381.9,1,5.10705629415e-68,1.58747719064e-117,6.5256776521e-118
382,1,4.90680575258e-68,1.4801539218e-117,6.08450151353e-118
382.1,1,4.71440714705e-68,1.3800863692e-117,5.67315160843e-118
382.2,1,4.52955259875e-68,1.28678400158e-117,5.2896114991e-118
382.3,1,4.35194630096e-68,1.19978945063e-117,4.93200107147e-118
382.4,1,4.18130404572e-68,1.11867626895e-117,4.59856731881e-118
382.5,1,4.01735276902e-68,1.04304683965e-117,4.28767574849e-118
382.6,1,3.85983011382e-68,9.72530427162e-118,3.99780236966e-118
382.7,1,3.70848401028e-68,9.06781359958e-118,3.72752622268e-118
382.8,1,3.56307227234e-68,8.45477336032e-118,3.47552241357e-118
382.9,1,3.4233622102e-68,7.88317842988e-118,3.24055561936e-118
383,1,3.28913025796e-68,7.35022684924e-118,3.02147403256e-118
383.1,1,3.16016161584e-68,6.85330608915e-118,2.81720371497e-118
383.2,1,3.03624990652e-68,6.38998024346e-118,2.62674333325e-118
383.3,1,2.91719684481e-68,5.95797808833e-118,2.44915925041e-118
383.4,1,2.80281192042e-68,5.5551819487e-118,2.28358094905e-118
383.5,1,2.69291209307e-68,5.17961731743e-118,2.12919676415e-118
383.6,1,2.58732149959e-68,4.82944317626e-118,1.98524990426e-118
383.7,1,2.4858711725e-68,4.50294297113e-118,1.8510347417e-118
383.8,1,2.38839876963e-68,4.19851619768e-118,1.7258933536e-118
383.9,1,2.29474831434e-68,3.9146705555e-118,1.60921229672e-118
384,1,2.20476994593e-68,3.65001463292e-118,1.50041960038e-118
384.1,1,2.11831967981e-68,3.4032510863e-118,1.39898196266e-118
384.2,1,2.03525917711e-68,3.17317028046e-118,1.30440213614e-118
384.3,1,1.95545552331e-68,2.95864435902e-118,1.21621649041e-118
384.4,1,1.87878101553e-68,2.75862171565e-118,1.13399273933e-118
384.5,1,1.8051129582e-68,2.57212183913e-118,1.05732782197e-118
384.6,1,1.73433346671e-68,2.39823050686e-118,9.85845926823e-119
384.7,1,1.66632927879e-68,2.23609530331e-118,9.19196649551e-119
384.8,1,1.60099157321e-68,2.08492144153e-118,8.57053275321e-119
384.9,1,1.53821579571e-68,1.94396786707e-118,7.9911117724e-119
385,1,1.47790149166e-68,1.81254362536e-118,7.45086323078e-119
385.1,1,1.41995214529e-68,1.69000447459e-118,6.94713882935e-119
385.2,1,1.3642750253e-68,1.57574972773e-118,6.47746931052e-119
385.3,1,1.31078103641e-68,1.46921930785e-118,6.03955235377e-119
385.4,1,1.25938457682e-68,1.36989100273e-118,5.63124128966e-119
385.5,1,1.21000340124e-68,1.27727790489e-118,5.25053457689e-119
385.6,1,1.16255848925e-68,1.19092602483e-118,4.8955659907e-119
385.7,1,1.11697391887e-68,1.11041206552e-118,4.56459547468e-119
385.8,1,1.07317674506e-68,1.03534134744e-118,4.25600061097e-119
385.9,1,1.031096883e-68,9.65345873844e-119,3.96826866719e-119
386,1,9.90666995925e-69,9.00082526846e-119,3.69998918102e-119
386.1,1,9.51822387401e-69,8.39231385437e-119,3.4498470461e-119
386.2,1,9.14500897764e-69,7.82494157254e-119,3.21661606541e-119
386.3,1,8.78642804667e-69,7.29592716337e-119,2.9991529404e-119
386.4,1,8.44190727511e-69,6.80267739762e-119,2.79639166659e-119
386.5,1,8.11089535623e-69,6.34277436436e-119,2.60733830797e-119
386.6,1,7.79286260034e-69,5.9139636184e-119,2.43106612476e-119
386.7,1,7.48730008717e-69,5.51414312895e-119,2.26671103051e-119
386.8,1,7.19371885152e-69,5.14135297552e-119,2.11346735636e-119
386.9,1,6.91164910077e-69,4.79376574034e-119,1.97058390165e-119
387,1,6.64063946315e-69,4.46967755037e-119,1.83736025151e-119
387.1,1,6.38025626541e-69,4.16749972495e-119,1.71314334345e-119
387.2,1,6.13008283889e-69,3.885750988e-119,1.59732426605e-119
387.3,1,5.88971885274e-69,3.62305020691e-119,1.48933527405e-119
387.4,1,5.65877967329e-69,3.37810962214e-119,1.38864700529e-119
387.5,1,5.43689574859e-69,3.14972853465e-119,1.29476588577e-119
387.6,1,5.22371201701e-69,2.9367874201e-119,1.20723171012e-119
387.7,1,5.01888733912e-69,2.73824244088e-119,1.12561538571e-119
387.8,1,4.82209395172e-69,2.55312032928e-119,1.04951682923e-119
387.9,1,4.63301694342e-69,2.3805136165e-119,9.7856300546e-120
388,1,4.45135375065e-69,2.21957618423e-119,9.12406098681e-120
388.1,1,4.27681367355e-69,2.06951911699e-119,8.50721807656e-120
388.2,1,4.10911741077e-69,1.92960683486e-119,7.93207755919e-120
388.3,1,3.94799661251e-69,1.79915348768e-119,7.39582009521e-120
388.4,1,3.79319345111e-69,1.67751959297e-119,6.89581694992e-120
388.5,1,3.64446020849e-69,1.56410890126e-119,6.42961710732e-120
388.6,1,3.50155887972e-69,1.4583654732e-119,5.99493525523e-120
388.7,1,3.36426079221e-69,1.35977095438e-119,5.58964058272e-120
388.8,1,3.23234623971e-69,1.26784203435e-119,5.21174633483e-120
388.9,1,3.1056041308e-69,1.18212807745e-119,4.85940007352e-120
389,1,2.98383165106e-69,1.10220891375e-119,4.53087459701e-120
389.1,1,2.86683393854e-69,1.02769277943e-119,4.22455947303e-120
389.2,1,2.75442377196e-69,9.58214396302e-120,3.93895314448e-120
389.3,1,2.64642127105e-69,8.93433181258e-120,3.67265556882e-120
389.4,1,2.54265360877e-69,8.33031576705e-120,3.42436135501e-120
389.5,1,2.44295473473e-69,7.76713493907e-120,3.19285336454e-120
389.6,1,2.34716510946e-69,7.24202861558e-120,2.97699674497e-120
389.7,1,2.25513144911e-69,6.75242272476e-120,2.7757333669e-120
389.8,1,2.16670648021e-69,6.29591721797e-120,2.588076637e-120
389.9,1,2.08174870393e-69,5.87027430468e-120,2.41310666179e-120
390,1,2.0001221697e-69,5.47340748284e-120,2.24996573823e-120
390.1,1,1.92169625766e-69,5.10337131084e-120,2.09785414933e-120
390.2,1,1.84634546962e-69,4.75835187092e-120,1.9560262439e-120
390.3,1,1.77394922824e-69,4.43665787739e-120,1.82378678139e-120
390.4,1,1.70439168409e-69,4.13671238592e-120,1.7004875238e-120
390.5,1,1.63756153025e-69,3.85704506336e-120,1.58552405802e-120
390.6,1,1.57335182422e-69,3.59628498018e-120,1.47833283301e-120
390.7,1,1.51165981679e-69,3.35315389015e-120,1.37838839726e-120
390.8,1,1.45238678756e-69,3.12645996437e-120,1.28520082304e-120
390.9,1,1.39543788705e-69,2.91509194897e-120,1.19831330474e-120
391,1,1.34072198487e-69,2.71801371768e-120,1.11729991965e-120
391.1,1,1.2881515239e-69,2.53425919279e-120,1.04176354007e-120
391.2,1,1.2376423802e-69,2.3629276094e-120,9.71333886565e-121
391.3,1,1.18911372834e-69,2.20317909989e-120,9.05665712899e-121
391.4,1,1.14248791214e-69,2.05423057689e-120,8.44437113609e-121
391.5,1,1.09769032034e-69,1.91535189455e-120,7.8734794603e-121
391.6,1,1.05464926725e-69,1.78586226943e-120,7.34118358995e-121
391.7,1,1.01329587798e-69,1.66512694322e-120,6.84487421007e-121
391.8,1,9.73563978299e-70,1.55255407122e-120,6.38211841151e-121
391.9,1,9.35389988689e-70,1.44759182108e-120,5.95064776481e-121
392,1,8.98712822621e-70,1.34972566772e-120,5.54834720036e-121
392.1,1,8.63473788805e-70,1.25847587115e-120,5.17324464031e-121
392.2,1,8.29616497269e-70,1.17339512477e-120,4.82350133149e-121
392.3,1,7.97086769123e-70,1.09406636264e-120,4.4974028318e-121
392.4,1,7.65832549861e-70,1.0201007151e-120,4.193350606e-121
392.5,1,7.35803826066e-70,9.51135602438e-121,3.90985418974e-121
392.6,1,7.06952545372e-70,8.86832957607e-121,3.64552388325e-121
392.7,1,6.79232539575e-70,8.26877568963e-121,3.39906393907e-121
392.8,1,6.52599450753e-70,7.70975535121e-121,3.16926621026e-121
392.9,1,6.2701066028e-70,7.18852824247e-121,2.95500422809e-121
393,1,6.02425220633e-70,6.7025393075e-121,2.75522768007e-121
393.1,1,5.78803789863e-70,6.249406228e-121,2.56895726133e-121
393.2,1,5.56108568642e-70,5.82690774508e-121,2.39527987407e-121
393.3,1,5.34303239773e-70,5.43297277068e-121,2.23334415153e-121
393.4,1,5.13352910079e-70,5.06567023511e-121,2.08235628462e-121
393.5,1,4.93224054562e-70,4.7231996209e-121,1.94157613062e-121
393.6,1,4.73884462759e-70,4.40388213672e-121,1.81031358507e-121
393.7,1,4.55303187197e-70,4.10615248788e-121,1.68792519881e-121
393.8,1,4.37450493872e-70,3.82855120329e-121,1.57381102384e-121
393.9,1,4.20297814664e-70,3.56971748115e-121,1.46741167233e-121
394,1,4.03817701628e-70,3.32838251824e-121,1.36820557454e-121
394.1,1,3.87983783067e-70,3.10336329029e-121,1.27570642206e-121
394.2,1,3.72770721333e-70,2.8935567528e-121,1.18946078395e-121
394.3,1,3.58154172282e-70,2.69793443386e-121,1.10904588398e-121
394.4,1,3.44110746317e-70,2.51553739264e-121,1.03406752821e-121
394.5,1,3.3061797096e-70,2.34547151865e-121,9.64158172672e-122
394.6,1,3.17654254893e-70,2.18690314875e-121,8.98975121612e-122
394.7,1,3.05198853403e-70,2.03905498063e-121,8.38198847642e-122
394.8,1,2.93231835191e-70,1.90120226239e-121,7.81531425395e-122
394.9,1,2.81734050474e-70,1.77266923985e-121,7.28695071101e-122
395,1,2.70687100345e-70,1.65282584398e-121,6.79430780892e-122
395.1,1,2.60073307327e-70,1.54108460231e-121,6.33497061158e-122
395.2,1,2.49875687085e-70,1.43689775914e-121,5.90668744753e-122
395.3,1,2.40077921252e-70,1.33975459047e-121,5.5073588722e-122
395.4,1,2.30664331313e-70,1.24917890034e-121,5.13502737645e-122
395.5,1,2.21619853514e-70,1.16472668664e-121,4.78786779086e-122
395.6,1,2.12930014763e-70,1.0859839645e-121,4.46417833873e-122
395.7,1,2.04580909463e-70,1.01256473702e-121,4.162372294e-122
395.8,1,1.96559177264e-70,9.44109103053e-122,3.88097020308e-122
395.9,1,1.88851981684e-70,8.80281493005e-122,3.61859263259e-122
396,1,1.81446989565e-70,8.20769023857e-122,3.37395340739e-122
396.1,1,1.7433235134e-70,7.65279965415e-122,3.14585330571e-122
396.2,1,1.6749668207e-70,7.13542310252e-122,2.93317418058e-122
396.3,1,1.60929043226e-70,6.65302440321e-122,2.73487347868e-122
396.4,1,1.54618925184e-70,6.20323883725e-122,2.54997912975e-122
396.5,1,1.4855623041e-70,5.78386155526e-122,2.37758478147e-122
396.6,1,1.42731257299e-70,5.39283676932e-122,2.21684535655e-122
396.7,1,1.37134684649e-70,5.02824767549e-122,2.06697291014e-122
396.8,1,1.31757556753e-70,4.68830705759e-122,1.92723276733e-122
396.9,1,1.26591269056e-70,4.37134852632e-122,1.79693992178e-122
397,1,1.21627554398e-70,4.0758183506e-122,1.67545567781e-122
397.1,1,1.16858469776e-70,3.80026784117e-122,1.56218451952e-122
397.2,1,1.12276383636e-70,3.5433462491e-122,1.45657119155e-122
397.3,1,1.07873963664e-70,3.30379414445e-122,1.35809797726e-122
397.4,1,1.03644165048e-70,3.08043724253e-122,1.26628216083e-122
397.5,1,9.95802192076e-71,2.87218064755e-122,1.18067366101e-122
397.6,1,9.56756229632e-71,2.67800348543e-122,1.10085282486e-122
397.7,1,9.19241281273e-71,2.4969538995e-122,1.02642837052e-122
397.8,1,8.8319731508e-71,2.32814438449e-122,9.57035469253e-123
397.9,1,8.48566653017e-71,2.17074743595e-122,8.92333956964e-123
398,1,8.15293878636e-71,2.02399149386e-122,8.32006666766e-123
398.1,1,7.83325748399e-71,1.88715716042e-122,7.75757874215e-123
398.2,1,7.52611106478e-71,1.75957367357e-122,7.23311847662e-123
398.3,1,7.23100802893e-71,1.64061561891e-122,6.74411496626e-123
398.4,1,6.94747614862e-71,1.52969986391e-122,6.28817111528e-123
398.5,1,6.67506171236e-71,1.42628269943e-122,5.86305188641e-123
398.6,1,6.41332879892e-71,1.32985717439e-122,5.46667334468e-123
398.7,1,6.16185857982e-71,1.23995061076e-122,5.09709244204e-123
398.8,1,5.92024864904e-71,1.15612228646e-122,4.75249749245e-123
398.9,1,5.68811237915e-71,1.07796127495e-122,4.43119929108e-123
399,1,5.4650783026e-71,1.00508443086e-122,4.13162283378e-123
399.1,1,5.25078951728e-71,9.37134511823e-123,3.85229959641e-123
399.2,1,5.04490311542e-71,8.73778427246e-123,3.59186033612e-123
399.3,1,4.84708963484e-71,8.14705605532e-123,3.34902837937e-123
399.4,1,4.65703253178e-71,7.59626471642e-123,3.12261336362e-123
399.5,1,4.47442767432e-71,7.08271027597e-123,2.9115054022e-123
399.6,1,4.29898285574e-71,6.60387528951e-123,2.71466964364e-123
399.7,1,4.13041732689e-71,6.15741250737e-123,2.53114119882e-123
399.8,1,3.96846134697e-71,5.7411333685e-123,2.36002041109e-123
399.9,1,3.81285575185e-71,5.35299727205e-123,2.20046844615e-123
400,1,3.66335153939e-71,4.99110157444e-123,2.0517031801e-123
400.1,1,3.51970947095e-71,4.65367226254e-123,1.91299536541e-123
400.2,1,3.38169968857e-71,4.33905525746e-123,1.78366505621e-123
400.3,1,3.24910134717e-71,4.04570830629e-123,1.6630782752e-123
400.4,1,3.12170226109e-71,3.77219342194e-123,1.55064390582e-123
400.5,1,2.99929856464e-71,3.51716983411e-123,1.44581079466e-123
400.6,1,2.88169438577e-71,3.27938741689e-123,1.3480650497e-123
400.7,1,2.76870153271e-71,3.05768056059e-123,1.25692752117e-123
400.8,1,2.66013919279e-71,2.85096245794e-123,1.17195145281e-123
400.9,1,2.55583364311e-71,2.65821977657e-123,1.09272029183e-123
401,1,2.45561797253e-71,2.47850769163e-123,1.01884564699e-123
401.1,1,2.3593318146e-71,2.31094525427e-123,9.49965384695e-124
401.2,1,2.26682109093e-71,2.15471107322e-123,8.85741853815e-124
401.3,1,2.17793776461e-71,2.00903928836e-123,8.2586023053e-124
401.4,1,2.09253960337e-71,1.87321581642e-123,7.70026975054e-124
401.5,1,2.01048995192e-71,1.74657485058e-123,7.17968392702e-124
401.6,1,1.93165751333e-71,1.62849559669e-123,6.69429292244e-124
401.7,1,1.85591613887e-71,1.5183992301e-123,6.24171734953e-124
401.8,1,1.78314462618e-71,1.41574605829e-123,5.81973868231e-124
401.9,1,1.71322652531e-71,1.32003287531e-123,5.42628838086e-124
402,1,1.64604995239e-71,1.23079049502e-123,5.05943775135e-124
402.1,1,1.58150741058e-71,1.14758145115e-123,4.71738849157e-124
402.2,1,1.51949561802e-71,1.0699978529e-123,4.39846387564e-124
402.3,1,1.45991534264e-71,9.97659385354e-124,4.10110053473e-124
402.4,1,1.40267124326e-71,9.30211445276e-124,3.8238407934e-124
402.5,1,1.34767171713e-71,8.67323402782e-124,3.56532552408e-124
402.6,1,1.29482875326e-71,8.08686980615e-124,3.32428748461e-124
402.7,1,1.24405779164e-71,7.54014742965e-124,3.09954510624e-124
402.8,1,1.19527758791e-71,7.0303868646e-124,2.88999670158e-124
402.9,1,1.14841008332e-71,6.55508926411e-124,2.69461506411e-124
403,1,1.10338027987e-71,6.11192471879e-124,2.5124424328e-124
403.1,1,1.06011612027e-71,5.69872083554e-124,2.34258579722e-124
403.2,1,1.01854837263e-71,5.31345208844e-124,2.18421251993e-124
403.3,1,9.78610519685e-72,4.95422988963e-124,2.03654625495e-124
403.4,1,9.40238652357e-72,4.61929333149e-124,1.89886314207e-124
403.5,1,9.03371367467e-72,4.30700055462e-124,1.77048825851e-124
403.6,1,8.67949669495e-72,4.01582069947e-124,1.65079231046e-124
403.7,1,8.33916876167e-72,3.74432640204e-124,1.53918854822e-124
403.8,1,8.01218527752e-72,3.49118679698e-124,1.43512989003e-124
403.9,1,7.69802299918e-72,3.25516099364e-124,1.33810624023e-124
404,1,7.39617919996e-72,3.03509199328e-124,1.24764198877e-124
404.1,1,7.1061708654e-72,2.82990101738e-124,1.16329367979e-124
404.2,1,6.82753392029e-72,2.63858221955e-124,1.08464783777e-124
404.3,1,6.55982248607e-72,2.46019775483e-124,1.01131894071e-124
404.4,1,6.30260816733e-72,2.29387318235e-124,9.42947530275e-125
404.5,1,6.05547936629e-72,2.13879317888e-124,8.79198449725e-125
404.6,1,5.81804062413e-72,1.99419754204e-124,8.19759200996e-125
404.7,1,5.58991198823e-72,1.85937746388e-124,7.64338412821e-125
404.8,1,5.37072840408e-72,1.73367205619e-124,7.12664412432e-125
404.9,1,5.16013913119e-72,1.61646511094e-124,6.64483893819e-125
405,1,4.95780718181e-72,1.50718207954e-124,6.19560676025e-125
405.1,1,4.76340878164e-72,1.40528725643e-124,5.77674545383e-125
405.2,1,4.57663285176e-72,1.31028115309e-124,5.38620176033e-125
405.3,1,4.39718051085e-72,1.22169804949e-124,5.02206123411e-125
405.4,1,4.22476459687e-72,1.13910371113e-124,4.68253885788e-125
405.5,1,4.05910920758e-72,1.06209326049e-124,4.36597029256e-125
405.6,1,3.89994925901e-72,9.9028919225e-125,4.07080371868e-125
405.7,1,3.74703006129e-72,9.23339522775e-125,3.79559222935e-125
405.8,1,3.60010691107e-72,8.60916064712e-125,3.53898673754e-125
405.9,1,3.45894469998e-72,8.02712818196e-125,3.29972936281e-125
406,1,3.32331753835e-72,7.48444470846e-125,3.07664726525e-125
406.1,1,3.1930083938e-72,6.97844999161e-125,2.86864689616e-125
406.2,1,3.06780874388e-72,6.50666364471e-125,2.67470863747e-125
406.3,1,2.94751824246e-72,6.06677297054e-125,2.49388180363e-125
406.4,1,2.83194439907e-72,5.65662162451e-125,2.32527998129e-125
406.5,1,2.72090227089e-72,5.27419904425e-125,2.16807668411e-125
406.6,1,2.61421416684e-72,4.91763059382e-125,2.02150130134e-125
406.7,1,2.51170936318e-72,4.58516837426e-125,1.88483532031e-125
406.8,1,2.41322383036e-72,4.2751826554e-125,1.7574088042e-125
406.9,1,2.31859997052e-72,3.98615388687e-125,1.63859710809e-125
407,1,2.2276863653e-72,3.71666524931e-125,1.5278178169e-125
407.1,1,2.14033753352e-72,3.46539570912e-125,1.42452789042e-125
407.2,1,2.05641369843e-72,3.23111354272e-125,1.32822100131e-125
407.3,1,1.97578056398e-72,3.01267029865e-125,1.23842505309e-125
407.4,1,1.89830909995e-72,2.80899516788e-125,1.15469986592e-125
407.5,1,1.82387533548e-72,2.61908973468e-125,1.07663501883e-125
407.6,1,1.75236016066e-72,2.4420230824e-125,1.00384783786e-125
407.7,1,1.68364913596e-72,2.2769272301e-125,9.35981520145e-126
407.8,1,1.61763230907e-72,2.12299287772e-125,8.72703384931e-126
407.9,1,1.55420403898e-72,1.9794654389e-125,8.13703242722e-126
408,1,1.49326282694e-72,1.84564134195e-125,7.58691874752e-126
408.1,1,1.434711154e-72,1.720864581e-125,7.07399615233e-126
408.2,1,1.378455325e-72,1.60452350022e-125,6.59575029448e-126
408.3,1,1.3244053186e-72,1.4960477955e-125,6.14983681222e-126
408.4,1,1.27247464327e-72,1.39490571881e-125,5.73406983716e-126
408.5,1,1.22258019885e-72,1.30060147157e-125,5.34641127908e-126
408.6,1,1.17464214357e-72,1.21267277426e-125,4.9849608353e-126
408.7,1,1.12858376632e-72,1.13068860029e-125,4.64794667531e-126
408.8,1,1.08433136388e-72,1.05424706315e-125,4.33371675532e-126
408.9,1,1.04181412296e-72,9.82973446333e-126,4.04073071989e-126
409,1,1.0009640069e-72,9.16518366494e-126,3.76755235113e-126
409.1,1,9.61715646801e-73,8.5455606075e-126,3.51284252837e-126
409.2,1,9.24006236914e-73,7.96782789808e-126,3.27535266376e-126
409.3,1,8.87775434138e-73,7.42915349025e-126,3.05391858171e-126
409.4,1,8.52965261458e-73,6.92689680146e-126,2.84745481209e-126
409.5,1,8.19520015173e-73,6.45859576881e-126,2.65494926925e-126
409.6,1,7.87386175752e-73,6.02195478012e-126,2.47545829082e-126
409.7,1,7.56512322198e-73,5.61483342075e-126,2.3081020118e-126
409.8,1,7.26849049756e-73,5.23523598131e-126,2.15206005152e-126
409.9,1,6.98348890864e-73,4.88130167473e-126,2.0065674921e-126
410,1,6.70966239186e-73,4.55129551462e-126,1.87091112886e-126
410.1,1,6.44657276637e-73,4.24359981041e-126,1.74442597415e-126
410.2,1,6.19379903266e-73,3.95670623738e-126,1.62649199758e-126
410.3,1,5.95093669881e-73,3.68920844292e-126,1.51653108667e-126
410.4,1,5.71759713328e-73,3.43979515253e-126,1.41400421291e-126
410.5,1,5.49340694298e-73,3.20724374197e-126,1.31840878944e-126
410.6,1,5.27800737579e-73,2.99041424395e-126,1.22927620739e-126
410.7,1,5.07105374642e-73,2.78824376002e-126,1.14616953873e-126
410.8,1,4.87221488494e-73,2.59974125024e-126,1.06868139447e-126
410.9,1,4.68117260673e-73,2.42398267508e-126,9.96431927658e-127
411,1,4.4976212034e-73,2.26010646581e-126,9.29066971307e-127
411.1,1,4.32126695353e-73,2.10730930105e-126,8.66256302326e-127
411.2,1,4.15182765271e-73,1.96484216893e-126,8.07692022745e-127
411.3,1,3.98903216191e-73,1.8320066954e-126,7.53087050395e-127
411.4,1,3.8326199736e-73,1.70815172082e-126,7.02173711641e-127
411.5,1,3.68234079492e-73,1.59267010796e-126,6.54702429235e-127
411.6,1,3.53795414712e-73,1.48499576581e-126,6.10440498897e-127
411.7,1,3.39922898076e-73,1.38460087463e-126,5.69170948593e-127
411.8,1,3.26594330597e-73,1.29099329855e-126,5.30691474939e-127
411.9,1,3.13788383725e-73,1.20371417311e-126,4.9481345151e-127
412,1,3.01484565211e-73,1.12233565594e-126,4.61361004195e-127
412.1,1,2.89663186323e-73,1.04645882946e-126,4.30170149058e-127
412.2,1,2.7830533033e-73,9.75711745375e-127,4.0108798849e-127
412.3,1,2.67392822241e-73,9.09747601398e-127,3.73971961707e-127
412.4,1,2.56908199714e-73,8.48243041219e-127,3.48689145914e-127
412.5,1,2.46834685117e-73,7.90896569412e-127,3.25115604719e-127
412.6,1,2.37156158677e-73,7.37427073506e-127,3.03135780596e-127
412.7,1,2.27857132687e-73,6.87572445969e-127,2.8264192842e-127
412.8,1,2.18922726721e-73,6.4108829936e-127,2.63533587306e-127
412.9,1,2.10338643824e-73,5.97746768338e-127,2.45717088142e-127
413,1,2.02091147632e-73,5.57335392668e-127,2.29105094429e-127
413.1,1,1.94167040391e-73,5.19656075739e-127,2.13616174155e-127
413.2,1,1.86553641839e-73,4.84524113497e-127,1.99174400614e-127
413.3,1,1.79238768914e-73,4.5176728902e-127,1.85708980216e-127
413.4,1,1.72210716259e-73,4.21225028319e-127,1.73153905455e-127
413.5,1,1.65458237491e-73,3.92747613195e-127,1.61447631339e-127
413.6,1,1.58970527202e-73,3.66195447326e-127,1.50532773699e-127
413.7,1,1.52737203672e-73,3.41438371965e-127,1.40355827891e-127
413.8,1,1.46748292254e-73,3.18355027899e-127,1.30866906513e-127
413.9,1,1.40994209411e-73,2.9683226055e-127,1.22019494863e-127
414,1,1.35465747384e-73,2.76764565286e-127,1.13770222919e-127
414.1,1,1.30154059453e-73,2.58053570242e-127,1.06078652739e-127
414.2,1,1.25050645786e-73,2.40607554098e-127,9.89070802379e-128
414.3,1,1.2014733983e-73,2.24340996464e-127,9.22203503589e-128
414.4,1,1.15436295251e-73,2.09174158655e-127,8.59856847443e-128
414.5,1,1.10909973372e-73,1.95032692814e-127,8.01725210561e-128
414.6,1,1.06561131113e-73,1.8184727746e-127,7.47523631591e-128
414.7,1,1.02382809397e-73,1.69553277671e-127,6.9698641433e-128
414.8,1,9.83683220194e-74,1.58090428245e-127,6.49865825281e-128
414.9,1,9.45112449434e-74,1.47402538282e-127,6.05930879261e-128
415,1,9.08054060228e-74,1.37437215733e-127,5.64966207114e-128
415.1,1,8.72448751246e-74,1.28145610575e-127,5.26770999969e-128
415.2,1,8.38239546399e-74,1.19482175348e-127,4.91158024878e-128
415.3,1,8.0537170366e-74,1.11404441884e-127,4.57952706994e-128
415.4,1,7.73792627469e-74,1.03872813123e-127,4.26992273811e-128
415.5,1,7.43451784566e-74,9.68503690118e-128,3.98124957249e-128
415.6,1,7.1430062313e-74,9.03026855224e-128,3.7120924969e-128
415.7,1,6.86292495083e-74,8.41976659021e-128,3.46113210303e-128
415.8,1,6.59382581446e-74,7.85053833377e-128,3.22713818275e-128
415.9,1,6.33527820614e-74,7.31979342535e-128,3.00896369758e-128
416,1,6.08686839455e-74,6.8249301528e-128,2.80553915595e-128
416.1,1,5.848198871e-74,6.36352269577e-128,2.61586737052e-128
416.2,1,5.61888771332e-74,5.93330923437e-128,2.43901856997e-128
416.3,1,5.39856797474e-74,5.53218086173e-128,2.27412584128e-128
416.4,1,5.18688709667e-74,5.15817124608e-128,2.1203808801e-128
416.5,1,4.98350634456e-74,4.80944699187e-128,1.97703002845e-128
416.6,1,4.7881002658e-74,4.48429865239e-128,1.8433705803e-128
416.7,1,4.60035616899e-74,4.18113235011e-128,1.71874733687e-128
416.8,1,4.4199736235e-74,3.89846196346e-128,1.60254939488e-128
416.9,1,4.24666397879e-74,3.63490184187e-128,1.49420715188e-128
417,1,4.08014990245e-74,3.38916001333e-128,1.39318951408e-128
417.1,1,3.92016493643e-74,3.16003185111e-128,1.29900129289e-128
417.2,1,3.76645307066e-74,2.94639416868e-128,1.21118077754e-128
417.3,1,3.61876833336e-74,2.74719971389e-128,1.12929747177e-128
417.4,1,3.47687439743e-74,2.56147203528e-128,1.05294998351e-128
417.5,1,3.34054420231e-74,2.38830069556e-128,9.81764057298e-129
417.6,1,3.2095595906e-74,2.22683680862e-128,9.15390739632e-129
417.7,1,3.08371095898e-74,2.0762888783e-128,8.53504668433e-129
417.8,1,2.96279692278e-74,1.93591891847e-128,7.95802478109e-129
417.9,1,2.84662399376e-74,1.80503883542e-128,7.42001312456e-129
418,1,2.73500627045e-74,1.68300705484e-128,6.91837438097e-129
418.1,1,2.62776514066e-74,1.56922537679e-128,6.45064951662e-129
418.2,1,2.52472899572e-74,1.46313604336e-128,6.01454574368e-129
418.3,1,2.42573295581e-74,1.36421900452e-128,5.60792528096e-129
418.4,1,2.33061860615e-74,1.27198936881e-128,5.22879487447e-129
418.5,1,2.23923374348e-74,1.18599502647e-128,4.87529602652e-129
418.6,1,2.15143213253e-74,1.10581443312e-128,4.54569588534e-129
418.7,1,2.06707327198e-74,1.0310545434e-128,4.23837875067e-129
418.8,1,1.98602216968e-74,9.61348884258e-129,3.95183815355e-129
418.9,1,1.90814912655e-74,8.96355758456e-129,3.68466947165e-129
419,1,1.83332952911e-74,8.35756569623e-129,3.43556304376e-129
419.1,1,1.76144365006e-74,7.79254260463e-129,3.20329774991e-129
419.2,1,1.69237645664e-74,7.26571856593e-129,2.98673502534e-129
419.3,1,1.62601742661e-74,6.77451108805e-129,2.78481327932e-129
419.4,1,1.56226037136e-74,6.31651227139e-129,2.59654269124e-129
419.5,1,1.50100326601e-74,5.88947700522e-129,2.42100035844e-129
419.6,1,1.44214808612e-74,5.49131196215e-129,2.2573257722e-129
419.7,1,1.38560065084e-74,5.12006533669e-129,2.10471659952e-129
419.8,1,1.33127047221e-74,4.77391727745e-129,1.96242475004e-129
419.9,1,1.27907061035e-74,4.45117096625e-129,1.82975270897e-129
420,1,1.22891753436e-74,4.15024430028e-129,1.70605011781e-129
420.1,1,1.1807309886e-74,3.86966213668e-129,1.59071058629e-129
420.2,1,1.13443386433e-74,3.60804906137e-129,1.48316871992e-129
420.3,1,1.08995207626e-74,3.36412264675e-129,1.38289734834e-129
420.4,1,1.04721444405e-74,3.13668716524e-129,1.28940494115e-129
420.5,1,1.00615257837e-74,2.92462772785e-129,1.20223319849e-129
420.6,1,9.66700771478e-75,2.72690481898e-129,1.12095480436e-129
420.7,1,9.28795892057e-75,2.54254920069e-129,1.04517133198e-129
420.8,1,8.92377284216e-75,2.37065716153e-129,9.74511290682e-130
420.9,1,8.57386670414e-75,2.21038608653e-129,9.08628304862e-130
421,1,8.23768058204e-75,2.06095032669e-129,8.47199416046e-130
421.1,1,7.91467650634e-75,1.92161734774e-129,7.8992349975e-130
421.2,1,7.6043376016e-75,1.79170413926e-129,7.36519789367e-130
421.3,1,7.30616725936e-75,1.67057386655e-129,6.86726499845e-130
421.4,1,7.01968834348e-75,1.55763274887e-129,6.40299544422e-130
421.5,1,6.74444242655e-75,1.45232714873e-129,5.97011338109e-130
421.6,1,6.4799890564e-75,1.35414085796e-129,5.56649682067e-130
421.7,1,6.22590505122e-75,1.26259256725e-129,5.19016723413e-130
421.8,1,5.98178382237e-75,1.17723350676e-129,4.83927985338e-130
421.9,1,5.74723472383e-75,1.09764524629e-129,4.5121146281e-130
422,1,5.52188242699e-75,1.02343764409e-129,4.20706779395e-130
422.1,1,5.30536632009e-75,9.54246934413e-130,3.92264401101e-130
422.2,1,5.09733993118e-75,8.89733944312e-130,3.65744903356e-130
422.3,1,4.89747037364e-75,8.29582431038e-130,3.41018287552e-130
422.4,1,4.70543781356e-75,7.73497531804e-130,3.17963343789e-130
422.5,1,4.52093495786e-75,7.21204318367e-130,2.96467056706e-130
422.6,1,4.3436665626e-75,6.72446449336e-130,2.76424051479e-130
422.7,1,4.17334896055e-75,6.2698491358e-130,2.57736077272e-130
422.8,1,4.00970960719e-75,5.84596858597e-130,2.40311525616e-130
422.9,1,3.85248664466e-75,5.45074498093e-130,2.24064981337e-130
423,1,3.70142848266e-75,5.08224093411e-130,2.08916803856e-130
423.1,1,3.55629339592e-75,4.73865003824e-130,1.9479273679e-130
423.2,1,3.41684913733e-75,4.41828801036e-130,1.81623543946e-130
423.3,1,3.28287256632e-75,4.11958443543e-130,1.69344669925e-130
423.4,1,3.15414929181e-75,3.84107506818e-130,1.57895923672e-130
423.5,1,3.03047332908e-75,3.58139465537e-130,1.4722118342e-130
423.6,1,2.91164677021e-75,3.33927024332e-130,1.37268121581e-130
423.7,1,2.79747946736e-75,3.11351493787e-130,1.27987948232e-130
423.8,1,2.68778872849e-75,2.90302208626e-130,1.19335171954e-130
423.9,1,2.582399025e-75,2.70675985228e-130,1.11267376828e-130
424,1,2.4811417109e-75,2.52376615824e-130,1.03745014511e-130
424.1,1,2.38385475287e-75,2.35314396883e-130,9.67312103766e-131
424.2,1,2.29038247103e-75,2.19405689389e-130,9.01915827473e-131
424.3,1,2.20057528979e-75,2.04572508839e-130,8.40940743612e-131
424.4,1,2.11428949849e-75,1.90742142965e-130,7.84087952252e-131
424.5,1,2.03138702146e-75,1.77846795296e-130,7.31078760944e-131
424.6,1,1.95173519705e-75,1.65823252824e-130,6.8165331857e-131
424.7,1,1.87520656535e-75,1.5461257613e-130,6.35569341554e-131
424.8,1,1.80167866421e-75,1.44159810464e-130,5.92600926187e-131
424.9,1,1.73103383332e-75,1.34413716355e-130,5.52537441248e-131
425,1,1.66315902587e-75,1.25326518441e-130,5.15182495487e-131
425.1,1,1.59794562769e-75,1.16853671265e-130,4.80352974917e-131
425.2,1,1.53528928342e-75,1.08953640921e-130,4.47878145186e-131
425.3,1,1.47508972956e-75,1.01587701451e-130,4.17598814643e-131
425.4,1,1.41725063396e-75,9.47197450112e-131,3.89366553974e-131
425.5,1,1.36167944174e-75,8.83161048716e-131,3.63042968604e-131
425.6,1,1.30828722714e-75,8.23453903806e-131,3.38499020287e-131
425.7,1,1.25698855121e-75,7.67783330887e-131,3.1561439456e-131
425.8,1,1.20770132514e-75,7.15876432747e-131,2.94276910962e-131
425.9,1,1.16034667884e-75,6.67478761711e-131,2.74381973122e-131
426,1,1.11484883479e-75,6.22353072338e-131,2.55832056033e-131
426.1,1,1.07113498672e-75,5.80278158449e-131,2.38536227979e-131
426.2,1,1.02913518314e-75,5.41047768765e-131,2.22409704792e-131
426.3,1,9.88782215424e-76,5.04469595871e-131,2.07373434235e-131
426.4,1,9.50011510201e-76,4.70364333521e-131,1.93353708494e-131
426.5,1,9.12761026075e-76,4.3856479768e-131,1.80281802856e-131
426.6,1,8.76971154322e-76,4.08915106985e-131,1.68093638825e-131
426.7,1,8.42584623514e-76,3.8126991862e-131,1.56729470006e-131
426.8,1,8.09546407865e-76,3.55493715838e-131,1.46133589231e-131
426.9,1,7.7780363918e-76,3.31460143663e-131,1.3625405548e-131
427,1,7.47305522259e-76,3.09051389497e-131,1.27042439267e-131
427.1,1,7.18003253606e-76,2.88157605601e-131,1.18453585238e-131
427.2,1,6.89849943342e-76,2.68676370621e-131,1.10445390822e-131
427.3,1,6.62800540163e-76,2.50512187523e-131,1.0297859984e-131
427.4,1,6.36811759253e-76,2.33576015457e-131,9.60166100731e-132
427.5,1,6.11842013018e-76,2.17784833291e-131,8.95252938406e-132
427.6,1,5.87851344538e-76,2.0306123263e-131,8.34728307024e-132
427.7,1,5.64801363623e-76,1.89333038367e-131,7.7829551477e-132
427.8,1,5.42655185388e-76,1.76532954878e-131,7.25677928033e-132
427.9,1,5.21377371222e-76,1.64598236138e-131,6.76617615341e-132
428,1,5.00933872083e-76,1.53470378143e-131,6.30874082985e-132
428.1,1,4.81291974012e-76,1.43094832119e-131,5.88223096115e-132
428.2,1,4.62420245779e-76,1.33420737128e-131,5.48455579544e-132
428.3,1,4.44288488595e-76,1.24400670746e-131,5.11376592861e-132
428.4,1,4.26867687779e-76,1.15990416596e-131,4.76804374828e-132
428.5,1,4.10129966333e-76,1.08148747603e-131,4.44569452395e-132
428.6,1,3.94048540333e-76,1.00837223895e-131,4.14513809932e-132
428.7,1,3.78597676065e-76,9.40200043766e-132,3.86490114647e-132
428.8,1,3.63752648851e-76,8.76636710284e-132,3.60360994352e-132
428.9,1,3.4948970348e-76,8.17370650973e-132,3.3599836407e-132
429,1,3.35786016196e-76,7.6211134354e-132,3.13282798158e-132
429.1,1,3.22619658176e-76,7.10587906798e-132,2.92102944885e-132
429.2,1,3.09969560439e-76,6.625477728e-132,2.72354980588e-132
429.3,1,2.97815480128e-76,6.17755448752e-132,2.53942100721e-132
429.4,1,2.86137968123e-76,5.7599136263e-132,2.36774045327e-132
429.5,1,2.74918337913e-76,5.37050786836e-132,2.20766656577e-132
429.6,1,2.64138635697e-76,5.00742834622e-132,2.05841466234e-132
429.7,1,2.53781611649e-76,4.66889524365e-132,1.91925310997e-132
429.8,1,2.43830692324e-76,4.35324907097e-132,1.78949973858e-132
429.9,1,2.34269954126e-76,4.05894253029e-132,1.66851849697e-132
430,1,2.25084097835e-76,3.7845329306e-132,1.55571633498e-132
430.1,1,2.16258424121e-76,3.52867511573e-132,1.45054029626e-132
430.2,1,2.07778810023e-76,3.29011487037e-132,1.35247480776e-132
430.3,1,1.9963168635e-76,3.06768277191e-132,1.26103915234e-132
430.4,1,1.91804015965e-76,2.86028845797e-132,1.1757851123e-132
430.5,1,1.84283272926e-76,2.66691528136e-132,1.09629477225e-132
430.6,1,1.7705742244e-76,2.48661532656e-132,1.02217847044e-132
430.7,1,1.70114901604e-76,2.31850476297e-132,9.53072888681e-133
430.8,1,1.63444600904e-76,2.16175951242e-132,8.88639271328e-133
430.9,1,1.57035846435e-76,2.0156112095e-132,8.28561764713e-133
431,1,1.50878382823e-76,1.87934343508e-132,7.7254586883e-133
431.1,1,1.44962356812e-76,1.75228820435e-132,7.20316993692e-133
431.2,1,1.392783015e-76,1.63382269243e-132,6.71619113292e-133
431.3,1,1.33817121184e-76,1.52336618125e-132,6.26213510565e-133
431.4,1,1.28570076812e-76,1.42037721285e-132,5.83877607193e-133
431.5,1,1.23528771992e-76,1.3243509352e-132,5.44403872529e-133
431.6,1,1.18685139561e-76,1.23481662737e-132,5.0759880628e-133
431.7,1,1.14031428675e-76,1.15133539208e-132,4.73281989968e-133
431.8,1,1.09560192402e-76,1.07349800421e-132,4.41285202519e-133
431.9,1,1.05264275811e-76,1.00092290481e-132,4.11451595646e-133
432,1,1.0113680452e-76,9.3325433065e-133,3.83634924971e-133
432.1,1,9.7171173692e-77,8.701605703e-133,3.57698833143e-133
432.2,1,9.33610374734e-77,8.11332338074e-133,3.33516181411e-133
432.3,1,8.97002988327e-77,7.56481257911e-133,3.10968426387e-133
432.4,1,8.61830998073e-77,7.05338449752e-133,2.89945038949e-133
432.5,1,8.28038121283e-77,6.57653211492e-133,2.70342962429e-133
432.6,1,7.95570282144e-77,6.13191790037e-133,2.52066107424e-133
432.7,1,7.64375525187e-77,5.71736235449e-133,2.3502488077e-133
432.8,1,7.34403932147e-77,5.33083332549e-133,2.19135746355e-133
432.9,1,7.05607542078e-77,4.97043604765e-133,2.04320815622e-133
433,1,6.77940274615e-77,4.63440385307e-133,1.90507465764e-133
433.1,1,6.51357856226e-77,4.32108951156e-133,1.77627983725e-133
433.2,1,6.25817749371e-77,4.02895715584e-133,1.65619234268e-133
433.3,1,6.0127908443e-77,3.75657475278e-133,1.54422350489e-133
433.4,1,5.77702594304e-77,3.50260708351e-133,1.43982445251e-133
433.5,1,5.55050551578e-77,3.26580919823e-133,1.34248342128e-133
433.6,1,5.33286708152e-77,3.04502031342e-133,1.25172324533e-133
433.7,1,5.12376237233e-77,2.83915812173e-133,1.16709901818e-133
433.8,1,4.92285677606e-77,2.64721348644e-133,1.08819591177e-133
433.9,1,4.72982880089e-77,2.46824549473e-133,1.01462714298e-133
434,1,4.5443695609e-77,2.3013768453e-133,9.46032077625e-134
434.1,1,4.36618228172e-77,2.14578954784e-133,8.82074462611e-134
434.2,1,4.19498182569e-77,2.00072091322e-133,8.22440777637e-134
434.3,1,4.03049423556e-77,1.86545981485e-133,7.66838698308e-134
434.4,1,3.87245629609e-77,1.73934320265e-133,7.14995663168e-134
434.5,1,3.72061511286e-77,1.62175285285e-133,6.66657537599e-134
434.6,1,3.57472770759e-77,1.51211233741e-133,6.21587368052e-134
434.7,1,3.4345606293e-77,1.40988419841e-133,5.79564220504e-134
434.8,1,3.29988958076e-77,1.31456731338e-133,5.40382097437e-134
434.9,1,3.17049905956e-77,1.22569443885e-133,5.03848928039e-134
435,1,3.04618201327e-77,1.14282991988e-133,4.6978562667e-134
435.1,1,2.92673950808e-77,1.0655675545e-133,4.38025214989e-134
435.2,1,2.81198041052e-77,9.93528602509e-134,4.08412003419e-134
435.3,1,2.70172108153e-77,9.26359928881e-134,3.80800827964e-134
435.4,1,2.59578508267e-77,8.63732272698e-134,3.55056338609e-134
435.5,1,2.49400289374e-77,8.05338633118e-134,3.31052335838e-134
435.6,1,2.39621164152e-77,7.50892764452e-134,3.08671152001e-134
435.7,1,2.30225483914e-77,7.00127772988e-134,2.8780307451e-134
435.8,1,2.21198213569e-77,6.52794808679e-134,2.68345808023e-134
435.9,1,2.12524907556e-77,6.0866184528e-134,2.50203972999e-134
436,1,2.04191686737e-77,5.67512542953e-134,2.3328863814e-134
436.1,1,1.96185216179e-77,5.29145187769e-134,2.17516884456e-134
436.2,1,1.88492683823e-77,4.93371702909e-134,2.02811398793e-134
436.3,1,1.81101779975e-77,4.6001672671e-134,1.89100094841e-134
436.4,1,1.74000677611e-77,4.28916753038e-134,1.76315759774e-134
436.5,1,1.67178013454e-77,3.99919329788e-134,1.64395724765e-134
436.6,1,1.60622869785e-77,3.72882311555e-134,1.5328155779e-134
436.7,1,1.54324756976e-77,3.47673162847e-134,1.42918777189e-134
436.8,1,1.48273596702e-77,3.24168308386e-134,1.332565846e-134
436.9,1,1.42459705817e-77,3.02252527349e-134,1.24247615943e-134
437,1,1.36873780854e-77,2.81818388552e-134,1.15847709244e-134
437.1,1,1.31506883141e-77,2.62765723822e-134,1.08015688149e-134
437.2,1,1.26350424498e-77,2.45001136975e-134,1.00713160083e-134
437.3,1,1.2139615349e-77,2.28437545986e-134,9.3904328045e-135
437.4,1,1.16636142227e-77,2.12993756112e-134,8.75558151317e-135
437.5,1,1.12062773675e-77,1.98594061877e-134,8.16365009257e-135
437.6,1,1.07668729469e-77,1.85167875965e-134,7.6117368942e-135
437.7,1,1.03446978201e-77,1.72649383195e-134,7.09713643891e-135
437.8,1,9.93907641676e-78,1.60977217902e-134,6.61732615468e-135
437.9,1,9.54935965615e-78,1.50094163117e-134,6.16995401093e-135
438,1,9.17492390829e-78,1.39946870095e-134,5.75282698891e-135
438.1,1,8.81516999612e-78,1.30485596792e-134,5.36390033145e-135
438.2,1,8.4695222366e-78,1.21663964036e-134,5.00126751964e-135
438.3,1,8.13742751959e-78,1.13438728172e-134,4.66315092702e-135
438.4,1,7.81835442269e-78,1.05769569086e-134,4.34789310565e-135
438.5,1,7.51179236087e-78,9.86188925499e-135,4.05394866132e-135
438.6,1,7.21725076943e-78,9.19516459397e-135,3.77987667804e-135
438.7,1,6.93425831899e-78,8.57351464044e-135,3.52433365462e-135
438.8,1,6.66236216124e-78,7.99389206564e-135,3.28606691885e-135
438.9,1,6.40112720433e-78,7.453455559e-135,3.06390848694e-135
439,1,6.15013541659e-78,6.94955590017e-135,2.85676933799e-135
439.1,1,5.90898515761e-78,6.47972297242e-135,2.66363407564e-135
439.2,1,5.67729053554e-78,6.04165365419e-135,2.48355595062e-135
439.3,1,5.45468078955e-78,5.63320052919e-135,2.31565221975e-135
439.4,1,5.24079969655e-78,5.25236135971e-135,2.15909981875e-135
439.5,1,5.03530500116e-78,4.89726927172e-135,2.01313132757e-135
439.6,1,4.83786786802e-78,4.56618360337e-135,1.87703120848e-135
439.7,1,4.64817235561e-78,4.25748137235e-135,1.75013229856e-135
439.8,1,4.46591491063e-78,3.96964931995e-135,1.6318125392e-135
439.9,1,4.29080388229e-78,3.70127649312e-135,1.5214919268e-135
440,1,4.12255905558e-78,3.45104732795e-135,1.41862966959e-135
440.1,1,3.96091120288e-78,3.21773520079e-135,1.32272153666e-135
440.2,1,3.80560165315e-78,3.00019641531e-135,1.23329738624e-135
440.3,1,3.65638187796e-78,2.79736459615e-135,1.14991886104e-135
440.4,1,3.51301309386e-78,2.60824546147e-135,1.07217723943e-135
440.5,1,3.37526588018e-78,2.43191194908e-135,9.99691431886e-136
440.6,1,3.24291981201e-78,2.26749967188e-135,9.32106112904e-136
440.7,1,3.1157631074e-78,2.1142026807e-135,8.6908997917e-136
440.8,1,2.99359228849e-78,1.97126951352e-135,8.10334125521e-136
440.9,1,2.87621185591e-78,1.83799951178e-135,7.55550530696e-136
441,1,2.76343397592e-78,1.71373938577e-135,7.04470645449e-136
441.1,1,2.65507817986e-78,1.59788001223e-135,6.56844076122e-136
441.2,1,2.55097107533e-78,1.48985344835e-135,6.12437357219e-136
441.3,1,2.45094606876e-78,1.38913014781e-135,5.71032806951e-136
441.4,1,2.3548430988e-78,1.29521636487e-135,5.32427460166e-136
441.5,1,2.26250838019e-78,1.20765173404e-135,4.96432073408e-136
441.6,1,2.17379415768e-78,1.12600701342e-135,4.62870197249e-136
441.7,1,2.08855846959e-78,1.04988198049e-135,4.31577311334e-136
441.8,1,2.00666492063e-78,9.78903470239e-136,4.024000179e-136
441.9,1,1.92798246366e-78,9.12723545937e-136,3.75195289821e-136
442,1,1.85238518996e-78,8.51017793515e-136,3.49829769487e-136
442.1,1,1.77975212775e-78,7.93483731305e-136,3.26179115089e-136
442.2,1,1.70996704865e-78,7.39839327265e-136,3.04127391092e-136
442.3,1,1.64291828165e-78,6.89821616467e-136,2.83566499919e-136
442.4,1,1.5784985344e-78,6.43185412032e-136,2.64395652057e-136
442.5,1,1.51660472156e-78,5.99702103233e-136,2.46520871988e-136
442.6,1,1.45713779985e-78,5.5915853484e-136,2.2985453752e-136
442.7,1,1.40000260948e-78,5.21355962233e-136,2.14314950261e-136
442.8,1,1.34510772198e-78,4.86109077158e-136,1.99825935137e-136
442.9,1,1.2923652938e-78,4.53245099343e-136,1.86316466979e-136
443,1,1.24169092581e-78,4.22602929531e-136,1.73720322359e-136
443.1,1,1.19300352821e-78,3.94032359769e-136,1.61975754959e-136
443.2,1,1.14622519077e-78,3.67393337092e-136,1.51025192899e-136
443.3,1,1.10128105819e-78,3.4255527698e-136,1.40814956509e-136
443.4,1,1.05809921024e-78,3.19396423233e-136,1.312949952e-136
443.5,1,1.01661054678e-78,2.97803251122e-136,1.22418642109e-136
443.6,1,9.76748677075e-79,2.77669910895e-136,1.14142385344e-136
443.7,1,9.3844981364e-79,2.58897708893e-136,1.06425654684e-136
443.8,1,9.0165267012e-79,2.4139462376e-136,9.9230622707e-137
443.9,1,8.66298363235e-79,2.25074855352e-136,9.25220193576e-137
444,1,8.32330318551e-79,2.09858404147e-136,8.62669590544e-137
444.1,1,7.9969417995e-79,1.95670679082e-136,8.04347794845e-137
444.2,1,7.68337722648e-79,1.82442131913e-136,7.49968912969e-137
444.3,1,7.38210769622e-79,1.70107916287e-136,6.99266379575e-137
444.4,1,7.09265111322e-79,1.58607569863e-136,6.51991650785e-137
444.5,1,6.81454428517e-79,1.47884717931e-136,6.07912985823e-137
444.6,1,6.54734218183e-79,1.37886797057e-136,5.66814311023e-137
444.7,1,6.29061722282e-79,1.28564797423e-136,5.28494160632e-137
444.8,1,6.04395859343e-79,1.19873022575e-136,4.92764689231e-137
444.9,1,5.80697158725e-79,1.11768865423e-136,4.59450750907e-137
445,1,5.57927697448e-79,1.04212599378e-136,4.28389040698e-137
445.1,1,5.36051039519e-79,9.71671836165e-137,3.99427294063e-137
445.2,1,5.15032177617e-79,9.05980815018e-137,3.72423540486e-137
445.3,1,4.94837477078e-79,8.44730912878e-137,3.47245407537e-137
445.4,1,4.75434622073e-79,7.87621882652e-137,3.23769471979e-137
445.5,1,4.56792563895e-79,7.34373775808e-137,3.01880654748e-137
445.6,1,4.38881471274e-79,6.84725570065e-137,2.81471656836e-137
445.7,1,4.2167268264e-79,6.38433889862e-137,2.62442433313e-137
445.8,1,4.05138660259e-79,5.95271813326e-137,2.44699702903e-137
445.9,1,3.89252946169e-79,5.5502775991e-137,2.2815649072e-137
446,1,3.73990119838e-79,5.17504453217e-137,2.12731701919e-137
446.1,1,3.59325757488e-79,4.82517953954e-137,1.98349724167e-137
446.2,1,3.4523639301e-79,4.49896758261e-137,1.84940056994e-137
446.3,1,3.31699480415e-79,4.19480956999e-137,1.72436966195e-137
446.4,1,3.18693357755e-79,3.91121451875e-137,1.60779161603e-137
446.5,1,3.06197212459e-79,3.64679224561e-137,1.49909496649e-137
446.6,1,2.94191048029e-79,3.4002465523e-137,1.39774688221e-137
446.7,1,2.82655652039e-79,3.17036887152e-137,1.30325055477e-137
446.8,1,2.71572565396e-79,2.95603234263e-137,1.21514276305e-137
446.9,1,2.60924052796e-79,2.75618628772e-137,1.13299160258e-137
447,1,2.50693074347e-79,2.56985106118e-137,1.05639436825e-137
447.1,1,2.40863258301e-79,2.39611324753e-137,9.8497558034e-138
447.2,1,2.31418874856e-79,2.23412118379e-137,9.18385143869e-138
447.3,1,2.22344810982e-79,2.08308078469e-137,8.56296632438e-138
447.4,1,2.13626546242e-79,1.94225165001e-137,7.98405688092e-138
447.5,1,2.05250129552e-79,1.81094343518e-137,7.44428529356e-138
447.6,1,1.97202156858e-79,1.68851246716e-137,6.94100560134e-138
447.7,1,1.89469749687e-79,1.57435858922e-137,6.47175072663e-138
447.8,1,1.82040534538e-79,1.4679222189e-137,6.03422038149e-138
447.9,1,1.74902623082e-79,1.36868160501e-137,5.62626979166e-138
448,1,1.68044593137e-79,1.27615026993e-137,5.24589918288e-138
448.1,1,1.61455470393e-79,1.18987462496e-137,4.89124397797e-138
448.2,1,1.55124710847e-79,1.10943174678e-137,4.56056565672e-138
448.3,1,1.49042183933e-79,1.0344273043e-137,4.25224323361e-138
448.4,1,1.43198156311e-79,9.64493625675e-138,3.96476531176e-138
448.5,1,1.3758327629e-79,8.99287895919e-138,3.69672267407e-138
448.6,1,1.32188558864e-79,8.38490476473e-138,3.44680137521e-138
448.7,1,1.27005371333e-79,7.81803338314e-138,3.21377630069e-138
448.8,1,1.22025419492e-79,7.28948601027e-138,2.99650516133e-138
448.9,1,1.17240734356e-79,6.79667170628e-138,2.79392289375e-138
449,1,1.12643659408e-79,6.33717469487e-138,2.60503643943e-138
449.1,1,1.08226838347e-79,5.90874252117e-138,2.42891987675e-138
449.2,1,1.03983203316e-79,5.50927501016e-138,2.26470988213e-138
449.3,1,9.99059635956e-80,5.13681397164e-138,2.11160149799e-138
449.4,1,9.5988594731e-80,4.78953360117e-138,1.96884418683e-138
449.5,1,9.22248280966e-80,4.46573152997e-138,1.83573815216e-138
449.6,1,8.86086408629e-80,4.16382047991e-138,1.71163090804e-138
449.7,1,8.51342463587e-80,3.88232048267e-138,1.59591408062e-138
449.8,1,8.17960848116e-80,3.61985162494e-138,1.48802042587e-138
449.9,1,7.8588814451e-80,3.37512728408e-138,1.38742104898e-138
450,1,7.550730296e-80,3.14694782108e-138,1.29362281168e-138
450.1,1,7.25466192629e-80,2.93419469994e-138,1.2061659149e-138
450.2,1,6.9702025634e-80,2.73582500463e-138,1.12462164484e-138
450.3,1,6.69689701167e-80,2.55086632666e-138,1.04859027138e-138
450.4,1,6.4343079239e-80,2.37841199839e-138,9.77699088648e-139
450.5,1,6.18201510154e-80,2.21761664849e-138,9.11600587984e-139
450.6,1,5.93961482224e-80,2.06769205798e-138,8.4997075446e-139
450.7,1,5.70671919384e-80,1.92790329633e-138,7.92507478561e-139
450.8,1,5.48295553365e-80,1.79756511888e-138,7.3892907524e-139
450.9,1,5.26796577207e-80,1.67603860772e-138,6.88972903104e-139
451,1,5.06140587963e-80,1.56272803977e-138,6.42394076938e-139
451.1,1,4.86294531641e-80,1.45707796647e-138,5.98964267282e-139
451.2,1,4.67226650318e-80,1.35857049106e-138,5.58470581159e-139
451.3,1,4.48906431316e-80,1.26672272978e-138,5.20714518472e-139
451.4,1,4.31304558376e-80,1.18108444478e-138,4.8551099896e-139
451.5,1,4.14392864746e-80,1.1012358371e-138,4.52687454927e-139
451.6,1,3.98144288108e-80,1.02678548877e-138,4.22082985323e-139
451.7,1,3.82532827273e-80,9.57368444102e-139,3.93547567004e-139
451.8,1,3.67533500573e-80,8.92644420655e-139,3.66941319314e-139
451.9,1,3.53122305885e-80,8.32296141194e-139,3.42133818397e-139
452,1,3.39276182224e-80,7.76027778382e-139,3.19003457854e-139
452.1,1,3.25972972837e-80,7.23563504639e-139,2.97436852632e-139
452.2,1,3.13191389751e-80,6.74646140036e-139,2.77328283207e-139
452.3,1,3.00910979706e-80,6.29035891594e-139,2.58579177348e-139
452.4,1,2.89112091426e-80,5.86509177822e-139,2.41097626916e-139
452.5,1,2.77775844174e-80,5.4685753272e-139,2.24797937331e-139
452.6,1,2.66884097534e-80,5.09886583878e-139,2.09600207495e-139
452.7,1,2.56419422388e-80,4.75415099662e-139,1.9542993812e-139
452.8,1,2.46365073024e-80,4.43274100815e-139,1.82217666528e-139
452.9,1,2.36704960338e-80,4.13306032125e-139,1.69898626148e-139
453,1,2.27423626087e-80,3.85363990084e-139,1.58412429031e-139
453.1,1,2.18506218158e-80,3.59311002769e-139,1.47702769825e-139
453.2,1,2.09938466796e-80,3.35019358406e-139,1.37717149768e-139
453.3,1,2.01706661769e-80,3.12369979327e-139,1.28406619339e-139
453.4,1,1.93797630435e-80,2.91251838249e-139,1.19725538307e-139
453.5,1,1.86198716654e-80,2.7156141402e-139,1.11631352003e-139
453.6,1,1.78897760545e-80,2.53202184158e-139,1.04084382715e-139
453.7,1,1.7188307902e-80,2.36084151696e-139,9.70476351924e-140
453.8,1,1.65143447091e-80,2.20123404019e-139,9.048661529e-140
453.9,1,1.5866807991e-80,2.05241701524e-139,8.43691608808e-140
454,1,1.52446615509e-80,1.91366094089e-139,7.8665284196e-140
454.1,1,1.46469098215e-80,1.78428563468e-139,7.33470248256e-140
454.2,1,1.40725962727e-80,1.66365689873e-139,6.8388312656e-140
454.3,1,1.35208018803e-80,1.55118341082e-139,6.37648400743e-140
454.4,1,1.29906436555e-80,1.44631382579e-139,5.94539428126e-140
454.5,1,1.2481273232e-80,1.34853407281e-139,5.54344888476e-140
454.6,1,1.19918755084e-80,1.25736483542e-139,5.16867748113e-140
454.7,1,1.15216673441e-80,1.17235920192e-139,4.81924294049e-140
454.8,1,1.10698963057e-80,1.09310047458e-139,4.49343233435e-140
454.9,1,1.0635839463e-80,1.01920012704e-139,4.18964853872e-140
455,1,1.02188022326e-80,9.50295899697e-140,3.90640240508e-140
455.1,1,9.81811726584e-81,8.86050023961e-140,3.64230546057e-140
455.2,1,9.43314338138e-81,8.2614756647e-140,3.39606310165e-140
455.3,1,9.06326453884e-81,7.70294885308e-140,3.166468248e-140
455.4,1,8.70788885317e-81,7.18218190567e-140,2.95239542536e-140
455.5,1,8.36644764743e-81,6.6966220223e-140,2.75279524853e-140
455.6,1,8.03839454288e-81,6.24388898785e-140,2.5666892772e-140
455.7,1,7.72320458454e-81,5.82176350446e-140,2.39316521968e-140
455.8,1,7.42037340124e-81,5.42817631252e-140,2.23137246085e-140
455.9,1,7.12941639847e-81,5.06119804716e-140,2.08051789241e-140
456,1,6.84986798297e-81,4.7190297805e-140,1.93986202509e-140
456.1,1,6.58128081763e-81,4.39999420329e-140,1.80871536366e-140
456.2,1,6.32322510568e-81,4.10252740278e-140,1.68643502705e-140
456.3,1,6.07528790292e-81,3.82517119635e-140,1.5724215969e-140
456.4,1,5.83707245693e-81,3.56656598356e-140,1.46611617924e-140
456.5,1,5.60819757219e-81,3.32544408137e-140,1.36699766479e-140
456.6,1,5.38829700004e-81,3.10062350991e-140,1.27458017447e-140
456.7,1,5.17701885265e-81,2.8910021985e-140,1.18841067766e-140
456.8,1,4.97402503992e-81,2.69555258322e-140,1.10806677136e-140
456.9,1,4.77899072844e-81,2.51331656983e-140,1.03315460966e-140
457,1,4.59160382169e-81,2.34340083718e-140,9.63306973055e-141
457.1,1,4.41156446065e-81,2.18497245815e-140,8.9818146835e-141
457.2,1,4.23858454393e-81,2.03725481665e-140,8.37458850245e-141
457.3,1,4.07238726677e-81,1.89952380062e-140,7.80841456395e-141
457.4,1,3.91270667805e-81,1.77110425247e-140,7.2805174827e-141
457.5,1,3.75928725477e-81,1.65136665941e-140,6.7883095066e-141
457.6,1,3.61188349312e-81,1.53972406763e-140,6.32937783157e-141
457.7,1,3.47025951564e-81,1.43562920503e-140,5.90147277401e-141
457.8,1,3.33418869375e-81,1.33857179844e-140,5.50249674284e-141
457.9,1,3.20345328509e-81,1.24807607237e-140,5.13049395708e-141
458,1,3.07784408513e-81,1.16369841665e-140,4.78364085866e-141
458.1,1,2.95716009236e-81,1.08502521192e-140,4.46023717327e-141
458.2,1,2.84120818662e-81,1.01167080204e-140,4.15869757568e-141
458.3,1,2.72980282014e-81,9.43275603603e-141,3.87754391842e-141
458.4,1,2.62276572055e-81,8.79504343269e-141,3.61539798596e-141
458.5,1,2.51992560568e-81,8.20044414246e-141,3.37097473861e-141
458.6,1,2.42111790939e-81,7.64604343892e-141,3.14307601334e-141
458.7,1,2.32618451828e-81,7.12912364919e-141,2.93058465034e-141
458.8,1,2.23497351869e-81,6.64715083186e-141,2.73245901669e-141
458.9,1,2.14733895354e-81,6.19776235562e-141,2.54772790031e-141
459,1,2.06314058884e-81,5.77875531763e-141,2.37548574906e-141
459.1,1,1.98224368924e-81,5.38807574492e-141,2.2148882317e-141
459.2,1,1.90451880245e-81,5.02380852575e-141,2.06514809902e-141
459.3,1,1.82984155206e-81,4.68416802181e-141,1.92553132472e-141
459.4,1,1.75809243854e-81,4.36748931494e-141,1.79535350721e-141
459.5,1,1.68915664801e-81,4.07222004576e-141,1.67397651467e-141
459.6,1,1.62292386848e-81,3.79691280397e-141,1.56080535695e-141
459.7,1,1.55928811338e-81,3.54021803315e-141,1.4552852689e-141
459.8,1,1.49814755193e-81,3.30087741523e-141,1.35689899092e-141
459.9,1,1.43940434619e-81,3.07771770224e-141,1.26516423337e-141
460,1,1.38296449449e-81,2.86964496498e-141,1.17963131237e-141
460.1,1,1.32873768103e-81,2.67563923068e-141,1.09988094542e-141
460.2,1,1.27663713134e-81,2.49474948299e-141,1.02552219614e-141
460.3,1,1.22657947342e-81,2.32608900015e-141,9.5619055786e-142
460.4,1,1.17848460434e-81,2.1688310083e-141,8.91546166803e-142
460.5,1,1.13227556205e-81,2.02220462856e-141,8.31272136089e-142
460.6,1,1.08787840223e-81,1.88549109826e-141,7.7507300235e-142
460.7,1,1.04522207995e-81,1.7580202475e-141,7.22673277368e-142
460.8,1,1.00423833598e-81,1.63916721405e-141,6.7381609763e-142
460.9,1,9.64861587603e-82,1.52834938017e-141,6.28261965185e-142
461,1,9.27028823613e-82,1.42502351673e-141,5.85787573621e-142
461.1,1,8.90679503517e-82,1.32868312022e-141,5.46184713423e-142
461.2,1,8.55755460649e-82,1.23885592991e-141,5.09259251323e-142
461.3,1,8.22200809089e-82,1.1551016128e-141,4.74830178664e-142
461.4,1,7.89961854235e-82,1.07700960514e-141,4.42728724092e-142
461.5,1,7.58987006882e-82,1.00419709982e-141,4.12797526239e-142
461.6,1,7.29226700666e-82,9.36307169837e-142,3.84889862338e-142
461.7,1,7.00633312748e-82,8.73007018691e-142,3.58868928989e-142
461.8,1,6.73161087607e-82,8.13986348963e-142,3.34607171546e-142
461.9,1,6.46766063821e-82,7.58955841262e-142,3.11985658846e-142
462,1,6.21406003721e-82,7.07645735975e-142,2.90893500208e-142
462.1,1,5.97040325801e-82,6.59804510907e-142,2.71227301845e-142
462.2,1,5.73630039778e-82,6.15197648317e-142,2.5289066003e-142
462.3,1,5.51137684199e-82,5.73606485312e-142,2.35793688525e-142
462.4,1,5.29527266498e-82,5.34827141964e-142,2.19852577954e-142
462.5,1,5.08764205394e-82,4.98669521886e-142,2.04989184975e-142
462.6,1,4.88815275561e-82,4.64956380382e-142,1.91130649218e-142
462.7,1,4.69648554456e-82,4.33522455595e-142,1.78209036126e-142
462.8,1,4.51233371234e-82,4.04213658388e-142,1.66161003935e-142
462.9,1,4.33540257675e-82,3.76886317003e-142,1.54927493179e-142
463,1,4.16540901022e-82,3.51406472781e-142,1.44453437174e-142
463.1,1,4.00208098677e-82,3.27649223496e-142,1.34687492085e-142
463.2,1,3.84515714672e-82,3.05498111085e-142,1.25581785239e-142
463.3,1,3.69438637845e-82,2.84844550769e-142,1.1709168045e-142
463.4,1,3.54952741656e-82,2.65587298772e-142,1.09175559214e-142
463.5,1,3.41034845581e-82,2.47631956021e-142,1.01794616696e-142
463.6,1,3.27662678018e-82,2.30890505405e-142,9.49126715072e-143
463.7,1,3.14814840644e-82,2.15280880315e-142,8.84959883442e-143
463.8,1,3.02470774179e-82,2.0072656235e-142,8.25131126187e-143
463.9,1,2.90610725483e-82,1.87156206226e-142,7.6934716267e-143
464,1,2.79215715949e-82,1.74503290043e-142,7.17334539836e-143
464.1,1,2.68267511129e-82,1.62705789189e-142,6.68838291749e-143
464.2,1,2.5774859156e-82,1.51705872303e-142,6.23620689745e-143
464.3,1,2.47642124728e-82,1.41449617779e-142,5.81460077084e-143
464.4,1,2.37931938128e-82,1.31886749446e-142,5.42149782396e-143
464.5,1,2.2860249339e-82,1.22970390111e-142,5.0549710657e-143
464.6,1,2.19638861413e-82,1.14656831771e-142,4.71322378147e-143
464.7,1,2.11026698473e-82,1.06905321353e-142,4.39458072568e-143
464.8,1,2.02752223272e-82,9.96778609449e-143,4.09747990971e-143
464.9,1,1.94802194885e-82,9.29390215266e-143,3.82046494501e-143
465,1,1.87163891569e-82,8.66557692997e-143,3.5621779039e-143
465.1,1,1.7982509041e-82,8.07973037543e-143,3.321352663e-143
465.2,1,1.72774047761e-82,7.53349066857e-143,3.09680869672e-143
465.3,1,1.65999480448e-82,7.0241801417e-143,2.88744529025e-143
465.4,1,1.59490547719e-82,6.54930215404e-143,2.69223614395e-143
465.5,1,1.53236833893e-82,6.10652885313e-143,2.51022434235e-143
465.6,1,1.47228331694e-82,5.69368976374e-143,2.34051766339e-143
465.7,1,1.41455426235e-82,5.30876114818e-143,2.18228420473e-143
465.8,1,1.35908879638e-82,4.94985608593e-143,2.03474830577e-143
465.9,1,1.30579816243e-82,4.61521522395e-143,1.89718674537e-143
466,1,1.25459708413e-82,4.30319815236e-143,1.76892519659e-143
466.1,1,1.20540362882e-82,4.01227536309e-143,1.64933492118e-143
466.2,1,1.15813907649e-82,3.74102075231e-143,1.53782968747e-143
466.3,1,1.11272779376e-82,3.4881046296e-143,1.43386289666e-143
466.4,1,1.06909711289e-82,3.25228719983e-143,1.33692490344e-143
466.5,1,1.0271772155e-82,3.03241248569e-143,1.24654051765e-143
466.6,1,9.86901020788e-83,2.82740266106e-143,1.16226667492e-143
466.7,1,9.48204078262e-83,2.63625276756e-143,1.08369026478e-143
466.8,1,9.11024464555e-83,2.45802578819e-143,1.01042610557e-143
466.9,1,8.75302684354e-83,2.29184805408e-143,9.42115056311e-144
467,1,8.40981575189e-83,2.13690496179e-143,8.78422256146e-144
467.1,1,8.08006215963e-83,1.9924369801e-143,8.19035482899e-144
467.2,1,7.76323839067e-83,1.8577359268e-143,7.6366362254e-144
467.3,1,7.45883745938e-83,1.73214149717e-143,7.12035242144e-144
467.4,1,7.16637225933e-83,1.61503802717e-143,6.63897259332e-144
467.5,1,6.8853747838e-83,1.50585147545e-143,6.19013701654e-144
467.6,1,6.61539537688e-83,1.4040466094e-143,5.7716454986e-144
467.7,1,6.35600201392e-83,1.30912438147e-143,5.38144659359e-144
467.8,1,6.10677961021e-83,1.22061948277e-143,5.01762754603e-144
467.9,1,5.86732935672e-83,1.1380980622e-143,4.67840491451e-144
468,1,5.63726808196e-83,1.06115559964e-143,4.36211582931e-144
468.1,1,5.41622763882e-83,9.89414923064e-144,4.06720984097e-144
468.2,1,5.20385431543e-83,9.22524359589e-144,3.79224131999e-144
468.3,1,4.99980826915e-83,8.60156011595e-144,3.53586237035e-144
468.4,1,4.80376298278e-83,8.02004149367e-144,3.29681622216e-144
468.5,1,4.61540474205e-83,7.4778371241e-144,3.07393107091e-144
468.6,1,4.43443213358e-83,6.97228912078e-144,2.86611433334e-144
468.7,1,4.26055556258e-83,6.50091928682e-144,2.67234729155e-144
468.8,1,4.09349678945e-83,6.06141696675e-144,2.49168009929e-144
468.9,1,3.93298848451e-83,5.65162771968e-144,2.32322712576e-144
469,1,3.77877380022e-83,5.26954275825e-144,2.1661626143e-144
469.1,1,3.6306059602e-83,4.91328910152e-144,2.01971663449e-144
469.2,1,3.48824786428e-83,4.58112039368e-144,1.88317130796e-144
469.3,1,3.35147170915e-83,4.27140834332e-144,1.75585728937e-144
469.4,1,3.22005862377e-83,3.98263474161e-144,1.63715048525e-144
469.5,1,3.09379831917e-83,3.71338402003e-144,1.5264689947e-144
469.6,1,2.97248875192e-83,3.46233631121e-144,1.42327025694e-144
469.7,1,2.85593580085e-83,3.22826097902e-144,1.32704839163e-144
469.8,1,2.74395295635e-83,3.01001058588e-144,1.23733171907e-144
469.9,1,2.63636102199e-83,2.80651526813e-144,1.15368044804e-144
470,1,2.53298782772e-83,2.61677749148e-144,1.0756845199e-144
470.1,1,2.43366795438e-83,2.43986716113e-144,1.00296159853e-144
470.2,1,2.33824246897e-83,2.27491706243e-144,9.35155196069e-145
470.3,1,2.24655867037e-83,2.12111860981e-144,8.71932925469e-145
470.4,1,2.15846984492e-83,1.97771788308e-144,8.12984871081e-145
470.5,1,2.07383503173e-83,1.8440119317e-144,7.58022069474e-145
470.6,1,1.99251879703e-83,1.71934532896e-144,7.06775092931e-145
470.7,1,1.9143910175e-83,1.60310695901e-144,6.58992728713e-145
470.8,1,1.83932667202e-83,1.49472702123e-144,6.14440747616e-145
470.9,1,1.76720564163e-83,1.39367423704e-144,5.72900755776e-145
471,1,1.69791251729e-83,1.29945324558e-144,5.34169124106e-145
471.1,1,1.63133641522e-83,1.21160217544e-144,4.98055990102e-145
471.2,1,1.56737079944e-83,1.12969038056e-144,4.64384327139e-145
471.3,1,1.50591331134e-83,1.05331632925e-144,4.32989076686e-145
471.4,1,1.44686560582e-83,9.82105635797e-145,4.03716339189e-145
471.5,1,1.39013319394e-83,9.15709225313e-145,3.76422619656e-145
471.6,1,1.33562529175e-83,8.53801622514e-145,3.5097412424e-145
471.7,1,1.28325467498e-83,7.96079356259e-145,3.27246104389e-145
471.8,1,1.23293753947e-83,7.42259471932e-145,3.05122245321e-145
471.9,1,1.18459336705e-83,6.92078144397e-145,2.84494095854e-145
472,1,1.13814479675e-83,6.45289384728e-145,2.65260536774e-145
472.1,1,1.09351750095e-83,6.01663834372e-145,2.47327285153e-145
472.2,1,1.05064006644e-83,5.60987640831e-145,2.30606432171e-145
472.3,1,1.00944388019e-83,5.23061409355e-145,2.15016012187e-145
472.4,1,9.69863019499e-84,4.87699225514e-145,2.00479600945e-145
472.5,1,9.31834146559e-84,4.54727743843e-145,1.86925940938e-145
472.6,1,8.95296407056e-84,4.239853381e-145,1.74288592111e-145
472.7,1,8.6019133281e-84,3.95321308976e-145,1.62505606165e-145
472.8,1,8.26462748215e-84,3.68595145366e-145,1.51519222888e-145
472.9,1,7.94056680337e-84,3.43675835587e-145,1.41275587018e-145
473,1,7.62921272557e-84,3.20441225153e-145,1.3172448424e-145
473.1,1,7.33006701577e-84,2.98777417976e-145,1.22819095036e-145
473.2,1,7.04265097703e-84,2.78578218049e-145,1.14515765178e-145
473.3,1,6.76650468237e-84,2.5974460887e-145,1.06773791734e-145
473.4,1,6.50118623879e-84,2.42184268064e-145,9.95552235405e-146
473.5,1,6.2462710802e-84,2.25811114822e-145,9.28246751687e-146
473.6,1,6.00135128794e-84,2.10544887926e-145,8.65491534622e-146
473.7,1,5.76603493809e-84,1.96310752316e-145,8.06978958063e-146
473.8,1,5.5399454743e-84,1.8303893224e-145,7.52422193293e-146
473.9,1,5.32272110519e-84,1.70664369223e-145,7.01553802988e-146
474,1,5.11401422542e-84,1.59126403142e-145,6.54124430238e-146
474.1,1,4.91349085946e-84,1.48368474874e-145,6.09901576205e-146
474.2,1,4.72083012714e-84,1.38337849041e-145,5.68668460405e-146
474.3,1,4.53572373019e-84,1.28985355506e-145,5.30222958058e-146
474.4,1,4.35787545888e-84,1.20265148332e-145,4.94376609266e-146
474.5,1,4.18700071803e-84,1.12134481055e-145,4.60953695186e-146
474.6,1,4.02282607161e-84,1.04553497134e-145,4.29790376655e-146
474.7,1,3.86508880515e-84,9.74850345775e-146,4.00733891049e-146
474.8,1,3.71353650537e-84,9.08944437735e-146,3.73641803441e-146
474.9,1,3.56792665627e-84,8.47494176384e-146,3.48381308388e-146
475,1,3.42802625101e-84,7.90198332467e-146,3.24828578912e-146
475.1,1,3.29361141911e-84,7.36776041694e-146,3.02868159507e-146
475.2,1,3.16446706815e-84,6.86965427931e-146,2.82392400171e-146
475.3,1,3.04038653963e-84,6.40522319493e-146,2.63300928708e-146
475.4,1,2.92117127822e-84,5.97219052208e-146,2.45500158703e-146
475.5,1,2.80663051407e-84,5.56843353409e-146,2.28902830761e-146
475.6,1,2.69658095752e-84,5.19197301375e-146,2.13427584761e-146
475.7,1,2.5908465058e-84,4.84096355115e-146,1.98998561029e-146
475.8,1,2.48925796124e-84,4.51368449749e-146,1.85545028474e-146
475.9,1,2.39165276048e-84,4.20853153047e-146,1.73001037863e-146
476,1,2.29787471439e-84,3.92400878989e-146,1.61305098541e-146
476.1,1,2.20777375808e-84,3.65872154496e-146,1.50399876999e-146
476.2,1,2.12120571081e-84,3.41136935728e-146,1.40231915829e-146
476.3,1,2.03803204521e-84,3.18073970615e-146,1.30751371673e-146
476.4,1,1.95811966569e-84,2.96570204475e-146,1.21911770892e-146
476.5,1,1.88134069539e-84,2.76520225821e-146,1.13669781754e-146
476.6,1,1.80757227158e-84,2.57825749635e-146,1.05985002017e-146
476.7,1,1.73669634904e-84,2.40395135572e-146,9.88197608839e-147
476.8,1,1.66859951117e-84,2.24142938743e-146,9.21389343329e-147
476.9,1,1.60317278851e-84,2.0898949086e-146,8.59097729448e-147
477,1,1.54031148434e-84,1.94860509704e-146,8.01017413634e-147
477.1,1,1.47991500716e-84,1.81686734992e-146,7.4686368611e-147
477.2,1,1.42188670972e-84,1.69403588865e-146,6.96371085242e-147
477.3,1,1.36613373437e-84,1.57950859328e-146,6.49292096242e-147
477.4,1,1.31256686445e-84,1.47272405087e-146,6.05395937851e-147
477.5,1,1.26110038155e-84,1.37315880346e-146,5.64467431049e-147
477.6,1,1.2116519283e-84,1.28032478209e-146,5.26305944249e-147
477.7,1,1.16414237664e-84,1.1937669143e-146,4.90724409798e-147
477.8,1,1.11849570115e-84,1.1130608933e-146,4.57548406974e-147
477.9,1,1.0746388574e-84,1.0378110981e-146,4.26615306971e-147
478,1,1.03250166509e-84,9.67648654095e-147,3.97773475697e-147
478.1,1,9.92016695727e-85,9.0222962492e-147,3.70881530463e-147
478.2,1,9.53119164717e-85,8.41233326412e-147,3.45807646922e-147
478.3,1,9.15746827714e-85,7.84360754647e-147,3.22428912866e-147
478.4,1,8.79839881005e-85,7.31333120211e-147,3.00630725716e-147
478.5,1,8.45340865815e-85,6.81890481578e-147,2.80306230732e-147
478.6,1,8.12194576359e-85,6.35790470877e-147,2.61355797216e-147
478.7,1,7.80347971502e-85,5.92807105802e-147,2.43686530121e-147
478.8,1,7.49750089883e-85,5.52729681846e-147,2.27211814679e-147
478.9,1,7.20351968364e-85,5.15361739433e-147,2.11850891817e-147
479,1,6.92106563676e-85,4.80520100864e-147,1.97528462272e-147
479.1,1,6.64968677148e-85,4.48033972387e-147,1.84174317478e-147
479.2,1,6.38894882371e-85,4.17744106962e-147,1.71722995402e-147
479.3,1,6.13843455711e-85,3.89502023634e-147,1.60113459649e-147
479.4,1,5.8977430954e-85,3.63169279678e-147,1.49288800261e-147
479.5,1,5.66648928089e-85,3.38616791952e-147,1.39195954745e-147
479.6,1,5.44430305815e-85,3.15724204133e-147,1.2978544796e-147
479.7,1,5.23082888182e-85,2.94379296728e-147,1.21011149592e-147
479.8,1,5.02572514766e-85,2.74477436978e-147,1.12830048019e-147
479.9,1,4.82866364596e-85,2.55921065942e-147,1.05202039473e-147
480,1,4.63932903626e-85,2.38619220269e-147,9.80897314462e-148
480.1,1,4.45741834279e-85,2.2248708629e-147,9.14582593968e-148
480.2,1,4.28264046963e-85,2.07445584266e-147,8.5275115841e-148
480.3,1,4.11471573491e-85,1.93420980736e-147,7.95099910021e-148
480.4,1,3.95337542322e-85,1.80344527079e-147,7.41346242312e-148
480.5,1,3.79836135563e-85,1.68152122503e-147,6.91226654743e-148
480.6,1,3.64942547658e-85,1.56783999826e-147,6.44495461038e-148
480.7,1,3.50632945687e-85,1.46184432498e-147,6.0092358483e-148
480.8,1,3.36884431235e-85,1.36301461428e-147,5.60297436732e-148
480.9,1,3.23675003745e-85,1.27086640279e-147,5.22417867319e-148
481,1,3.10983525316e-85,1.18494797989e-147,4.87099190897e-148
481.1,1,2.98789686874e-85,1.10483817336e-147,4.54168275274e-148
481.2,1,2.87073975676e-85,1.03014428484e-147,4.23463693064e-148
481.3,1,2.75817644085e-85,9.60500164799e-148,3.94834930368e-148
481.4,1,2.65002679569e-85,8.95564417679e-148,3.68141648958e-148
481.5,1,2.54611775877e-85,8.35018728373e-148,3.43252998339e-148
481.6,1,2.44628305346e-85,7.78566301842e-148,3.20046974316e-148
481.7,1,2.35036292295e-85,7.25930408225e-148,2.98409820932e-148
481.8,1,2.25820387454e-85,6.76853026312e-148,2.78235472837e-148
481.9,1,2.16965843411e-85,6.31093578719e-148,2.59425035352e-148
482,1,2.08458491006e-85,5.8842775258e-148,2.41886299692e-148
482.1,1,2.00284716661e-85,5.48646399968e-148,2.25533290953e-148
482.2,1,1.92431440591e-85,5.11554512644e-148,2.10285846668e-148
482.3,1,1.84886095881e-85,4.76970266135e-148,1.96069223847e-148
482.4,1,1.77636608368e-85,4.44724128424e-148,1.82813732589e-148
482.5,1,1.70671377327e-85,4.14658028906e-148,1.7045439446e-148
482.6,1,1.63979256902e-85,3.86624583527e-148,1.58930623971e-148
482.7,1,1.57549538271e-85,3.60486372305e-148,1.48185931584e-148
482.8,1,1.51371932514e-85,3.36115265698e-148,1.38167646806e-148
482.9,1,1.45436554144e-85,3.13391796513e-148,1.28826659993e-148
483,1,1.39733905288e-85,2.92204574279e-148,1.20117181617e-148
483.1,1,1.34254860492e-85,2.72449739206e-148,1.11996517804e-148
483.2,1,1.28990652116e-85,2.54030453071e-148,1.04424861052e-148
483.3,1,1.23932856302e-85,2.36856424512e-148,9.73650950895e-149
483.4,1,1.19073379499e-85,2.2084346642e-148,9.07826129361e-149
483.5,1,1.14404445507e-85,2.05913083257e-148,8.46451472567e-149
483.6,1,1.09918583035e-85,1.91992086267e-148,7.89226121873e-149
483.7,1,1.05608613747e-85,1.79012234706e-148,7.35869558544e-149
483.8,1,1.01467640771e-85,1.66909901328e-148,6.86120228644e-149
483.9,1,9.7489037669e-86,1.55625760479e-148,6.39734260901e-149
484,1,9.36664378255e-86,1.45104497289e-148,5.96484271247e-149
484.1,1,8.99937242657e-86,1.35294536513e-148,5.56158248183e-149
484.2,1,8.64650198645e-86,1.26147789712e-148,5.18558513496e-149
484.3,1,8.30746779419e-86,1.17619419523e-148,4.83500753244e-149
484.4,1,7.98172732276e-86,1.09667619864e-148,4.50813114245e-149
484.5,1,7.6687593179e-86,1.02253411005e-148,4.20335361655e-149
484.6,1,7.36806296404e-86,9.53404484857e-149,3.91918093496e-149
484.7,1,7.07915708286e-86,8.88948449552e-149,3.65422008285e-149
484.8,1,6.80157936331e-86,8.28850040579e-149,3.40717222183e-149
484.9,1,6.53488562183e-86,7.72814655465e-149,3.176826323e-149
485,1,6.27864909152e-86,7.2056760869e-149,2.96205323048e-149
485.1,1,6.03245973928e-86,6.71852785168e-149,2.76180012634e-149
485.2,1,5.79592360961e-86,6.26431384778e-149,2.57508536962e-149
485.3,1,5.56866219425e-86,5.84080751763e-149,2.40099368436e-149
485.4,1,5.35031182644e-86,5.4459328327e-149,2.23867167294e-149
485.5,1,5.14052309902e-86,5.07775411684e-149,2.08732363265e-149
485.6,1,4.93896030525e-86,4.73446655755e-149,1.94620765523e-149
485.7,1,4.74530090168e-86,4.41438735882e-149,1.81463198999e-149
485.8,1,4.55923499193e-86,4.11594749204e-149,1.69195165287e-149
485.9,1,4.38046483087e-86,3.83768400464e-149,1.57756526472e-149
486,1,4.20870434807e-86,3.57823284868e-149,1.47091210333e-149
486.1,1,4.04367869014e-86,3.3363221943e-149,1.37146935477e-149
486.2,1,3.88512378082e-86,3.11076619519e-149,1.27874955058e-149
486.3,1,3.73278589841e-86,2.90045917557e-149,1.19229817817e-149
486.4,1,3.58642126981e-86,2.70437021019e-149,1.11169145281e-149
486.5,1,3.44579568038e-86,2.52153807073e-149,1.03653424024e-149
486.6,1,3.31068409919e-86,2.35106651381e-149,9.66458119726e-150
486.7,1,3.18087031887e-86,2.19211988766e-149,9.01119578031e-150
486.8,1,3.05614660968e-86,2.04391903575e-149,8.40198325554e-150
486.9,1,2.93631338709e-86,1.90573747733e-149,7.83395726243e-150
487,1,2.82117889235e-86,1.77689784623e-149,7.30433333691e-150
487.1,1,2.71055888573e-86,1.65676857043e-149,6.81051526187e-150
487.2,1,2.60427635161e-86,1.54476077608e-149,6.35008234056e-150
487.3,1,2.50216121526e-86,1.44032540085e-149,5.92077753024e-150
487.4,1,2.40405007068e-86,1.34295050241e-149,5.52049637824e-150
487.5,1,2.30978591911e-86,1.25215874889e-149,5.14727670589e-150
487.6,1,2.21921791778e-86,1.16750507901e-149,4.79928898992e-150
487.7,1,2.13220113858e-86,1.08857452038e-149,4.47482739415e-150
487.8,1,2.0485963361e-86,1.01498015531e-149,4.17230140746e-150
487.9,1,1.96826972481e-86,9.46361224139e-150,3.89022804711e-150
488,1,1.891092765e-86,8.82381356787e-150,3.62722458915e-150
488.1,1,1.81694195707e-86,8.22726923869e-150,3.38200179034e-150
488.2,1,1.7456986439e-86,7.67105499287e-150,3.15335756823e-150
488.3,1,1.67724882101e-86,7.15244426752e-150,2.94017110858e-150
488.4,1,1.61148295405e-86,6.66889483227e-150,2.74139737111e-150
488.5,1,1.54829580363e-86,6.21803632722e-150,2.55606196673e-150
488.6,1,1.48758625681e-86,5.79765864346e-150,2.38325638108e-150
488.7,1,1.42925716537e-86,5.40570108909e-150,2.22213352097e-150
488.8,1,1.37321519032e-86,5.04024228773e-150,2.07190356196e-150
488.9,1,1.31937065254e-86,4.69949075992e-150,1.93183007662e-150
489,1,1.26763738929e-86,4.38177614126e-150,1.80122642455e-150
489.1,1,1.21793261631e-86,4.08554099433e-150,1.6794523865e-150
489.2,1,1.17017679535e-86,3.80933317409e-150,1.565911026e-150
489.3,1,1.12429350691e-86,3.55179870949e-150,1.46004576317e-150
489.4,1,1.08020932795e-86,3.31167516628e-150,1.36133764636e-150
489.5,1,1.03785371437e-86,3.08778545858e-150,1.26930280828e-150
489.6,1,9.97158888148e-87,2.87903207878e-150,1.18349009403e-150
489.7,1,9.58059728889e-87,2.68439171757e-150,1.10347884959e-150
489.8,1,9.20493669594e-87,2.50291024767e-150,1.02887685976e-150
489.9,1,8.84400596553e-87,2.33369804671e-150,9.59318425484e-151
490,1,8.49722753148e-87,2.17592563628e-150,8.94462571245e-151
490.1,1,8.16404647432e-87,2.02881961585e-150,8.33991373567e-151
490.2,1,7.84392963328e-87,1.89165887152e-150,7.7760840257e-151
490.3,1,7.53636475311e-87,1.76377104118e-150,7.25037268864e-151
490.4,1,7.24085966439e-87,1.64452921853e-150,6.76020268691e-151
490.5,1,6.95694149593e-87,1.53334888001e-150,6.3031712066e-151
490.6,1,6.68415591809e-87,1.42968501949e-150,5.87703787885e-151
490.7,1,6.42206641575e-87,1.33302947658e-150,5.4797137976e-151
490.8,1,6.17025358978e-87,1.24290844572e-150,5.10925127974e-151
490.9,1,5.92831448596e-87,1.1588801535e-150,4.76383431758e-151
491,1,5.69586195008e-87,1.08053269314e-150,4.44176967678e-151
491.1,1,5.47252400851e-87,1.00748200529e-150,4.14147859608e-151
491.2,1,5.25794327288e-87,9.39369995399e-151,3.86148904826e-151
491.3,1,5.05177636825e-87,8.75862778316e-151,3.60042852424e-151
491.4,1,4.85369338357e-87,8.16649041589e-151,3.35701730502e-151
491.5,1,4.66337734382e-87,7.61438519411e-151,3.13006218852e-151
491.6,1,4.48052370273e-87,7.09960569738e-151,2.9184506405e-151
491.7,1,4.30483985545e-87,6.61962847601e-151,2.72114534091e-151
491.8,1,4.13604467036e-87,6.17210068112e-151,2.53717909893e-151
491.9,1,3.97386803914e-87,5.75482853092e-151,2.36565011184e-151
492,1,3.81805044459e-87,5.36576655685e-151,2.20571754435e-151
492.1,1,3.66834254532e-87,5.00300757668e-151,2.05659740681e-151
492.2,1,3.52450477673e-87,4.66477334544e-151,1.91755871215e-151
492.3,1,3.38630696773e-87,4.34940583856e-151,1.78791989251e-151
492.4,1,3.25352797232e-87,4.05535912414e-151,1.66704545827e-151
492.5,1,3.12595531579e-87,3.78119178485e-151,1.55434288279e-151
492.6,1,3.00338485468e-87,3.52555985208e-151,1.44925969793e-151
492.7,1,2.88562045008e-87,3.28721021779e-151,1.35128078579e-151
492.8,1,2.77247365384e-87,3.06497449181e-151,1.25992585363e-151
492.9,1,2.66376340694e-87,2.85776327433e-151,1.17474707947e-151
493,1,2.55931574979e-87,2.66456081575e-151,1.09532691685e-151
493.1,1,2.45896354385e-87,2.48442003737e-151,1.02127604805e-151
493.2,1,2.3625462042e-87,2.3164578889e-151,9.52231475622e-152
493.3,1,2.2699094425e-87,2.15985101968e-151,8.87854742991e-152
493.4,1,2.18090502019e-87,2.01383174267e-151,8.2783027534e-152
493.5,1,2.09539051119e-87,1.8776842712e-151,7.7186383266e-152
493.6,1,2.01322907405e-87,1.75074121021e-151,7.19681067382e-152
493.7,1,1.93428923294e-87,1.63238028465e-151,6.71026179531e-152
493.8,1,1.85844466728e-87,1.52202128915e-151,6.25660662791e-152
493.9,1,1.78557400957e-87,1.41912324377e-151,5.83362135345e-152
494,1,1.71556065122e-87,1.32318174218e-151,5.43923249764e-152
494.1,1,1.64829255592e-87,1.23372647902e-151,5.07150676584e-152
494.2,1,1.58366208036e-87,1.15031894449e-151,4.72864156608e-152
494.3,1,1.521565802e-87,1.07255027477e-151,4.40895617277e-152
494.4,1,1.46190435353e-87,1.00003924773e-151,4.11088348773e-152
494.5,1,1.40458226392e-87,9.32430414252e-152,3.83296235832e-152
494.6,1,1.3495078056e-87,8.69392355742e-152,3.57383041484e-152
494.7,1,1.29659284767e-87,8.10616059569e-152,3.33221739219e-152
494.8,1,1.24575271493e-87,7.55813404259e-152,3.10693890307e-152
494.9,1,1.1969060523e-87,7.04715747134e-152,2.89689063205e-152
495,1,1.1499746947e-87,6.5707260742e-152,2.70104292227e-152
495.1,1,1.10488354196e-87,6.12650438388e-152,2.51843572803e-152
495.2,1,1.06156043861e-87,5.71231482517e-152,2.34817390865e-152
495.3,1,1.01993605844e-87,5.32612704035e-152,2.18942284049e-152
495.4,1,9.7994379356e-88,4.96604793646e-152,2.04140432564e-152
495.5,1,9.41519647816e-88,4.63031240532e-152,1.90339277716e-152
495.6,1,9.04602134376e-88,4.31727467096e-152,1.77471166228e-152
495.7,1,8.69132177343e-88,4.02540022205e-152,1.65473018602e-152
495.8,1,8.35053017219e-88,3.75325828969e-152,1.54286019906e-152
495.9,1,8.02310120076e-88,3.49951483382e-152,1.43855331459e-152
496,1,7.70851090294e-88,3.26292600373e-152,1.34129822013e-152
496.1,1,7.40625586714e-88,3.04233204069e-152,1.2506181711e-152
496.2,1,7.11585242081e-88,2.83665159285e-152,1.1660686538e-152
496.3,1,6.83683585648e-88,2.6448764144e-152,1.08723520639e-152
496.4,1,6.56875968812e-88,2.46606642321e-152,1.01373138722e-152
496.5,1,6.31119493668e-88,2.29934509248e-152,9.45196880491e-153
496.6,1,6.06372944359e-88,2.14389515406e-152,8.81295729966e-153
496.7,1,5.82596721128e-88,1.99895459218e-152,8.21714692131e-153
496.8,1,5.59752776945e-88,1.86381290802e-152,7.6616170067e-153
496.9,1,5.37804556625e-88,1.7378076369e-152,7.14364434754e-153
497,1,5.16716938333e-88,1.62032110083e-152,6.66068984126e-153
497.1,1,4.96456177382e-88,1.51077738068e-152,6.21038604431e-153
497.2,1,4.7698985223e-88,1.408639493e-152,5.79052556696e-153
497.3,1,4.58286812606e-88,1.31340675775e-152,5.39905025264e-153
497.4,1,4.40317129654e-88,1.22461234395e-152,5.03404108893e-153
497.5,1,4.2305204805e-88,1.14182098129e-152,4.69370880048e-153
497.6,1,4.06463939978e-88,1.06462682639e-152,4.37638507801e-153
497.7,1,3.90526260927e-88,9.92651473435e-153,4.08051440027e-153
497.8,1,3.75213507211e-88,9.25542099152e-153,3.80464640886e-153
497.9,1,3.60501175155e-88,8.62969733314e-153,3.54742879855e-153
498,1,3.46365721891e-88,8.04627646109e-153,3.30760068833e-153
498.1,1,3.32784527677e-88,7.50229844558e-153,3.08398644052e-153
498.2,1,3.19735859706e-88,6.99509670576e-153,2.87548989782e-153
498.3,1,3.07198837324e-88,6.52218493811e-153,2.68108900993e-153
498.4,1,2.9515339862e-88,6.08124492858e-153,2.49983082348e-153
498.5,1,2.83580268324e-88,5.67011518875e-153,2.33082681063e-153
498.6,1,2.72460926958e-88,5.28678036015e-153,2.1732485135e-153
498.7,1,2.61777581203e-88,4.92936133502e-153,2.02632348311e-153
498.8,1,2.51513135427e-88,4.59610604486e-153,1.88933149279e-153
498.9,1,2.41651164326e-88,4.28538087186e-153,1.76160100763e-153
499,1,2.32175886643e-88,3.99566264087e-153,1.64250589266e-153
499.1,1,2.23072139913e-88,3.72553115279e-153,1.53146234348e-153
499.2,1,2.14325356197e-88,3.47366222273e-153,1.42792602448e-153
499.3,1,2.05921538777e-88,3.23882118892e-153,1.33138940051e-153
499.4,1,1.97847239751e-88,3.01985686033e-153,1.24137924892e-153
499.5,1,1.90089538518e-88,2.81569587358e-153,1.15745433986e-153
499.6,1,1.82636021102e-88,2.62533743126e-153,1.07920327331e-153
499.7,1,1.75474760283e-88,2.44784839608e-153,1.00624246246e-153
499.8,1,1.68594296518e-88,2.28235871658e-153,9.38214253322e-154
499.9,1,1.61983619596e-88,2.12805716215e-153,8.74785171546e-154
500,1,1.55632151023e-88,1.98418734639e-153,8.15644287696e-154
